AXIS bot evolution — run v1, budget 3 minutes

Data: 3951 daily bars (2010-08-18 → 2026-09-10)
Indicators precomputed

Buy-and-hold baseline: $1000 → $1116200000 (111619900% total return)

Gen   1 | best fit    5.045 | equity $    8696 | sortino 5.05 | trades 613 | ✓ SURVIVED
Gen   2 | best fit    5.572 | equity $    9082 | sortino 5.57 | trades 673 | ✓ SURVIVED
Gen   6 | best fit    6.654 | equity $    9637 | sortino 6.65 | trades 1103 | ✓ SURVIVED
Gen  11 | best fit    8.488 | equity $   13076 | sortino 8.49 | trades 935 | ✓ SURVIVED
Gen  16 | best fit    9.568 | equity $    4333 | sortino 9.57 | trades 1001 | ✓ SURVIVED
Gen  21 | best fit   10.022 | equity $   17376 | sortino 10.02 | trades 1013 | ✓ SURVIVED
Gen  26 | best fit   10.291 | equity $   18593 | sortino 10.29 | trades 995 | ✓ SURVIVED
Gen  31 | best fit   10.291 | equity $   18593 | sortino 10.29 | trades 995 | ✓ SURVIVED
Gen  36 | best fit   10.340 | equity $   15600 | sortino 10.34 | trades 981 | ✓ SURVIVED
Gen  41 | best fit   10.399 | equity $   20004 | sortino 10.40 | trades 989 | ✓ SURVIVED
Gen  46 | best fit   10.409 | equity $   13956 | sortino 10.41 | trades 989 | ✓ SURVIVED
Gen  51 | best fit   10.435 | equity $   13889 | sortino 10.44 | trades 991 | ✓ SURVIVED
Gen  56 | best fit   10.452 | equity $   16459 | sortino 10.45 | trades 1009 | ✓ SURVIVED
Gen  61 | best fit   10.489 | equity $   16453 | sortino 10.49 | trades 1005 | ✓ SURVIVED
Gen  66 | best fit   10.489 | equity $   16453 | sortino 10.49 | trades 1005 | ✓ SURVIVED
Gen  71 | best fit   10.534 | equity $   17882 | sortino 10.53 | trades 1011 | ✓ SURVIVED
Gen  76 | best fit   10.563 | equity $   27746 | sortino 10.56 | trades 1001 | ✓ SURVIVED
Gen  81 | best fit   10.617 | equity $   25210 | sortino 10.62 | trades 1007 | ✓ SURVIVED
Gen  86 | best fit   10.617 | equity $   25210 | sortino 10.62 | trades 1007 | ✓ SURVIVED
Gen  91 | best fit   10.631 | equity $   24390 | sortino 10.63 | trades 1007 | ✓ SURVIVED
Gen  96 | best fit   10.632 | equity $   24293 | sortino 10.63 | trades 1007 | ✓ SURVIVED
Gen 101 | best fit   10.633 | equity $   24138 | sortino 10.63 | trades 1007 | ✓ SURVIVED
Gen 106 | best fit   10.635 | equity $   23574 | sortino 10.64 | trades 1007 | ✓ SURVIVED
Gen 111 | best fit   10.635 | equity $   23574 | sortino 10.64 | trades 1007 | ✓ SURVIVED
Gen 116 | best fit   10.635 | equity $   23574 | sortino 10.64 | trades 1007 | ✓ SURVIVED
Gen 121 | best fit   10.642 | equity $   21551 | sortino 10.64 | trades 1011 | ✓ SURVIVED
Gen 126 | best fit   10.647 | equity $   22892 | sortino 10.65 | trades 1009 | ✓ SURVIVED
Gen 131 | best fit   10.647 | equity $   22892 | sortino 10.65 | trades 1009 | ✓ SURVIVED
Gen 136 | best fit   10.647 | equity $   22892 | sortino 10.65 | trades 1009 | ✓ SURVIVED
Gen 141 | best fit   10.647 | equity $   22892 | sortino 10.65 | trades 1009 | ✓ SURVIVED
Gen 146 | best fit   10.647 | equity $   22892 | sortino 10.65 | trades 1009 | ✓ SURVIVED
Gen 151 | best fit   10.647 | equity $   22892 | sortino 10.65 | trades 1009 | ✓ SURVIVED
Gen 156 | best fit   10.650 | equity $   20790 | sortino 10.65 | trades 1011 | ✓ SURVIVED
Gen 161 | best fit   10.650 | equity $   20790 | sortino 10.65 | trades 1011 | ✓ SURVIVED
Gen 166 | best fit   10.650 | equity $   20790 | sortino 10.65 | trades 1011 | ✓ SURVIVED
Gen 171 | best fit   10.650 | equity $   20790 | sortino 10.65 | trades 1011 | ✓ SURVIVED
Gen 176 | best fit   10.650 | equity $   20790 | sortino 10.65 | trades 1011 | ✓ SURVIVED
Gen 181 | best fit   10.650 | equity $   20790 | sortino 10.65 | trades 1011 | ✓ SURVIVED
Gen 186 | best fit   10.650 | equity $   20790 | sortino 10.65 | trades 1011 | ✓ SURVIVED
Gen 191 | best fit   10.650 | equity $   20790 | sortino 10.65 | trades 1011 | ✓ SURVIVED
Gen 196 | best fit   10.650 | equity $   20790 | sortino 10.65 | trades 1011 | ✓ SURVIVED
Gen 201 | best fit   10.650 | equity $   20790 | sortino 10.65 | trades 1011 | ✓ SURVIVED
Gen 206 | best fit   10.650 | equity $   20790 | sortino 10.65 | trades 1011 | ✓ SURVIVED
Gen 211 | best fit   10.650 | equity $   20790 | sortino 10.65 | trades 1011 | ✓ SURVIVED
Gen 216 | best fit   10.650 | equity $   20790 | sortino 10.65 | trades 1011 | ✓ SURVIVED
Gen 221 | best fit   10.650 | equity $   20790 | sortino 10.65 | trades 1011 | ✓ SURVIVED
Gen 226 | best fit   10.650 | equity $   20790 | sortino 10.65 | trades 1011 | ✓ SURVIVED
Gen 231 | best fit   10.650 | equity $   20790 | sortino 10.65 | trades 1011 | ✓ SURVIVED
Gen 236 | best fit   10.650 | equity $   20790 | sortino 10.65 | trades 1011 | ✓ SURVIVED
Gen 241 | best fit   10.650 | equity $   20790 | sortino 10.65 | trades 1011 | ✓ SURVIVED
Gen 246 | best fit   10.650 | equity $   20790 | sortino 10.65 | trades 1011 | ✓ SURVIVED
Gen 251 | best fit   10.650 | equity $   20790 | sortino 10.65 | trades 1011 | ✓ SURVIVED
Gen 256 | best fit   10.650 | equity $   20790 | sortino 10.65 | trades 1011 | ✓ SURVIVED
Gen 261 | best fit   10.650 | equity $   20790 | sortino 10.65 | trades 1011 | ✓ SURVIVED
Gen 266 | best fit   10.650 | equity $   20790 | sortino 10.65 | trades 1011 | ✓ SURVIVED
Gen 271 | best fit   10.650 | equity $   20790 | sortino 10.65 | trades 1011 | ✓ SURVIVED
Gen 276 | best fit   10.650 | equity $   20790 | sortino 10.65 | trades 1011 | ✓ SURVIVED
Gen 281 | best fit   10.650 | equity $   20790 | sortino 10.65 | trades 1011 | ✓ SURVIVED
Gen 286 | best fit   10.650 | equity $   20790 | sortino 10.65 | trades 1011 | ✓ SURVIVED
Gen 291 | best fit   10.650 | equity $   20790 | sortino 10.65 | trades 1011 | ✓ SURVIVED
Gen 296 | best fit   10.650 | equity $   20790 | sortino 10.65 | trades 1011 | ✓ SURVIVED
Gen 301 | best fit   10.650 | equity $   20790 | sortino 10.65 | trades 1011 | ✓ SURVIVED
Gen 306 | best fit   10.650 | equity $   20790 | sortino 10.65 | trades 1011 | ✓ SURVIVED
Gen 311 | best fit   10.650 | equity $   20790 | sortino 10.65 | trades 1011 | ✓ SURVIVED
Gen 316 | best fit   10.650 | equity $   20790 | sortino 10.65 | trades 1011 | ✓ SURVIVED
Gen 321 | best fit   10.650 | equity $   20790 | sortino 10.65 | trades 1011 | ✓ SURVIVED
Gen 326 | best fit   10.650 | equity $   20790 | sortino 10.65 | trades 1011 | ✓ SURVIVED
Gen 331 | best fit   10.650 | equity $   20790 | sortino 10.65 | trades 1011 | ✓ SURVIVED
Gen 336 | best fit   10.650 | equity $   20790 | sortino 10.65 | trades 1011 | ✓ SURVIVED
Gen 341 | best fit   10.650 | equity $   20790 | sortino 10.65 | trades 1011 | ✓ SURVIVED
Gen 346 | best fit   10.650 | equity $   20790 | sortino 10.65 | trades 1011 | ✓ SURVIVED
Gen 351 | best fit   10.650 | equity $   20790 | sortino 10.65 | trades 1011 | ✓ SURVIVED
Gen 356 | best fit   10.650 | equity $   20790 | sortino 10.65 | trades 1011 | ✓ SURVIVED
Gen 361 | best fit   10.650 | equity $   20790 | sortino 10.65 | trades 1011 | ✓ SURVIVED
Gen 366 | best fit   10.650 | equity $   20790 | sortino 10.65 | trades 1011 | ✓ SURVIVED
Gen 371 | best fit   10.650 | equity $   20790 | sortino 10.65 | trades 1011 | ✓ SURVIVED
Gen 376 | best fit   10.650 | equity $   20790 | sortino 10.65 | trades 1011 | ✓ SURVIVED
Gen 381 | best fit   10.650 | equity $   20790 | sortino 10.65 | trades 1011 | ✓ SURVIVED
Gen 386 | best fit   10.650 | equity $   20790 | sortino 10.65 | trades 1011 | ✓ SURVIVED
Gen 391 | best fit   10.650 | equity $   20790 | sortino 10.65 | trades 1011 | ✓ SURVIVED
Gen 396 | best fit   10.650 | equity $   20790 | sortino 10.65 | trades 1011 | ✓ SURVIVED
Gen 401 | best fit   10.650 | equity $   20790 | sortino 10.65 | trades 1011 | ✓ SURVIVED
Gen 406 | best fit   10.650 | equity $   20790 | sortino 10.65 | trades 1011 | ✓ SURVIVED
Gen 411 | best fit   10.650 | equity $   20790 | sortino 10.65 | trades 1011 | ✓ SURVIVED
Gen 416 | best fit   10.650 | equity $   20790 | sortino 10.65 | trades 1011 | ✓ SURVIVED
Gen 421 | best fit   10.650 | equity $   20790 | sortino 10.65 | trades 1011 | ✓ SURVIVED
Gen 426 | best fit   10.650 | equity $   20790 | sortino 10.65 | trades 1011 | ✓ SURVIVED
Gen 431 | best fit   10.650 | equity $   20790 | sortino 10.65 | trades 1011 | ✓ SURVIVED
Gen 436 | best fit   10.650 | equity $   20790 | sortino 10.65 | trades 1011 | ✓ SURVIVED
Gen 441 | best fit   10.650 | equity $   20790 | sortino 10.65 | trades 1011 | ✓ SURVIVED
Gen 446 | best fit   10.650 | equity $   20790 | sortino 10.65 | trades 1011 | ✓ SURVIVED
Gen 451 | best fit   10.650 | equity $   20790 | sortino 10.65 | trades 1011 | ✓ SURVIVED
Gen 456 | best fit   10.650 | equity $   20790 | sortino 10.65 | trades 1011 | ✓ SURVIVED
Gen 461 | best fit   10.650 | equity $   20790 | sortino 10.65 | trades 1011 | ✓ SURVIVED
Gen 466 | best fit   10.650 | equity $   20790 | sortino 10.65 | trades 1011 | ✓ SURVIVED
Gen 471 | best fit   10.650 | equity $   20790 | sortino 10.65 | trades 1011 | ✓ SURVIVED
Gen 476 | best fit   10.650 | equity $   20790 | sortino 10.65 | trades 1011 | ✓ SURVIVED
Gen 481 | best fit   10.650 | equity $   20790 | sortino 10.65 | trades 1011 | ✓ SURVIVED
Gen 486 | best fit   10.650 | equity $   20790 | sortino 10.65 | trades 1011 | ✓ SURVIVED
Gen 491 | best fit   10.650 | equity $   20790 | sortino 10.65 | trades 1011 | ✓ SURVIVED
Gen 496 | best fit   10.650 | equity $   20790 | sortino 10.65 | trades 1011 | ✓ SURVIVED
Gen 501 | best fit   10.650 | equity $   20790 | sortino 10.65 | trades 1011 | ✓ SURVIVED
Gen 506 | best fit   10.650 | equity $   20790 | sortino 10.65 | trades 1011 | ✓ SURVIVED
Gen 511 | best fit   10.650 | equity $   20790 | sortino 10.65 | trades 1011 | ✓ SURVIVED
Gen 516 | best fit   10.650 | equity $   20790 | sortino 10.65 | trades 1011 | ✓ SURVIVED
Gen 521 | best fit   10.650 | equity $   20790 | sortino 10.65 | trades 1011 | ✓ SURVIVED
Gen 526 | best fit   10.650 | equity $   20790 | sortino 10.65 | trades 1011 | ✓ SURVIVED
Gen 531 | best fit   10.650 | equity $   20790 | sortino 10.65 | trades 1011 | ✓ SURVIVED
Gen 536 | best fit   10.650 | equity $   20790 | sortino 10.65 | trades 1011 | ✓ SURVIVED
Gen 541 | best fit   10.650 | equity $   20790 | sortino 10.65 | trades 1011 | ✓ SURVIVED
Gen 546 | best fit   10.650 | equity $   20790 | sortino 10.65 | trades 1011 | ✓ SURVIVED
Gen 551 | best fit   10.650 | equity $   20790 | sortino 10.65 | trades 1011 | ✓ SURVIVED
Gen 556 | best fit   10.650 | equity $   20790 | sortino 10.65 | trades 1011 | ✓ SURVIVED
Gen 561 | best fit   10.650 | equity $   20790 | sortino 10.65 | trades 1011 | ✓ SURVIVED
Gen 566 | best fit   10.650 | equity $   20790 | sortino 10.65 | trades 1011 | ✓ SURVIVED
Gen 571 | best fit   10.650 | equity $   20790 | sortino 10.65 | trades 1011 | ✓ SURVIVED
Gen 576 | best fit   10.650 | equity $   20790 | sortino 10.65 | trades 1011 | ✓ SURVIVED
Gen 581 | best fit   10.650 | equity $   20790 | sortino 10.65 | trades 1011 | ✓ SURVIVED
Gen 586 | best fit   10.650 | equity $   20790 | sortino 10.65 | trades 1011 | ✓ SURVIVED
Gen 591 | best fit   10.650 | equity $   20790 | sortino 10.65 | trades 1011 | ✓ SURVIVED
Gen 596 | best fit   10.650 | equity $   20790 | sortino 10.65 | trades 1011 | ✓ SURVIVED
Gen 601 | best fit   10.650 | equity $   20790 | sortino 10.65 | trades 1011 | ✓ SURVIVED
Gen 606 | best fit   10.650 | equity $   20790 | sortino 10.65 | trades 1011 | ✓ SURVIVED
Gen 611 | best fit   10.650 | equity $   20790 | sortino 10.65 | trades 1011 | ✓ SURVIVED
Gen 616 | best fit   10.650 | equity $   20790 | sortino 10.65 | trades 1011 | ✓ SURVIVED
Gen 621 | best fit   10.650 | equity $   20790 | sortino 10.65 | trades 1011 | ✓ SURVIVED
Gen 626 | best fit   10.650 | equity $   20790 | sortino 10.65 | trades 1011 | ✓ SURVIVED
Gen 631 | best fit   10.650 | equity $   20790 | sortino 10.65 | trades 1011 | ✓ SURVIVED
Gen 636 | best fit   10.650 | equity $   20790 | sortino 10.65 | trades 1011 | ✓ SURVIVED
Gen 641 | best fit   10.650 | equity $   20790 | sortino 10.65 | trades 1011 | ✓ SURVIVED
Gen 646 | best fit   10.650 | equity $   20790 | sortino 10.65 | trades 1011 | ✓ SURVIVED
Gen 651 | best fit   10.650 | equity $   20790 | sortino 10.65 | trades 1011 | ✓ SURVIVED
Gen 656 | best fit   10.650 | equity $   20790 | sortino 10.65 | trades 1011 | ✓ SURVIVED
Gen 661 | best fit   10.650 | equity $   20790 | sortino 10.65 | trades 1011 | ✓ SURVIVED
Gen 666 | best fit   10.650 | equity $   20790 | sortino 10.65 | trades 1011 | ✓ SURVIVED
Gen 671 | best fit   10.650 | equity $   20790 | sortino 10.65 | trades 1011 | ✓ SURVIVED
Gen 676 | best fit   10.650 | equity $   20790 | sortino 10.65 | trades 1011 | ✓ SURVIVED
Gen 681 | best fit   10.650 | equity $   20790 | sortino 10.65 | trades 1011 | ✓ SURVIVED
Gen 686 | best fit   10.650 | equity $   20790 | sortino 10.65 | trades 1011 | ✓ SURVIVED
Gen 691 | best fit   10.650 | equity $   20790 | sortino 10.65 | trades 1011 | ✓ SURVIVED
Gen 696 | best fit   10.650 | equity $   20790 | sortino 10.65 | trades 1011 | ✓ SURVIVED
Gen 701 | best fit   10.650 | equity $   20790 | sortino 10.65 | trades 1011 | ✓ SURVIVED
Gen 706 | best fit   10.650 | equity $   20790 | sortino 10.65 | trades 1011 | ✓ SURVIVED
Gen 711 | best fit   10.650 | equity $   20790 | sortino 10.65 | trades 1011 | ✓ SURVIVED
Gen 716 | best fit   10.650 | equity $   20790 | sortino 10.65 | trades 1011 | ✓ SURVIVED
Gen 721 | best fit   10.650 | equity $   20790 | sortino 10.65 | trades 1011 | ✓ SURVIVED
Gen 726 | best fit   10.650 | equity $   20790 | sortino 10.65 | trades 1011 | ✓ SURVIVED
Gen 731 | best fit   10.650 | equity $   20790 | sortino 10.65 | trades 1011 | ✓ SURVIVED
Gen 736 | best fit   10.650 | equity $   20790 | sortino 10.65 | trades 1011 | ✓ SURVIVED
Gen 741 | best fit   10.650 | equity $   20790 | sortino 10.65 | trades 1011 | ✓ SURVIVED
Gen 746 | best fit   10.650 | equity $   20790 | sortino 10.65 | trades 1011 | ✓ SURVIVED
Gen 751 | best fit   10.650 | equity $   20790 | sortino 10.65 | trades 1011 | ✓ SURVIVED
Gen 756 | best fit   10.650 | equity $   20790 | sortino 10.65 | trades 1011 | ✓ SURVIVED
Gen 761 | best fit   10.650 | equity $   20790 | sortino 10.65 | trades 1011 | ✓ SURVIVED
Gen 766 | best fit   10.650 | equity $   20790 | sortino 10.65 | trades 1011 | ✓ SURVIVED
Gen 771 | best fit   10.650 | equity $   20790 | sortino 10.65 | trades 1011 | ✓ SURVIVED
Gen 776 | best fit   10.650 | equity $   20790 | sortino 10.65 | trades 1011 | ✓ SURVIVED
Gen 781 | best fit   10.650 | equity $   20790 | sortino 10.65 | trades 1011 | ✓ SURVIVED
Gen 786 | best fit   10.650 | equity $   20790 | sortino 10.65 | trades 1011 | ✓ SURVIVED
Gen 791 | best fit   10.650 | equity $   20790 | sortino 10.65 | trades 1011 | ✓ SURVIVED
Gen 796 | best fit   10.650 | equity $   20790 | sortino 10.65 | trades 1011 | ✓ SURVIVED
Gen 801 | best fit   10.650 | equity $   20790 | sortino 10.65 | trades 1011 | ✓ SURVIVED
Gen 806 | best fit   10.650 | equity $   20790 | sortino 10.65 | trades 1011 | ✓ SURVIVED
Gen 811 | best fit   10.650 | equity $   20790 | sortino 10.65 | trades 1011 | ✓ SURVIVED
Gen 816 | best fit   10.650 | equity $   20790 | sortino 10.65 | trades 1011 | ✓ SURVIVED
Gen 821 | best fit   10.650 | equity $   20790 | sortino 10.65 | trades 1011 | ✓ SURVIVED
Gen 826 | best fit   10.650 | equity $   20790 | sortino 10.65 | trades 1011 | ✓ SURVIVED
Gen 831 | best fit   10.650 | equity $   20790 | sortino 10.65 | trades 1011 | ✓ SURVIVED
Gen 836 | best fit   10.650 | equity $   20790 | sortino 10.65 | trades 1011 | ✓ SURVIVED
Gen 841 | best fit   10.650 | equity $   20790 | sortino 10.65 | trades 1011 | ✓ SURVIVED
Gen 846 | best fit   10.650 | equity $   20790 | sortino 10.65 | trades 1011 | ✓ SURVIVED
Gen 851 | best fit   10.650 | equity $   20790 | sortino 10.65 | trades 1011 | ✓ SURVIVED
Gen 856 | best fit   10.650 | equity $   20790 | sortino 10.65 | trades 1011 | ✓ SURVIVED
Gen 861 | best fit   10.650 | equity $   20790 | sortino 10.65 | trades 1011 | ✓ SURVIVED
Gen 866 | best fit   10.650 | equity $   20790 | sortino 10.65 | trades 1011 | ✓ SURVIVED
Gen 871 | best fit   10.650 | equity $   20790 | sortino 10.65 | trades 1011 | ✓ SURVIVED
Gen 876 | best fit   10.650 | equity $   20790 | sortino 10.65 | trades 1011 | ✓ SURVIVED
Gen 881 | best fit   10.650 | equity $   20790 | sortino 10.65 | trades 1011 | ✓ SURVIVED
Gen 886 | best fit   10.650 | equity $   20790 | sortino 10.65 | trades 1011 | ✓ SURVIVED
Gen 891 | best fit   10.650 | equity $   20790 | sortino 10.65 | trades 1011 | ✓ SURVIVED
Gen 896 | best fit   10.650 | equity $   20790 | sortino 10.65 | trades 1011 | ✓ SURVIVED
Gen 901 | best fit   10.650 | equity $   20790 | sortino 10.65 | trades 1011 | ✓ SURVIVED
Gen 906 | best fit   10.650 | equity $   20790 | sortino 10.65 | trades 1011 | ✓ SURVIVED
Gen 911 | best fit   10.650 | equity $   20790 | sortino 10.65 | trades 1011 | ✓ SURVIVED
Gen 916 | best fit   10.650 | equity $   20790 | sortino 10.65 | trades 1011 | ✓ SURVIVED
Gen 921 | best fit   10.650 | equity $   20790 | sortino 10.65 | trades 1011 | ✓ SURVIVED
Gen 926 | best fit   10.650 | equity $   20790 | sortino 10.65 | trades 1011 | ✓ SURVIVED
Gen 931 | best fit   10.650 | equity $   20790 | sortino 10.65 | trades 1011 | ✓ SURVIVED
Gen 936 | best fit   10.650 | equity $   20790 | sortino 10.65 | trades 1011 | ✓ SURVIVED
Gen 941 | best fit   10.650 | equity $   20790 | sortino 10.65 | trades 1011 | ✓ SURVIVED
Gen 946 | best fit   10.650 | equity $   20790 | sortino 10.65 | trades 1011 | ✓ SURVIVED
Gen 951 | best fit   10.650 | equity $   20790 | sortino 10.65 | trades 1011 | ✓ SURVIVED
Gen 956 | best fit   10.650 | equity $   20790 | sortino 10.65 | trades 1011 | ✓ SURVIVED
Gen 961 | best fit   10.650 | equity $   20790 | sortino 10.65 | trades 1011 | ✓ SURVIVED
Gen 966 | best fit   10.650 | equity $   20790 | sortino 10.65 | trades 1011 | ✓ SURVIVED
Gen 971 | best fit   10.650 | equity $   20790 | sortino 10.65 | trades 1011 | ✓ SURVIVED
Gen 976 | best fit   10.650 | equity $   20790 | sortino 10.65 | trades 1011 | ✓ SURVIVED
Gen 981 | best fit   10.650 | equity $   20790 | sortino 10.65 | trades 1011 | ✓ SURVIVED
Gen 986 | best fit   10.650 | equity $   20790 | sortino 10.65 | trades 1011 | ✓ SURVIVED
Gen 991 | best fit   10.650 | equity $   20790 | sortino 10.65 | trades 1011 | ✓ SURVIVED
Gen 996 | best fit   10.650 | equity $   20790 | sortino 10.65 | trades 1011 | ✓ SURVIVED
Gen 1001 | best fit   10.650 | equity $   20790 | sortino 10.65 | trades 1011 | ✓ SURVIVED
Gen 1006 | best fit   10.650 | equity $   20790 | sortino 10.65 | trades 1011 | ✓ SURVIVED
Gen 1011 | best fit   10.650 | equity $   20790 | sortino 10.65 | trades 1011 | ✓ SURVIVED
Gen 1016 | best fit   10.650 | equity $   20790 | sortino 10.65 | trades 1011 | ✓ SURVIVED
Gen 1021 | best fit   10.650 | equity $   20790 | sortino 10.65 | trades 1011 | ✓ SURVIVED
Gen 1026 | best fit   10.650 | equity $   20790 | sortino 10.65 | trades 1011 | ✓ SURVIVED
Gen 1031 | best fit   10.650 | equity $   20790 | sortino 10.65 | trades 1011 | ✓ SURVIVED
Gen 1036 | best fit   10.650 | equity $   20790 | sortino 10.65 | trades 1011 | ✓ SURVIVED
Gen 1041 | best fit   10.650 | equity $   20790 | sortino 10.65 | trades 1011 | ✓ SURVIVED
Gen 1046 | best fit   10.650 | equity $   20790 | sortino 10.65 | trades 1011 | ✓ SURVIVED
Gen 1051 | best fit   10.650 | equity $   20790 | sortino 10.65 | trades 1011 | ✓ SURVIVED
Gen 1056 | best fit   10.650 | equity $   20790 | sortino 10.65 | trades 1011 | ✓ SURVIVED
Gen 1061 | best fit   10.650 | equity $   20790 | sortino 10.65 | trades 1011 | ✓ SURVIVED
Gen 1066 | best fit   10.650 | equity $   20790 | sortino 10.65 | trades 1011 | ✓ SURVIVED
Gen 1071 | best fit   10.650 | equity $   20790 | sortino 10.65 | trades 1011 | ✓ SURVIVED
Gen 1076 | best fit   10.650 | equity $   20790 | sortino 10.65 | trades 1011 | ✓ SURVIVED
Gen 1081 | best fit   10.650 | equity $   20790 | sortino 10.65 | trades 1011 | ✓ SURVIVED
Gen 1086 | best fit   10.650 | equity $   20790 | sortino 10.65 | trades 1011 | ✓ SURVIVED
Gen 1091 | best fit   10.650 | equity $   20790 | sortino 10.65 | trades 1011 | ✓ SURVIVED
Gen 1096 | best fit   10.650 | equity $   20790 | sortino 10.65 | trades 1011 | ✓ SURVIVED
Gen 1101 | best fit   10.650 | equity $   20790 | sortino 10.65 | trades 1011 | ✓ SURVIVED
Gen 1106 | best fit   10.650 | equity $   20790 | sortino 10.65 | trades 1011 | ✓ SURVIVED
Gen 1111 | best fit   10.650 | equity $   20790 | sortino 10.65 | trades 1011 | ✓ SURVIVED
Gen 1116 | best fit   10.650 | equity $   20790 | sortino 10.65 | trades 1011 | ✓ SURVIVED
Gen 1121 | best fit   10.650 | equity $   20790 | sortino 10.65 | trades 1011 | ✓ SURVIVED
Gen 1126 | best fit   10.650 | equity $   20790 | sortino 10.65 | trades 1011 | ✓ SURVIVED
Gen 1131 | best fit   10.650 | equity $   20790 | sortino 10.65 | trades 1011 | ✓ SURVIVED
Gen 1136 | best fit   10.650 | equity $   20790 | sortino 10.65 | trades 1011 | ✓ SURVIVED
Gen 1141 | best fit   10.650 | equity $   20790 | sortino 10.65 | trades 1011 | ✓ SURVIVED
Gen 1146 | best fit   10.650 | equity $   20790 | sortino 10.65 | trades 1011 | ✓ SURVIVED
Gen 1151 | best fit   10.650 | equity $   20790 | sortino 10.65 | trades 1011 | ✓ SURVIVED
Gen 1156 | best fit   10.650 | equity $   20790 | sortino 10.65 | trades 1011 | ✓ SURVIVED
Gen 1161 | best fit   10.650 | equity $   20790 | sortino 10.65 | trades 1011 | ✓ SURVIVED
Gen 1166 | best fit   10.650 | equity $   20790 | sortino 10.65 | trades 1011 | ✓ SURVIVED
Gen 1171 | best fit   10.650 | equity $   20790 | sortino 10.65 | trades 1011 | ✓ SURVIVED
Gen 1176 | best fit   10.650 | equity $   20790 | sortino 10.65 | trades 1011 | ✓ SURVIVED
Gen 1181 | best fit   10.650 | equity $   20790 | sortino 10.65 | trades 1011 | ✓ SURVIVED
Gen 1186 | best fit   10.650 | equity $   20790 | sortino 10.65 | trades 1011 | ✓ SURVIVED
Gen 1191 | best fit   10.650 | equity $   20790 | sortino 10.65 | trades 1011 | ✓ SURVIVED
Gen 1196 | best fit   10.650 | equity $   20790 | sortino 10.65 | trades 1011 | ✓ SURVIVED
Gen 1201 | best fit   10.650 | equity $   20790 | sortino 10.65 | trades 1011 | ✓ SURVIVED
Gen 1206 | best fit   10.650 | equity $   20790 | sortino 10.65 | trades 1011 | ✓ SURVIVED
Gen 1211 | best fit   10.650 | equity $   20790 | sortino 10.65 | trades 1011 | ✓ SURVIVED
Gen 1216 | best fit   10.650 | equity $   20790 | sortino 10.65 | trades 1011 | ✓ SURVIVED
Gen 1221 | best fit   10.650 | equity $   20790 | sortino 10.65 | trades 1011 | ✓ SURVIVED
Gen 1226 | best fit   10.650 | equity $   20790 | sortino 10.65 | trades 1011 | ✓ SURVIVED
Gen 1231 | best fit   10.650 | equity $   20790 | sortino 10.65 | trades 1011 | ✓ SURVIVED
Gen 1236 | best fit   10.650 | equity $   20790 | sortino 10.65 | trades 1011 | ✓ SURVIVED
Gen 1241 | best fit   10.650 | equity $   20790 | sortino 10.65 | trades 1011 | ✓ SURVIVED
Gen 1246 | best fit   10.650 | equity $   20790 | sortino 10.65 | trades 1011 | ✓ SURVIVED
Gen 1251 | best fit   10.650 | equity $   20790 | sortino 10.65 | trades 1011 | ✓ SURVIVED
Gen 1256 | best fit   10.650 | equity $   20790 | sortino 10.65 | trades 1011 | ✓ SURVIVED
Gen 1261 | best fit   10.650 | equity $   20790 | sortino 10.65 | trades 1011 | ✓ SURVIVED
Gen 1266 | best fit   10.650 | equity $   20790 | sortino 10.65 | trades 1011 | ✓ SURVIVED
Gen 1271 | best fit   10.650 | equity $   20790 | sortino 10.65 | trades 1011 | ✓ SURVIVED
Gen 1276 | best fit   10.650 | equity $   20790 | sortino 10.65 | trades 1011 | ✓ SURVIVED
Gen 1281 | best fit   10.650 | equity $   20790 | sortino 10.65 | trades 1011 | ✓ SURVIVED
Gen 1286 | best fit   10.650 | equity $   20790 | sortino 10.65 | trades 1011 | ✓ SURVIVED
Gen 1291 | best fit   10.650 | equity $   20790 | sortino 10.65 | trades 1011 | ✓ SURVIVED
Gen 1296 | best fit   10.650 | equity $   20790 | sortino 10.65 | trades 1011 | ✓ SURVIVED
Gen 1301 | best fit   10.650 | equity $   20790 | sortino 10.65 | trades 1011 | ✓ SURVIVED
Gen 1306 | best fit   10.650 | equity $   20790 | sortino 10.65 | trades 1011 | ✓ SURVIVED
Gen 1311 | best fit   10.650 | equity $   20790 | sortino 10.65 | trades 1011 | ✓ SURVIVED
Gen 1316 | best fit   10.650 | equity $   20790 | sortino 10.65 | trades 1011 | ✓ SURVIVED
Gen 1321 | best fit   10.650 | equity $   20790 | sortino 10.65 | trades 1011 | ✓ SURVIVED
Gen 1326 | best fit   10.650 | equity $   20790 | sortino 10.65 | trades 1011 | ✓ SURVIVED
Gen 1331 | best fit   10.650 | equity $   20790 | sortino 10.65 | trades 1011 | ✓ SURVIVED
Gen 1336 | best fit   10.650 | equity $   20790 | sortino 10.65 | trades 1011 | ✓ SURVIVED
Gen 1341 | best fit   10.650 | equity $   20790 | sortino 10.65 | trades 1011 | ✓ SURVIVED
Gen 1346 | best fit   10.650 | equity $   20790 | sortino 10.65 | trades 1011 | ✓ SURVIVED
Gen 1351 | best fit   10.650 | equity $   20790 | sortino 10.65 | trades 1011 | ✓ SURVIVED
Gen 1356 | best fit   10.650 | equity $   20790 | sortino 10.65 | trades 1011 | ✓ SURVIVED
Gen 1361 | best fit   10.650 | equity $   20790 | sortino 10.65 | trades 1011 | ✓ SURVIVED
Gen 1366 | best fit   10.650 | equity $   20790 | sortino 10.65 | trades 1011 | ✓ SURVIVED
Gen 1371 | best fit   10.650 | equity $   20790 | sortino 10.65 | trades 1011 | ✓ SURVIVED
Gen 1376 | best fit   10.650 | equity $   20790 | sortino 10.65 | trades 1011 | ✓ SURVIVED
Gen 1381 | best fit   10.650 | equity $   20790 | sortino 10.65 | trades 1011 | ✓ SURVIVED
Gen 1386 | best fit   10.650 | equity $   20790 | sortino 10.65 | trades 1011 | ✓ SURVIVED
Gen 1391 | best fit   10.650 | equity $   20790 | sortino 10.65 | trades 1011 | ✓ SURVIVED
Gen 1396 | best fit   10.650 | equity $   20790 | sortino 10.65 | trades 1011 | ✓ SURVIVED
Gen 1401 | best fit   10.650 | equity $   20790 | sortino 10.65 | trades 1011 | ✓ SURVIVED
Gen 1406 | best fit   10.650 | equity $   20790 | sortino 10.65 | trades 1011 | ✓ SURVIVED
Gen 1411 | best fit   10.650 | equity $   20790 | sortino 10.65 | trades 1011 | ✓ SURVIVED
Gen 1416 | best fit   10.650 | equity $   20790 | sortino 10.65 | trades 1011 | ✓ SURVIVED
Gen 1421 | best fit   10.650 | equity $   20790 | sortino 10.65 | trades 1011 | ✓ SURVIVED
Gen 1426 | best fit   10.650 | equity $   20790 | sortino 10.65 | trades 1011 | ✓ SURVIVED
Gen 1431 | best fit   10.650 | equity $   20790 | sortino 10.65 | trades 1011 | ✓ SURVIVED
Gen 1436 | best fit   10.650 | equity $   20790 | sortino 10.65 | trades 1011 | ✓ SURVIVED
Gen 1441 | best fit   10.650 | equity $   20790 | sortino 10.65 | trades 1011 | ✓ SURVIVED
Gen 1446 | best fit   10.650 | equity $   20790 | sortino 10.65 | trades 1011 | ✓ SURVIVED
Gen 1451 | best fit   10.650 | equity $   20790 | sortino 10.65 | trades 1011 | ✓ SURVIVED
Gen 1456 | best fit   10.650 | equity $   20790 | sortino 10.65 | trades 1011 | ✓ SURVIVED
Gen 1461 | best fit   10.650 | equity $   20790 | sortino 10.65 | trades 1011 | ✓ SURVIVED
Gen 1466 | best fit   10.650 | equity $   20790 | sortino 10.65 | trades 1011 | ✓ SURVIVED
Gen 1471 | best fit   10.650 | equity $   20790 | sortino 10.65 | trades 1011 | ✓ SURVIVED
Gen 1476 | best fit   10.650 | equity $   20790 | sortino 10.65 | trades 1011 | ✓ SURVIVED
Gen 1481 | best fit   10.650 | equity $   20790 | sortino 10.65 | trades 1011 | ✓ SURVIVED
Gen 1486 | best fit   10.650 | equity $   20790 | sortino 10.65 | trades 1011 | ✓ SURVIVED
Gen 1491 | best fit   10.650 | equity $   20790 | sortino 10.65 | trades 1011 | ✓ SURVIVED
Gen 1496 | best fit   10.650 | equity $   20790 | sortino 10.65 | trades 1011 | ✓ SURVIVED
Gen 1501 | best fit   10.650 | equity $   20790 | sortino 10.65 | trades 1011 | ✓ SURVIVED
Gen 1506 | best fit   10.650 | equity $   20790 | sortino 10.65 | trades 1011 | ✓ SURVIVED
Gen 1511 | best fit   10.650 | equity $   20790 | sortino 10.65 | trades 1011 | ✓ SURVIVED
Gen 1516 | best fit   10.650 | equity $   20790 | sortino 10.65 | trades 1011 | ✓ SURVIVED
Gen 1521 | best fit   10.650 | equity $   20790 | sortino 10.65 | trades 1011 | ✓ SURVIVED
Gen 1526 | best fit   10.650 | equity $   20790 | sortino 10.65 | trades 1011 | ✓ SURVIVED
Gen 1531 | best fit   10.650 | equity $   20790 | sortino 10.65 | trades 1011 | ✓ SURVIVED
Gen 1536 | best fit   10.650 | equity $   20790 | sortino 10.65 | trades 1011 | ✓ SURVIVED
Gen 1541 | best fit   10.650 | equity $   20790 | sortino 10.65 | trades 1011 | ✓ SURVIVED
Gen 1546 | best fit   10.650 | equity $   20790 | sortino 10.65 | trades 1011 | ✓ SURVIVED
Gen 1551 | best fit   10.650 | equity $   20790 | sortino 10.65 | trades 1011 | ✓ SURVIVED
Gen 1556 | best fit   10.650 | equity $   20790 | sortino 10.65 | trades 1011 | ✓ SURVIVED
Gen 1561 | best fit   10.650 | equity $   20790 | sortino 10.65 | trades 1011 | ✓ SURVIVED
Gen 1566 | best fit   10.650 | equity $   20790 | sortino 10.65 | trades 1011 | ✓ SURVIVED
Gen 1571 | best fit   10.650 | equity $   20790 | sortino 10.65 | trades 1011 | ✓ SURVIVED
Gen 1576 | best fit   10.650 | equity $   20790 | sortino 10.65 | trades 1011 | ✓ SURVIVED
Gen 1581 | best fit   10.650 | equity $   20790 | sortino 10.65 | trades 1011 | ✓ SURVIVED
Gen 1586 | best fit   10.650 | equity $   20790 | sortino 10.65 | trades 1011 | ✓ SURVIVED
Gen 1591 | best fit   10.650 | equity $   20790 | sortino 10.65 | trades 1011 | ✓ SURVIVED
Gen 1596 | best fit   10.650 | equity $   20790 | sortino 10.65 | trades 1011 | ✓ SURVIVED
Gen 1601 | best fit   10.650 | equity $   20790 | sortino 10.65 | trades 1011 | ✓ SURVIVED
Gen 1606 | best fit   10.650 | equity $   20790 | sortino 10.65 | trades 1011 | ✓ SURVIVED
Gen 1611 | best fit   10.650 | equity $   20790 | sortino 10.65 | trades 1011 | ✓ SURVIVED
Gen 1616 | best fit   10.650 | equity $   20790 | sortino 10.65 | trades 1011 | ✓ SURVIVED
Gen 1621 | best fit   10.650 | equity $   20790 | sortino 10.65 | trades 1011 | ✓ SURVIVED
Gen 1626 | best fit   10.650 | equity $   20790 | sortino 10.65 | trades 1011 | ✓ SURVIVED
Gen 1631 | best fit   10.650 | equity $   20790 | sortino 10.65 | trades 1011 | ✓ SURVIVED
Gen 1636 | best fit   10.650 | equity $   20790 | sortino 10.65 | trades 1011 | ✓ SURVIVED
Gen 1641 | best fit   10.650 | equity $   20790 | sortino 10.65 | trades 1011 | ✓ SURVIVED
Gen 1646 | best fit   10.650 | equity $   20790 | sortino 10.65 | trades 1011 | ✓ SURVIVED
Gen 1651 | best fit   10.650 | equity $   20790 | sortino 10.65 | trades 1011 | ✓ SURVIVED
Gen 1656 | best fit   10.650 | equity $   20790 | sortino 10.65 | trades 1011 | ✓ SURVIVED
Gen 1661 | best fit   10.650 | equity $   20790 | sortino 10.65 | trades 1011 | ✓ SURVIVED
Gen 1666 | best fit   10.650 | equity $   20790 | sortino 10.65 | trades 1011 | ✓ SURVIVED
Gen 1671 | best fit   10.650 | equity $   20790 | sortino 10.65 | trades 1011 | ✓ SURVIVED
Gen 1676 | best fit   10.650 | equity $   20790 | sortino 10.65 | trades 1011 | ✓ SURVIVED
Gen 1681 | best fit   10.650 | equity $   20790 | sortino 10.65 | trades 1011 | ✓ SURVIVED
Gen 1686 | best fit   10.650 | equity $   20790 | sortino 10.65 | trades 1011 | ✓ SURVIVED
Gen 1691 | best fit   10.650 | equity $   20790 | sortino 10.65 | trades 1011 | ✓ SURVIVED
Gen 1696 | best fit   10.650 | equity $   20790 | sortino 10.65 | trades 1011 | ✓ SURVIVED
Gen 1701 | best fit   10.650 | equity $   20790 | sortino 10.65 | trades 1011 | ✓ SURVIVED
Gen 1706 | best fit   10.650 | equity $   20790 | sortino 10.65 | trades 1011 | ✓ SURVIVED
Gen 1711 | best fit   10.650 | equity $   20790 | sortino 10.65 | trades 1011 | ✓ SURVIVED
Gen 1716 | best fit   10.650 | equity $   20790 | sortino 10.65 | trades 1011 | ✓ SURVIVED
Gen 1721 | best fit   10.650 | equity $   20790 | sortino 10.65 | trades 1011 | ✓ SURVIVED
Gen 1726 | best fit   10.650 | equity $   20790 | sortino 10.65 | trades 1011 | ✓ SURVIVED
Gen 1731 | best fit   10.650 | equity $   20790 | sortino 10.65 | trades 1011 | ✓ SURVIVED
Gen 1736 | best fit   10.650 | equity $   20790 | sortino 10.65 | trades 1011 | ✓ SURVIVED
Gen 1741 | best fit   10.650 | equity $   20790 | sortino 10.65 | trades 1011 | ✓ SURVIVED
Gen 1746 | best fit   10.650 | equity $   20790 | sortino 10.65 | trades 1011 | ✓ SURVIVED
Gen 1751 | best fit   10.650 | equity $   20790 | sortino 10.65 | trades 1011 | ✓ SURVIVED
Gen 1756 | best fit   10.650 | equity $   20790 | sortino 10.65 | trades 1011 | ✓ SURVIVED
Gen 1761 | best fit   10.650 | equity $   20790 | sortino 10.65 | trades 1011 | ✓ SURVIVED
Gen 1766 | best fit   10.650 | equity $   20790 | sortino 10.65 | trades 1011 | ✓ SURVIVED
Gen 1771 | best fit   10.650 | equity $   20790 | sortino 10.65 | trades 1011 | ✓ SURVIVED
Gen 1776 | best fit   10.650 | equity $   20790 | sortino 10.65 | trades 1011 | ✓ SURVIVED
Gen 1781 | best fit   10.650 | equity $   20790 | sortino 10.65 | trades 1011 | ✓ SURVIVED
Gen 1786 | best fit   10.650 | equity $   20790 | sortino 10.65 | trades 1011 | ✓ SURVIVED
Gen 1791 | best fit   10.650 | equity $   20790 | sortino 10.65 | trades 1011 | ✓ SURVIVED
Gen 1796 | best fit   10.650 | equity $   20790 | sortino 10.65 | trades 1011 | ✓ SURVIVED
Gen 1801 | best fit   10.650 | equity $   20790 | sortino 10.65 | trades 1011 | ✓ SURVIVED
Gen 1806 | best fit   10.650 | equity $   20790 | sortino 10.65 | trades 1011 | ✓ SURVIVED
Gen 1811 | best fit   10.650 | equity $   20790 | sortino 10.65 | trades 1011 | ✓ SURVIVED
Gen 1816 | best fit   10.650 | equity $   20790 | sortino 10.65 | trades 1011 | ✓ SURVIVED
Gen 1821 | best fit   10.650 | equity $   20790 | sortino 10.65 | trades 1011 | ✓ SURVIVED
Gen 1826 | best fit   10.650 | equity $   20790 | sortino 10.65 | trades 1011 | ✓ SURVIVED
Gen 1831 | best fit   10.650 | equity $   20790 | sortino 10.65 | trades 1011 | ✓ SURVIVED
Gen 1836 | best fit   10.650 | equity $   20790 | sortino 10.65 | trades 1011 | ✓ SURVIVED
Gen 1841 | best fit   10.650 | equity $   20790 | sortino 10.65 | trades 1011 | ✓ SURVIVED
Gen 1846 | best fit   10.650 | equity $   20790 | sortino 10.65 | trades 1011 | ✓ SURVIVED
Gen 1851 | best fit   10.650 | equity $   20790 | sortino 10.65 | trades 1011 | ✓ SURVIVED
Gen 1856 | best fit   10.650 | equity $   20790 | sortino 10.65 | trades 1011 | ✓ SURVIVED
Gen 1861 | best fit   10.650 | equity $   20790 | sortino 10.65 | trades 1011 | ✓ SURVIVED
Gen 1866 | best fit   10.650 | equity $   20790 | sortino 10.65 | trades 1011 | ✓ SURVIVED
Gen 1871 | best fit   10.650 | equity $   20790 | sortino 10.65 | trades 1011 | ✓ SURVIVED
Gen 1876 | best fit   10.650 | equity $   20790 | sortino 10.65 | trades 1011 | ✓ SURVIVED
Gen 1881 | best fit   10.650 | equity $   20790 | sortino 10.65 | trades 1011 | ✓ SURVIVED
Gen 1886 | best fit   10.650 | equity $   20790 | sortino 10.65 | trades 1011 | ✓ SURVIVED
Gen 1891 | best fit   10.650 | equity $   20790 | sortino 10.65 | trades 1011 | ✓ SURVIVED
Gen 1896 | best fit   10.650 | equity $   20790 | sortino 10.65 | trades 1011 | ✓ SURVIVED
Gen 1901 | best fit   10.650 | equity $   20790 | sortino 10.65 | trades 1011 | ✓ SURVIVED
Gen 1906 | best fit   10.650 | equity $   20790 | sortino 10.65 | trades 1011 | ✓ SURVIVED
Gen 1911 | best fit   10.650 | equity $   20790 | sortino 10.65 | trades 1011 | ✓ SURVIVED
Gen 1916 | best fit   10.650 | equity $   20790 | sortino 10.65 | trades 1011 | ✓ SURVIVED
Gen 1921 | best fit   10.650 | equity $   20790 | sortino 10.65 | trades 1011 | ✓ SURVIVED
Gen 1926 | best fit   10.650 | equity $   20790 | sortino 10.65 | trades 1011 | ✓ SURVIVED
Gen 1931 | best fit   10.650 | equity $   20790 | sortino 10.65 | trades 1011 | ✓ SURVIVED
Gen 1936 | best fit   10.650 | equity $   20790 | sortino 10.65 | trades 1011 | ✓ SURVIVED
Gen 1941 | best fit   10.650 | equity $   20790 | sortino 10.65 | trades 1011 | ✓ SURVIVED
Gen 1946 | best fit   10.650 | equity $   20790 | sortino 10.65 | trades 1011 | ✓ SURVIVED
Gen 1951 | best fit   10.650 | equity $   20790 | sortino 10.65 | trades 1011 | ✓ SURVIVED
Gen 1956 | best fit   10.650 | equity $   20790 | sortino 10.65 | trades 1011 | ✓ SURVIVED
Gen 1961 | best fit   10.650 | equity $   20790 | sortino 10.65 | trades 1011 | ✓ SURVIVED
Gen 1966 | best fit   10.650 | equity $   20790 | sortino 10.65 | trades 1011 | ✓ SURVIVED
Gen 1971 | best fit   10.650 | equity $   20790 | sortino 10.65 | trades 1011 | ✓ SURVIVED
Gen 1976 | best fit   10.650 | equity $   20790 | sortino 10.65 | trades 1011 | ✓ SURVIVED
Gen 1981 | best fit   10.650 | equity $   20790 | sortino 10.65 | trades 1011 | ✓ SURVIVED
Gen 1986 | best fit   10.650 | equity $   20790 | sortino 10.65 | trades 1011 | ✓ SURVIVED
Gen 1991 | best fit   10.650 | equity $   20790 | sortino 10.65 | trades 1011 | ✓ SURVIVED
Gen 1996 | best fit   10.650 | equity $   20790 | sortino 10.65 | trades 1011 | ✓ SURVIVED
Gen 2001 | best fit   10.650 | equity $   20790 | sortino 10.65 | trades 1011 | ✓ SURVIVED
Gen 2006 | best fit   10.650 | equity $   20790 | sortino 10.65 | trades 1011 | ✓ SURVIVED
Gen 2011 | best fit   10.650 | equity $   20790 | sortino 10.65 | trades 1011 | ✓ SURVIVED
Gen 2016 | best fit   10.650 | equity $   20790 | sortino 10.65 | trades 1011 | ✓ SURVIVED
Gen 2021 | best fit   10.650 | equity $   20790 | sortino 10.65 | trades 1011 | ✓ SURVIVED
Gen 2026 | best fit   10.650 | equity $   20790 | sortino 10.65 | trades 1011 | ✓ SURVIVED
Gen 2031 | best fit   10.650 | equity $   20790 | sortino 10.65 | trades 1011 | ✓ SURVIVED
Gen 2036 | best fit   10.650 | equity $   20790 | sortino 10.65 | trades 1011 | ✓ SURVIVED
Gen 2041 | best fit   10.650 | equity $   20790 | sortino 10.65 | trades 1011 | ✓ SURVIVED
Gen 2046 | best fit   10.650 | equity $   20790 | sortino 10.65 | trades 1011 | ✓ SURVIVED
Gen 2051 | best fit   10.650 | equity $   20790 | sortino 10.65 | trades 1011 | ✓ SURVIVED
Gen 2056 | best fit   10.650 | equity $   20790 | sortino 10.65 | trades 1011 | ✓ SURVIVED
Gen 2061 | best fit   10.650 | equity $   20790 | sortino 10.65 | trades 1011 | ✓ SURVIVED
Gen 2066 | best fit   10.650 | equity $   20790 | sortino 10.65 | trades 1011 | ✓ SURVIVED
Gen 2071 | best fit   10.650 | equity $   20790 | sortino 10.65 | trades 1011 | ✓ SURVIVED
Gen 2076 | best fit   10.650 | equity $   20790 | sortino 10.65 | trades 1011 | ✓ SURVIVED
Gen 2081 | best fit   10.650 | equity $   20790 | sortino 10.65 | trades 1011 | ✓ SURVIVED
Gen 2086 | best fit   10.650 | equity $   20790 | sortino 10.65 | trades 1011 | ✓ SURVIVED
Gen 2091 | best fit   10.650 | equity $   20790 | sortino 10.65 | trades 1011 | ✓ SURVIVED
Gen 2096 | best fit   10.650 | equity $   20790 | sortino 10.65 | trades 1011 | ✓ SURVIVED
Gen 2101 | best fit   10.650 | equity $   20790 | sortino 10.65 | trades 1011 | ✓ SURVIVED
Gen 2106 | best fit   10.650 | equity $   20790 | sortino 10.65 | trades 1011 | ✓ SURVIVED
Gen 2111 | best fit   10.650 | equity $   20790 | sortino 10.65 | trades 1011 | ✓ SURVIVED
Gen 2116 | best fit   10.650 | equity $   20790 | sortino 10.65 | trades 1011 | ✓ SURVIVED
Gen 2121 | best fit   10.650 | equity $   20790 | sortino 10.65 | trades 1011 | ✓ SURVIVED
Gen 2126 | best fit   10.650 | equity $   20790 | sortino 10.65 | trades 1011 | ✓ SURVIVED
Gen 2131 | best fit   10.650 | equity $   20790 | sortino 10.65 | trades 1011 | ✓ SURVIVED
Gen 2136 | best fit   10.650 | equity $   20790 | sortino 10.65 | trades 1011 | ✓ SURVIVED
Gen 2141 | best fit   10.650 | equity $   20790 | sortino 10.65 | trades 1011 | ✓ SURVIVED
Gen 2146 | best fit   10.650 | equity $   20790 | sortino 10.65 | trades 1011 | ✓ SURVIVED
Gen 2151 | best fit   10.650 | equity $   20790 | sortino 10.65 | trades 1011 | ✓ SURVIVED
Gen 2156 | best fit   10.650 | equity $   20790 | sortino 10.65 | trades 1011 | ✓ SURVIVED
Gen 2161 | best fit   10.650 | equity $   20790 | sortino 10.65 | trades 1011 | ✓ SURVIVED
Gen 2166 | best fit   10.650 | equity $   20790 | sortino 10.65 | trades 1011 | ✓ SURVIVED
Gen 2171 | best fit   10.650 | equity $   20790 | sortino 10.65 | trades 1011 | ✓ SURVIVED
Gen 2176 | best fit   10.650 | equity $   20790 | sortino 10.65 | trades 1011 | ✓ SURVIVED
Gen 2181 | best fit   10.650 | equity $   20790 | sortino 10.65 | trades 1011 | ✓ SURVIVED
Gen 2186 | best fit   10.650 | equity $   20790 | sortino 10.65 | trades 1011 | ✓ SURVIVED
Gen 2191 | best fit   10.650 | equity $   20790 | sortino 10.65 | trades 1011 | ✓ SURVIVED
Gen 2196 | best fit   10.650 | equity $   20790 | sortino 10.65 | trades 1011 | ✓ SURVIVED
Gen 2201 | best fit   10.650 | equity $   20790 | sortino 10.65 | trades 1011 | ✓ SURVIVED
Gen 2206 | best fit   10.650 | equity $   20790 | sortino 10.65 | trades 1011 | ✓ SURVIVED
Gen 2211 | best fit   10.650 | equity $   20790 | sortino 10.65 | trades 1011 | ✓ SURVIVED
Gen 2216 | best fit   10.650 | equity $   20790 | sortino 10.65 | trades 1011 | ✓ SURVIVED
Gen 2221 | best fit   10.650 | equity $   20790 | sortino 10.65 | trades 1011 | ✓ SURVIVED
Gen 2226 | best fit   10.650 | equity $   20790 | sortino 10.65 | trades 1011 | ✓ SURVIVED
Gen 2231 | best fit   10.650 | equity $   20790 | sortino 10.65 | trades 1011 | ✓ SURVIVED
Gen 2236 | best fit   10.650 | equity $   20790 | sortino 10.65 | trades 1011 | ✓ SURVIVED
Gen 2241 | best fit   10.650 | equity $   20790 | sortino 10.65 | trades 1011 | ✓ SURVIVED
Gen 2246 | best fit   10.650 | equity $   20790 | sortino 10.65 | trades 1011 | ✓ SURVIVED
Gen 2251 | best fit   10.650 | equity $   20790 | sortino 10.65 | trades 1011 | ✓ SURVIVED
Gen 2256 | best fit   10.650 | equity $   20790 | sortino 10.65 | trades 1011 | ✓ SURVIVED
Gen 2261 | best fit   10.650 | equity $   20790 | sortino 10.65 | trades 1011 | ✓ SURVIVED
Gen 2266 | best fit   10.650 | equity $   20790 | sortino 10.65 | trades 1011 | ✓ SURVIVED
Gen 2271 | best fit   10.650 | equity $   20790 | sortino 10.65 | trades 1011 | ✓ SURVIVED
Gen 2276 | best fit   10.650 | equity $   20790 | sortino 10.65 | trades 1011 | ✓ SURVIVED
Gen 2281 | best fit   10.650 | equity $   20790 | sortino 10.65 | trades 1011 | ✓ SURVIVED
Gen 2286 | best fit   10.650 | equity $   20790 | sortino 10.65 | trades 1011 | ✓ SURVIVED
Gen 2291 | best fit   10.650 | equity $   20790 | sortino 10.65 | trades 1011 | ✓ SURVIVED
Gen 2296 | best fit   10.650 | equity $   20790 | sortino 10.65 | trades 1011 | ✓ SURVIVED
Gen 2301 | best fit   10.650 | equity $   20790 | sortino 10.65 | trades 1011 | ✓ SURVIVED
Gen 2306 | best fit   10.650 | equity $   20790 | sortino 10.65 | trades 1011 | ✓ SURVIVED
Gen 2311 | best fit   10.650 | equity $   20790 | sortino 10.65 | trades 1011 | ✓ SURVIVED
Gen 2316 | best fit   10.650 | equity $   20790 | sortino 10.65 | trades 1011 | ✓ SURVIVED
Gen 2321 | best fit   10.650 | equity $   20790 | sortino 10.65 | trades 1011 | ✓ SURVIVED
Gen 2326 | best fit   10.650 | equity $   20790 | sortino 10.65 | trades 1011 | ✓ SURVIVED
Gen 2331 | best fit   10.650 | equity $   20790 | sortino 10.65 | trades 1011 | ✓ SURVIVED
Gen 2336 | best fit   10.650 | equity $   20790 | sortino 10.65 | trades 1011 | ✓ SURVIVED
Gen 2341 | best fit   10.650 | equity $   20790 | sortino 10.65 | trades 1011 | ✓ SURVIVED
Gen 2346 | best fit   10.650 | equity $   20790 | sortino 10.65 | trades 1011 | ✓ SURVIVED
Gen 2351 | best fit   10.650 | equity $   20790 | sortino 10.65 | trades 1011 | ✓ SURVIVED
Gen 2356 | best fit   10.650 | equity $   20790 | sortino 10.65 | trades 1011 | ✓ SURVIVED
Gen 2361 | best fit   10.650 | equity $   20790 | sortino 10.65 | trades 1011 | ✓ SURVIVED
Gen 2366 | best fit   10.650 | equity $   20790 | sortino 10.65 | trades 1011 | ✓ SURVIVED
Gen 2371 | best fit   10.650 | equity $   20790 | sortino 10.65 | trades 1011 | ✓ SURVIVED
Gen 2376 | best fit   10.650 | equity $   20790 | sortino 10.65 | trades 1011 | ✓ SURVIVED
Gen 2381 | best fit   10.650 | equity $   20790 | sortino 10.65 | trades 1011 | ✓ SURVIVED
Gen 2386 | best fit   10.650 | equity $   20790 | sortino 10.65 | trades 1011 | ✓ SURVIVED
Gen 2391 | best fit   10.650 | equity $   20790 | sortino 10.65 | trades 1011 | ✓ SURVIVED
Gen 2396 | best fit   10.650 | equity $   20790 | sortino 10.65 | trades 1011 | ✓ SURVIVED
Gen 2401 | best fit   10.650 | equity $   20790 | sortino 10.65 | trades 1011 | ✓ SURVIVED
Gen 2406 | best fit   10.650 | equity $   20790 | sortino 10.65 | trades 1011 | ✓ SURVIVED
Gen 2411 | best fit   10.650 | equity $   20790 | sortino 10.65 | trades 1011 | ✓ SURVIVED
Gen 2416 | best fit   10.650 | equity $   20790 | sortino 10.65 | trades 1011 | ✓ SURVIVED

Evolution complete: 2419 generations, 3.0 min

================================================================================
BEST BOT EVOLVED
================================================================================
Fitness: 10.6497
Final equity: $20790 (+1979%)
Peak equity: $55740
Max drawdown: 66.6%
Sortino ratio (annualized): 10.65
Survival: 3951/3951 days (100%)
Trades executed: 1011
Buy-and-hold comparison: $1116200000
Bot vs buy-hold: BUY-HOLD WINS
Liquidated: NO

Evolved parameters:
  RSI oversold: 36.6, overbought: 66.1
  MA fast: 3d, slow: 22d, trend: 287d
  Entry confidence threshold: 0.34
  Base position size: 100%
  Stop loss: 2.0%, take profit: 100%
  Max hold: 5 days, cooldown: 2 days
  Signal weights: trend 0.13, RSI 0.32, momentum 0.89

Wrote C:\dev\FarACtionRadar\v16build\web-btc-bot-sim\btc-bot-sim\results\v1-best-bot.json
  10.675 | equity $   21481 | sortino 10.68 | trades 1011 | ✓ SURVIVED
Gen 2471 | best fit   10.675 | equity $   21481 | sortino 10.68 | trades 1011 | ✓ SURVIVED
Gen 2476 | best fit   10.675 | equity $   21481 | sortino 10.68 | trades 1011 | ✓ SURVIVED
Gen 2481 | best fit   10.675 | equity $   21481 | sortino 10.68 | trades 1011 | ✓ SURVIVED
Gen 2486 | best fit   10.675 | equity $   21481 | sortino 10.68 | trades 1011 | ✓ SURVIVED
Gen 2491 | best fit   10.675 | equity $   21481 | sortino 10.68 | trades 1011 | ✓ SURVIVED
Gen 2496 | best fit   10.675 | equity $   21481 | sortino 10.68 | trades 1011 | ✓ SURVIVED
Gen 2501 | best fit   10.675 | equity $   21481 | sortino 10.68 | trades 1011 | ✓ SURVIVED
Gen 2506 | best fit   10.675 | equity $   21481 | sortino 10.68 | trades 1011 | ✓ SURVIVED
Gen 2511 | best fit   10.675 | equity $   21481 | sortino 10.68 | trades 1011 | ✓ SURVIVED
Gen 2516 | best fit   10.675 | equity $   21481 | sortino 10.68 | trades 1011 | ✓ SURVIVED
Gen 2521 | best fit   10.675 | equity $   21481 | sortino 10.68 | trades 1011 | ✓ SURVIVED
Gen 2526 | best fit   10.675 | equity $   21481 | sortino 10.68 | trades 1011 | ✓ SURVIVED
Gen 2531 | best fit   10.675 | equity $   21481 | sortino 10.68 | trades 1011 | ✓ SURVIVED
Gen 2536 | best fit   10.675 | equity $   21481 | sortino 10.68 | trades 1011 | ✓ SURVIVED
Gen 2541 | best fit   10.675 | equity $   21481 | sortino 10.68 | trades 1011 | ✓ SURVIVED
Gen 2546 | best fit   10.675 | equity $   21481 | sortino 10.68 | trades 1011 | ✓ SURVIVED
Gen 2551 | best fit   10.675 | equity $   21481 | sortino 10.68 | trades 1011 | ✓ SURVIVED
Gen 2556 | best fit   10.675 | equity $   21481 | sortino 10.68 | trades 1011 | ✓ SURVIVED
Gen 2561 | best fit   10.675 | equity $   21481 | sortino 10.68 | trades 1011 | ✓ SURVIVED
Gen 2566 | best fit   10.675 | equity $   21481 | sortino 10.68 | trades 1011 | ✓ SURVIVED
Gen 2571 | best fit   10.675 | equity $   21481 | sortino 10.68 | trades 1011 | ✓ SURVIVED
Gen 2576 | best fit   10.675 | equity $   21481 | sortino 10.68 | trades 1011 | ✓ SURVIVED
Gen 2581 | best fit   10.675 | equity $   21481 | sortino 10.68 | trades 1011 | ✓ SURVIVED
Gen 2586 | best fit   10.675 | equity $   21481 | sortino 10.68 | trades 1011 | ✓ SURVIVED
Gen 2591 | best fit   10.675 | equity $   21481 | sortino 10.68 | trades 1011 | ✓ SURVIVED
Gen 2596 | best fit   10.675 | equity $   21481 | sortino 10.68 | trades 1011 | ✓ SURVIVED
Gen 2601 | best fit   10.675 | equity $   21481 | sortino 10.68 | trades 1011 | ✓ SURVIVED
Gen 2606 | best fit   10.675 | equity $   21481 | sortino 10.68 | trades 1011 | ✓ SURVIVED
Gen 2611 | best fit   10.675 | equity $   21481 | sortino 10.68 | trades 1011 | ✓ SURVIVED
Gen 2616 | best fit   10.675 | equity $   21481 | sortino 10.68 | trades 1011 | ✓ SURVIVED
Gen 2621 | best fit   10.675 | equity $   21481 | sortino 10.68 | trades 1011 | ✓ SURVIVED
Gen 2626 | best fit   10.675 | equity $   21481 | sortino 10.68 | trades 1011 | ✓ SURVIVED
Gen 2631 | best fit   10.675 | equity $   21481 | sortino 10.68 | trades 1011 | ✓ SURVIVED
Gen 2636 | best fit   10.675 | equity $   21481 | sortino 10.68 | trades 1011 | ✓ SURVIVED
Gen 2641 | best fit   10.675 | equity $   21481 | sortino 10.68 | trades 1011 | ✓ SURVIVED
Gen 2646 | best fit   10.675 | equity $   21481 | sortino 10.68 | trades 1011 | ✓ SURVIVED
Gen 2651 | best fit   10.675 | equity $   21481 | sortino 10.68 | trades 1011 | ✓ SURVIVED
Gen 2656 | best fit   10.675 | equity $   21481 | sortino 10.68 | trades 1011 | ✓ SURVIVED
Gen 2661 | best fit   10.675 | equity $   21481 | sortino 10.68 | trades 1011 | ✓ SURVIVED
Gen 2666 | best fit   10.675 | equity $   21481 | sortino 10.68 | trades 1011 | ✓ SURVIVED
Gen 2671 | best fit   10.675 | equity $   21481 | sortino 10.68 | trades 1011 | ✓ SURVIVED
Gen 2676 | best fit   10.675 | equity $   21481 | sortino 10.68 | trades 1011 | ✓ SURVIVED
Gen 2681 | best fit   10.675 | equity $   21481 | sortino 10.68 | trades 1011 | ✓ SURVIVED
Gen 2686 | best fit   10.675 | equity $   21481 | sortino 10.68 | trades 1011 | ✓ SURVIVED
Gen 2691 | best fit   10.675 | equity $   21481 | sortino 10.68 | trades 1011 | ✓ SURVIVED
Gen 2696 | best fit   10.675 | equity $   21481 | sortino 10.68 | trades 1011 | ✓ SURVIVED
Gen 2701 | best fit   10.675 | equity $   21481 | sortino 10.68 | trades 1011 | ✓ SURVIVED
Gen 2706 | best fit   10.675 | equity $   21481 | sortino 10.68 | trades 1011 | ✓ SURVIVED
Gen 2711 | best fit   10.675 | equity $   21481 | sortino 10.68 | trades 1011 | ✓ SURVIVED
Gen 2716 | best fit   10.675 | equity $   21481 | sortino 10.68 | trades 1011 | ✓ SURVIVED
Gen 2721 | best fit   10.675 | equity $   21481 | sortino 10.68 | trades 1011 | ✓ SURVIVED
Gen 2726 | best fit   10.675 | equity $   21481 | sortino 10.68 | trades 1011 | ✓ SURVIVED
Gen 2731 | best fit   10.675 | equity $   21481 | sortino 10.68 | trades 1011 | ✓ SURVIVED
Gen 2736 | best fit   10.675 | equity $   21481 | sortino 10.68 | trades 1011 | ✓ SURVIVED
Gen 2741 | best fit   10.675 | equity $   21481 | sortino 10.68 | trades 1011 | ✓ SURVIVED
Gen 2746 | best fit   10.675 | equity $   21481 | sortino 10.68 | trades 1011 | ✓ SURVIVED
Gen 2751 | best fit   10.675 | equity $   21481 | sortino 10.68 | trades 1011 | ✓ SURVIVED
Gen 2756 | best fit   10.675 | equity $   21481 | sortino 10.68 | trades 1011 | ✓ SURVIVED
Gen 2761 | best fit   10.675 | equity $   21481 | sortino 10.68 | trades 1011 | ✓ SURVIVED
Gen 2766 | best fit   10.675 | equity $   21481 | sortino 10.68 | trades 1011 | ✓ SURVIVED
Gen 2771 | best fit   10.675 | equity $   21481 | sortino 10.68 | trades 1011 | ✓ SURVIVED
Gen 2776 | best fit   10.675 | equity $   21481 | sortino 10.68 | trades 1011 | ✓ SURVIVED
Gen 2781 | best fit   10.675 | equity $   21481 | sortino 10.68 | trades 1011 | ✓ SURVIVED
Gen 2786 | best fit   10.675 | equity $   21481 | sortino 10.68 | trades 1011 | ✓ SURVIVED
Gen 2791 | best fit   10.675 | equity $   21481 | sortino 10.68 | trades 1011 | ✓ SURVIVED
Gen 2796 | best fit   10.675 | equity $   21481 | sortino 10.68 | trades 1011 | ✓ SURVIVED
Gen 2801 | best fit   10.675 | equity $   21481 | sortino 10.68 | trades 1011 | ✓ SURVIVED
Gen 2806 | best fit   10.675 | equity $   21481 | sortino 10.68 | trades 1011 | ✓ SURVIVED
Gen 2811 | best fit   10.675 | equity $   21481 | sortino 10.68 | trades 1011 | ✓ SURVIVED
Gen 2816 | best fit   10.675 | equity $   21481 | sortino 10.68 | trades 1011 | ✓ SURVIVED
Gen 2821 | best fit   10.675 | equity $   21481 | sortino 10.68 | trades 1011 | ✓ SURVIVED
Gen 2826 | best fit   10.675 | equity $   21481 | sortino 10.68 | trades 1011 | ✓ SURVIVED
Gen 2831 | best fit   10.675 | equity $   21481 | sortino 10.68 | trades 1011 | ✓ SURVIVED
Gen 2836 | best fit   10.675 | equity $   21481 | sortino 10.68 | trades 1011 | ✓ SURVIVED
Gen 2841 | best fit   10.675 | equity $   21481 | sortino 10.68 | trades 1011 | ✓ SURVIVED
Gen 2846 | best fit   10.675 | equity $   21481 | sortino 10.68 | trades 1011 | ✓ SURVIVED
Gen 2851 | best fit   10.675 | equity $   21481 | sortino 10.68 | trades 1011 | ✓ SURVIVED
Gen 2856 | best fit   10.675 | equity $   21481 | sortino 10.68 | trades 1011 | ✓ SURVIVED
Gen 2861 | best fit   10.675 | equity $   21481 | sortino 10.68 | trades 1011 | ✓ SURVIVED
Gen 2866 | best fit   10.675 | equity $   21481 | sortino 10.68 | trades 1011 | ✓ SURVIVED
Gen 2871 | best fit   10.675 | equity $   21481 | sortino 10.68 | trades 1011 | ✓ SURVIVED
Gen 2876 | best fit   10.675 | equity $   21481 | sortino 10.68 | trades 1011 | ✓ SURVIVED
Gen 2881 | best fit   10.675 | equity $   21481 | sortino 10.68 | trades 1011 | ✓ SURVIVED
Gen 2886 | best fit   10.675 | equity $   21481 | sortino 10.68 | trades 1011 | ✓ SURVIVED
Gen 2891 | best fit   10.675 | equity $   21481 | sortino 10.68 | trades 1011 | ✓ SURVIVED
Gen 2896 | best fit   10.675 | equity $   21481 | sortino 10.68 | trades 1011 | ✓ SURVIVED
Gen 2901 | best fit   10.675 | equity $   21481 | sortino 10.68 | trades 1011 | ✓ SURVIVED
Gen 2906 | best fit   10.675 | equity $   21481 | sortino 10.68 | trades 1011 | ✓ SURVIVED
Gen 2911 | best fit   10.675 | equity $   21481 | sortino 10.68 | trades 1011 | ✓ SURVIVED
Gen 2916 | best fit   10.675 | equity $   21481 | sortino 10.68 | trades 1011 | ✓ SURVIVED
Gen 2921 | best fit   10.675 | equity $   21481 | sortino 10.68 | trades 1011 | ✓ SURVIVED
Gen 2926 | best fit   10.675 | equity $   21481 | sortino 10.68 | trades 1011 | ✓ SURVIVED
Gen 2931 | best fit   10.675 | equity $   21481 | sortino 10.68 | trades 1011 | ✓ SURVIVED
Gen 2936 | best fit   10.675 | equity $   21481 | sortino 10.68 | trades 1011 | ✓ SURVIVED
Gen 2941 | best fit   10.675 | equity $   21481 | sortino 10.68 | trades 1011 | ✓ SURVIVED
Gen 2946 | best fit   10.675 | equity $   21481 | sortino 10.68 | trades 1011 | ✓ SURVIVED
Gen 2951 | best fit   10.675 | equity $   21481 | sortino 10.68 | trades 1011 | ✓ SURVIVED
Gen 2956 | best fit   10.675 | equity $   21481 | sortino 10.68 | trades 1011 | ✓ SURVIVED
Gen 2961 | best fit   10.675 | equity $   21481 | sortino 10.68 | trades 1011 | ✓ SURVIVED
Gen 2966 | best fit   10.675 | equity $   21481 | sortino 10.68 | trades 1011 | ✓ SURVIVED
Gen 2971 | best fit   10.675 | equity $   21481 | sortino 10.68 | trades 1011 | ✓ SURVIVED
Gen 2976 | best fit   10.675 | equity $   21481 | sortino 10.68 | trades 1011 | ✓ SURVIVED
Gen 2981 | best fit   10.675 | equity $   21481 | sortino 10.68 | trades 1011 | ✓ SURVIVED
Gen 2986 | best fit   10.675 | equity $   21481 | sortino 10.68 | trades 1011 | ✓ SURVIVED
Gen 2991 | best fit   10.675 | equity $   21481 | sortino 10.68 | trades 1011 | ✓ SURVIVED
Gen 2996 | best fit   10.675 | equity $   21481 | sortino 10.68 | trades 1011 | ✓ SURVIVED
Gen 3001 | best fit   10.675 | equity $   21481 | sortino 10.68 | trades 1011 | ✓ SURVIVED
Gen 3006 | best fit   10.675 | equity $   21481 | sortino 10.68 | trades 1011 | ✓ SURVIVED
Gen 3011 | best fit   10.675 | equity $   21481 | sortino 10.68 | trades 1011 | ✓ SURVIVED
Gen 3016 | best fit   10.675 | equity $   21481 | sortino 10.68 | trades 1011 | ✓ SURVIVED
Gen 3021 | best fit   10.675 | equity $   21481 | sortino 10.68 | trades 1011 | ✓ SURVIVED
Gen 3026 | best fit   10.675 | equity $   21481 | sortino 10.68 | trades 1011 | ✓ SURVIVED
Gen 3031 | best fit   10.675 | equity $   21481 | sortino 10.68 | trades 1011 | ✓ SURVIVED
Gen 3036 | best fit   10.675 | equity $   21481 | sortino 10.68 | trades 1011 | ✓ SURVIVED
Gen 3041 | best fit   10.675 | equity $   21481 | sortino 10.68 | trades 1011 | ✓ SURVIVED
Gen 3046 | best fit   10.675 | equity $   21481 | sortino 10.68 | trades 1011 | ✓ SURVIVED
Gen 3051 | best fit   10.675 | equity $   21481 | sortino 10.68 | trades 1011 | ✓ SURVIVED
Gen 3056 | best fit   10.675 | equity $   21481 | sortino 10.68 | trades 1011 | ✓ SURVIVED
Gen 3061 | best fit   10.675 | equity $   21481 | sortino 10.68 | trades 1011 | ✓ SURVIVED
Gen 3066 | best fit   10.675 | equity $   21481 | sortino 10.68 | trades 1011 | ✓ SURVIVED
Gen 3071 | best fit   10.675 | equity $   21481 | sortino 10.68 | trades 1011 | ✓ SURVIVED
Gen 3076 | best fit   10.675 | equity $   21481 | sortino 10.68 | trades 1011 | ✓ SURVIVED
Gen 3081 | best fit   10.675 | equity $   21481 | sortino 10.68 | trades 1011 | ✓ SURVIVED
Gen 3086 | best fit   10.675 | equity $   21481 | sortino 10.68 | trades 1011 | ✓ SURVIVED
Gen 3091 | best fit   10.675 | equity $   21481 | sortino 10.68 | trades 1011 | ✓ SURVIVED
Gen 3096 | best fit   10.675 | equity $   21481 | sortino 10.68 | trades 1011 | ✓ SURVIVED
Gen 3101 | best fit   10.675 | equity $   21481 | sortino 10.68 | trades 1011 | ✓ SURVIVED
Gen 3106 | best fit   10.675 | equity $   21481 | sortino 10.68 | trades 1011 | ✓ SURVIVED
Gen 3111 | best fit   10.675 | equity $   21481 | sortino 10.68 | trades 1011 | ✓ SURVIVED
Gen 3116 | best fit   10.675 | equity $   21481 | sortino 10.68 | trades 1011 | ✓ SURVIVED
Gen 3121 | best fit   10.675 | equity $   21481 | sortino 10.68 | trades 1011 | ✓ SURVIVED
Gen 3126 | best fit   10.675 | equity $   21481 | sortino 10.68 | trades 1011 | ✓ SURVIVED
Gen 3131 | best fit   10.675 | equity $   21481 | sortino 10.68 | trades 1011 | ✓ SURVIVED
Gen 3136 | best fit   10.675 | equity $   21481 | sortino 10.68 | trades 1011 | ✓ SURVIVED
Gen 3141 | best fit   10.675 | equity $   21481 | sortino 10.68 | trades 1011 | ✓ SURVIVED
Gen 3146 | best fit   10.675 | equity $   21481 | sortino 10.68 | trades 1011 | ✓ SURVIVED
Gen 3151 | best fit   10.675 | equity $   21481 | sortino 10.68 | trades 1011 | ✓ SURVIVED
Gen 3156 | best fit   10.675 | equity $   21481 | sortino 10.68 | trades 1011 | ✓ SURVIVED
Gen 3161 | best fit   10.675 | equity $   21481 | sortino 10.68 | trades 1011 | ✓ SURVIVED
Gen 3166 | best fit   10.675 | equity $   21481 | sortino 10.68 | trades 1011 | ✓ SURVIVED
Gen 3171 | best fit   10.675 | equity $   21481 | sortino 10.68 | trades 1011 | ✓ SURVIVED
Gen 3176 | best fit   10.675 | equity $   21481 | sortino 10.68 | trades 1011 | ✓ SURVIVED
Gen 3181 | best fit   10.675 | equity $   21481 | sortino 10.68 | trades 1011 | ✓ SURVIVED
Gen 3186 | best fit   10.675 | equity $   21481 | sortino 10.68 | trades 1011 | ✓ SURVIVED
Gen 3191 | best fit   10.675 | equity $   21481 | sortino 10.68 | trades 1011 | ✓ SURVIVED
Gen 3196 | best fit   10.675 | equity $   21481 | sortino 10.68 | trades 1011 | ✓ SURVIVED
Gen 3201 | best fit   10.675 | equity $   21481 | sortino 10.68 | trades 1011 | ✓ SURVIVED
Gen 3206 | best fit   10.675 | equity $   21481 | sortino 10.68 | trades 1011 | ✓ SURVIVED
Gen 3211 | best fit   10.675 | equity $   21481 | sortino 10.68 | trades 1011 | ✓ SURVIVED
Gen 3216 | best fit   10.675 | equity $   21481 | sortino 10.68 | trades 1011 | ✓ SURVIVED
Gen 3221 | best fit   10.675 | equity $   21481 | sortino 10.68 | trades 1011 | ✓ SURVIVED
Gen 3226 | best fit   10.675 | equity $   21481 | sortino 10.68 | trades 1011 | ✓ SURVIVED
Gen 3231 | best fit   10.675 | equity $   21481 | sortino 10.68 | trades 1011 | ✓ SURVIVED
Gen 3236 | best fit   10.675 | equity $   21481 | sortino 10.68 | trades 1011 | ✓ SURVIVED
Gen 3241 | best fit   10.675 | equity $   21481 | sortino 10.68 | trades 1011 | ✓ SURVIVED
Gen 3246 | best fit   10.675 | equity $   21481 | sortino 10.68 | trades 1011 | ✓ SURVIVED
Gen 3251 | best fit   10.675 | equity $   21481 | sortino 10.68 | trades 1011 | ✓ SURVIVED
Gen 3256 | best fit   10.675 | equity $   21481 | sortino 10.68 | trades 1011 | ✓ SURVIVED
Gen 3261 | best fit   10.675 | equity $   21481 | sortino 10.68 | trades 1011 | ✓ SURVIVED
Gen 3266 | best fit   10.675 | equity $   21481 | sortino 10.68 | trades 1011 | ✓ SURVIVED
Gen 3271 | best fit   10.675 | equity $   21481 | sortino 10.68 | trades 1011 | ✓ SURVIVED
Gen 3276 | best fit   10.675 | equity $   21481 | sortino 10.68 | trades 1011 | ✓ SURVIVED
Gen 3281 | best fit   10.675 | equity $   21481 | sortino 10.68 | trades 1011 | ✓ SURVIVED
Gen 3286 | best fit   10.675 | equity $   21481 | sortino 10.68 | trades 1011 | ✓ SURVIVED
Gen 3291 | best fit   10.675 | equity $   21481 | sortino 10.68 | trades 1011 | ✓ SURVIVED
Gen 3296 | best fit   10.675 | equity $   21481 | sortino 10.68 | trades 1011 | ✓ SURVIVED
Gen 3301 | best fit   10.675 | equity $   21481 | sortino 10.68 | trades 1011 | ✓ SURVIVED
Gen 3306 | best fit   10.675 | equity $   21481 | sortino 10.68 | trades 1011 | ✓ SURVIVED
Gen 3311 | best fit   10.675 | equity $   21481 | sortino 10.68 | trades 1011 | ✓ SURVIVED
Gen 3316 | best fit   10.675 | equity $   21481 | sortino 10.68 | trades 1011 | ✓ SURVIVED
Gen 3321 | best fit   10.675 | equity $   21481 | sortino 10.68 | trades 1011 | ✓ SURVIVED
Gen 3326 | best fit   10.675 | equity $   21481 | sortino 10.68 | trades 1011 | ✓ SURVIVED
Gen 3331 | best fit   10.675 | equity $   21481 | sortino 10.68 | trades 1011 | ✓ SURVIVED
Gen 3336 | best fit   10.675 | equity $   21481 | sortino 10.68 | trades 1011 | ✓ SURVIVED
Gen 3341 | best fit   10.675 | equity $   21481 | sortino 10.68 | trades 1011 | ✓ SURVIVED
Gen 3346 | best fit   10.675 | equity $   21481 | sortino 10.68 | trades 1011 | ✓ SURVIVED
Gen 3351 | best fit   10.675 | equity $   21481 | sortino 10.68 | trades 1011 | ✓ SURVIVED
Gen 3356 | best fit   10.675 | equity $   21481 | sortino 10.68 | trades 1011 | ✓ SURVIVED
Gen 3361 | best fit   10.675 | equity $   21481 | sortino 10.68 | trades 1011 | ✓ SURVIVED
Gen 3366 | best fit   10.675 | equity $   21481 | sortino 10.68 | trades 1011 | ✓ SURVIVED
Gen 3371 | best fit   10.675 | equity $   21481 | sortino 10.68 | trades 1011 | ✓ SURVIVED
Gen 3376 | best fit   10.675 | equity $   21481 | sortino 10.68 | trades 1011 | ✓ SURVIVED
Gen 3381 | best fit   10.675 | equity $   21481 | sortino 10.68 | trades 1011 | ✓ SURVIVED
Gen 3386 | best fit   10.675 | equity $   21481 | sortino 10.68 | trades 1011 | ✓ SURVIVED
Gen 3391 | best fit   10.675 | equity $   21481 | sortino 10.68 | trades 1011 | ✓ SURVIVED
Gen 3396 | best fit   10.675 | equity $   21481 | sortino 10.68 | trades 1011 | ✓ SURVIVED
Gen 3401 | best fit   10.675 | equity $   21481 | sortino 10.68 | trades 1011 | ✓ SURVIVED
Gen 3406 | best fit   10.675 | equity $   21481 | sortino 10.68 | trades 1011 | ✓ SURVIVED
Gen 3411 | best fit   10.675 | equity $   21481 | sortino 10.68 | trades 1011 | ✓ SURVIVED
Gen 3416 | best fit   10.675 | equity $   21481 | sortino 10.68 | trades 1011 | ✓ SURVIVED
Gen 3421 | best fit   10.675 | equity $   21481 | sortino 10.68 | trades 1011 | ✓ SURVIVED
Gen 3426 | best fit   10.675 | equity $   21481 | sortino 10.68 | trades 1011 | ✓ SURVIVED
Gen 3431 | best fit   10.675 | equity $   21481 | sortino 10.68 | trades 1011 | ✓ SURVIVED
Gen 3436 | best fit   10.675 | equity $   21481 | sortino 10.68 | trades 1011 | ✓ SURVIVED
Gen 3441 | best fit   10.675 | equity $   21481 | sortino 10.68 | trades 1011 | ✓ SURVIVED
Gen 3446 | best fit   10.675 | equity $   21481 | sortino 10.68 | trades 1011 | ✓ SURVIVED
Gen 3451 | best fit   10.675 | equity $   21481 | sortino 10.68 | trades 1011 | ✓ SURVIVED
Gen 3456 | best fit   10.675 | equity $   21481 | sortino 10.68 | trades 1011 | ✓ SURVIVED
Gen 3461 | best fit   10.675 | equity $   21481 | sortino 10.68 | trades 1011 | ✓ SURVIVED
Gen 3466 | best fit   10.675 | equity $   21481 | sortino 10.68 | trades 1011 | ✓ SURVIVED
Gen 3471 | best fit   10.675 | equity $   21481 | sortino 10.68 | trades 1011 | ✓ SURVIVED
Gen 3476 | best fit   10.675 | equity $   21481 | sortino 10.68 | trades 1011 | ✓ SURVIVED
Gen 3481 | best fit   10.675 | equity $   21481 | sortino 10.68 | trades 1011 | ✓ SURVIVED
Gen 3486 | best fit   10.675 | equity $   21481 | sortino 10.68 | trades 1011 | ✓ SURVIVED
Gen 3491 | best fit   10.675 | equity $   21481 | sortino 10.68 | trades 1011 | ✓ SURVIVED
Gen 3496 | best fit   10.675 | equity $   21481 | sortino 10.68 | trades 1011 | ✓ SURVIVED
Gen 3501 | best fit   10.675 | equity $   21481 | sortino 10.68 | trades 1011 | ✓ SURVIVED
Gen 3506 | best fit   10.675 | equity $   21481 | sortino 10.68 | trades 1011 | ✓ SURVIVED
Gen 3511 | best fit   10.675 | equity $   21481 | sortino 10.68 | trades 1011 | ✓ SURVIVED
Gen 3516 | best fit   10.675 | equity $   21481 | sortino 10.68 | trades 1011 | ✓ SURVIVED
Gen 3521 | best fit   10.675 | equity $   21481 | sortino 10.68 | trades 1011 | ✓ SURVIVED
Gen 3526 | best fit   10.675 | equity $   21481 | sortino 10.68 | trades 1011 | ✓ SURVIVED
Gen 3531 | best fit   10.675 | equity $   21481 | sortino 10.68 | trades 1011 | ✓ SURVIVED
Gen 3536 | best fit   10.675 | equity $   21481 | sortino 10.68 | trades 1011 | ✓ SURVIVED
Gen 3541 | best fit   10.675 | equity $   21481 | sortino 10.68 | trades 1011 | ✓ SURVIVED
Gen 3546 | best fit   10.675 | equity $   21481 | sortino 10.68 | trades 1011 | ✓ SURVIVED
Gen 3551 | best fit   10.675 | equity $   21481 | sortino 10.68 | trades 1011 | ✓ SURVIVED
Gen 3556 | best fit   10.675 | equity $   21481 | sortino 10.68 | trades 1011 | ✓ SURVIVED
Gen 3561 | best fit   10.675 | equity $   21481 | sortino 10.68 | trades 1011 | ✓ SURVIVED
Gen 3566 | best fit   10.675 | equity $   21481 | sortino 10.68 | trades 1011 | ✓ SURVIVED
Gen 3571 | best fit   10.675 | equity $   21481 | sortino 10.68 | trades 1011 | ✓ SURVIVED
Gen 3576 | best fit   10.675 | equity $   21481 | sortino 10.68 | trades 1011 | ✓ SURVIVED
Gen 3581 | best fit   10.675 | equity $   21481 | sortino 10.68 | trades 1011 | ✓ SURVIVED
Gen 3586 | best fit   10.675 | equity $   21481 | sortino 10.68 | trades 1011 | ✓ SURVIVED
Gen 3591 | best fit   10.675 | equity $   21481 | sortino 10.68 | trades 1011 | ✓ SURVIVED
Gen 3596 | best fit   10.675 | equity $   21481 | sortino 10.68 | trades 1011 | ✓ SURVIVED
Gen 3601 | best fit   10.675 | equity $   21481 | sortino 10.68 | trades 1011 | ✓ SURVIVED
Gen 3606 | best fit   10.675 | equity $   21481 | sortino 10.68 | trades 1011 | ✓ SURVIVED
Gen 3611 | best fit   10.675 | equity $   21481 | sortino 10.68 | trades 1011 | ✓ SURVIVED
Gen 3616 | best fit   10.675 | equity $   21481 | sortino 10.68 | trades 1011 | ✓ SURVIVED
Gen 3621 | best fit   10.675 | equity $   21481 | sortino 10.68 | trades 1011 | ✓ SURVIVED
Gen 3626 | best fit   10.675 | equity $   21481 | sortino 10.68 | trades 1011 | ✓ SURVIVED
Gen 3631 | best fit   10.675 | equity $   21481 | sortino 10.68 | trades 1011 | ✓ SURVIVED
Gen 3636 | best fit   10.675 | equity $   21481 | sortino 10.68 | trades 1011 | ✓ SURVIVED
Gen 3641 | best fit   10.675 | equity $   21481 | sortino 10.68 | trades 1011 | ✓ SURVIVED
Gen 3646 | best fit   10.675 | equity $   21481 | sortino 10.68 | trades 1011 | ✓ SURVIVED
Gen 3651 | best fit   10.675 | equity $   21481 | sortino 10.68 | trades 1011 | ✓ SURVIVED
Gen 3656 | best fit   10.675 | equity $   21481 | sortino 10.68 | trades 1011 | ✓ SURVIVED
Gen 3661 | best fit   10.675 | equity $   21481 | sortino 10.68 | trades 1011 | ✓ SURVIVED
Gen 3666 | best fit   10.675 | equity $   21481 | sortino 10.68 | trades 1011 | ✓ SURVIVED
Gen 3671 | best fit   10.675 | equity $   21481 | sortino 10.68 | trades 1011 | ✓ SURVIVED
Gen 3676 | best fit   10.675 | equity $   21481 | sortino 10.68 | trades 1011 | ✓ SURVIVED
Gen 3681 | best fit   10.675 | equity $   21481 | sortino 10.68 | trades 1011 | ✓ SURVIVED
Gen 3686 | best fit   10.675 | equity $   21481 | sortino 10.68 | trades 1011 | ✓ SURVIVED
Gen 3691 | best fit   10.675 | equity $   21481 | sortino 10.68 | trades 1011 | ✓ SURVIVED
Gen 3696 | best fit   10.675 | equity $   21481 | sortino 10.68 | trades 1011 | ✓ SURVIVED
Gen 3701 | best fit   10.675 | equity $   21481 | sortino 10.68 | trades 1011 | ✓ SURVIVED
Gen 3706 | best fit   10.675 | equity $   21481 | sortino 10.68 | trades 1011 | ✓ SURVIVED
Gen 3711 | best fit   10.675 | equity $   21481 | sortino 10.68 | trades 1011 | ✓ SURVIVED
Gen 3716 | best fit   10.675 | equity $   21481 | sortino 10.68 | trades 1011 | ✓ SURVIVED
Gen 3721 | best fit   10.675 | equity $   21481 | sortino 10.68 | trades 1011 | ✓ SURVIVED
Gen 3726 | best fit   10.675 | equity $   21481 | sortino 10.68 | trades 1011 | ✓ SURVIVED
Gen 3731 | best fit   10.675 | equity $   21481 | sortino 10.68 | trades 1011 | ✓ SURVIVED
Gen 3736 | best fit   10.675 | equity $   21481 | sortino 10.68 | trades 1011 | ✓ SURVIVED
Gen 3741 | best fit   10.675 | equity $   21481 | sortino 10.68 | trades 1011 | ✓ SURVIVED
Gen 3746 | best fit   10.675 | equity $   21481 | sortino 10.68 | trades 1011 | ✓ SURVIVED
Gen 3751 | best fit   10.675 | equity $   21481 | sortino 10.68 | trades 1011 | ✓ SURVIVED
Gen 3756 | best fit   10.675 | equity $   21481 | sortino 10.68 | trades 1011 | ✓ SURVIVED
Gen 3761 | best fit   10.675 | equity $   21481 | sortino 10.68 | trades 1011 | ✓ SURVIVED
Gen 3766 | best fit   10.675 | equity $   21481 | sortino 10.68 | trades 1011 | ✓ SURVIVED
Gen 3771 | best fit   10.675 | equity $   21481 | sortino 10.68 | trades 1011 | ✓ SURVIVED
Gen 3776 | best fit   10.675 | equity $   21481 | sortino 10.68 | trades 1011 | ✓ SURVIVED
Gen 3781 | best fit   10.675 | equity $   21481 | sortino 10.68 | trades 1011 | ✓ SURVIVED
Gen 3786 | best fit   10.675 | equity $   21481 | sortino 10.68 | trades 1011 | ✓ SURVIVED
Gen 3791 | best fit   10.675 | equity $   21481 | sortino 10.68 | trades 1011 | ✓ SURVIVED
Gen 3796 | best fit   10.675 | equity $   21481 | sortino 10.68 | trades 1011 | ✓ SURVIVED
Gen 3801 | best fit   10.675 | equity $   21481 | sortino 10.68 | trades 1011 | ✓ SURVIVED
Gen 3806 | best fit   10.675 | equity $   21481 | sortino 10.68 | trades 1011 | ✓ SURVIVED
Gen 3811 | best fit   10.675 | equity $   21481 | sortino 10.68 | trades 1011 | ✓ SURVIVED
Gen 3816 | best fit   10.675 | equity $   21481 | sortino 10.68 | trades 1011 | ✓ SURVIVED
Gen 3821 | best fit   10.675 | equity $   21481 | sortino 10.68 | trades 1011 | ✓ SURVIVED
Gen 3826 | best fit   10.675 | equity $   21481 | sortino 10.68 | trades 1011 | ✓ SURVIVED
Gen 3831 | best fit   10.675 | equity $   21481 | sortino 10.68 | trades 1011 | ✓ SURVIVED
Gen 3836 | best fit   10.675 | equity $   21481 | sortino 10.68 | trades 1011 | ✓ SURVIVED
Gen 3841 | best fit   10.675 | equity $   21481 | sortino 10.68 | trades 1011 | ✓ SURVIVED
Gen 3846 | best fit   10.675 | equity $   21481 | sortino 10.68 | trades 1011 | ✓ SURVIVED
Gen 3851 | best fit   10.675 | equity $   21481 | sortino 10.68 | trades 1011 | ✓ SURVIVED
Gen 3856 | best fit   10.675 | equity $   21481 | sortino 10.68 | trades 1011 | ✓ SURVIVED
Gen 3861 | best fit   10.675 | equity $   21481 | sortino 10.68 | trades 1011 | ✓ SURVIVED
Gen 3866 | best fit   10.675 | equity $   21481 | sortino 10.68 | trades 1011 | ✓ SURVIVED
Gen 3871 | best fit   10.675 | equity $   21481 | sortino 10.68 | trades 1011 | ✓ SURVIVED
Gen 3876 | best fit   10.675 | equity $   21481 | sortino 10.68 | trades 1011 | ✓ SURVIVED
Gen 3881 | best fit   10.675 | equity $   21481 | sortino 10.68 | trades 1011 | ✓ SURVIVED
Gen 3886 | best fit   10.675 | equity $   21481 | sortino 10.68 | trades 1011 | ✓ SURVIVED
Gen 3891 | best fit   10.675 | equity $   21481 | sortino 10.68 | trades 1011 | ✓ SURVIVED
Gen 3896 | best fit   10.675 | equity $   21481 | sortino 10.68 | trades 1011 | ✓ SURVIVED
Gen 3901 | best fit   10.675 | equity $   21481 | sortino 10.68 | trades 1011 | ✓ SURVIVED
Gen 3906 | best fit   10.675 | equity $   21481 | sortino 10.68 | trades 1011 | ✓ SURVIVED
Gen 3911 | best fit   10.675 | equity $   21481 | sortino 10.68 | trades 1011 | ✓ SURVIVED
Gen 3916 | best fit   10.675 | equity $   21481 | sortino 10.68 | trades 1011 | ✓ SURVIVED
Gen 3921 | best fit   10.675 | equity $   21481 | sortino 10.68 | trades 1011 | ✓ SURVIVED
Gen 3926 | best fit   10.675 | equity $   21481 | sortino 10.68 | trades 1011 | ✓ SURVIVED
Gen 3931 | best fit   10.675 | equity $   21481 | sortino 10.68 | trades 1011 | ✓ SURVIVED
Gen 3936 | best fit   10.675 | equity $   21481 | sortino 10.68 | trades 1011 | ✓ SURVIVED
Gen 3941 | best fit   10.675 | equity $   21481 | sortino 10.68 | trades 1011 | ✓ SURVIVED
Gen 3946 | best fit   10.675 | equity $   21481 | sortino 10.68 | trades 1011 | ✓ SURVIVED
Gen 3951 | best fit   10.675 | equity $   21481 | sortino 10.68 | trades 1011 | ✓ SURVIVED
Gen 3956 | best fit   10.675 | equity $   21481 | sortino 10.68 | trades 1011 | ✓ SURVIVED
Gen 3961 | best fit   10.675 | equity $   21481 | sortino 10.68 | trades 1011 | ✓ SURVIVED
Gen 3966 | best fit   10.675 | equity $   21481 | sortino 10.68 | trades 1011 | ✓ SURVIVED
Gen 3971 | best fit   10.675 | equity $   21481 | sortino 10.68 | trades 1011 | ✓ SURVIVED
Gen 3976 | best fit   10.675 | equity $   21481 | sortino 10.68 | trades 1011 | ✓ SURVIVED
Gen 3981 | best fit   10.675 | equity $   21481 | sortino 10.68 | trades 1011 | ✓ SURVIVED
Gen 3986 | best fit   10.675 | equity $   21481 | sortino 10.68 | trades 1011 | ✓ SURVIVED
Gen 3991 | best fit   10.675 | equity $   21481 | sortino 10.68 | trades 1011 | ✓ SURVIVED
Gen 3996 | best fit   10.675 | equity $   21481 | sortino 10.68 | trades 1011 | ✓ SURVIVED
Gen 4001 | best fit   10.675 | equity $   21481 | sortino 10.68 | trades 1011 | ✓ SURVIVED
Gen 4006 | best fit   10.675 | equity $   21481 | sortino 10.68 | trades 1011 | ✓ SURVIVED
Gen 4011 | best fit   10.675 | equity $   21481 | sortino 10.68 | trades 1011 | ✓ SURVIVED
Gen 4016 | best fit   10.675 | equity $   21481 | sortino 10.68 | trades 1011 | ✓ SURVIVED
Gen 4021 | best fit   10.675 | equity $   21481 | sortino 10.68 | trades 1011 | ✓ SURVIVED
Gen 4026 | best fit   10.675 | equity $   21481 | sortino 10.68 | trades 1011 | ✓ SURVIVED
Gen 4031 | best fit   10.675 | equity $   21481 | sortino 10.68 | trades 1011 | ✓ SURVIVED
Gen 4036 | best fit   10.675 | equity $   21481 | sortino 10.68 | trades 1011 | ✓ SURVIVED
Gen 4041 | best fit   10.675 | equity $   21481 | sortino 10.68 | trades 1011 | ✓ SURVIVED
Gen 4046 | best fit   10.675 | equity $   21481 | sortino 10.68 | trades 1011 | ✓ SURVIVED
Gen 4051 | best fit   10.675 | equity $   21481 | sortino 10.68 | trades 1011 | ✓ SURVIVED
Gen 4056 | best fit   10.675 | equity $   21481 | sortino 10.68 | trades 1011 | ✓ SURVIVED
Gen 4061 | best fit   10.675 | equity $   21481 | sortino 10.68 | trades 1011 | ✓ SURVIVED
Gen 4066 | best fit   10.675 | equity $   21481 | sortino 10.68 | trades 1011 | ✓ SURVIVED
Gen 4071 | best fit   10.675 | equity $   21481 | sortino 10.68 | trades 1011 | ✓ SURVIVED
Gen 4076 | best fit   10.675 | equity $   21481 | sortino 10.68 | trades 1011 | ✓ SURVIVED
Gen 4081 | best fit   10.675 | equity $   21481 | sortino 10.68 | trades 1011 | ✓ SURVIVED
Gen 4086 | best fit   10.675 | equity $   21481 | sortino 10.68 | trades 1011 | ✓ SURVIVED
Gen 4091 | best fit   10.675 | equity $   21481 | sortino 10.68 | trades 1011 | ✓ SURVIVED
Gen 4096 | best fit   10.675 | equity $   21481 | sortino 10.68 | trades 1011 | ✓ SURVIVED
Gen 4101 | best fit   10.675 | equity $   21481 | sortino 10.68 | trades 1011 | ✓ SURVIVED
Gen 4106 | best fit   10.675 | equity $   21481 | sortino 10.68 | trades 1011 | ✓ SURVIVED
Gen 4111 | best fit   10.675 | equity $   21481 | sortino 10.68 | trades 1011 | ✓ SURVIVED
Gen 4116 | best fit   10.675 | equity $   21481 | sortino 10.68 | trades 1011 | ✓ SURVIVED
Gen 4121 | best fit   10.675 | equity $   21481 | sortino 10.68 | trades 1011 | ✓ SURVIVED
Gen 4126 | best fit   10.675 | equity $   21481 | sortino 10.68 | trades 1011 | ✓ SURVIVED
Gen 4131 | best fit   10.675 | equity $   21481 | sortino 10.68 | trades 1011 | ✓ SURVIVED
Gen 4136 | best fit   10.675 | equity $   21481 | sortino 10.68 | trades 1011 | ✓ SURVIVED
Gen 4141 | best fit   10.675 | equity $   21481 | sortino 10.68 | trades 1011 | ✓ SURVIVED
Gen 4146 | best fit   10.675 | equity $   21481 | sortino 10.68 | trades 1011 | ✓ SURVIVED
Gen 4151 | best fit   10.675 | equity $   21481 | sortino 10.68 | trades 1011 | ✓ SURVIVED
Gen 4156 | best fit   10.675 | equity $   21481 | sortino 10.68 | trades 1011 | ✓ SURVIVED
Gen 4161 | best fit   10.675 | equity $   21481 | sortino 10.68 | trades 1011 | ✓ SURVIVED
Gen 4166 | best fit   10.675 | equity $   21481 | sortino 10.68 | trades 1011 | ✓ SURVIVED
Gen 4171 | best fit   10.675 | equity $   21481 | sortino 10.68 | trades 1011 | ✓ SURVIVED
Gen 4176 | best fit   10.675 | equity $   21481 | sortino 10.68 | trades 1011 | ✓ SURVIVED
Gen 4181 | best fit   10.675 | equity $   21481 | sortino 10.68 | trades 1011 | ✓ SURVIVED
Gen 4186 | best fit   10.675 | equity $   21481 | sortino 10.68 | trades 1011 | ✓ SURVIVED
Gen 4191 | best fit   10.675 | equity $   21481 | sortino 10.68 | trades 1011 | ✓ SURVIVED
Gen 4196 | best fit   10.675 | equity $   21481 | sortino 10.68 | trades 1011 | ✓ SURVIVED
Gen 4201 | best fit   10.675 | equity $   21481 | sortino 10.68 | trades 1011 | ✓ SURVIVED
Gen 4206 | best fit   10.675 | equity $   21481 | sortino 10.68 | trades 1011 | ✓ SURVIVED
Gen 4211 | best fit   10.675 | equity $   21481 | sortino 10.68 | trades 1011 | ✓ SURVIVED
Gen 4216 | best fit   10.675 | equity $   21481 | sortino 10.68 | trades 1011 | ✓ SURVIVED
Gen 4221 | best fit   10.675 | equity $   21481 | sortino 10.68 | trades 1011 | ✓ SURVIVED
Gen 4226 | best fit   10.675 | equity $   21481 | sortino 10.68 | trades 1011 | ✓ SURVIVED
Gen 4231 | best fit   10.675 | equity $   21481 | sortino 10.68 | trades 1011 | ✓ SURVIVED
Gen 4236 | best fit   10.675 | equity $   21481 | sortino 10.68 | trades 1011 | ✓ SURVIVED
Gen 4241 | best fit   10.675 | equity $   21481 | sortino 10.68 | trades 1011 | ✓ SURVIVED
Gen 4246 | best fit   10.675 | equity $   21481 | sortino 10.68 | trades 1011 | ✓ SURVIVED
Gen 4251 | best fit   10.675 | equity $   21481 | sortino 10.68 | trades 1011 | ✓ SURVIVED
Gen 4256 | best fit   10.675 | equity $   21481 | sortino 10.68 | trades 1011 | ✓ SURVIVED
Gen 4261 | best fit   10.675 | equity $   21481 | sortino 10.68 | trades 1011 | ✓ SURVIVED
Gen 4266 | best fit   10.675 | equity $   21481 | sortino 10.68 | trades 1011 | ✓ SURVIVED
Gen 4271 | best fit   10.675 | equity $   21481 | sortino 10.68 | trades 1011 | ✓ SURVIVED
Gen 4276 | best fit   10.675 | equity $   21481 | sortino 10.68 | trades 1011 | ✓ SURVIVED
Gen 4281 | best fit   10.675 | equity $   21481 | sortino 10.68 | trades 1011 | ✓ SURVIVED
Gen 4286 | best fit   10.675 | equity $   21481 | sortino 10.68 | trades 1011 | ✓ SURVIVED
Gen 4291 | best fit   10.675 | equity $   21481 | sortino 10.68 | trades 1011 | ✓ SURVIVED
Gen 4296 | best fit   10.675 | equity $   21481 | sortino 10.68 | trades 1011 | ✓ SURVIVED
Gen 4301 | best fit   10.675 | equity $   21481 | sortino 10.68 | trades 1011 | ✓ SURVIVED
Gen 4306 | best fit   10.675 | equity $   21481 | sortino 10.68 | trades 1011 | ✓ SURVIVED
Gen 4311 | best fit   10.675 | equity $   21481 | sortino 10.68 | trades 1011 | ✓ SURVIVED
Gen 4316 | best fit   10.675 | equity $   21481 | sortino 10.68 | trades 1011 | ✓ SURVIVED
Gen 4321 | best fit   10.675 | equity $   21481 | sortino 10.68 | trades 1011 | ✓ SURVIVED
Gen 4326 | best fit   10.675 | equity $   21481 | sortino 10.68 | trades 1011 | ✓ SURVIVED
Gen 4331 | best fit   10.675 | equity $   21481 | sortino 10.68 | trades 1011 | ✓ SURVIVED
Gen 4336 | best fit   10.675 | equity $   21481 | sortino 10.68 | trades 1011 | ✓ SURVIVED
Gen 4341 | best fit   10.675 | equity $   21481 | sortino 10.68 | trades 1011 | ✓ SURVIVED
Gen 4346 | best fit   10.675 | equity $   21481 | sortino 10.68 | trades 1011 | ✓ SURVIVED
Gen 4351 | best fit   10.675 | equity $   21481 | sortino 10.68 | trades 1011 | ✓ SURVIVED
Gen 4356 | best fit   10.675 | equity $   21481 | sortino 10.68 | trades 1011 | ✓ SURVIVED
Gen 4361 | best fit   10.675 | equity $   21481 | sortino 10.68 | trades 1011 | ✓ SURVIVED
Gen 4366 | best fit   10.675 | equity $   21481 | sortino 10.68 | trades 1011 | ✓ SURVIVED
Gen 4371 | best fit   10.675 | equity $   21481 | sortino 10.68 | trades 1011 | ✓ SURVIVED
Gen 4376 | best fit   10.675 | equity $   21481 | sortino 10.68 | trades 1011 | ✓ SURVIVED
Gen 4381 | best fit   10.675 | equity $   21481 | sortino 10.68 | trades 1011 | ✓ SURVIVED
Gen 4386 | best fit   10.675 | equity $   21481 | sortino 10.68 | trades 1011 | ✓ SURVIVED
Gen 4391 | best fit   10.675 | equity $   21481 | sortino 10.68 | trades 1011 | ✓ SURVIVED
Gen 4396 | best fit   10.675 | equity $   21481 | sortino 10.68 | trades 1011 | ✓ SURVIVED
Gen 4401 | best fit   10.675 | equity $   21481 | sortino 10.68 | trades 1011 | ✓ SURVIVED
Gen 4406 | best fit   10.675 | equity $   21481 | sortino 10.68 | trades 1011 | ✓ SURVIVED
Gen 4411 | best fit   10.675 | equity $   21481 | sortino 10.68 | trades 1011 | ✓ SURVIVED
Gen 4416 | best fit   10.675 | equity $   21481 | sortino 10.68 | trades 1011 | ✓ SURVIVED
Gen 4421 | best fit   10.675 | equity $   21481 | sortino 10.68 | trades 1011 | ✓ SURVIVED
Gen 4426 | best fit   10.675 | equity $   21481 | sortino 10.68 | trades 1011 | ✓ SURVIVED
Gen 4431 | best fit   10.675 | equity $   21481 | sortino 10.68 | trades 1011 | ✓ SURVIVED
Gen 4436 | best fit   10.675 | equity $   21481 | sortino 10.68 | trades 1011 | ✓ SURVIVED
Gen 4441 | best fit   10.675 | equity $   21481 | sortino 10.68 | trades 1011 | ✓ SURVIVED
Gen 4446 | best fit   10.675 | equity $   21481 | sortino 10.68 | trades 1011 | ✓ SURVIVED
Gen 4451 | best fit   10.675 | equity $   21481 | sortino 10.68 | trades 1011 | ✓ SURVIVED
Gen 4456 | best fit   10.675 | equity $   21481 | sortino 10.68 | trades 1011 | ✓ SURVIVED
Gen 4461 | best fit   10.675 | equity $   21481 | sortino 10.68 | trades 1011 | ✓ SURVIVED
Gen 4466 | best fit   10.675 | equity $   21481 | sortino 10.68 | trades 1011 | ✓ SURVIVED
Gen 4471 | best fit   10.675 | equity $   21481 | sortino 10.68 | trades 1011 | ✓ SURVIVED
Gen 4476 | best fit   10.675 | equity $   21481 | sortino 10.68 | trades 1011 | ✓ SURVIVED
Gen 4481 | best fit   10.675 | equity $   21481 | sortino 10.68 | trades 1011 | ✓ SURVIVED
Gen 4486 | best fit   10.675 | equity $   21481 | sortino 10.68 | trades 1011 | ✓ SURVIVED
Gen 4491 | best fit   10.675 | equity $   21481 | sortino 10.68 | trades 1011 | ✓ SURVIVED
Gen 4496 | best fit   10.675 | equity $   21481 | sortino 10.68 | trades 1011 | ✓ SURVIVED
Gen 4501 | best fit   10.675 | equity $   21481 | sortino 10.68 | trades 1011 | ✓ SURVIVED
Gen 4506 | best fit   10.675 | equity $   21481 | sortino 10.68 | trades 1011 | ✓ SURVIVED
Gen 4511 | best fit   10.675 | equity $   21481 | sortino 10.68 | trades 1011 | ✓ SURVIVED
Gen 4516 | best fit   10.675 | equity $   21481 | sortino 10.68 | trades 1011 | ✓ SURVIVED
Gen 4521 | best fit   10.675 | equity $   21481 | sortino 10.68 | trades 1011 | ✓ SURVIVED
Gen 4526 | best fit   10.699 | equity $   22986 | sortino 10.70 | trades 981 | ✓ SURVIVED
Gen 4531 | best fit   10.772 | equity $   22819 | sortino 10.77 | trades 987 | ✓ SURVIVED
Gen 4536 | best fit   10.889 | equity $   19651 | sortino 10.89 | trades 995 | ✓ SURVIVED
Gen 4541 | best fit   10.890 | equity $   19722 | sortino 10.89 | trades 995 | ✓ SURVIVED
Gen 4546 | best fit   10.904 | equity $   20230 | sortino 10.90 | trades 995 | ✓ SURVIVED
Gen 4551 | best fit   10.924 | equity $   15756 | sortino 10.92 | trades 999 | ✓ SURVIVED
Gen 4556 | best fit   10.930 | equity $   18201 | sortino 10.93 | trades 997 | ✓ SURVIVED
Gen 4561 | best fit   10.931 | equity $   18256 | sortino 10.93 | trades 997 | ✓ SURVIVED
Gen 4566 | best fit   10.939 | equity $   21611 | sortino 10.94 | trades 993 | ✓ SURVIVED
Gen 4571 | best fit   10.942 | equity $   21842 | sortino 10.94 | trades 993 | ✓ SURVIVED
Gen 4576 | best fit   10.994 | equity $   17194 | sortino 10.99 | trades 997 | ✓ SURVIVED
Gen 4581 | best fit   11.023 | equity $   18467 | sortino 11.02 | trades 995 | ✓ SURVIVED
Gen 4586 | best fit   11.030 | equity $   18671 | sortino 11.03 | trades 997 | ✓ SURVIVED
Gen 4591 | best fit   11.038 | equity $   17689 | sortino 11.04 | trades 999 | ✓ SURVIVED
Gen 4596 | best fit   11.038 | equity $   17689 | sortino 11.04 | trades 999 | ✓ SURVIVED
Gen 4601 | best fit   11.038 | equity $   17689 | sortino 11.04 | trades 999 | ✓ SURVIVED
Gen 4606 | best fit   11.049 | equity $   17165 | sortino 11.05 | trades 1001 | ✓ SURVIVED
Gen 4611 | best fit   11.049 | equity $   17165 | sortino 11.05 | trades 1001 | ✓ SURVIVED
Gen 4616 | best fit   11.049 | equity $   17165 | sortino 11.05 | trades 1001 | ✓ SURVIVED
Gen 4621 | best fit   11.049 | equity $   17167 | sortino 11.05 | trades 1001 | ✓ SURVIVED
Gen 4626 | best fit   11.049 | equity $   17167 | sortino 11.05 | trades 1001 | ✓ SURVIVED
Gen 4631 | best fit   11.049 | equity $   17167 | sortino 11.05 | trades 1001 | ✓ SURVIVED
Gen 4636 | best fit   11.049 | equity $   17167 | sortino 11.05 | trades 1001 | ✓ SURVIVED
Gen 4641 | best fit   11.049 | equity $   17171 | sortino 11.05 | trades 1001 | ✓ SURVIVED
Gen 4646 | best fit   11.049 | equity $   17171 | sortino 11.05 | trades 1001 | ✓ SURVIVED
Gen 4651 | best fit   11.049 | equity $   17171 | sortino 11.05 | trades 1001 | ✓ SURVIVED
Gen 4656 | best fit   11.049 | equity $   17171 | sortino 11.05 | trades 1001 | ✓ SURVIVED
Gen 4661 | best fit   11.049 | equity $   17171 | sortino 11.05 | trades 1001 | ✓ SURVIVED
Gen 4666 | best fit   11.049 | equity $   17171 | sortino 11.05 | trades 1001 | ✓ SURVIVED
Gen 4671 | best fit   11.049 | equity $   17171 | sortino 11.05 | trades 1001 | ✓ SURVIVED
Gen 4676 | best fit   11.049 | equity $   17171 | sortino 11.05 | trades 1001 | ✓ SURVIVED
Gen 4681 | best fit   11.049 | equity $   17171 | sortino 11.05 | trades 1001 | ✓ SURVIVED
Gen 4686 | best fit   11.049 | equity $   17171 | sortino 11.05 | trades 1001 | ✓ SURVIVED
Gen 4691 | best fit   11.074 | equity $   15446 | sortino 11.07 | trades 1003 | ✓ SURVIVED
Gen 4696 | best fit   11.074 | equity $   15388 | sortino 11.07 | trades 1003 | ✓ SURVIVED
Gen 4701 | best fit   11.074 | equity $   15353 | sortino 11.07 | trades 1003 | ✓ SURVIVED
Gen 4706 | best fit   11.074 | equity $   15351 | sortino 11.07 | trades 1003 | ✓ SURVIVED
Gen 4711 | best fit   11.074 | equity $   15351 | sortino 11.07 | trades 1003 | ✓ SURVIVED
Gen 4716 | best fit   11.074 | equity $   15351 | sortino 11.07 | trades 1003 | ✓ SURVIVED
Gen 4721 | best fit   11.074 | equity $   15351 | sortino 11.07 | trades 1003 | ✓ SURVIVED
Gen 4726 | best fit   11.074 | equity $   15351 | sortino 11.07 | trades 1003 | ✓ SURVIVED
Gen 4731 | best fit   11.074 | equity $   15351 | sortino 11.07 | trades 1003 | ✓ SURVIVED
Gen 4736 | best fit   11.074 | equity $   15351 | sortino 11.07 | trades 1003 | ✓ SURVIVED
Gen 4741 | best fit   11.074 | equity $   15351 | sortino 11.07 | trades 1003 | ✓ SURVIVED
Gen 4746 | best fit   11.074 | equity $   15351 | sortino 11.07 | trades 1003 | ✓ SURVIVED
Gen 4751 | best fit   11.074 | equity $   15350 | sortino 11.07 | trades 1003 | ✓ SURVIVED
Gen 4756 | best fit   11.074 | equity $   15350 | sortino 11.07 | trades 1003 | ✓ SURVIVED
Gen 4761 | best fit   11.074 | equity $   15350 | sortino 11.07 | trades 1003 | ✓ SURVIVED
Gen 4766 | best fit   11.074 | equity $   15350 | sortino 11.07 | trades 1003 | ✓ SURVIVED
Gen 4771 | best fit   11.074 | equity $   15350 | sortino 11.07 | trades 1003 | ✓ SURVIVED
Gen 4776 | best fit   11.074 | equity $   15350 | sortino 11.07 | trades 1003 | ✓ SURVIVED
Gen 4781 | best fit   11.086 | equity $   14920 | sortino 11.09 | trades 1005 | ✓ SURVIVED
Gen 4786 | best fit   11.086 | equity $   14920 | sortino 11.09 | trades 1005 | ✓ SURVIVED
Gen 4791 | best fit   11.086 | equity $   14925 | sortino 11.09 | trades 1005 | ✓ SURVIVED
Gen 4796 | best fit   11.086 | equity $   14927 | sortino 11.09 | trades 1005 | ✓ SURVIVED
Gen 4801 | best fit   11.086 | equity $   14927 | sortino 11.09 | trades 1005 | ✓ SURVIVED
Gen 4806 | best fit   11.086 | equity $   14927 | sortino 11.09 | trades 1005 | ✓ SURVIVED
Gen 4811 | best fit   11.086 | equity $   14927 | sortino 11.09 | trades 1005 | ✓ SURVIVED
Gen 4816 | best fit   11.086 | equity $   14927 | sortino 11.09 | trades 1005 | ✓ SURVIVED
Gen 4821 | best fit   11.086 | equity $   14927 | sortino 11.09 | trades 1005 | ✓ SURVIVED
Gen 4826 | best fit   11.086 | equity $   14927 | sortino 11.09 | trades 1005 | ✓ SURVIVED
Gen 4831 | best fit   11.086 | equity $   14927 | sortino 11.09 | trades 1005 | ✓ SURVIVED
Gen 4836 | best fit   11.086 | equity $   14927 | sortino 11.09 | trades 1005 | ✓ SURVIVED
Gen 4841 | best fit   11.086 | equity $   14927 | sortino 11.09 | trades 1005 | ✓ SURVIVED
Gen 4846 | best fit   11.086 | equity $   14927 | sortino 11.09 | trades 1005 | ✓ SURVIVED
Gen 4851 | best fit   11.086 | equity $   14927 | sortino 11.09 | trades 1005 | ✓ SURVIVED
Gen 4856 | best fit   11.086 | equity $   14927 | sortino 11.09 | trades 1005 | ✓ SURVIVED
Gen 4861 | best fit   11.086 | equity $   14927 | sortino 11.09 | trades 1005 | ✓ SURVIVED
Gen 4866 | best fit   11.086 | equity $   14927 | sortino 11.09 | trades 1005 | ✓ SURVIVED
Gen 4871 | best fit   11.086 | equity $   14927 | sortino 11.09 | trades 1005 | ✓ SURVIVED
Gen 4876 | best fit   11.086 | equity $   14927 | sortino 11.09 | trades 1005 | ✓ SURVIVED
Gen 4881 | best fit   11.086 | equity $   14927 | sortino 11.09 | trades 1005 | ✓ SURVIVED
Gen 4886 | best fit   11.086 | equity $   14927 | sortino 11.09 | trades 1005 | ✓ SURVIVED
Gen 4891 | best fit   11.086 | equity $   14927 | sortino 11.09 | trades 1005 | ✓ SURVIVED
Gen 4896 | best fit   11.086 | equity $   14927 | sortino 11.09 | trades 1005 | ✓ SURVIVED
Gen 4901 | best fit   11.086 | equity $   14927 | sortino 11.09 | trades 1005 | ✓ SURVIVED
Gen 4906 | best fit   11.086 | equity $   14927 | sortino 11.09 | trades 1005 | ✓ SURVIVED
Gen 4911 | best fit   11.086 | equity $   14927 | sortino 11.09 | trades 1005 | ✓ SURVIVED
Gen 4916 | best fit   11.086 | equity $   14927 | sortino 11.09 | trades 1005 | ✓ SURVIVED
Gen 4921 | best fit   11.086 | equity $   14927 | sortino 11.09 | trades 1005 | ✓ SURVIVED
Gen 4926 | best fit   11.086 | equity $   14927 | sortino 11.09 | trades 1005 | ✓ SURVIVED
Gen 4931 | best fit   11.086 | equity $   14927 | sortino 11.09 | trades 1005 | ✓ SURVIVED
Gen 4936 | best fit   11.086 | equity $   14927 | sortino 11.09 | trades 1005 | ✓ SURVIVED
Gen 4941 | best fit   11.086 | equity $   14927 | sortino 11.09 | trades 1005 | ✓ SURVIVED
Gen 4946 | best fit   11.086 | equity $   14926 | sortino 11.09 | trades 1005 | ✓ SURVIVED
Gen 4951 | best fit   11.086 | equity $   14926 | sortino 11.09 | trades 1005 | ✓ SURVIVED
Gen 4956 | best fit   11.086 | equity $   14926 | sortino 11.09 | trades 1005 | ✓ SURVIVED
Gen 4961 | best fit   11.086 | equity $   14926 | sortino 11.09 | trades 1005 | ✓ SURVIVED
Gen 4966 | best fit   11.096 | equity $   15023 | sortino 11.10 | trades 1005 | ✓ SURVIVED
Gen 4971 | best fit   11.096 | equity $   14925 | sortino 11.10 | trades 1005 | ✓ SURVIVED
Gen 4976 | best fit   11.096 | equity $   14908 | sortino 11.10 | trades 1005 | ✓ SURVIVED
Gen 4981 | best fit   11.096 | equity $   14908 | sortino 11.10 | trades 1005 | ✓ SURVIVED
Gen 4986 | best fit   11.107 | equity $   14913 | sortino 11.11 | trades 1005 | ✓ SURVIVED
Gen 4991 | best fit   11.107 | equity $   14920 | sortino 11.11 | trades 1005 | ✓ SURVIVED
Gen 4996 | best fit   11.107 | equity $   14920 | sortino 11.11 | trades 1005 | ✓ SURVIVED
Gen 5001 | best fit   11.107 | equity $   14920 | sortino 11.11 | trades 1005 | ✓ SURVIVED
Gen 5006 | best fit   11.107 | equity $   14917 | sortino 11.11 | trades 1005 | ✓ SURVIVED
Gen 5011 | best fit   11.107 | equity $   14917 | sortino 11.11 | trades 1005 | ✓ SURVIVED
Gen 5016 | best fit   11.107 | equity $   14917 | sortino 11.11 | trades 1005 | ✓ SURVIVED
Gen 5021 | best fit   11.107 | equity $   14917 | sortino 11.11 | trades 1005 | ✓ SURVIVED
Gen 5026 | best fit   11.107 | equity $   14917 | sortino 11.11 | trades 1005 | ✓ SURVIVED
Gen 5031 | best fit   11.107 | equity $   14917 | sortino 11.11 | trades 1005 | ✓ SURVIVED
Gen 5036 | best fit   11.107 | equity $   14917 | sortino 11.11 | trades 1005 | ✓ SURVIVED
Gen 5041 | best fit   11.107 | equity $   14917 | sortino 11.11 | trades 1005 | ✓ SURVIVED
Gen 5046 | best fit   11.107 | equity $   14917 | sortino 11.11 | trades 1005 | ✓ SURVIVED
Gen 5051 | best fit   11.107 | equity $   14917 | sortino 11.11 | trades 1005 | ✓ SURVIVED
Gen 5056 | best fit   11.107 | equity $   14917 | sortino 11.11 | trades 1005 | ✓ SURVIVED
Gen 5061 | best fit   11.107 | equity $   14917 | sortino 11.11 | trades 1005 | ✓ SURVIVED
Gen 5066 | best fit   11.107 | equity $   14917 | sortino 11.11 | trades 1005 | ✓ SURVIVED
Gen 5071 | best fit   11.107 | equity $   14917 | sortino 11.11 | trades 1005 | ✓ SURVIVED
Gen 5076 | best fit   11.107 | equity $   14917 | sortino 11.11 | trades 1005 | ✓ SURVIVED
Gen 5081 | best fit   11.107 | equity $   14917 | sortino 11.11 | trades 1005 | ✓ SURVIVED
Gen 5086 | best fit   11.107 | equity $   14917 | sortino 11.11 | trades 1005 | ✓ SURVIVED
Gen 5091 | best fit   11.107 | equity $   14917 | sortino 11.11 | trades 1005 | ✓ SURVIVED
Gen 5096 | best fit   11.107 | equity $   14917 | sortino 11.11 | trades 1005 | ✓ SURVIVED
Gen 5101 | best fit   11.107 | equity $   14917 | sortino 11.11 | trades 1005 | ✓ SURVIVED
Gen 5106 | best fit   11.107 | equity $   14917 | sortino 11.11 | trades 1005 | ✓ SURVIVED
Gen 5111 | best fit   11.107 | equity $   14917 | sortino 11.11 | trades 1005 | ✓ SURVIVED
Gen 5116 | best fit   11.107 | equity $   14917 | sortino 11.11 | trades 1005 | ✓ SURVIVED
Gen 5121 | best fit   11.107 | equity $   14917 | sortino 11.11 | trades 1005 | ✓ SURVIVED
Gen 5126 | best fit   11.107 | equity $   14917 | sortino 11.11 | trades 1005 | ✓ SURVIVED
Gen 5131 | best fit   11.107 | equity $   14917 | sortino 11.11 | trades 1005 | ✓ SURVIVED
Gen 5136 | best fit   11.107 | equity $   14917 | sortino 11.11 | trades 1005 | ✓ SURVIVED
Gen 5141 | best fit   11.107 | equity $   14917 | sortino 11.11 | trades 1005 | ✓ SURVIVED
Gen 5146 | best fit   11.107 | equity $   14917 | sortino 11.11 | trades 1005 | ✓ SURVIVED
Gen 5151 | best fit   11.122 | equity $   13221 | sortino 11.12 | trades 1011 | ✓ SURVIVED
Gen 5156 | best fit   11.122 | equity $   13215 | sortino 11.12 | trades 1011 | ✓ SURVIVED
Gen 5161 | best fit   11.122 | equity $   13215 | sortino 11.12 | trades 1011 | ✓ SURVIVED
Gen 5166 | best fit   11.122 | equity $   13215 | sortino 11.12 | trades 1011 | ✓ SURVIVED
Gen 5171 | best fit   11.122 | equity $   14416 | sortino 11.12 | trades 1009 | ✓ SURVIVED
Gen 5176 | best fit   11.122 | equity $   14416 | sortino 11.12 | trades 1009 | ✓ SURVIVED
Gen 5181 | best fit   11.122 | equity $   14416 | sortino 11.12 | trades 1009 | ✓ SURVIVED
Gen 5186 | best fit   11.122 | equity $   14416 | sortino 11.12 | trades 1009 | ✓ SURVIVED
Gen 5191 | best fit   11.122 | equity $   14416 | sortino 11.12 | trades 1009 | ✓ SURVIVED
Gen 5196 | best fit   11.122 | equity $   14416 | sortino 11.12 | trades 1009 | ✓ SURVIVED
Gen 5201 | best fit   11.122 | equity $   14416 | sortino 11.12 | trades 1009 | ✓ SURVIVED
Gen 5206 | best fit   11.122 | equity $   14416 | sortino 11.12 | trades 1009 | ✓ SURVIVED
Gen 5211 | best fit   11.122 | equity $   14416 | sortino 11.12 | trades 1009 | ✓ SURVIVED
Gen 5216 | best fit   11.122 | equity $   14416 | sortino 11.12 | trades 1009 | ✓ SURVIVED
Gen 5221 | best fit   11.122 | equity $   14416 | sortino 11.12 | trades 1009 | ✓ SURVIVED
Gen 5226 | best fit   11.122 | equity $   14416 | sortino 11.12 | trades 1009 | ✓ SURVIVED
Gen 5231 | best fit   11.122 | equity $   14416 | sortino 11.12 | trades 1009 | ✓ SURVIVED
Gen 5236 | best fit   11.122 | equity $   14416 | sortino 11.12 | trades 1009 | ✓ SURVIVED
Gen 5241 | best fit   11.122 | equity $   14416 | sortino 11.12 | trades 1009 | ✓ SURVIVED
Gen 5246 | best fit   11.122 | equity $   14416 | sortino 11.12 | trades 1009 | ✓ SURVIVED
Gen 5251 | best fit   11.122 | equity $   14416 | sortino 11.12 | trades 1009 | ✓ SURVIVED
Gen 5256 | best fit   11.122 | equity $   14416 | sortino 11.12 | trades 1009 | ✓ SURVIVED
Gen 5261 | best fit   11.122 | equity $   14416 | sortino 11.12 | trades 1009 | ✓ SURVIVED
Gen 5266 | best fit   11.122 | equity $   14416 | sortino 11.12 | trades 1009 | ✓ SURVIVED
Gen 5271 | best fit   11.122 | equity $   14416 | sortino 11.12 | trades 1009 | ✓ SURVIVED
Gen 5276 | best fit   11.122 | equity $   14416 | sortino 11.12 | trades 1009 | ✓ SURVIVED
Gen 5281 | best fit   11.122 | equity $   14416 | sortino 11.12 | trades 1009 | ✓ SURVIVED
Gen 5286 | best fit   11.122 | equity $   14416 | sortino 11.12 | trades 1009 | ✓ SURVIVED
Gen 5291 | best fit   11.122 | equity $   14416 | sortino 11.12 | trades 1009 | ✓ SURVIVED
Gen 5296 | best fit   11.122 | equity $   14416 | sortino 11.12 | trades 1009 | ✓ SURVIVED
Gen 5301 | best fit   11.122 | equity $   14416 | sortino 11.12 | trades 1009 | ✓ SURVIVED
Gen 5306 | best fit   11.122 | equity $   14416 | sortino 11.12 | trades 1009 | ✓ SURVIVED
Gen 5311 | best fit   11.122 | equity $   14416 | sortino 11.12 | trades 1009 | ✓ SURVIVED
Gen 5316 | best fit   11.122 | equity $   14416 | sortino 11.12 | trades 1009 | ✓ SURVIVED
Gen 5321 | best fit   11.122 | equity $   14416 | sortino 11.12 | trades 1009 | ✓ SURVIVED
Gen 5326 | best fit   11.122 | equity $   14416 | sortino 11.12 | trades 1009 | ✓ SURVIVED
Gen 5331 | best fit   11.122 | equity $   14416 | sortino 11.12 | trades 1009 | ✓ SURVIVED
Gen 5336 | best fit   11.122 | equity $   14416 | sortino 11.12 | trades 1009 | ✓ SURVIVED
Gen 5341 | best fit   11.122 | equity $   14416 | sortino 11.12 | trades 1009 | ✓ SURVIVED
Gen 5346 | best fit   11.122 | equity $   14416 | sortino 11.12 | trades 1009 | ✓ SURVIVED
Gen 5351 | best fit   11.122 | equity $   14416 | sortino 11.12 | trades 1009 | ✓ SURVIVED
Gen 5356 | best fit   11.122 | equity $   14416 | sortino 11.12 | trades 1009 | ✓ SURVIVED
Gen 5361 | best fit   11.122 | equity $   14416 | sortino 11.12 | trades 1009 | ✓ SURVIVED
Gen 5366 | best fit   11.122 | equity $   14416 | sortino 11.12 | trades 1009 | ✓ SURVIVED
Gen 5371 | best fit   11.122 | equity $   14416 | sortino 11.12 | trades 1009 | ✓ SURVIVED
Gen 5376 | best fit   11.122 | equity $   14416 | sortino 11.12 | trades 1009 | ✓ SURVIVED
Gen 5381 | best fit   11.122 | equity $   14416 | sortino 11.12 | trades 1009 | ✓ SURVIVED
Gen 5386 | best fit   11.122 | equity $   14416 | sortino 11.12 | trades 1009 | ✓ SURVIVED
Gen 5391 | best fit   11.122 | equity $   14416 | sortino 11.12 | trades 1009 | ✓ SURVIVED
Gen 5396 | best fit   11.122 | equity $   14416 | sortino 11.12 | trades 1009 | ✓ SURVIVED
Gen 5401 | best fit   11.122 | equity $   14416 | sortino 11.12 | trades 1009 | ✓ SURVIVED
Gen 5406 | best fit   11.122 | equity $   14416 | sortino 11.12 | trades 1009 | ✓ SURVIVED
Gen 5411 | best fit   11.122 | equity $   14416 | sortino 11.12 | trades 1009 | ✓ SURVIVED
Gen 5416 | best fit   11.122 | equity $   14416 | sortino 11.12 | trades 1009 | ✓ SURVIVED
Gen 5421 | best fit   11.122 | equity $   14416 | sortino 11.12 | trades 1009 | ✓ SURVIVED
Gen 5426 | best fit   11.122 | equity $   14416 | sortino 11.12 | trades 1009 | ✓ SURVIVED
Gen 5431 | best fit   11.122 | equity $   14416 | sortino 11.12 | trades 1009 | ✓ SURVIVED
Gen 5436 | best fit   11.122 | equity $   14416 | sortino 11.12 | trades 1009 | ✓ SURVIVED
Gen 5441 | best fit   11.122 | equity $   14416 | sortino 11.12 | trades 1009 | ✓ SURVIVED
Gen 5446 | best fit   11.122 | equity $   14416 | sortino 11.12 | trades 1009 | ✓ SURVIVED
Gen 5451 | best fit   11.122 | equity $   14416 | sortino 11.12 | trades 1009 | ✓ SURVIVED
Gen 5456 | best fit   11.122 | equity $   14416 | sortino 11.12 | trades 1009 | ✓ SURVIVED
Gen 5461 | best fit   11.122 | equity $   14416 | sortino 11.12 | trades 1009 | ✓ SURVIVED
Gen 5466 | best fit   11.122 | equity $   14416 | sortino 11.12 | trades 1009 | ✓ SURVIVED
Gen 5471 | best fit   11.122 | equity $   14416 | sortino 11.12 | trades 1009 | ✓ SURVIVED
Gen 5476 | best fit   11.129 | equity $   15005 | sortino 11.13 | trades 1007 | ✓ SURVIVED
Gen 5481 | best fit   11.144 | equity $   14746 | sortino 11.14 | trades 1005 | ✓ SURVIVED
Gen 5486 | best fit   11.144 | equity $   14746 | sortino 11.14 | trades 1005 | ✓ SURVIVED
Gen 5491 | best fit   11.144 | equity $   13518 | sortino 11.14 | trades 1007 | ✓ SURVIVED
Gen 5496 | best fit   11.144 | equity $   13518 | sortino 11.14 | trades 1007 | ✓ SURVIVED
Gen 5501 | best fit   11.144 | equity $   13518 | sortino 11.14 | trades 1007 | ✓ SURVIVED
Gen 5506 | best fit   11.144 | equity $   13518 | sortino 11.14 | trades 1007 | ✓ SURVIVED
Gen 5511 | best fit   11.144 | equity $   13518 | sortino 11.14 | trades 1007 | ✓ SURVIVED
Gen 5516 | best fit   11.144 | equity $   13518 | sortino 11.14 | trades 1007 | ✓ SURVIVED
Gen 5521 | best fit   11.144 | equity $   13518 | sortino 11.14 | trades 1007 | ✓ SURVIVED
Gen 5526 | best fit   11.144 | equity $   13518 | sortino 11.14 | trades 1007 | ✓ SURVIVED
Gen 5531 | best fit   11.144 | equity $   13518 | sortino 11.14 | trades 1007 | ✓ SURVIVED
Gen 5536 | best fit   11.144 | equity $   13518 | sortino 11.14 | trades 1007 | ✓ SURVIVED
Gen 5541 | best fit   11.144 | equity $   13518 | sortino 11.14 | trades 1007 | ✓ SURVIVED
Gen 5546 | best fit   11.144 | equity $   13518 | sortino 11.14 | trades 1007 | ✓ SURVIVED
Gen 5551 | best fit   11.144 | equity $   13518 | sortino 11.14 | trades 1007 | ✓ SURVIVED
Gen 5556 | best fit   11.144 | equity $   13518 | sortino 11.14 | trades 1007 | ✓ SURVIVED
Gen 5561 | best fit   11.144 | equity $   13518 | sortino 11.14 | trades 1007 | ✓ SURVIVED
Gen 5566 | best fit   11.144 | equity $   13518 | sortino 11.14 | trades 1007 | ✓ SURVIVED
Gen 5571 | best fit   11.144 | equity $   13518 | sortino 11.14 | trades 1007 | ✓ SURVIVED
Gen 5576 | best fit   11.144 | equity $   13518 | sortino 11.14 | trades 1007 | ✓ SURVIVED
Gen 5581 | best fit   11.144 | equity $   13518 | sortino 11.14 | trades 1007 | ✓ SURVIVED
Gen 5586 | best fit   11.144 | equity $   13518 | sortino 11.14 | trades 1007 | ✓ SURVIVED
Gen 5591 | best fit   11.144 | equity $   13518 | sortino 11.14 | trades 1007 | ✓ SURVIVED
Gen 5596 | best fit   11.144 | equity $   13518 | sortino 11.14 | trades 1007 | ✓ SURVIVED
Gen 5601 | best fit   11.144 | equity $   13518 | sortino 11.14 | trades 1007 | ✓ SURVIVED
Gen 5606 | best fit   11.144 | equity $   13518 | sortino 11.14 | trades 1007 | ✓ SURVIVED
Gen 5611 | best fit   11.144 | equity $   13518 | sortino 11.14 | trades 1007 | ✓ SURVIVED
Gen 5616 | best fit   11.144 | equity $   13518 | sortino 11.14 | trades 1007 | ✓ SURVIVED
Gen 5621 | best fit   11.144 | equity $   13518 | sortino 11.14 | trades 1007 | ✓ SURVIVED
Gen 5626 | best fit   11.144 | equity $   13518 | sortino 11.14 | trades 1007 | ✓ SURVIVED
Gen 5631 | best fit   11.144 | equity $   13518 | sortino 11.14 | trades 1007 | ✓ SURVIVED
Gen 5636 | best fit   11.144 | equity $   13518 | sortino 11.14 | trades 1007 | ✓ SURVIVED
Gen 5641 | best fit   11.144 | equity $   13518 | sortino 11.14 | trades 1007 | ✓ SURVIVED
Gen 5646 | best fit   11.144 | equity $   13518 | sortino 11.14 | trades 1007 | ✓ SURVIVED
Gen 5651 | best fit   11.144 | equity $   13518 | sortino 11.14 | trades 1007 | ✓ SURVIVED
Gen 5656 | best fit   11.144 | equity $   13518 | sortino 11.14 | trades 1007 | ✓ SURVIVED
Gen 5661 | best fit   11.144 | equity $   13518 | sortino 11.14 | trades 1007 | ✓ SURVIVED
Gen 5666 | best fit   11.144 | equity $   13518 | sortino 11.14 | trades 1007 | ✓ SURVIVED
Gen 5671 | best fit   11.144 | equity $   13518 | sortino 11.14 | trades 1007 | ✓ SURVIVED
Gen 5676 | best fit   11.144 | equity $   13518 | sortino 11.14 | trades 1007 | ✓ SURVIVED
Gen 5681 | best fit   11.144 | equity $   13518 | sortino 11.14 | trades 1007 | ✓ SURVIVED
Gen 5686 | best fit   11.144 | equity $   13518 | sortino 11.14 | trades 1007 | ✓ SURVIVED
Gen 5691 | best fit   11.144 | equity $   13518 | sortino 11.14 | trades 1007 | ✓ SURVIVED
Gen 5696 | best fit   11.144 | equity $   13518 | sortino 11.14 | trades 1007 | ✓ SURVIVED
Gen 5701 | best fit   11.144 | equity $   13518 | sortino 11.14 | trades 1007 | ✓ SURVIVED
Gen 5706 | best fit   11.144 | equity $   13518 | sortino 11.14 | trades 1007 | ✓ SURVIVED
Gen 5711 | best fit   11.144 | equity $   13518 | sortino 11.14 | trades 1007 | ✓ SURVIVED
Gen 5716 | best fit   11.144 | equity $   13518 | sortino 11.14 | trades 1007 | ✓ SURVIVED
Gen 5721 | best fit   11.144 | equity $   13518 | sortino 11.14 | trades 1007 | ✓ SURVIVED
Gen 5726 | best fit   11.144 | equity $   13518 | sortino 11.14 | trades 1007 | ✓ SURVIVED
Gen 5731 | best fit   11.144 | equity $   13518 | sortino 11.14 | trades 1007 | ✓ SURVIVED
Gen 5736 | best fit   11.144 | equity $   13518 | sortino 11.14 | trades 1007 | ✓ SURVIVED
Gen 5741 | best fit   11.144 | equity $   13518 | sortino 11.14 | trades 1007 | ✓ SURVIVED
Gen 5746 | best fit   11.144 | equity $   13518 | sortino 11.14 | trades 1007 | ✓ SURVIVED
Gen 5751 | best fit   11.144 | equity $   13518 | sortino 11.14 | trades 1007 | ✓ SURVIVED
Gen 5756 | best fit   11.144 | equity $   13518 | sortino 11.14 | trades 1007 | ✓ SURVIVED
Gen 5761 | best fit   11.144 | equity $   13518 | sortino 11.14 | trades 1007 | ✓ SURVIVED
Gen 5766 | best fit   11.144 | equity $   13518 | sortino 11.14 | trades 1007 | ✓ SURVIVED
Gen 5771 | best fit   11.144 | equity $   13518 | sortino 11.14 | trades 1007 | ✓ SURVIVED
Gen 5776 | best fit   11.144 | equity $   13518 | sortino 11.14 | trades 1007 | ✓ SURVIVED
Gen 5781 | best fit   11.144 | equity $   13518 | sortino 11.14 | trades 1007 | ✓ SURVIVED
Gen 5786 | best fit   11.144 | equity $   13518 | sortino 11.14 | trades 1007 | ✓ SURVIVED
Gen 5791 | best fit   11.144 | equity $   13518 | sortino 11.14 | trades 1007 | ✓ SURVIVED
Gen 5796 | best fit   11.144 | equity $   13518 | sortino 11.14 | trades 1007 | ✓ SURVIVED
Gen 5801 | best fit   11.144 | equity $   13518 | sortino 11.14 | trades 1007 | ✓ SURVIVED
Gen 5806 | best fit   11.144 | equity $   13518 | sortino 11.14 | trades 1007 | ✓ SURVIVED
Gen 5811 | best fit   11.144 | equity $   13518 | sortino 11.14 | trades 1007 | ✓ SURVIVED
Gen 5816 | best fit   11.144 | equity $   13518 | sortino 11.14 | trades 1007 | ✓ SURVIVED
Gen 5821 | best fit   11.144 | equity $   13518 | sortino 11.14 | trades 1007 | ✓ SURVIVED
Gen 5826 | best fit   11.144 | equity $   13518 | sortino 11.14 | trades 1007 | ✓ SURVIVED
Gen 5831 | best fit   11.144 | equity $   13518 | sortino 11.14 | trades 1007 | ✓ SURVIVED
Gen 5836 | best fit   11.144 | equity $   13518 | sortino 11.14 | trades 1007 | ✓ SURVIVED
Gen 5841 | best fit   11.144 | equity $   13518 | sortino 11.14 | trades 1007 | ✓ SURVIVED
Gen 5846 | best fit   11.144 | equity $   13518 | sortino 11.14 | trades 1007 | ✓ SURVIVED
Gen 5851 | best fit   11.144 | equity $   13518 | sortino 11.14 | trades 1007 | ✓ SURVIVED
Gen 5856 | best fit   11.144 | equity $   13518 | sortino 11.14 | trades 1007 | ✓ SURVIVED
Gen 5861 | best fit   11.144 | equity $   13518 | sortino 11.14 | trades 1007 | ✓ SURVIVED
Gen 5866 | best fit   11.144 | equity $   13518 | sortino 11.14 | trades 1007 | ✓ SURVIVED
Gen 5871 | best fit   11.144 | equity $   13518 | sortino 11.14 | trades 1007 | ✓ SURVIVED
Gen 5876 | best fit   11.144 | equity $   13518 | sortino 11.14 | trades 1007 | ✓ SURVIVED
Gen 5881 | best fit   11.144 | equity $   13518 | sortino 11.14 | trades 1007 | ✓ SURVIVED
Gen 5886 | best fit   11.144 | equity $   13518 | sortino 11.14 | trades 1007 | ✓ SURVIVED
Gen 5891 | best fit   11.144 | equity $   13518 | sortino 11.14 | trades 1007 | ✓ SURVIVED
Gen 5896 | best fit   11.144 | equity $   13518 | sortino 11.14 | trades 1007 | ✓ SURVIVED
Gen 5901 | best fit   11.144 | equity $   13518 | sortino 11.14 | trades 1007 | ✓ SURVIVED
Gen 5906 | best fit   11.144 | equity $   13518 | sortino 11.14 | trades 1007 | ✓ SURVIVED
Gen 5911 | best fit   11.144 | equity $   13518 | sortino 11.14 | trades 1007 | ✓ SURVIVED
Gen 5916 | best fit   11.144 | equity $   13518 | sortino 11.14 | trades 1007 | ✓ SURVIVED
Gen 5921 | best fit   11.144 | equity $   13518 | sortino 11.14 | trades 1007 | ✓ SURVIVED
Gen 5926 | best fit   11.144 | equity $   13518 | sortino 11.14 | trades 1007 | ✓ SURVIVED
Gen 5931 | best fit   11.144 | equity $   13518 | sortino 11.14 | trades 1007 | ✓ SURVIVED
Gen 5936 | best fit   11.144 | equity $   13518 | sortino 11.14 | trades 1007 | ✓ SURVIVED
Gen 5941 | best fit   11.144 | equity $   13518 | sortino 11.14 | trades 1007 | ✓ SURVIVED
Gen 5946 | best fit   11.144 | equity $   13518 | sortino 11.14 | trades 1007 | ✓ SURVIVED
Gen 5951 | best fit   11.144 | equity $   13518 | sortino 11.14 | trades 1007 | ✓ SURVIVED
Gen 5956 | best fit   11.144 | equity $   13518 | sortino 11.14 | trades 1007 | ✓ SURVIVED
Gen 5961 | best fit   11.144 | equity $   13518 | sortino 11.14 | trades 1007 | ✓ SURVIVED
Gen 5966 | best fit   11.144 | equity $   13518 | sortino 11.14 | trades 1007 | ✓ SURVIVED
Gen 5971 | best fit   11.144 | equity $   13518 | sortino 11.14 | trades 1007 | ✓ SURVIVED
Gen 5976 | best fit   11.144 | equity $   13518 | sortino 11.14 | trades 1007 | ✓ SURVIVED
Gen 5981 | best fit   11.144 | equity $   13518 | sortino 11.14 | trades 1007 | ✓ SURVIVED
Gen 5986 | best fit   11.144 | equity $   13518 | sortino 11.14 | trades 1007 | ✓ SURVIVED
Gen 5991 | best fit   11.144 | equity $   13518 | sortino 11.14 | trades 1007 | ✓ SURVIVED
Gen 5996 | best fit   11.144 | equity $   13518 | sortino 11.14 | trades 1007 | ✓ SURVIVED
Gen 6001 | best fit   11.144 | equity $   13518 | sortino 11.14 | trades 1007 | ✓ SURVIVED
Gen 6006 | best fit   11.144 | equity $   13518 | sortino 11.14 | trades 1007 | ✓ SURVIVED
Gen 6011 | best fit   11.144 | equity $   13518 | sortino 11.14 | trades 1007 | ✓ SURVIVED
Gen 6016 | best fit   11.144 | equity $   13518 | sortino 11.14 | trades 1007 | ✓ SURVIVED
Gen 6021 | best fit   11.144 | equity $   13518 | sortino 11.14 | trades 1007 | ✓ SURVIVED
Gen 6026 | best fit   11.144 | equity $   13518 | sortino 11.14 | trades 1007 | ✓ SURVIVED
Gen 6031 | best fit   11.144 | equity $   13518 | sortino 11.14 | trades 1007 | ✓ SURVIVED
Gen 6036 | best fit   11.144 | equity $   13518 | sortino 11.14 | trades 1007 | ✓ SURVIVED
Gen 6041 | best fit   11.144 | equity $   13518 | sortino 11.14 | trades 1007 | ✓ SURVIVED
Gen 6046 | best fit   11.144 | equity $   13518 | sortino 11.14 | trades 1007 | ✓ SURVIVED
Gen 6051 | best fit   11.144 | equity $   13518 | sortino 11.14 | trades 1007 | ✓ SURVIVED
Gen 6056 | best fit   11.144 | equity $   13518 | sortino 11.14 | trades 1007 | ✓ SURVIVED
Gen 6061 | best fit   11.144 | equity $   13518 | sortino 11.14 | trades 1007 | ✓ SURVIVED
Gen 6066 | best fit   11.144 | equity $   13518 | sortino 11.14 | trades 1007 | ✓ SURVIVED
Gen 6071 | best fit   11.144 | equity $   13518 | sortino 11.14 | trades 1007 | ✓ SURVIVED
Gen 6076 | best fit   11.144 | equity $   13518 | sortino 11.14 | trades 1007 | ✓ SURVIVED
Gen 6081 | best fit   11.144 | equity $   13518 | sortino 11.14 | trades 1007 | ✓ SURVIVED
Gen 6086 | best fit   11.144 | equity $   13518 | sortino 11.14 | trades 1007 | ✓ SURVIVED
Gen 6091 | best fit   11.144 | equity $   13518 | sortino 11.14 | trades 1007 | ✓ SURVIVED
Gen 6096 | best fit   11.144 | equity $   13518 | sortino 11.14 | trades 1007 | ✓ SURVIVED
Gen 6101 | best fit   11.144 | equity $   13518 | sortino 11.14 | trades 1007 | ✓ SURVIVED
Gen 6106 | best fit   11.144 | equity $   13518 | sortino 11.14 | trades 1007 | ✓ SURVIVED
Gen 6111 | best fit   11.144 | equity $   13518 | sortino 11.14 | trades 1007 | ✓ SURVIVED
Gen 6116 | best fit   11.144 | equity $   13518 | sortino 11.14 | trades 1007 | ✓ SURVIVED
Gen 6121 | best fit   11.144 | equity $   13518 | sortino 11.14 | trades 1007 | ✓ SURVIVED
Gen 6126 | best fit   11.144 | equity $   13518 | sortino 11.14 | trades 1007 | ✓ SURVIVED
Gen 6131 | best fit   11.144 | equity $   13518 | sortino 11.14 | trades 1007 | ✓ SURVIVED
Gen 6136 | best fit   11.144 | equity $   13518 | sortino 11.14 | trades 1007 | ✓ SURVIVED
Gen 6141 | best fit   11.144 | equity $   13518 | sortino 11.14 | trades 1007 | ✓ SURVIVED
Gen 6146 | best fit   11.144 | equity $   13518 | sortino 11.14 | trades 1007 | ✓ SURVIVED
Gen 6151 | best fit   11.144 | equity $   13518 | sortino 11.14 | trades 1007 | ✓ SURVIVED
Gen 6156 | best fit   11.144 | equity $   13518 | sortino 11.14 | trades 1007 | ✓ SURVIVED
Gen 6161 | best fit   11.144 | equity $   13518 | sortino 11.14 | trades 1007 | ✓ SURVIVED
Gen 6166 | best fit   11.144 | equity $   13518 | sortino 11.14 | trades 1007 | ✓ SURVIVED
Gen 6171 | best fit   11.144 | equity $   13518 | sortino 11.14 | trades 1007 | ✓ SURVIVED
Gen 6176 | best fit   11.144 | equity $   13518 | sortino 11.14 | trades 1007 | ✓ SURVIVED
Gen 6181 | best fit   11.144 | equity $   13518 | sortino 11.14 | trades 1007 | ✓ SURVIVED
Gen 6186 | best fit   11.144 | equity $   13518 | sortino 11.14 | trades 1007 | ✓ SURVIVED
Gen 6191 | best fit   11.144 | equity $   13518 | sortino 11.14 | trades 1007 | ✓ SURVIVED
Gen 6196 | best fit   11.144 | equity $   13518 | sortino 11.14 | trades 1007 | ✓ SURVIVED
Gen 6201 | best fit   11.144 | equity $   13518 | sortino 11.14 | trades 1007 | ✓ SURVIVED
Gen 6206 | best fit   11.144 | equity $   13518 | sortino 11.14 | trades 1007 | ✓ SURVIVED
Gen 6211 | best fit   11.144 | equity $   13518 | sortino 11.14 | trades 1007 | ✓ SURVIVED
Gen 6216 | best fit   11.144 | equity $   13518 | sortino 11.14 | trades 1007 | ✓ SURVIVED
Gen 6221 | best fit   11.144 | equity $   13518 | sortino 11.14 | trades 1007 | ✓ SURVIVED
Gen 6226 | best fit   11.144 | equity $   13518 | sortino 11.14 | trades 1007 | ✓ SURVIVED
Gen 6231 | best fit   11.144 | equity $   13518 | sortino 11.14 | trades 1007 | ✓ SURVIVED
Gen 6236 | best fit   11.144 | equity $   13518 | sortino 11.14 | trades 1007 | ✓ SURVIVED
Gen 6241 | best fit   11.144 | equity $   13518 | sortino 11.14 | trades 1007 | ✓ SURVIVED
Gen 6246 | best fit   11.144 | equity $   13518 | sortino 11.14 | trades 1007 | ✓ SURVIVED
Gen 6251 | best fit   11.144 | equity $   13518 | sortino 11.14 | trades 1007 | ✓ SURVIVED
Gen 6256 | best fit   11.144 | equity $   13518 | sortino 11.14 | trades 1007 | ✓ SURVIVED
Gen 6261 | best fit   11.144 | equity $   13518 | sortino 11.14 | trades 1007 | ✓ SURVIVED
Gen 6266 | best fit   11.144 | equity $   13518 | sortino 11.14 | trades 1007 | ✓ SURVIVED
Gen 6271 | best fit   11.144 | equity $   13518 | sortino 11.14 | trades 1007 | ✓ SURVIVED
Gen 6276 | best fit   11.144 | equity $   13518 | sortino 11.14 | trades 1007 | ✓ SURVIVED
Gen 6281 | best fit   11.144 | equity $   13518 | sortino 11.14 | trades 1007 | ✓ SURVIVED
Gen 6286 | best fit   11.144 | equity $   13518 | sortino 11.14 | trades 1007 | ✓ SURVIVED
Gen 6291 | best fit   11.144 | equity $   13518 | sortino 11.14 | trades 1007 | ✓ SURVIVED
Gen 6296 | best fit   11.144 | equity $   13518 | sortino 11.14 | trades 1007 | ✓ SURVIVED
Gen 6301 | best fit   11.144 | equity $   13518 | sortino 11.14 | trades 1007 | ✓ SURVIVED
Gen 6306 | best fit   11.144 | equity $   13518 | sortino 11.14 | trades 1007 | ✓ SURVIVED
Gen 6311 | best fit   11.144 | equity $   13518 | sortino 11.14 | trades 1007 | ✓ SURVIVED
Gen 6316 | best fit   11.144 | equity $   13518 | sortino 11.14 | trades 1007 | ✓ SURVIVED
Gen 6321 | best fit   11.144 | equity $   13518 | sortino 11.14 | trades 1007 | ✓ SURVIVED
Gen 6326 | best fit   11.144 | equity $   13518 | sortino 11.14 | trades 1007 | ✓ SURVIVED
Gen 6331 | best fit   11.144 | equity $   13518 | sortino 11.14 | trades 1007 | ✓ SURVIVED
Gen 6336 | best fit   11.144 | equity $   13518 | sortino 11.14 | trades 1007 | ✓ SURVIVED
Gen 6341 | best fit   11.144 | equity $   13518 | sortino 11.14 | trades 1007 | ✓ SURVIVED
Gen 6346 | best fit   11.144 | equity $   13518 | sortino 11.14 | trades 1007 | ✓ SURVIVED
Gen 6351 | best fit   11.144 | equity $   13518 | sortino 11.14 | trades 1007 | ✓ SURVIVED
Gen 6356 | best fit   11.144 | equity $   13518 | sortino 11.14 | trades 1007 | ✓ SURVIVED
Gen 6361 | best fit   11.144 | equity $   13518 | sortino 11.14 | trades 1007 | ✓ SURVIVED
Gen 6366 | best fit   11.144 | equity $   13518 | sortino 11.14 | trades 1007 | ✓ SURVIVED
Gen 6371 | best fit   11.144 | equity $   13518 | sortino 11.14 | trades 1007 | ✓ SURVIVED
Gen 6376 | best fit   11.144 | equity $   13518 | sortino 11.14 | trades 1007 | ✓ SURVIVED
Gen 6381 | best fit   11.144 | equity $   13518 | sortino 11.14 | trades 1007 | ✓ SURVIVED
Gen 6386 | best fit   11.144 | equity $   13518 | sortino 11.14 | trades 1007 | ✓ SURVIVED
Gen 6391 | best fit   11.144 | equity $   13518 | sortino 11.14 | trades 1007 | ✓ SURVIVED
Gen 6396 | best fit   11.144 | equity $   13518 | sortino 11.14 | trades 1007 | ✓ SURVIVED
Gen 6401 | best fit   11.144 | equity $   13518 | sortino 11.14 | trades 1007 | ✓ SURVIVED
Gen 6406 | best fit   11.144 | equity $   13518 | sortino 11.14 | trades 1007 | ✓ SURVIVED
Gen 6411 | best fit   11.144 | equity $   13518 | sortino 11.14 | trades 1007 | ✓ SURVIVED
Gen 6416 | best fit   11.144 | equity $   13518 | sortino 11.14 | trades 1007 | ✓ SURVIVED
Gen 6421 | best fit   11.144 | equity $   13518 | sortino 11.14 | trades 1007 | ✓ SURVIVED
Gen 6426 | best fit   11.144 | equity $   13518 | sortino 11.14 | trades 1007 | ✓ SURVIVED
Gen 6431 | best fit   11.144 | equity $   13518 | sortino 11.14 | trades 1007 | ✓ SURVIVED
Gen 6436 | best fit   11.144 | equity $   13518 | sortino 11.14 | trades 1007 | ✓ SURVIVED
Gen 6441 | best fit   11.144 | equity $   13518 | sortino 11.14 | trades 1007 | ✓ SURVIVED
Gen 6446 | best fit   11.144 | equity $   13518 | sortino 11.14 | trades 1007 | ✓ SURVIVED
Gen 6451 | best fit   11.144 | equity $   13518 | sortino 11.14 | trades 1007 | ✓ SURVIVED
Gen 6456 | best fit   11.144 | equity $   13518 | sortino 11.14 | trades 1007 | ✓ SURVIVED
Gen 6461 | best fit   11.152 | equity $   14087 | sortino 11.15 | trades 1011 | ✓ SURVIVED
Gen 6466 | best fit   11.152 | equity $   14087 | sortino 11.15 | trades 1011 | ✓ SURVIVED
Gen 6471 | best fit   11.152 | equity $   14087 | sortino 11.15 | trades 1011 | ✓ SURVIVED
Gen 6476 | best fit   11.152 | equity $   14087 | sortino 11.15 | trades 1011 | ✓ SURVIVED
Gen 6481 | best fit   11.152 | equity $   14087 | sortino 11.15 | trades 1011 | ✓ SURVIVED
Gen 6486 | best fit   11.155 | equity $   16210 | sortino 11.15 | trades 1009 | ✓ SURVIVED
Gen 6491 | best fit   11.167 | equity $   15756 | sortino 11.17 | trades 1011 | ✓ SURVIVED
Gen 6496 | best fit   11.167 | equity $   15756 | sortino 11.17 | trades 1011 | ✓ SURVIVED
Gen 6501 | best fit   11.187 | equity $   15760 | sortino 11.19 | trades 1011 | ✓ SURVIVED
Gen 6506 | best fit   11.187 | equity $   15760 | sortino 11.19 | trades 1011 | ✓ SURVIVED
Gen 6511 | best fit   11.187 | equity $   15760 | sortino 11.19 | trades 1011 | ✓ SURVIVED
Gen 6516 | best fit   11.187 | equity $   15760 | sortino 11.19 | trades 1011 | ✓ SURVIVED
Gen 6521 | best fit   11.187 | equity $   15760 | sortino 11.19 | trades 1011 | ✓ SURVIVED
Gen 6526 | best fit   11.187 | equity $   15760 | sortino 11.19 | trades 1011 | ✓ SURVIVED
Gen 6531 | best fit   11.187 | equity $   15760 | sortino 11.19 | trades 1011 | ✓ SURVIVED
Gen 6536 | best fit   11.187 | equity $   15760 | sortino 11.19 | trades 1011 | ✓ SURVIVED
Gen 6541 | best fit   11.187 | equity $   15760 | sortino 11.19 | trades 1011 | ✓ SURVIVED
Gen 6546 | best fit   11.187 | equity $   15760 | sortino 11.19 | trades 1011 | ✓ SURVIVED
Gen 6551 | best fit   11.187 | equity $   15760 | sortino 11.19 | trades 1011 | ✓ SURVIVED
Gen 6556 | best fit   11.187 | equity $   15760 | sortino 11.19 | trades 1011 | ✓ SURVIVED
Gen 6561 | best fit   11.187 | equity $   15760 | sortino 11.19 | trades 1011 | ✓ SURVIVED
Gen 6566 | best fit   11.187 | equity $   15760 | sortino 11.19 | trades 1011 | ✓ SURVIVED
Gen 6571 | best fit   11.187 | equity $   15760 | sortino 11.19 | trades 1011 | ✓ SURVIVED
Gen 6576 | best fit   11.187 | equity $   15760 | sortino 11.19 | trades 1011 | ✓ SURVIVED
Gen 6581 | best fit   11.187 | equity $   15760 | sortino 11.19 | trades 1011 | ✓ SURVIVED
Gen 6586 | best fit   11.187 | equity $   15760 | sortino 11.19 | trades 1011 | ✓ SURVIVED
Gen 6591 | best fit   11.187 | equity $   15760 | sortino 11.19 | trades 1011 | ✓ SURVIVED
Gen 6596 | best fit   11.187 | equity $   15760 | sortino 11.19 | trades 1011 | ✓ SURVIVED
Gen 6601 | best fit   11.187 | equity $   15760 | sortino 11.19 | trades 1011 | ✓ SURVIVED
Gen 6606 | best fit   11.187 | equity $   15760 | sortino 11.19 | trades 1011 | ✓ SURVIVED
Gen 6611 | best fit   11.187 | equity $   15760 | sortino 11.19 | trades 1011 | ✓ SURVIVED
Gen 6616 | best fit   11.187 | equity $   15760 | sortino 11.19 | trades 1011 | ✓ SURVIVED
Gen 6621 | best fit   11.187 | equity $   15760 | sortino 11.19 | trades 1011 | ✓ SURVIVED
Gen 6626 | best fit   11.187 | equity $   15760 | sortino 11.19 | trades 1011 | ✓ SURVIVED
Gen 6631 | best fit   11.187 | equity $   15760 | sortino 11.19 | trades 1011 | ✓ SURVIVED
Gen 6636 | best fit   11.187 | equity $   15760 | sortino 11.19 | trades 1011 | ✓ SURVIVED
Gen 6641 | best fit   11.187 | equity $   15760 | sortino 11.19 | trades 1011 | ✓ SURVIVED
Gen 6646 | best fit   11.187 | equity $   15760 | sortino 11.19 | trades 1011 | ✓ SURVIVED
Gen 6651 | best fit   11.187 | equity $   15760 | sortino 11.19 | trades 1011 | ✓ SURVIVED
Gen 6656 | best fit   11.187 | equity $   15760 | sortino 11.19 | trades 1011 | ✓ SURVIVED
Gen 6661 | best fit   11.187 | equity $   15760 | sortino 11.19 | trades 1011 | ✓ SURVIVED
Gen 6666 | best fit   11.187 | equity $   15760 | sortino 11.19 | trades 1011 | ✓ SURVIVED
Gen 6671 | best fit   11.187 | equity $   15760 | sortino 11.19 | trades 1011 | ✓ SURVIVED
Gen 6676 | best fit   11.187 | equity $   15760 | sortino 11.19 | trades 1011 | ✓ SURVIVED
Gen 6681 | best fit   11.187 | equity $   15760 | sortino 11.19 | trades 1011 | ✓ SURVIVED
Gen 6686 | best fit   11.187 | equity $   15760 | sortino 11.19 | trades 1011 | ✓ SURVIVED
Gen 6691 | best fit   11.187 | equity $   15760 | sortino 11.19 | trades 1011 | ✓ SURVIVED
Gen 6696 | best fit   11.187 | equity $   15760 | sortino 11.19 | trades 1011 | ✓ SURVIVED
Gen 6701 | best fit   11.187 | equity $   15760 | sortino 11.19 | trades 1011 | ✓ SURVIVED
Gen 6706 | best fit   11.187 | equity $   15760 | sortino 11.19 | trades 1011 | ✓ SURVIVED
Gen 6711 | best fit   11.187 | equity $   15760 | sortino 11.19 | trades 1011 | ✓ SURVIVED
Gen 6716 | best fit   11.187 | equity $   15760 | sortino 11.19 | trades 1011 | ✓ SURVIVED
Gen 6721 | best fit   11.187 | equity $   15760 | sortino 11.19 | trades 1011 | ✓ SURVIVED
Gen 6726 | best fit   11.187 | equity $   15760 | sortino 11.19 | trades 1011 | ✓ SURVIVED
Gen 6731 | best fit   11.187 | equity $   15760 | sortino 11.19 | trades 1011 | ✓ SURVIVED
Gen 6736 | best fit   11.187 | equity $   15760 | sortino 11.19 | trades 1011 | ✓ SURVIVED
Gen 6741 | best fit   11.187 | equity $   15760 | sortino 11.19 | trades 1011 | ✓ SURVIVED
Gen 6746 | best fit   11.187 | equity $   15760 | sortino 11.19 | trades 1011 | ✓ SURVIVED
Gen 6751 | best fit   11.187 | equity $   15760 | sortino 11.19 | trades 1011 | ✓ SURVIVED
Gen 6756 | best fit   11.187 | equity $   15760 | sortino 11.19 | trades 1011 | ✓ SURVIVED
Gen 6761 | best fit   11.187 | equity $   15760 | sortino 11.19 | trades 1011 | ✓ SURVIVED
Gen 6766 | best fit   11.187 | equity $   15760 | sortino 11.19 | trades 1011 | ✓ SURVIVED
Gen 6771 | best fit   11.187 | equity $   15760 | sortino 11.19 | trades 1011 | ✓ SURVIVED
Gen 6776 | best fit   11.187 | equity $   15760 | sortino 11.19 | trades 1011 | ✓ SURVIVED
Gen 6781 | best fit   11.187 | equity $   15760 | sortino 11.19 | trades 1011 | ✓ SURVIVED
Gen 6786 | best fit   11.187 | equity $   15760 | sortino 11.19 | trades 1011 | ✓ SURVIVED
Gen 6791 | best fit   11.187 | equity $   15760 | sortino 11.19 | trades 1011 | ✓ SURVIVED
Gen 6796 | best fit   11.187 | equity $   15760 | sortino 11.19 | trades 1011 | ✓ SURVIVED
Gen 6801 | best fit   11.187 | equity $   15760 | sortino 11.19 | trades 1011 | ✓ SURVIVED
Gen 6806 | best fit   11.187 | equity $   15760 | sortino 11.19 | trades 1011 | ✓ SURVIVED
Gen 6811 | best fit   11.187 | equity $   15760 | sortino 11.19 | trades 1011 | ✓ SURVIVED
Gen 6816 | best fit   11.187 | equity $   15760 | sortino 11.19 | trades 1011 | ✓ SURVIVED
Gen 6821 | best fit   11.187 | equity $   15760 | sortino 11.19 | trades 1011 | ✓ SURVIVED
Gen 6826 | best fit   11.187 | equity $   15760 | sortino 11.19 | trades 1011 | ✓ SURVIVED
Gen 6831 | best fit   11.187 | equity $   15760 | sortino 11.19 | trades 1011 | ✓ SURVIVED
Gen 6836 | best fit   11.187 | equity $   15760 | sortino 11.19 | trades 1011 | ✓ SURVIVED
Gen 6841 | best fit   11.187 | equity $   15760 | sortino 11.19 | trades 1011 | ✓ SURVIVED
Gen 6846 | best fit   11.187 | equity $   15760 | sortino 11.19 | trades 1011 | ✓ SURVIVED
Gen 6851 | best fit   11.187 | equity $   15760 | sortino 11.19 | trades 1011 | ✓ SURVIVED
Gen 6856 | best fit   11.187 | equity $   15760 | sortino 11.19 | trades 1011 | ✓ SURVIVED
Gen 6861 | best fit   11.187 | equity $   15760 | sortino 11.19 | trades 1011 | ✓ SURVIVED
Gen 6866 | best fit   11.187 | equity $   15760 | sortino 11.19 | trades 1011 | ✓ SURVIVED
Gen 6871 | best fit   11.187 | equity $   15760 | sortino 11.19 | trades 1011 | ✓ SURVIVED
Gen 6876 | best fit   11.187 | equity $   15760 | sortino 11.19 | trades 1011 | ✓ SURVIVED
Gen 6881 | best fit   11.187 | equity $   15760 | sortino 11.19 | trades 1011 | ✓ SURVIVED
Gen 6886 | best fit   11.187 | equity $   15760 | sortino 11.19 | trades 1011 | ✓ SURVIVED
Gen 6891 | best fit   11.187 | equity $   15760 | sortino 11.19 | trades 1011 | ✓ SURVIVED
Gen 6896 | best fit   11.187 | equity $   15760 | sortino 11.19 | trades 1011 | ✓ SURVIVED
Gen 6901 | best fit   11.187 | equity $   15760 | sortino 11.19 | trades 1011 | ✓ SURVIVED
Gen 6906 | best fit   11.187 | equity $   15760 | sortino 11.19 | trades 1011 | ✓ SURVIVED
Gen 6911 | best fit   11.187 | equity $   15760 | sortino 11.19 | trades 1011 | ✓ SURVIVED
Gen 6916 | best fit   11.187 | equity $   15760 | sortino 11.19 | trades 1011 | ✓ SURVIVED
Gen 6921 | best fit   11.187 | equity $   15760 | sortino 11.19 | trades 1011 | ✓ SURVIVED
Gen 6926 | best fit   11.187 | equity $   15760 | sortino 11.19 | trades 1011 | ✓ SURVIVED
Gen 6931 | best fit   11.187 | equity $   15760 | sortino 11.19 | trades 1011 | ✓ SURVIVED
Gen 6936 | best fit   11.187 | equity $   15760 | sortino 11.19 | trades 1011 | ✓ SURVIVED
Gen 6941 | best fit   11.187 | equity $   15760 | sortino 11.19 | trades 1011 | ✓ SURVIVED
Gen 6946 | best fit   11.187 | equity $   15760 | sortino 11.19 | trades 1011 | ✓ SURVIVED
Gen 6951 | best fit   11.187 | equity $   15760 | sortino 11.19 | trades 1011 | ✓ SURVIVED
Gen 6956 | best fit   11.187 | equity $   15760 | sortino 11.19 | trades 1011 | ✓ SURVIVED
Gen 6961 | best fit   11.187 | equity $   15760 | sortino 11.19 | trades 1011 | ✓ SURVIVED
Gen 6966 | best fit   11.187 | equity $   15760 | sortino 11.19 | trades 1011 | ✓ SURVIVED
Gen 6971 | best fit   11.187 | equity $   15760 | sortino 11.19 | trades 1011 | ✓ SURVIVED
Gen 6976 | best fit   11.187 | equity $   15760 | sortino 11.19 | trades 1011 | ✓ SURVIVED
Gen 6981 | best fit   11.187 | equity $   15760 | sortino 11.19 | trades 1011 | ✓ SURVIVED
Gen 6986 | best fit   11.187 | equity $   15760 | sortino 11.19 | trades 1011 | ✓ SURVIVED
Gen 6991 | best fit   11.187 | equity $   15760 | sortino 11.19 | trades 1011 | ✓ SURVIVED
Gen 6996 | best fit   11.187 | equity $   15760 | sortino 11.19 | trades 1011 | ✓ SURVIVED
Gen 7001 | best fit   11.187 | equity $   15760 | sortino 11.19 | trades 1011 | ✓ SURVIVED
Gen 7006 | best fit   11.187 | equity $   15760 | sortino 11.19 | trades 1011 | ✓ SURVIVED
Gen 7011 | best fit   11.187 | equity $   15760 | sortino 11.19 | trades 1011 | ✓ SURVIVED
Gen 7016 | best fit   11.187 | equity $   15760 | sortino 11.19 | trades 1011 | ✓ SURVIVED
Gen 7021 | best fit   11.187 | equity $   15760 | sortino 11.19 | trades 1011 | ✓ SURVIVED
Gen 7026 | best fit   11.187 | equity $   15760 | sortino 11.19 | trades 1011 | ✓ SURVIVED
Gen 7031 | best fit   11.187 | equity $   15760 | sortino 11.19 | trades 1011 | ✓ SURVIVED
Gen 7036 | best fit   11.187 | equity $   15760 | sortino 11.19 | trades 1011 | ✓ SURVIVED
Gen 7041 | best fit   11.187 | equity $   15760 | sortino 11.19 | trades 1011 | ✓ SURVIVED
Gen 7046 | best fit   11.187 | equity $   15760 | sortino 11.19 | trades 1011 | ✓ SURVIVED
Gen 7051 | best fit   11.187 | equity $   15760 | sortino 11.19 | trades 1011 | ✓ SURVIVED
Gen 7056 | best fit   11.187 | equity $   15760 | sortino 11.19 | trades 1011 | ✓ SURVIVED
Gen 7061 | best fit   11.187 | equity $   15760 | sortino 11.19 | trades 1011 | ✓ SURVIVED
Gen 7066 | best fit   11.187 | equity $   15760 | sortino 11.19 | trades 1011 | ✓ SURVIVED
Gen 7071 | best fit   11.187 | equity $   15760 | sortino 11.19 | trades 1011 | ✓ SURVIVED
Gen 7076 | best fit   11.187 | equity $   15760 | sortino 11.19 | trades 1011 | ✓ SURVIVED
Gen 7081 | best fit   11.187 | equity $   15760 | sortino 11.19 | trades 1011 | ✓ SURVIVED
Gen 7086 | best fit   11.187 | equity $   15760 | sortino 11.19 | trades 1011 | ✓ SURVIVED
Gen 7091 | best fit   11.187 | equity $   15760 | sortino 11.19 | trades 1011 | ✓ SURVIVED
Gen 7096 | best fit   11.187 | equity $   15760 | sortino 11.19 | trades 1011 | ✓ SURVIVED
Gen 7101 | best fit   11.187 | equity $   15760 | sortino 11.19 | trades 1011 | ✓ SURVIVED
Gen 7106 | best fit   11.187 | equity $   15760 | sortino 11.19 | trades 1011 | ✓ SURVIVED
Gen 7111 | best fit   11.187 | equity $   15760 | sortino 11.19 | trades 1011 | ✓ SURVIVED
Gen 7116 | best fit   11.187 | equity $   15760 | sortino 11.19 | trades 1011 | ✓ SURVIVED
Gen 7121 | best fit   11.187 | equity $   15760 | sortino 11.19 | trades 1011 | ✓ SURVIVED
Gen 7126 | best fit   11.187 | equity $   15760 | sortino 11.19 | trades 1011 | ✓ SURVIVED
Gen 7131 | best fit   11.187 | equity $   15760 | sortino 11.19 | trades 1011 | ✓ SURVIVED
Gen 7136 | best fit   11.187 | equity $   15760 | sortino 11.19 | trades 1011 | ✓ SURVIVED
Gen 7141 | best fit   11.187 | equity $   15760 | sortino 11.19 | trades 1011 | ✓ SURVIVED
Gen 7146 | best fit   11.187 | equity $   15760 | sortino 11.19 | trades 1011 | ✓ SURVIVED
Gen 7151 | best fit   11.187 | equity $   15760 | sortino 11.19 | trades 1011 | ✓ SURVIVED
Gen 7156 | best fit   11.187 | equity $   15760 | sortino 11.19 | trades 1011 | ✓ SURVIVED
Gen 7161 | best fit   11.187 | equity $   15760 | sortino 11.19 | trades 1011 | ✓ SURVIVED
Gen 7166 | best fit   11.187 | equity $   15760 | sortino 11.19 | trades 1011 | ✓ SURVIVED
Gen 7171 | best fit   11.187 | equity $   15760 | sortino 11.19 | trades 1011 | ✓ SURVIVED
Gen 7176 | best fit   11.187 | equity $   15760 | sortino 11.19 | trades 1011 | ✓ SURVIVED
Gen 7181 | best fit   11.187 | equity $   15760 | sortino 11.19 | trades 1011 | ✓ SURVIVED
Gen 7186 | best fit   11.187 | equity $   15760 | sortino 11.19 | trades 1011 | ✓ SURVIVED
Gen 7191 | best fit   11.187 | equity $   15760 | sortino 11.19 | trades 1011 | ✓ SURVIVED
Gen 7196 | best fit   11.187 | equity $   15760 | sortino 11.19 | trades 1011 | ✓ SURVIVED
Gen 7201 | best fit   11.187 | equity $   15760 | sortino 11.19 | trades 1011 | ✓ SURVIVED
Gen 7206 | best fit   11.187 | equity $   15760 | sortino 11.19 | trades 1011 | ✓ SURVIVED
Gen 7211 | best fit   11.187 | equity $   15760 | sortino 11.19 | trades 1011 | ✓ SURVIVED
Gen 7216 | best fit   11.187 | equity $   15760 | sortino 11.19 | trades 1011 | ✓ SURVIVED
Gen 7221 | best fit   11.187 | equity $   15760 | sortino 11.19 | trades 1011 | ✓ SURVIVED
Gen 7226 | best fit   11.187 | equity $   15760 | sortino 11.19 | trades 1011 | ✓ SURVIVED
Gen 7231 | best fit   11.187 | equity $   15760 | sortino 11.19 | trades 1011 | ✓ SURVIVED
Gen 7236 | best fit   11.187 | equity $   15760 | sortino 11.19 | trades 1011 | ✓ SURVIVED
Gen 7241 | best fit   11.187 | equity $   15760 | sortino 11.19 | trades 1011 | ✓ SURVIVED
Gen 7246 | best fit   11.187 | equity $   15760 | sortino 11.19 | trades 1011 | ✓ SURVIVED
Gen 7251 | best fit   11.187 | equity $   15760 | sortino 11.19 | trades 1011 | ✓ SURVIVED
Gen 7256 | best fit   11.187 | equity $   15760 | sortino 11.19 | trades 1011 | ✓ SURVIVED
Gen 7261 | best fit   11.187 | equity $   15760 | sortino 11.19 | trades 1011 | ✓ SURVIVED
Gen 7266 | best fit   11.187 | equity $   15760 | sortino 11.19 | trades 1011 | ✓ SURVIVED
Gen 7271 | best fit   11.187 | equity $   15760 | sortino 11.19 | trades 1011 | ✓ SURVIVED
Gen 7276 | best fit   11.187 | equity $   15760 | sortino 11.19 | trades 1011 | ✓ SURVIVED
Gen 7281 | best fit   11.187 | equity $   15760 | sortino 11.19 | trades 1011 | ✓ SURVIVED
Gen 7286 | best fit   11.187 | equity $   15760 | sortino 11.19 | trades 1011 | ✓ SURVIVED
Gen 7291 | best fit   11.187 | equity $   15760 | sortino 11.19 | trades 1011 | ✓ SURVIVED
Gen 7296 | best fit   11.187 | equity $   15760 | sortino 11.19 | trades 1011 | ✓ SURVIVED
Gen 7301 | best fit   11.187 | equity $   15760 | sortino 11.19 | trades 1011 | ✓ SURVIVED
Gen 7306 | best fit   11.187 | equity $   15760 | sortino 11.19 | trades 1011 | ✓ SURVIVED
Gen 7311 | best fit   11.187 | equity $   15760 | sortino 11.19 | trades 1011 | ✓ SURVIVED
Gen 7316 | best fit   11.187 | equity $   15760 | sortino 11.19 | trades 1011 | ✓ SURVIVED
Gen 7321 | best fit   11.187 | equity $   15760 | sortino 11.19 | trades 1011 | ✓ SURVIVED
Gen 7326 | best fit   11.187 | equity $   15760 | sortino 11.19 | trades 1011 | ✓ SURVIVED
Gen 7331 | best fit   11.187 | equity $   15760 | sortino 11.19 | trades 1011 | ✓ SURVIVED
Gen 7336 | best fit   11.187 | equity $   15760 | sortino 11.19 | trades 1011 | ✓ SURVIVED
Gen 7341 | best fit   11.187 | equity $   15760 | sortino 11.19 | trades 1011 | ✓ SURVIVED
Gen 7346 | best fit   11.187 | equity $   15760 | sortino 11.19 | trades 1011 | ✓ SURVIVED
Gen 7351 | best fit   11.187 | equity $   15760 | sortino 11.19 | trades 1011 | ✓ SURVIVED
Gen 7356 | best fit   11.187 | equity $   15760 | sortino 11.19 | trades 1011 | ✓ SURVIVED
Gen 7361 | best fit   11.187 | equity $   15760 | sortino 11.19 | trades 1011 | ✓ SURVIVED
Gen 7366 | best fit   11.187 | equity $   15760 | sortino 11.19 | trades 1011 | ✓ SURVIVED
Gen 7371 | best fit   11.187 | equity $   15760 | sortino 11.19 | trades 1011 | ✓ SURVIVED
Gen 7376 | best fit   11.187 | equity $   15760 | sortino 11.19 | trades 1011 | ✓ SURVIVED
Gen 7381 | best fit   11.187 | equity $   15760 | sortino 11.19 | trades 1011 | ✓ SURVIVED
Gen 7386 | best fit   11.187 | equity $   15760 | sortino 11.19 | trades 1011 | ✓ SURVIVED
Gen 7391 | best fit   11.187 | equity $   15760 | sortino 11.19 | trades 1011 | ✓ SURVIVED
Gen 7396 | best fit   11.187 | equity $   15760 | sortino 11.19 | trades 1011 | ✓ SURVIVED
Gen 7401 | best fit   11.187 | equity $   15760 | sortino 11.19 | trades 1011 | ✓ SURVIVED
Gen 7406 | best fit   11.187 | equity $   15760 | sortino 11.19 | trades 1011 | ✓ SURVIVED
Gen 7411 | best fit   11.187 | equity $   15760 | sortino 11.19 | trades 1011 | ✓ SURVIVED
Gen 7416 | best fit   11.187 | equity $   15760 | sortino 11.19 | trades 1011 | ✓ SURVIVED
Gen 7421 | best fit   11.187 | equity $   15760 | sortino 11.19 | trades 1011 | ✓ SURVIVED
Gen 7426 | best fit   11.187 | equity $   15760 | sortino 11.19 | trades 1011 | ✓ SURVIVED
Gen 7431 | best fit   11.187 | equity $   15760 | sortino 11.19 | trades 1011 | ✓ SURVIVED
Gen 7436 | best fit   11.187 | equity $   15760 | sortino 11.19 | trades 1011 | ✓ SURVIVED
Gen 7441 | best fit   11.187 | equity $   15760 | sortino 11.19 | trades 1011 | ✓ SURVIVED
Gen 7446 | best fit   11.187 | equity $   15760 | sortino 11.19 | trades 1011 | ✓ SURVIVED
Gen 7451 | best fit   11.187 | equity $   15760 | sortino 11.19 | trades 1011 | ✓ SURVIVED
Gen 7456 | best fit   11.187 | equity $   15760 | sortino 11.19 | trades 1011 | ✓ SURVIVED
Gen 7461 | best fit   11.187 | equity $   15760 | sortino 11.19 | trades 1011 | ✓ SURVIVED
Gen 7466 | best fit   11.187 | equity $   15760 | sortino 11.19 | trades 1011 | ✓ SURVIVED
Gen 7471 | best fit   11.187 | equity $   15760 | sortino 11.19 | trades 1011 | ✓ SURVIVED
Gen 7476 | best fit   11.187 | equity $   15760 | sortino 11.19 | trades 1011 | ✓ SURVIVED
Gen 7481 | best fit   11.187 | equity $   15760 | sortino 11.19 | trades 1011 | ✓ SURVIVED
Gen 7486 | best fit   11.187 | equity $   15760 | sortino 11.19 | trades 1011 | ✓ SURVIVED
Gen 7491 | best fit   11.187 | equity $   15760 | sortino 11.19 | trades 1011 | ✓ SURVIVED
Gen 7496 | best fit   11.187 | equity $   15760 | sortino 11.19 | trades 1011 | ✓ SURVIVED
Gen 7501 | best fit   11.187 | equity $   15760 | sortino 11.19 | trades 1011 | ✓ SURVIVED
Gen 7506 | best fit   11.187 | equity $   15760 | sortino 11.19 | trades 1011 | ✓ SURVIVED
Gen 7511 | best fit   11.187 | equity $   15760 | sortino 11.19 | trades 1011 | ✓ SURVIVED
Gen 7516 | best fit   11.187 | equity $   15760 | sortino 11.19 | trades 1011 | ✓ SURVIVED
Gen 7521 | best fit   11.187 | equity $   15760 | sortino 11.19 | trades 1011 | ✓ SURVIVED
Gen 7526 | best fit   11.187 | equity $   15760 | sortino 11.19 | trades 1011 | ✓ SURVIVED
Gen 7531 | best fit   11.187 | equity $   15760 | sortino 11.19 | trades 1011 | ✓ SURVIVED
Gen 7536 | best fit   11.187 | equity $   15760 | sortino 11.19 | trades 1011 | ✓ SURVIVED
Gen 7541 | best fit   11.187 | equity $   15760 | sortino 11.19 | trades 1011 | ✓ SURVIVED
Gen 7546 | best fit   11.187 | equity $   15760 | sortino 11.19 | trades 1011 | ✓ SURVIVED
Gen 7551 | best fit   11.187 | equity $   15760 | sortino 11.19 | trades 1011 | ✓ SURVIVED
Gen 7556 | best fit   11.187 | equity $   15760 | sortino 11.19 | trades 1011 | ✓ SURVIVED
Gen 7561 | best fit   11.187 | equity $   15760 | sortino 11.19 | trades 1011 | ✓ SURVIVED
Gen 7566 | best fit   11.187 | equity $   15760 | sortino 11.19 | trades 1011 | ✓ SURVIVED
Gen 7571 | best fit   11.187 | equity $   15760 | sortino 11.19 | trades 1011 | ✓ SURVIVED
Gen 7576 | best fit   11.187 | equity $   15760 | sortino 11.19 | trades 1011 | ✓ SURVIVED
Gen 7581 | best fit   11.187 | equity $   15760 | sortino 11.19 | trades 1011 | ✓ SURVIVED
Gen 7586 | best fit   11.187 | equity $   15760 | sortino 11.19 | trades 1011 | ✓ SURVIVED
Gen 7591 | best fit   11.187 | equity $   15760 | sortino 11.19 | trades 1011 | ✓ SURVIVED
Gen 7596 | best fit   11.187 | equity $   15760 | sortino 11.19 | trades 1011 | ✓ SURVIVED
Gen 7601 | best fit   11.187 | equity $   15760 | sortino 11.19 | trades 1011 | ✓ SURVIVED
Gen 7606 | best fit   11.187 | equity $   15760 | sortino 11.19 | trades 1011 | ✓ SURVIVED
Gen 7611 | best fit   11.187 | equity $   15760 | sortino 11.19 | trades 1011 | ✓ SURVIVED
Gen 7616 | best fit   11.187 | equity $   15760 | sortino 11.19 | trades 1011 | ✓ SURVIVED
Gen 7621 | best fit   11.187 | equity $   15760 | sortino 11.19 | trades 1011 | ✓ SURVIVED
Gen 7626 | best fit   11.187 | equity $   15760 | sortino 11.19 | trades 1011 | ✓ SURVIVED
Gen 7631 | best fit   11.187 | equity $   15760 | sortino 11.19 | trades 1011 | ✓ SURVIVED
Gen 7636 | best fit   11.187 | equity $   15760 | sortino 11.19 | trades 1011 | ✓ SURVIVED
Gen 7641 | best fit   11.187 | equity $   15760 | sortino 11.19 | trades 1011 | ✓ SURVIVED
Gen 7646 | best fit   11.187 | equity $   15760 | sortino 11.19 | trades 1011 | ✓ SURVIVED
Gen 7651 | best fit   11.187 | equity $   15760 | sortino 11.19 | trades 1011 | ✓ SURVIVED
Gen 7656 | best fit   11.187 | equity $   15760 | sortino 11.19 | trades 1011 | ✓ SURVIVED
Gen 7661 | best fit   11.187 | equity $   15760 | sortino 11.19 | trades 1011 | ✓ SURVIVED
Gen 7666 | best fit   11.187 | equity $   15760 | sortino 11.19 | trades 1011 | ✓ SURVIVED
Gen 7671 | best fit   11.187 | equity $   15760 | sortino 11.19 | trades 1011 | ✓ SURVIVED
Gen 7676 | best fit   11.187 | equity $   15760 | sortino 11.19 | trades 1011 | ✓ SURVIVED
Gen 7681 | best fit   11.187 | equity $   15760 | sortino 11.19 | trades 1011 | ✓ SURVIVED
Gen 7686 | best fit   11.187 | equity $   15760 | sortino 11.19 | trades 1011 | ✓ SURVIVED
Gen 7691 | best fit   11.187 | equity $   15760 | sortino 11.19 | trades 1011 | ✓ SURVIVED
Gen 7696 | best fit   11.187 | equity $   15760 | sortino 11.19 | trades 1011 | ✓ SURVIVED
Gen 7701 | best fit   11.187 | equity $   15760 | sortino 11.19 | trades 1011 | ✓ SURVIVED
Gen 7706 | best fit   11.187 | equity $   15760 | sortino 11.19 | trades 1011 | ✓ SURVIVED
Gen 7711 | best fit   11.187 | equity $   15760 | sortino 11.19 | trades 1011 | ✓ SURVIVED
Gen 7716 | best fit   11.187 | equity $   15760 | sortino 11.19 | trades 1011 | ✓ SURVIVED
Gen 7721 | best fit   11.187 | equity $   15760 | sortino 11.19 | trades 1011 | ✓ SURVIVED
Gen 7726 | best fit   11.187 | equity $   15760 | sortino 11.19 | trades 1011 | ✓ SURVIVED
Gen 7731 | best fit   11.187 | equity $   15760 | sortino 11.19 | trades 1011 | ✓ SURVIVED
Gen 7736 | best fit   11.187 | equity $   15760 | sortino 11.19 | trades 1011 | ✓ SURVIVED
Gen 7741 | best fit   11.187 | equity $   15760 | sortino 11.19 | trades 1011 | ✓ SURVIVED
Gen 7746 | best fit   11.187 | equity $   15760 | sortino 11.19 | trades 1011 | ✓ SURVIVED
Gen 7751 | best fit   11.187 | equity $   15760 | sortino 11.19 | trades 1011 | ✓ SURVIVED
Gen 7756 | best fit   11.187 | equity $   15760 | sortino 11.19 | trades 1011 | ✓ SURVIVED
Gen 7761 | best fit   11.187 | equity $   15760 | sortino 11.19 | trades 1011 | ✓ SURVIVED
Gen 7766 | best fit   11.187 | equity $   15760 | sortino 11.19 | trades 1011 | ✓ SURVIVED
Gen 7771 | best fit   11.187 | equity $   15760 | sortino 11.19 | trades 1011 | ✓ SURVIVED
Gen 7776 | best fit   11.187 | equity $   15760 | sortino 11.19 | trades 1011 | ✓ SURVIVED
Gen 7781 | best fit   11.187 | equity $   15760 | sortino 11.19 | trades 1011 | ✓ SURVIVED
Gen 7786 | best fit   11.187 | equity $   15760 | sortino 11.19 | trades 1011 | ✓ SURVIVED
Gen 7791 | best fit   11.187 | equity $   15760 | sortino 11.19 | trades 1011 | ✓ SURVIVED
Gen 7796 | best fit   11.187 | equity $   15760 | sortino 11.19 | trades 1011 | ✓ SURVIVED
Gen 7801 | best fit   11.187 | equity $   15760 | sortino 11.19 | trades 1011 | ✓ SURVIVED
Gen 7806 | best fit   11.187 | equity $   15760 | sortino 11.19 | trades 1011 | ✓ SURVIVED
Gen 7811 | best fit   11.187 | equity $   15760 | sortino 11.19 | trades 1011 | ✓ SURVIVED
Gen 7816 | best fit   11.187 | equity $   15760 | sortino 11.19 | trades 1011 | ✓ SURVIVED
Gen 7821 | best fit   11.187 | equity $   15760 | sortino 11.19 | trades 1011 | ✓ SURVIVED
Gen 7826 | best fit   11.187 | equity $   15760 | sortino 11.19 | trades 1011 | ✓ SURVIVED
Gen 7831 | best fit   11.187 | equity $   15760 | sortino 11.19 | trades 1011 | ✓ SURVIVED
Gen 7836 | best fit   11.187 | equity $   15760 | sortino 11.19 | trades 1011 | ✓ SURVIVED
Gen 7841 | best fit   11.187 | equity $   15760 | sortino 11.19 | trades 1011 | ✓ SURVIVED
Gen 7846 | best fit   11.187 | equity $   15760 | sortino 11.19 | trades 1011 | ✓ SURVIVED
Gen 7851 | best fit   11.187 | equity $   15760 | sortino 11.19 | trades 1011 | ✓ SURVIVED
Gen 7856 | best fit   11.187 | equity $   15760 | sortino 11.19 | trades 1011 | ✓ SURVIVED
Gen 7861 | best fit   11.187 | equity $   15760 | sortino 11.19 | trades 1011 | ✓ SURVIVED
Gen 7866 | best fit   11.187 | equity $   15760 | sortino 11.19 | trades 1011 | ✓ SURVIVED
Gen 7871 | best fit   11.187 | equity $   15760 | sortino 11.19 | trades 1011 | ✓ SURVIVED
Gen 7876 | best fit   11.187 | equity $   15760 | sortino 11.19 | trades 1011 | ✓ SURVIVED
Gen 7881 | best fit   11.187 | equity $   15760 | sortino 11.19 | trades 1011 | ✓ SURVIVED
Gen 7886 | best fit   11.187 | equity $   15760 | sortino 11.19 | trades 1011 | ✓ SURVIVED
Gen 7891 | best fit   11.187 | equity $   15760 | sortino 11.19 | trades 1011 | ✓ SURVIVED
Gen 7896 | best fit   11.187 | equity $   15760 | sortino 11.19 | trades 1011 | ✓ SURVIVED
Gen 7901 | best fit   11.187 | equity $   15760 | sortino 11.19 | trades 1011 | ✓ SURVIVED
Gen 7906 | best fit   11.187 | equity $   15760 | sortino 11.19 | trades 1011 | ✓ SURVIVED
Gen 7911 | best fit   11.187 | equity $   15760 | sortino 11.19 | trades 1011 | ✓ SURVIVED
Gen 7916 | best fit   11.187 | equity $   15760 | sortino 11.19 | trades 1011 | ✓ SURVIVED
Gen 7921 | best fit   11.187 | equity $   15760 | sortino 11.19 | trades 1011 | ✓ SURVIVED
Gen 7926 | best fit   11.187 | equity $   15760 | sortino 11.19 | trades 1011 | ✓ SURVIVED
Gen 7931 | best fit   11.187 | equity $   15760 | sortino 11.19 | trades 1011 | ✓ SURVIVED
Gen 7936 | best fit   11.187 | equity $   15760 | sortino 11.19 | trades 1011 | ✓ SURVIVED
Gen 7941 | best fit   11.187 | equity $   15760 | sortino 11.19 | trades 1011 | ✓ SURVIVED
Gen 7946 | best fit   11.187 | equity $   15760 | sortino 11.19 | trades 1011 | ✓ SURVIVED
Gen 7951 | best fit   11.187 | equity $   15760 | sortino 11.19 | trades 1011 | ✓ SURVIVED
Gen 7956 | best fit   11.187 | equity $   15760 | sortino 11.19 | trades 1011 | ✓ SURVIVED
Gen 7961 | best fit   11.187 | equity $   15760 | sortino 11.19 | trades 1011 | ✓ SURVIVED
Gen 7966 | best fit   11.187 | equity $   15760 | sortino 11.19 | trades 1011 | ✓ SURVIVED
Gen 7971 | best fit   11.187 | equity $   15760 | sortino 11.19 | trades 1011 | ✓ SURVIVED
Gen 7976 | best fit   11.187 | equity $   15760 | sortino 11.19 | trades 1011 | ✓ SURVIVED
Gen 7981 | best fit   11.187 | equity $   15760 | sortino 11.19 | trades 1011 | ✓ SURVIVED
Gen 7986 | best fit   11.187 | equity $   15760 | sortino 11.19 | trades 1011 | ✓ SURVIVED
Gen 7991 | best fit   11.187 | equity $   15760 | sortino 11.19 | trades 1011 | ✓ SURVIVED
Gen 7996 | best fit   11.187 | equity $   15760 | sortino 11.19 | trades 1011 | ✓ SURVIVED
Gen 8001 | best fit   11.187 | equity $   15760 | sortino 11.19 | trades 1011 | ✓ SURVIVED
Gen 8006 | best fit   11.187 | equity $   15760 | sortino 11.19 | trades 1011 | ✓ SURVIVED
Gen 8011 | best fit   11.187 | equity $   15760 | sortino 11.19 | trades 1011 | ✓ SURVIVED
Gen 8016 | best fit   11.187 | equity $   15760 | sortino 11.19 | trades 1011 | ✓ SURVIVED
Gen 8021 | best fit   11.187 | equity $   15760 | sortino 11.19 | trades 1011 | ✓ SURVIVED
Gen 8026 | best fit   11.187 | equity $   15760 | sortino 11.19 | trades 1011 | ✓ SURVIVED
Gen 8031 | best fit   11.187 | equity $   15760 | sortino 11.19 | trades 1011 | ✓ SURVIVED
Gen 8036 | best fit   11.187 | equity $   15760 | sortino 11.19 | trades 1011 | ✓ SURVIVED
Gen 8041 | best fit   11.187 | equity $   15760 | sortino 11.19 | trades 1011 | ✓ SURVIVED
Gen 8046 | best fit   11.187 | equity $   15760 | sortino 11.19 | trades 1011 | ✓ SURVIVED
Gen 8051 | best fit   11.187 | equity $   15760 | sortino 11.19 | trades 1011 | ✓ SURVIVED
Gen 8056 | best fit   11.187 | equity $   15760 | sortino 11.19 | trades 1011 | ✓ SURVIVED
Gen 8061 | best fit   11.187 | equity $   15760 | sortino 11.19 | trades 1011 | ✓ SURVIVED
Gen 8066 | best fit   11.187 | equity $   15760 | sortino 11.19 | trades 1011 | ✓ SURVIVED
Gen 8071 | best fit   11.187 | equity $   15760 | sortino 11.19 | trades 1011 | ✓ SURVIVED
Gen 8076 | best fit   11.187 | equity $   15760 | sortino 11.19 | trades 1011 | ✓ SURVIVED
Gen 8081 | best fit   11.187 | equity $   15760 | sortino 11.19 | trades 1011 | ✓ SURVIVED
Gen 8086 | best fit   11.187 | equity $   15760 | sortino 11.19 | trades 1011 | ✓ SURVIVED
Gen 8091 | best fit   11.187 | equity $   15760 | sortino 11.19 | trades 1011 | ✓ SURVIVED
Gen 8096 | best fit   11.187 | equity $   15760 | sortino 11.19 | trades 1011 | ✓ SURVIVED
Gen 8101 | best fit   11.187 | equity $   15760 | sortino 11.19 | trades 1011 | ✓ SURVIVED
Gen 8106 | best fit   11.187 | equity $   15760 | sortino 11.19 | trades 1011 | ✓ SURVIVED
Gen 8111 | best fit   11.187 | equity $   15760 | sortino 11.19 | trades 1011 | ✓ SURVIVED
Gen 8116 | best fit   11.187 | equity $   15760 | sortino 11.19 | trades 1011 | ✓ SURVIVED
Gen 8121 | best fit   11.187 | equity $   15760 | sortino 11.19 | trades 1011 | ✓ SURVIVED
Gen 8126 | best fit   11.187 | equity $   15760 | sortino 11.19 | trades 1011 | ✓ SURVIVED
Gen 8131 | best fit   11.187 | equity $   15760 | sortino 11.19 | trades 1011 | ✓ SURVIVED
Gen 8136 | best fit   11.187 | equity $   15760 | sortino 11.19 | trades 1011 | ✓ SURVIVED
Gen 8141 | best fit   11.187 | equity $   15760 | sortino 11.19 | trades 1011 | ✓ SURVIVED
Gen 8146 | best fit   11.187 | equity $   15760 | sortino 11.19 | trades 1011 | ✓ SURVIVED
Gen 8151 | best fit   11.187 | equity $   15760 | sortino 11.19 | trades 1011 | ✓ SURVIVED
Gen 8156 | best fit   11.187 | equity $   15760 | sortino 11.19 | trades 1011 | ✓ SURVIVED
Gen 8161 | best fit   11.187 | equity $   15760 | sortino 11.19 | trades 1011 | ✓ SURVIVED
Gen 8166 | best fit   11.187 | equity $   15760 | sortino 11.19 | trades 1011 | ✓ SURVIVED
Gen 8171 | best fit   11.187 | equity $   15760 | sortino 11.19 | trades 1011 | ✓ SURVIVED
Gen 8176 | best fit   11.187 | equity $   15760 | sortino 11.19 | trades 1011 | ✓ SURVIVED
Gen 8181 | best fit   11.187 | equity $   15760 | sortino 11.19 | trades 1011 | ✓ SURVIVED
Gen 8186 | best fit   11.187 | equity $   15760 | sortino 11.19 | trades 1011 | ✓ SURVIVED
Gen 8191 | best fit   11.187 | equity $   15760 | sortino 11.19 | trades 1011 | ✓ SURVIVED
Gen 8196 | best fit   11.187 | equity $   15760 | sortino 11.19 | trades 1011 | ✓ SURVIVED
Gen 8201 | best fit   11.187 | equity $   15760 | sortino 11.19 | trades 1011 | ✓ SURVIVED
Gen 8206 | best fit   11.187 | equity $   15760 | sortino 11.19 | trades 1011 | ✓ SURVIVED
Gen 8211 | best fit   11.187 | equity $   15760 | sortino 11.19 | trades 1011 | ✓ SURVIVED
Gen 8216 | best fit   11.187 | equity $   15760 | sortino 11.19 | trades 1011 | ✓ SURVIVED
Gen 8221 | best fit   11.187 | equity $   15760 | sortino 11.19 | trades 1011 | ✓ SURVIVED
Gen 8226 | best fit   11.187 | equity $   15760 | sortino 11.19 | trades 1011 | ✓ SURVIVED
Gen 8231 | best fit   11.187 | equity $   15760 | sortino 11.19 | trades 1011 | ✓ SURVIVED
Gen 8236 | best fit   11.187 | equity $   15760 | sortino 11.19 | trades 1011 | ✓ SURVIVED
Gen 8241 | best fit   11.187 | equity $   15760 | sortino 11.19 | trades 1011 | ✓ SURVIVED
Gen 8246 | best fit   11.187 | equity $   15760 | sortino 11.19 | trades 1011 | ✓ SURVIVED
Gen 8251 | best fit   11.187 | equity $   15760 | sortino 11.19 | trades 1011 | ✓ SURVIVED
Gen 8256 | best fit   11.187 | equity $   15760 | sortino 11.19 | trades 1011 | ✓ SURVIVED
Gen 8261 | best fit   11.187 | equity $   15760 | sortino 11.19 | trades 1011 | ✓ SURVIVED
Gen 8266 | best fit   11.187 | equity $   15760 | sortino 11.19 | trades 1011 | ✓ SURVIVED
Gen 8271 | best fit   11.187 | equity $   15760 | sortino 11.19 | trades 1011 | ✓ SURVIVED
Gen 8276 | best fit   11.187 | equity $   15760 | sortino 11.19 | trades 1011 | ✓ SURVIVED
Gen 8281 | best fit   11.187 | equity $   15760 | sortino 11.19 | trades 1011 | ✓ SURVIVED
Gen 8286 | best fit   11.187 | equity $   15760 | sortino 11.19 | trades 1011 | ✓ SURVIVED
Gen 8291 | best fit   11.187 | equity $   15760 | sortino 11.19 | trades 1011 | ✓ SURVIVED
Gen 8296 | best fit   11.187 | equity $   15760 | sortino 11.19 | trades 1011 | ✓ SURVIVED
Gen 8301 | best fit   11.187 | equity $   15760 | sortino 11.19 | trades 1011 | ✓ SURVIVED
Gen 8306 | best fit   11.187 | equity $   15760 | sortino 11.19 | trades 1011 | ✓ SURVIVED
Gen 8311 | best fit   11.187 | equity $   15760 | sortino 11.19 | trades 1011 | ✓ SURVIVED
Gen 8316 | best fit   11.187 | equity $   15760 | sortino 11.19 | trades 1011 | ✓ SURVIVED
Gen 8321 | best fit   11.187 | equity $   15760 | sortino 11.19 | trades 1011 | ✓ SURVIVED
Gen 8326 | best fit   11.187 | equity $   15760 | sortino 11.19 | trades 1011 | ✓ SURVIVED
Gen 8331 | best fit   11.187 | equity $   15760 | sortino 11.19 | trades 1011 | ✓ SURVIVED
Gen 8336 | best fit   11.187 | equity $   15760 | sortino 11.19 | trades 1011 | ✓ SURVIVED
Gen 8341 | best fit   11.187 | equity $   15760 | sortino 11.19 | trades 1011 | ✓ SURVIVED
Gen 8346 | best fit   11.187 | equity $   15760 | sortino 11.19 | trades 1011 | ✓ SURVIVED
Gen 8351 | best fit   11.187 | equity $   15760 | sortino 11.19 | trades 1011 | ✓ SURVIVED
Gen 8356 | best fit   11.187 | equity $   15760 | sortino 11.19 | trades 1011 | ✓ SURVIVED
Gen 8361 | best fit   11.187 | equity $   15760 | sortino 11.19 | trades 1011 | ✓ SURVIVED
Gen 8366 | best fit   11.187 | equity $   15760 | sortino 11.19 | trades 1011 | ✓ SURVIVED
Gen 8371 | best fit   11.187 | equity $   15760 | sortino 11.19 | trades 1011 | ✓ SURVIVED
Gen 8376 | best fit   11.187 | equity $   15760 | sortino 11.19 | trades 1011 | ✓ SURVIVED
Gen 8381 | best fit   11.187 | equity $   15760 | sortino 11.19 | trades 1011 | ✓ SURVIVED
Gen 8386 | best fit   11.187 | equity $   15760 | sortino 11.19 | trades 1011 | ✓ SURVIVED
Gen 8391 | best fit   11.187 | equity $   15760 | sortino 11.19 | trades 1011 | ✓ SURVIVED
Gen 8396 | best fit   11.187 | equity $   15760 | sortino 11.19 | trades 1011 | ✓ SURVIVED
Gen 8401 | best fit   11.187 | equity $   15760 | sortino 11.19 | trades 1011 | ✓ SURVIVED
Gen 8406 | best fit   11.187 | equity $   15760 | sortino 11.19 | trades 1011 | ✓ SURVIVED
Gen 8411 | best fit   11.187 | equity $   15760 | sortino 11.19 | trades 1011 | ✓ SURVIVED
Gen 8416 | best fit   11.187 | equity $   15760 | sortino 11.19 | trades 1011 | ✓ SURVIVED
Gen 8421 | best fit   11.187 | equity $   15760 | sortino 11.19 | trades 1011 | ✓ SURVIVED
Gen 8426 | best fit   11.187 | equity $   15760 | sortino 11.19 | trades 1011 | ✓ SURVIVED
Gen 8431 | best fit   11.187 | equity $   15760 | sortino 11.19 | trades 1011 | ✓ SURVIVED
Gen 8436 | best fit   11.187 | equity $   15760 | sortino 11.19 | trades 1011 | ✓ SURVIVED
Gen 8441 | best fit   11.187 | equity $   15760 | sortino 11.19 | trades 1011 | ✓ SURVIVED
Gen 8446 | best fit   11.187 | equity $   15760 | sortino 11.19 | trades 1011 | ✓ SURVIVED
Gen 8451 | best fit   11.187 | equity $   15760 | sortino 11.19 | trades 1011 | ✓ SURVIVED
Gen 8456 | best fit   11.187 | equity $   15760 | sortino 11.19 | trades 1011 | ✓ SURVIVED
Gen 8461 | best fit   11.187 | equity $   15760 | sortino 11.19 | trades 1011 | ✓ SURVIVED
Gen 8466 | best fit   11.187 | equity $   15760 | sortino 11.19 | trades 1011 | ✓ SURVIVED
Gen 8471 | best fit   11.187 | equity $   15760 | sortino 11.19 | trades 1011 | ✓ SURVIVED
Gen 8476 | best fit   11.187 | equity $   15760 | sortino 11.19 | trades 1011 | ✓ SURVIVED
Gen 8481 | best fit   11.187 | equity $   15760 | sortino 11.19 | trades 1011 | ✓ SURVIVED
Gen 8486 | best fit   11.187 | equity $   15760 | sortino 11.19 | trades 1011 | ✓ SURVIVED
Gen 8491 | best fit   11.187 | equity $   15760 | sortino 11.19 | trades 1011 | ✓ SURVIVED
Gen 8496 | best fit   11.187 | equity $   15760 | sortino 11.19 | trades 1011 | ✓ SURVIVED
Gen 8501 | best fit   11.187 | equity $   15760 | sortino 11.19 | trades 1011 | ✓ SURVIVED
Gen 8506 | best fit   11.187 | equity $   15760 | sortino 11.19 | trades 1011 | ✓ SURVIVED
Gen 8511 | best fit   11.187 | equity $   15760 | sortino 11.19 | trades 1011 | ✓ SURVIVED
Gen 8516 | best fit   11.187 | equity $   15760 | sortino 11.19 | trades 1011 | ✓ SURVIVED
Gen 8521 | best fit   11.187 | equity $   15760 | sortino 11.19 | trades 1011 | ✓ SURVIVED
Gen 8526 | best fit   11.187 | equity $   15760 | sortino 11.19 | trades 1011 | ✓ SURVIVED
Gen 8531 | best fit   11.187 | equity $   15760 | sortino 11.19 | trades 1011 | ✓ SURVIVED
Gen 8536 | best fit   11.187 | equity $   15760 | sortino 11.19 | trades 1011 | ✓ SURVIVED
Gen 8541 | best fit   11.187 | equity $   15760 | sortino 11.19 | trades 1011 | ✓ SURVIVED
Gen 8546 | best fit   11.187 | equity $   15760 | sortino 11.19 | trades 1011 | ✓ SURVIVED
Gen 8551 | best fit   11.187 | equity $   15760 | sortino 11.19 | trades 1011 | ✓ SURVIVED
Gen 8556 | best fit   11.187 | equity $   15760 | sortino 11.19 | trades 1011 | ✓ SURVIVED
Gen 8561 | best fit   11.187 | equity $   15760 | sortino 11.19 | trades 1011 | ✓ SURVIVED
Gen 8566 | best fit   11.187 | equity $   15760 | sortino 11.19 | trades 1011 | ✓ SURVIVED
Gen 8571 | best fit   11.187 | equity $   15760 | sortino 11.19 | trades 1011 | ✓ SURVIVED
Gen 8576 | best fit   11.187 | equity $   15760 | sortino 11.19 | trades 1011 | ✓ SURVIVED
Gen 8581 | best fit   11.187 | equity $   15760 | sortino 11.19 | trades 1011 | ✓ SURVIVED
Gen 8586 | best fit   11.187 | equity $   15760 | sortino 11.19 | trades 1011 | ✓ SURVIVED
Gen 8591 | best fit   11.187 | equity $   15760 | sortino 11.19 | trades 1011 | ✓ SURVIVED
Gen 8596 | best fit   11.187 | equity $   15760 | sortino 11.19 | trades 1011 | ✓ SURVIVED
Gen 8601 | best fit   11.187 | equity $   15760 | sortino 11.19 | trades 1011 | ✓ SURVIVED
Gen 8606 | best fit   11.187 | equity $   15760 | sortino 11.19 | trades 1011 | ✓ SURVIVED
Gen 8611 | best fit   11.187 | equity $   15760 | sortino 11.19 | trades 1011 | ✓ SURVIVED
Gen 8616 | best fit   11.187 | equity $   15760 | sortino 11.19 | trades 1011 | ✓ SURVIVED
Gen 8621 | best fit   11.187 | equity $   15760 | sortino 11.19 | trades 1011 | ✓ SURVIVED
Gen 8626 | best fit   11.187 | equity $   15760 | sortino 11.19 | trades 1011 | ✓ SURVIVED
Gen 8631 | best fit   11.187 | equity $   15760 | sortino 11.19 | trades 1011 | ✓ SURVIVED
Gen 8636 | best fit   11.187 | equity $   15760 | sortino 11.19 | trades 1011 | ✓ SURVIVED
Gen 8641 | best fit   11.187 | equity $   15760 | sortino 11.19 | trades 1011 | ✓ SURVIVED
Gen 8646 | best fit   11.187 | equity $   15760 | sortino 11.19 | trades 1011 | ✓ SURVIVED
Gen 8651 | best fit   11.187 | equity $   15760 | sortino 11.19 | trades 1011 | ✓ SURVIVED
Gen 8656 | best fit   11.187 | equity $   15760 | sortino 11.19 | trades 1011 | ✓ SURVIVED
Gen 8661 | best fit   11.187 | equity $   15760 | sortino 11.19 | trades 1011 | ✓ SURVIVED
Gen 8666 | best fit   11.187 | equity $   15760 | sortino 11.19 | trades 1011 | ✓ SURVIVED
Gen 8671 | best fit   11.187 | equity $   15760 | sortino 11.19 | trades 1011 | ✓ SURVIVED
Gen 8676 | best fit   11.187 | equity $   15760 | sortino 11.19 | trades 1011 | ✓ SURVIVED
Gen 8681 | best fit   11.187 | equity $   15760 | sortino 11.19 | trades 1011 | ✓ SURVIVED
Gen 8686 | best fit   11.187 | equity $   15760 | sortino 11.19 | trades 1011 | ✓ SURVIVED
Gen 8691 | best fit   11.187 | equity $   15760 | sortino 11.19 | trades 1011 | ✓ SURVIVED
Gen 8696 | best fit   11.187 | equity $   15760 | sortino 11.19 | trades 1011 | ✓ SURVIVED
Gen 8701 | best fit   11.187 | equity $   15760 | sortino 11.19 | trades 1011 | ✓ SURVIVED
Gen 8706 | best fit   11.187 | equity $   15760 | sortino 11.19 | trades 1011 | ✓ SURVIVED
Gen 8711 | best fit   11.187 | equity $   15760 | sortino 11.19 | trades 1011 | ✓ SURVIVED
Gen 8716 | best fit   11.187 | equity $   15760 | sortino 11.19 | trades 1011 | ✓ SURVIVED
Gen 8721 | best fit   11.187 | equity $   15760 | sortino 11.19 | trades 1011 | ✓ SURVIVED
Gen 8726 | best fit   11.187 | equity $   15760 | sortino 11.19 | trades 1011 | ✓ SURVIVED
Gen 8731 | best fit   11.187 | equity $   15760 | sortino 11.19 | trades 1011 | ✓ SURVIVED
Gen 8736 | best fit   11.187 | equity $   15760 | sortino 11.19 | trades 1011 | ✓ SURVIVED
Gen 8741 | best fit   11.187 | equity $   15760 | sortino 11.19 | trades 1011 | ✓ SURVIVED
Gen 8746 | best fit   11.187 | equity $   15760 | sortino 11.19 | trades 1011 | ✓ SURVIVED
Gen 8751 | best fit   11.187 | equity $   15760 | sortino 11.19 | trades 1011 | ✓ SURVIVED
Gen 8756 | best fit   11.187 | equity $   15760 | sortino 11.19 | trades 1011 | ✓ SURVIVED
Gen 8761 | best fit   11.187 | equity $   15760 | sortino 11.19 | trades 1011 | ✓ SURVIVED
Gen 8766 | best fit   11.187 | equity $   15760 | sortino 11.19 | trades 1011 | ✓ SURVIVED
Gen 8771 | best fit   11.187 | equity $   15760 | sortino 11.19 | trades 1011 | ✓ SURVIVED
Gen 8776 | best fit   11.187 | equity $   15760 | sortino 11.19 | trades 1011 | ✓ SURVIVED
Gen 8781 | best fit   11.187 | equity $   15760 | sortino 11.19 | trades 1011 | ✓ SURVIVED
Gen 8786 | best fit   11.187 | equity $   15760 | sortino 11.19 | trades 1011 | ✓ SURVIVED
Gen 8791 | best fit   11.187 | equity $   15760 | sortino 11.19 | trades 1011 | ✓ SURVIVED
Gen 8796 | best fit   11.187 | equity $   15760 | sortino 11.19 | trades 1011 | ✓ SURVIVED
Gen 8801 | best fit   11.187 | equity $   15760 | sortino 11.19 | trades 1011 | ✓ SURVIVED
Gen 8806 | best fit   11.187 | equity $   15760 | sortino 11.19 | trades 1011 | ✓ SURVIVED
Gen 8811 | best fit   11.187 | equity $   15760 | sortino 11.19 | trades 1011 | ✓ SURVIVED
Gen 8816 | best fit   11.187 | equity $   15760 | sortino 11.19 | trades 1011 | ✓ SURVIVED
Gen 8821 | best fit   11.187 | equity $   15760 | sortino 11.19 | trades 1011 | ✓ SURVIVED
Gen 8826 | best fit   11.187 | equity $   15760 | sortino 11.19 | trades 1011 | ✓ SURVIVED
Gen 8831 | best fit   11.187 | equity $   15760 | sortino 11.19 | trades 1011 | ✓ SURVIVED
Gen 8836 | best fit   11.187 | equity $   15760 | sortino 11.19 | trades 1011 | ✓ SURVIVED
Gen 8841 | best fit   11.187 | equity $   15760 | sortino 11.19 | trades 1011 | ✓ SURVIVED
Gen 8846 | best fit   11.187 | equity $   15760 | sortino 11.19 | trades 1011 | ✓ SURVIVED
Gen 8851 | best fit   11.187 | equity $   15760 | sortino 11.19 | trades 1011 | ✓ SURVIVED
Gen 8856 | best fit   11.187 | equity $   15760 | sortino 11.19 | trades 1011 | ✓ SURVIVED
Gen 8861 | best fit   11.187 | equity $   15760 | sortino 11.19 | trades 1011 | ✓ SURVIVED
Gen 8866 | best fit   11.187 | equity $   15760 | sortino 11.19 | trades 1011 | ✓ SURVIVED
Gen 8871 | best fit   11.187 | equity $   15760 | sortino 11.19 | trades 1011 | ✓ SURVIVED
Gen 8876 | best fit   11.187 | equity $   15760 | sortino 11.19 | trades 1011 | ✓ SURVIVED
Gen 8881 | best fit   11.187 | equity $   15760 | sortino 11.19 | trades 1011 | ✓ SURVIVED
Gen 8886 | best fit   11.187 | equity $   15760 | sortino 11.19 | trades 1011 | ✓ SURVIVED
Gen 8891 | best fit   11.187 | equity $   15760 | sortino 11.19 | trades 1011 | ✓ SURVIVED
Gen 8896 | best fit   11.187 | equity $   15760 | sortino 11.19 | trades 1011 | ✓ SURVIVED
Gen 8901 | best fit   11.187 | equity $   15760 | sortino 11.19 | trades 1011 | ✓ SURVIVED
Gen 8906 | best fit   11.187 | equity $   15760 | sortino 11.19 | trades 1011 | ✓ SURVIVED
Gen 8911 | best fit   11.187 | equity $   15760 | sortino 11.19 | trades 1011 | ✓ SURVIVED
Gen 8916 | best fit   11.187 | equity $   15760 | sortino 11.19 | trades 1011 | ✓ SURVIVED
Gen 8921 | best fit   11.187 | equity $   15760 | sortino 11.19 | trades 1011 | ✓ SURVIVED
Gen 8926 | best fit   11.187 | equity $   15760 | sortino 11.19 | trades 1011 | ✓ SURVIVED
Gen 8931 | best fit   11.187 | equity $   15760 | sortino 11.19 | trades 1011 | ✓ SURVIVED
Gen 8936 | best fit   11.187 | equity $   15760 | sortino 11.19 | trades 1011 | ✓ SURVIVED
Gen 8941 | best fit   11.187 | equity $   15760 | sortino 11.19 | trades 1011 | ✓ SURVIVED
Gen 8946 | best fit   11.187 | equity $   15760 | sortino 11.19 | trades 1011 | ✓ SURVIVED
Gen 8951 | best fit   11.187 | equity $   15760 | sortino 11.19 | trades 1011 | ✓ SURVIVED
Gen 8956 | best fit   11.187 | equity $   15760 | sortino 11.19 | trades 1011 | ✓ SURVIVED
Gen 8961 | best fit   11.187 | equity $   15760 | sortino 11.19 | trades 1011 | ✓ SURVIVED
Gen 8966 | best fit   11.187 | equity $   15760 | sortino 11.19 | trades 1011 | ✓ SURVIVED
Gen 8971 | best fit   11.187 | equity $   15760 | sortino 11.19 | trades 1011 | ✓ SURVIVED
Gen 8976 | best fit   11.187 | equity $   15760 | sortino 11.19 | trades 1011 | ✓ SURVIVED
Gen 8981 | best fit   11.187 | equity $   15760 | sortino 11.19 | trades 1011 | ✓ SURVIVED
Gen 8986 | best fit   11.187 | equity $   15760 | sortino 11.19 | trades 1011 | ✓ SURVIVED
Gen 8991 | best fit   11.187 | equity $   15760 | sortino 11.19 | trades 1011 | ✓ SURVIVED
Gen 8996 | best fit   11.187 | equity $   15760 | sortino 11.19 | trades 1011 | ✓ SURVIVED
Gen 9001 | best fit   11.187 | equity $   15760 | sortino 11.19 | trades 1011 | ✓ SURVIVED
Gen 9006 | best fit   11.187 | equity $   15760 | sortino 11.19 | trades 1011 | ✓ SURVIVED
Gen 9011 | best fit   11.187 | equity $   15760 | sortino 11.19 | trades 1011 | ✓ SURVIVED
Gen 9016 | best fit   11.187 | equity $   15760 | sortino 11.19 | trades 1011 | ✓ SURVIVED
Gen 9021 | best fit   11.187 | equity $   15760 | sortino 11.19 | trades 1011 | ✓ SURVIVED
Gen 9026 | best fit   11.187 | equity $   15760 | sortino 11.19 | trades 1011 | ✓ SURVIVED
Gen 9031 | best fit   11.187 | equity $   15760 | sortino 11.19 | trades 1011 | ✓ SURVIVED
Gen 9036 | best fit   11.187 | equity $   15760 | sortino 11.19 | trades 1011 | ✓ SURVIVED
Gen 9041 | best fit   11.187 | equity $   15760 | sortino 11.19 | trades 1011 | ✓ SURVIVED
Gen 9046 | best fit   11.187 | equity $   15760 | sortino 11.19 | trades 1011 | ✓ SURVIVED
Gen 9051 | best fit   11.187 | equity $   15760 | sortino 11.19 | trades 1011 | ✓ SURVIVED
Gen 9056 | best fit   11.187 | equity $   15760 | sortino 11.19 | trades 1011 | ✓ SURVIVED
Gen 9061 | best fit   11.187 | equity $   15760 | sortino 11.19 | trades 1011 | ✓ SURVIVED
Gen 9066 | best fit   11.187 | equity $   15760 | sortino 11.19 | trades 1011 | ✓ SURVIVED
Gen 9071 | best fit   11.187 | equity $   15760 | sortino 11.19 | trades 1011 | ✓ SURVIVED
Gen 9076 | best fit   11.187 | equity $   15760 | sortino 11.19 | trades 1011 | ✓ SURVIVED
Gen 9081 | best fit   11.187 | equity $   15760 | sortino 11.19 | trades 1011 | ✓ SURVIVED
Gen 9086 | best fit   11.187 | equity $   15760 | sortino 11.19 | trades 1011 | ✓ SURVIVED
Gen 9091 | best fit   11.187 | equity $   15760 | sortino 11.19 | trades 1011 | ✓ SURVIVED
Gen 9096 | best fit   11.187 | equity $   15760 | sortino 11.19 | trades 1011 | ✓ SURVIVED
Gen 9101 | best fit   11.187 | equity $   15760 | sortino 11.19 | trades 1011 | ✓ SURVIVED
Gen 9106 | best fit   11.187 | equity $   15760 | sortino 11.19 | trades 1011 | ✓ SURVIVED
Gen 9111 | best fit   11.187 | equity $   15760 | sortino 11.19 | trades 1011 | ✓ SURVIVED
Gen 9116 | best fit   11.187 | equity $   15760 | sortino 11.19 | trades 1011 | ✓ SURVIVED
Gen 9121 | best fit   11.187 | equity $   15760 | sortino 11.19 | trades 1011 | ✓ SURVIVED
Gen 9126 | best fit   11.187 | equity $   15760 | sortino 11.19 | trades 1011 | ✓ SURVIVED
Gen 9131 | best fit   11.187 | equity $   15760 | sortino 11.19 | trades 1011 | ✓ SURVIVED
Gen 9136 | best fit   11.187 | equity $   15760 | sortino 11.19 | trades 1011 | ✓ SURVIVED
Gen 9141 | best fit   11.187 | equity $   15760 | sortino 11.19 | trades 1011 | ✓ SURVIVED
Gen 9146 | best fit   11.187 | equity $   15760 | sortino 11.19 | trades 1011 | ✓ SURVIVED
Gen 9151 | best fit   11.187 | equity $   15760 | sortino 11.19 | trades 1011 | ✓ SURVIVED
Gen 9156 | best fit   11.187 | equity $   15760 | sortino 11.19 | trades 1011 | ✓ SURVIVED
Gen 9161 | best fit   11.187 | equity $   15760 | sortino 11.19 | trades 1011 | ✓ SURVIVED
Gen 9166 | best fit   11.187 | equity $   15760 | sortino 11.19 | trades 1011 | ✓ SURVIVED
Gen 9171 | best fit   11.187 | equity $   15760 | sortino 11.19 | trades 1011 | ✓ SURVIVED
Gen 9176 | best fit   11.187 | equity $   15760 | sortino 11.19 | trades 1011 | ✓ SURVIVED
Gen 9181 | best fit   11.187 | equity $   15760 | sortino 11.19 | trades 1011 | ✓ SURVIVED
Gen 9186 | best fit   11.187 | equity $   15760 | sortino 11.19 | trades 1011 | ✓ SURVIVED
Gen 9191 | best fit   11.187 | equity $   15760 | sortino 11.19 | trades 1011 | ✓ SURVIVED
Gen 9196 | best fit   11.187 | equity $   15760 | sortino 11.19 | trades 1011 | ✓ SURVIVED
Gen 9201 | best fit   11.187 | equity $   15760 | sortino 11.19 | trades 1011 | ✓ SURVIVED
Gen 9206 | best fit   11.187 | equity $   15760 | sortino 11.19 | trades 1011 | ✓ SURVIVED
Gen 9211 | best fit   11.187 | equity $   15760 | sortino 11.19 | trades 1011 | ✓ SURVIVED
Gen 9216 | best fit   11.187 | equity $   15760 | sortino 11.19 | trades 1011 | ✓ SURVIVED
Gen 9221 | best fit   11.187 | equity $   15760 | sortino 11.19 | trades 1011 | ✓ SURVIVED
Gen 9226 | best fit   11.187 | equity $   15760 | sortino 11.19 | trades 1011 | ✓ SURVIVED
Gen 9231 | best fit   11.187 | equity $   15760 | sortino 11.19 | trades 1011 | ✓ SURVIVED
Gen 9236 | best fit   11.187 | equity $   15760 | sortino 11.19 | trades 1011 | ✓ SURVIVED
Gen 9241 | best fit   11.187 | equity $   15760 | sortino 11.19 | trades 1011 | ✓ SURVIVED
Gen 9246 | best fit   11.187 | equity $   15760 | sortino 11.19 | trades 1011 | ✓ SURVIVED
Gen 9251 | best fit   11.187 | equity $   15760 | sortino 11.19 | trades 1011 | ✓ SURVIVED
Gen 9256 | best fit   11.187 | equity $   15760 | sortino 11.19 | trades 1011 | ✓ SURVIVED
Gen 9261 | best fit   11.187 | equity $   15760 | sortino 11.19 | trades 1011 | ✓ SURVIVED
Gen 9266 | best fit   11.187 | equity $   15760 | sortino 11.19 | trades 1011 | ✓ SURVIVED
Gen 9271 | best fit   11.187 | equity $   15760 | sortino 11.19 | trades 1011 | ✓ SURVIVED
Gen 9276 | best fit   11.187 | equity $   15760 | sortino 11.19 | trades 1011 | ✓ SURVIVED
Gen 9281 | best fit   11.187 | equity $   15760 | sortino 11.19 | trades 1011 | ✓ SURVIVED
Gen 9286 | best fit   11.187 | equity $   15760 | sortino 11.19 | trades 1011 | ✓ SURVIVED
Gen 9291 | best fit   11.187 | equity $   15760 | sortino 11.19 | trades 1011 | ✓ SURVIVED
Gen 9296 | best fit   11.187 | equity $   15760 | sortino 11.19 | trades 1011 | ✓ SURVIVED
Gen 9301 | best fit   11.187 | equity $   15760 | sortino 11.19 | trades 1011 | ✓ SURVIVED
Gen 9306 | best fit   11.187 | equity $   15760 | sortino 11.19 | trades 1011 | ✓ SURVIVED
Gen 9311 | best fit   11.187 | equity $   15760 | sortino 11.19 | trades 1011 | ✓ SURVIVED
Gen 9316 | best fit   11.187 | equity $   15760 | sortino 11.19 | trades 1011 | ✓ SURVIVED
Gen 9321 | best fit   11.187 | equity $   15760 | sortino 11.19 | trades 1011 | ✓ SURVIVED
Gen 9326 | best fit   11.187 | equity $   15760 | sortino 11.19 | trades 1011 | ✓ SURVIVED
Gen 9331 | best fit   11.187 | equity $   15760 | sortino 11.19 | trades 1011 | ✓ SURVIVED
Gen 9336 | best fit   11.187 | equity $   15760 | sortino 11.19 | trades 1011 | ✓ SURVIVED
Gen 9341 | best fit   11.187 | equity $   15760 | sortino 11.19 | trades 1011 | ✓ SURVIVED
Gen 9346 | best fit   11.187 | equity $   15760 | sortino 11.19 | trades 1011 | ✓ SURVIVED
Gen 9351 | best fit   11.187 | equity $   15760 | sortino 11.19 | trades 1011 | ✓ SURVIVED
Gen 9356 | best fit   11.187 | equity $   15760 | sortino 11.19 | trades 1011 | ✓ SURVIVED
Gen 9361 | best fit   11.187 | equity $   15760 | sortino 11.19 | trades 1011 | ✓ SURVIVED
Gen 9366 | best fit   11.187 | equity $   15760 | sortino 11.19 | trades 1011 | ✓ SURVIVED
Gen 9371 | best fit   11.187 | equity $   15760 | sortino 11.19 | trades 1011 | ✓ SURVIVED
Gen 9376 | best fit   11.187 | equity $   15760 | sortino 11.19 | trades 1011 | ✓ SURVIVED
Gen 9381 | best fit   11.187 | equity $   15760 | sortino 11.19 | trades 1011 | ✓ SURVIVED
Gen 9386 | best fit   11.187 | equity $   15760 | sortino 11.19 | trades 1011 | ✓ SURVIVED
Gen 9391 | best fit   11.187 | equity $   15760 | sortino 11.19 | trades 1011 | ✓ SURVIVED
Gen 9396 | best fit   11.187 | equity $   15760 | sortino 11.19 | trades 1011 | ✓ SURVIVED
Gen 9401 | best fit   11.187 | equity $   15760 | sortino 11.19 | trades 1011 | ✓ SURVIVED
Gen 9406 | best fit   11.187 | equity $   15760 | sortino 11.19 | trades 1011 | ✓ SURVIVED
Gen 9411 | best fit   11.187 | equity $   15760 | sortino 11.19 | trades 1011 | ✓ SURVIVED
Gen 9416 | best fit   11.187 | equity $   15760 | sortino 11.19 | trades 1011 | ✓ SURVIVED
Gen 9421 | best fit   11.187 | equity $   15760 | sortino 11.19 | trades 1011 | ✓ SURVIVED
Gen 9426 | best fit   11.187 | equity $   15760 | sortino 11.19 | trades 1011 | ✓ SURVIVED
Gen 9431 | best fit   11.187 | equity $   15760 | sortino 11.19 | trades 1011 | ✓ SURVIVED
Gen 9436 | best fit   11.187 | equity $   15760 | sortino 11.19 | trades 1011 | ✓ SURVIVED
Gen 9441 | best fit   11.187 | equity $   15760 | sortino 11.19 | trades 1011 | ✓ SURVIVED
Gen 9446 | best fit   11.187 | equity $   15760 | sortino 11.19 | trades 1011 | ✓ SURVIVED
Gen 9451 | best fit   11.187 | equity $   15760 | sortino 11.19 | trades 1011 | ✓ SURVIVED
Gen 9456 | best fit   11.187 | equity $   15760 | sortino 11.19 | trades 1011 | ✓ SURVIVED
Gen 9461 | best fit   11.187 | equity $   15760 | sortino 11.19 | trades 1011 | ✓ SURVIVED
Gen 9466 | best fit   11.187 | equity $   15760 | sortino 11.19 | trades 1011 | ✓ SURVIVED
Gen 9471 | best fit   11.187 | equity $   15760 | sortino 11.19 | trades 1011 | ✓ SURVIVED
Gen 9476 | best fit   11.187 | equity $   15760 | sortino 11.19 | trades 1011 | ✓ SURVIVED
Gen 9481 | best fit   11.187 | equity $   15760 | sortino 11.19 | trades 1011 | ✓ SURVIVED
Gen 9486 | best fit   11.187 | equity $   15760 | sortino 11.19 | trades 1011 | ✓ SURVIVED
Gen 9491 | best fit   11.187 | equity $   15760 | sortino 11.19 | trades 1011 | ✓ SURVIVED
Gen 9496 | best fit   11.187 | equity $   15760 | sortino 11.19 | trades 1011 | ✓ SURVIVED
Gen 9501 | best fit   11.187 | equity $   15760 | sortino 11.19 | trades 1011 | ✓ SURVIVED
Gen 9506 | best fit   11.187 | equity $   15760 | sortino 11.19 | trades 1011 | ✓ SURVIVED
Gen 9511 | best fit   11.187 | equity $   15760 | sortino 11.19 | trades 1011 | ✓ SURVIVED
Gen 9516 | best fit   11.187 | equity $   15760 | sortino 11.19 | trades 1011 | ✓ SURVIVED
Gen 9521 | best fit   11.187 | equity $   15760 | sortino 11.19 | trades 1011 | ✓ SURVIVED
Gen 9526 | best fit   11.187 | equity $   15760 | sortino 11.19 | trades 1011 | ✓ SURVIVED
Gen 9531 | best fit   11.187 | equity $   15760 | sortino 11.19 | trades 1011 | ✓ SURVIVED
Gen 9536 | best fit   11.187 | equity $   15760 | sortino 11.19 | trades 1011 | ✓ SURVIVED
Gen 9541 | best fit   11.187 | equity $   15760 | sortino 11.19 | trades 1011 | ✓ SURVIVED
Gen 9546 | best fit   11.187 | equity $   15760 | sortino 11.19 | trades 1011 | ✓ SURVIVED
Gen 9551 | best fit   11.187 | equity $   15760 | sortino 11.19 | trades 1011 | ✓ SURVIVED
Gen 9556 | best fit   11.187 | equity $   15760 | sortino 11.19 | trades 1011 | ✓ SURVIVED
Gen 9561 | best fit   11.187 | equity $   15760 | sortino 11.19 | trades 1011 | ✓ SURVIVED
Gen 9566 | best fit   11.187 | equity $   15760 | sortino 11.19 | trades 1011 | ✓ SURVIVED
Gen 9571 | best fit   11.187 | equity $   15760 | sortino 11.19 | trades 1011 | ✓ SURVIVED
Gen 9576 | best fit   11.187 | equity $   15760 | sortino 11.19 | trades 1011 | ✓ SURVIVED
Gen 9581 | best fit   11.187 | equity $   15760 | sortino 11.19 | trades 1011 | ✓ SURVIVED
Gen 9586 | best fit   11.187 | equity $   15760 | sortino 11.19 | trades 1011 | ✓ SURVIVED
Gen 9591 | best fit   11.187 | equity $   15760 | sortino 11.19 | trades 1011 | ✓ SURVIVED
Gen 9596 | best fit   11.187 | equity $   15760 | sortino 11.19 | trades 1011 | ✓ SURVIVED
Gen 9601 | best fit   11.187 | equity $   15760 | sortino 11.19 | trades 1011 | ✓ SURVIVED
Gen 9606 | best fit   11.187 | equity $   15760 | sortino 11.19 | trades 1011 | ✓ SURVIVED
Gen 9611 | best fit   11.187 | equity $   15760 | sortino 11.19 | trades 1011 | ✓ SURVIVED
Gen 9616 | best fit   11.187 | equity $   15760 | sortino 11.19 | trades 1011 | ✓ SURVIVED
Gen 9621 | best fit   11.187 | equity $   15760 | sortino 11.19 | trades 1011 | ✓ SURVIVED
Gen 9626 | best fit   11.187 | equity $   15760 | sortino 11.19 | trades 1011 | ✓ SURVIVED
Gen 9631 | best fit   11.187 | equity $   15760 | sortino 11.19 | trades 1011 | ✓ SURVIVED
Gen 9636 | best fit   11.187 | equity $   15760 | sortino 11.19 | trades 1011 | ✓ SURVIVED
Gen 9641 | best fit   11.187 | equity $   15760 | sortino 11.19 | trades 1011 | ✓ SURVIVED
Gen 9646 | best fit   11.187 | equity $   15760 | sortino 11.19 | trades 1011 | ✓ SURVIVED
Gen 9651 | best fit   11.187 | equity $   15760 | sortino 11.19 | trades 1011 | ✓ SURVIVED
Gen 9656 | best fit   11.187 | equity $   15760 | sortino 11.19 | trades 1011 | ✓ SURVIVED
Gen 9661 | best fit   11.187 | equity $   15760 | sortino 11.19 | trades 1011 | ✓ SURVIVED
Gen 9666 | best fit   11.187 | equity $   15760 | sortino 11.19 | trades 1011 | ✓ SURVIVED
Gen 9671 | best fit   11.187 | equity $   15760 | sortino 11.19 | trades 1011 | ✓ SURVIVED
Gen 9676 | best fit   11.187 | equity $   15760 | sortino 11.19 | trades 1011 | ✓ SURVIVED
Gen 9681 | best fit   11.187 | equity $   15760 | sortino 11.19 | trades 1011 | ✓ SURVIVED
Gen 9686 | best fit   11.187 | equity $   15760 | sortino 11.19 | trades 1011 | ✓ SURVIVED
Gen 9691 | best fit   11.187 | equity $   15760 | sortino 11.19 | trades 1011 | ✓ SURVIVED
Gen 9696 | best fit   11.187 | equity $   15760 | sortino 11.19 | trades 1011 | ✓ SURVIVED
Gen 9701 | best fit   11.187 | equity $   15760 | sortino 11.19 | trades 1011 | ✓ SURVIVED
Gen 9706 | best fit   11.187 | equity $   15760 | sortino 11.19 | trades 1011 | ✓ SURVIVED
Gen 9711 | best fit   11.187 | equity $   15760 | sortino 11.19 | trades 1011 | ✓ SURVIVED
Gen 9716 | best fit   11.187 | equity $   15760 | sortino 11.19 | trades 1011 | ✓ SURVIVED
Gen 9721 | best fit   11.187 | equity $   15760 | sortino 11.19 | trades 1011 | ✓ SURVIVED
Gen 9726 | best fit   11.187 | equity $   15760 | sortino 11.19 | trades 1011 | ✓ SURVIVED
Gen 9731 | best fit   11.187 | equity $   15760 | sortino 11.19 | trades 1011 | ✓ SURVIVED
Gen 9736 | best fit   11.187 | equity $   15760 | sortino 11.19 | trades 1011 | ✓ SURVIVED
Gen 9741 | best fit   11.187 | equity $   15760 | sortino 11.19 | trades 1011 | ✓ SURVIVED
Gen 9746 | best fit   11.187 | equity $   15760 | sortino 11.19 | trades 1011 | ✓ SURVIVED
Gen 9751 | best fit   11.187 | equity $   15760 | sortino 11.19 | trades 1011 | ✓ SURVIVED
Gen 9756 | best fit   11.187 | equity $   15760 | sortino 11.19 | trades 1011 | ✓ SURVIVED
Gen 9761 | best fit   11.187 | equity $   15760 | sortino 11.19 | trades 1011 | ✓ SURVIVED
Gen 9766 | best fit   11.187 | equity $   15760 | sortino 11.19 | trades 1011 | ✓ SURVIVED
Gen 9771 | best fit   11.187 | equity $   15760 | sortino 11.19 | trades 1011 | ✓ SURVIVED
Gen 9776 | best fit   11.187 | equity $   15760 | sortino 11.19 | trades 1011 | ✓ SURVIVED
Gen 9781 | best fit   11.187 | equity $   15760 | sortino 11.19 | trades 1011 | ✓ SURVIVED
Gen 9786 | best fit   11.187 | equity $   15760 | sortino 11.19 | trades 1011 | ✓ SURVIVED
Gen 9791 | best fit   11.187 | equity $   15760 | sortino 11.19 | trades 1011 | ✓ SURVIVED
Gen 9796 | best fit   11.187 | equity $   15760 | sortino 11.19 | trades 1011 | ✓ SURVIVED
Gen 9801 | best fit   11.187 | equity $   15760 | sortino 11.19 | trades 1011 | ✓ SURVIVED
Gen 9806 | best fit   11.187 | equity $   15760 | sortino 11.19 | trades 1011 | ✓ SURVIVED
Gen 9811 | best fit   11.187 | equity $   15760 | sortino 11.19 | trades 1011 | ✓ SURVIVED
Gen 9816 | best fit   11.187 | equity $   15760 | sortino 11.19 | trades 1011 | ✓ SURVIVED
Gen 9821 | best fit   11.187 | equity $   15760 | sortino 11.19 | trades 1011 | ✓ SURVIVED
Gen 9826 | best fit   11.187 | equity $   15760 | sortino 11.19 | trades 1011 | ✓ SURVIVED
Gen 9831 | best fit   11.187 | equity $   15760 | sortino 11.19 | trades 1011 | ✓ SURVIVED
Gen 9836 | best fit   11.187 | equity $   15760 | sortino 11.19 | trades 1011 | ✓ SURVIVED
Gen 9841 | best fit   11.187 | equity $   15760 | sortino 11.19 | trades 1011 | ✓ SURVIVED
Gen 9846 | best fit   11.187 | equity $   15760 | sortino 11.19 | trades 1011 | ✓ SURVIVED
Gen 9851 | best fit   11.187 | equity $   15760 | sortino 11.19 | trades 1011 | ✓ SURVIVED
Gen 9856 | best fit   11.187 | equity $   15760 | sortino 11.19 | trades 1011 | ✓ SURVIVED
Gen 9861 | best fit   11.187 | equity $   15760 | sortino 11.19 | trades 1011 | ✓ SURVIVED
Gen 9866 | best fit   11.187 | equity $   15760 | sortino 11.19 | trades 1011 | ✓ SURVIVED
Gen 9871 | best fit   11.187 | equity $   15760 | sortino 11.19 | trades 1011 | ✓ SURVIVED
Gen 9876 | best fit   11.187 | equity $   15760 | sortino 11.19 | trades 1011 | ✓ SURVIVED
Gen 9881 | best fit   11.187 | equity $   15760 | sortino 11.19 | trades 1011 | ✓ SURVIVED
Gen 9886 | best fit   11.187 | equity $   15760 | sortino 11.19 | trades 1011 | ✓ SURVIVED
Gen 9891 | best fit   11.187 | equity $   15760 | sortino 11.19 | trades 1011 | ✓ SURVIVED
Gen 9896 | best fit   11.187 | equity $   15760 | sortino 11.19 | trades 1011 | ✓ SURVIVED
Gen 9901 | best fit   11.187 | equity $   15760 | sortino 11.19 | trades 1011 | ✓ SURVIVED
Gen 9906 | best fit   11.187 | equity $   15760 | sortino 11.19 | trades 1011 | ✓ SURVIVED
Gen 9911 | best fit   11.187 | equity $   15760 | sortino 11.19 | trades 1011 | ✓ SURVIVED
Gen 9916 | best fit   11.187 | equity $   15760 | sortino 11.19 | trades 1011 | ✓ SURVIVED
Gen 9921 | best fit   11.187 | equity $   15760 | sortino 11.19 | trades 1011 | ✓ SURVIVED
Gen 9926 | best fit   11.187 | equity $   15760 | sortino 11.19 | trades 1011 | ✓ SURVIVED
Gen 9931 | best fit   11.187 | equity $   15760 | sortino 11.19 | trades 1011 | ✓ SURVIVED
Gen 9936 | best fit   11.187 | equity $   15760 | sortino 11.19 | trades 1011 | ✓ SURVIVED
Gen 9941 | best fit   11.187 | equity $   15760 | sortino 11.19 | trades 1011 | ✓ SURVIVED
Gen 9946 | best fit   11.187 | equity $   15760 | sortino 11.19 | trades 1011 | ✓ SURVIVED
Gen 9951 | best fit   11.187 | equity $   15760 | sortino 11.19 | trades 1011 | ✓ SURVIVED
Gen 9956 | best fit   11.187 | equity $   15760 | sortino 11.19 | trades 1011 | ✓ SURVIVED
Gen 9961 | best fit   11.187 | equity $   15760 | sortino 11.19 | trades 1011 | ✓ SURVIVED
Gen 9966 | best fit   11.187 | equity $   15760 | sortino 11.19 | trades 1011 | ✓ SURVIVED
Gen 9971 | best fit   11.187 | equity $   15760 | sortino 11.19 | trades 1011 | ✓ SURVIVED
Gen 9976 | best fit   11.187 | equity $   15760 | sortino 11.19 | trades 1011 | ✓ SURVIVED
Gen 9981 | best fit   11.187 | equity $   15760 | sortino 11.19 | trades 1011 | ✓ SURVIVED
Gen 9986 | best fit   11.187 | equity $   15760 | sortino 11.19 | trades 1011 | ✓ SURVIVED
Gen 9991 | best fit   11.187 | equity $   15760 | sortino 11.19 | trades 1011 | ✓ SURVIVED
Gen 9996 | best fit   11.187 | equity $   15760 | sortino 11.19 | trades 1011 | ✓ SURVIVED
Gen 10001 | best fit   11.187 | equity $   15760 | sortino 11.19 | trades 1011 | ✓ SURVIVED
Gen 10006 | best fit   11.187 | equity $   15760 | sortino 11.19 | trades 1011 | ✓ SURVIVED
Gen 10011 | best fit   11.187 | equity $   15760 | sortino 11.19 | trades 1011 | ✓ SURVIVED
Gen 10016 | best fit   11.187 | equity $   15760 | sortino 11.19 | trades 1011 | ✓ SURVIVED
Gen 10021 | best fit   11.187 | equity $   15760 | sortino 11.19 | trades 1011 | ✓ SURVIVED
Gen 10026 | best fit   11.187 | equity $   15760 | sortino 11.19 | trades 1011 | ✓ SURVIVED
Gen 10031 | best fit   11.187 | equity $   15760 | sortino 11.19 | trades 1011 | ✓ SURVIVED
Gen 10036 | best fit   11.187 | equity $   15760 | sortino 11.19 | trades 1011 | ✓ SURVIVED
Gen 10041 | best fit   11.187 | equity $   15760 | sortino 11.19 | trades 1011 | ✓ SURVIVED
Gen 10046 | best fit   11.187 | equity $   15760 | sortino 11.19 | trades 1011 | ✓ SURVIVED
Gen 10051 | best fit   11.187 | equity $   15760 | sortino 11.19 | trades 1011 | ✓ SURVIVED
Gen 10056 | best fit   11.187 | equity $   15760 | sortino 11.19 | trades 1011 | ✓ SURVIVED
Gen 10061 | best fit   11.187 | equity $   15760 | sortino 11.19 | trades 1011 | ✓ SURVIVED
Gen 10066 | best fit   11.187 | equity $   15760 | sortino 11.19 | trades 1011 | ✓ SURVIVED
Gen 10071 | best fit   11.187 | equity $   15760 | sortino 11.19 | trades 1011 | ✓ SURVIVED
Gen 10076 | best fit   11.187 | equity $   15760 | sortino 11.19 | trades 1011 | ✓ SURVIVED
Gen 10081 | best fit   11.187 | equity $   15760 | sortino 11.19 | trades 1011 | ✓ SURVIVED
Gen 10086 | best fit   11.187 | equity $   15760 | sortino 11.19 | trades 1011 | ✓ SURVIVED
Gen 10091 | best fit   11.187 | equity $   15760 | sortino 11.19 | trades 1011 | ✓ SURVIVED
Gen 10096 | best fit   11.187 | equity $   15760 | sortino 11.19 | trades 1011 | ✓ SURVIVED
Gen 10101 | best fit   11.187 | equity $   15760 | sortino 11.19 | trades 1011 | ✓ SURVIVED
Gen 10106 | best fit   11.187 | equity $   15760 | sortino 11.19 | trades 1011 | ✓ SURVIVED
Gen 10111 | best fit   11.187 | equity $   15760 | sortino 11.19 | trades 1011 | ✓ SURVIVED
Gen 10116 | best fit   11.187 | equity $   15760 | sortino 11.19 | trades 1011 | ✓ SURVIVED
Gen 10121 | best fit   11.187 | equity $   15760 | sortino 11.19 | trades 1011 | ✓ SURVIVED
Gen 10126 | best fit   11.187 | equity $   15760 | sortino 11.19 | trades 1011 | ✓ SURVIVED
Gen 10131 | best fit   11.187 | equity $   15760 | sortino 11.19 | trades 1011 | ✓ SURVIVED
Gen 10136 | best fit   11.187 | equity $   15760 | sortino 11.19 | trades 1011 | ✓ SURVIVED
Gen 10141 | best fit   11.187 | equity $   15760 | sortino 11.19 | trades 1011 | ✓ SURVIVED
Gen 10146 | best fit   11.187 | equity $   15760 | sortino 11.19 | trades 1011 | ✓ SURVIVED
Gen 10151 | best fit   11.187 | equity $   15760 | sortino 11.19 | trades 1011 | ✓ SURVIVED
Gen 10156 | best fit   11.187 | equity $   15760 | sortino 11.19 | trades 1011 | ✓ SURVIVED
Gen 10161 | best fit   11.187 | equity $   15760 | sortino 11.19 | trades 1011 | ✓ SURVIVED
Gen 10166 | best fit   11.187 | equity $   15760 | sortino 11.19 | trades 1011 | ✓ SURVIVED
Gen 10171 | best fit   11.187 | equity $   15760 | sortino 11.19 | trades 1011 | ✓ SURVIVED
Gen 10176 | best fit   11.187 | equity $   15760 | sortino 11.19 | trades 1011 | ✓ SURVIVED
Gen 10181 | best fit   11.187 | equity $   15760 | sortino 11.19 | trades 1011 | ✓ SURVIVED
Gen 10186 | best fit   11.187 | equity $   15760 | sortino 11.19 | trades 1011 | ✓ SURVIVED
Gen 10191 | best fit   11.187 | equity $   15760 | sortino 11.19 | trades 1011 | ✓ SURVIVED
Gen 10196 | best fit   11.187 | equity $   15760 | sortino 11.19 | trades 1011 | ✓ SURVIVED
Gen 10201 | best fit   11.187 | equity $   15760 | sortino 11.19 | trades 1011 | ✓ SURVIVED
Gen 10206 | best fit   11.187 | equity $   15760 | sortino 11.19 | trades 1011 | ✓ SURVIVED
Gen 10211 | best fit   11.187 | equity $   15760 | sortino 11.19 | trades 1011 | ✓ SURVIVED
Gen 10216 | best fit   11.187 | equity $   15760 | sortino 11.19 | trades 1011 | ✓ SURVIVED
Gen 10221 | best fit   11.187 | equity $   15760 | sortino 11.19 | trades 1011 | ✓ SURVIVED
Gen 10226 | best fit   11.187 | equity $   15760 | sortino 11.19 | trades 1011 | ✓ SURVIVED
Gen 10231 | best fit   11.187 | equity $   15760 | sortino 11.19 | trades 1011 | ✓ SURVIVED
Gen 10236 | best fit   11.187 | equity $   15760 | sortino 11.19 | trades 1011 | ✓ SURVIVED
Gen 10241 | best fit   11.187 | equity $   15760 | sortino 11.19 | trades 1011 | ✓ SURVIVED
Gen 10246 | best fit   11.187 | equity $   15760 | sortino 11.19 | trades 1011 | ✓ SURVIVED
Gen 10251 | best fit   11.187 | equity $   15760 | sortino 11.19 | trades 1011 | ✓ SURVIVED
Gen 10256 | best fit   11.187 | equity $   15760 | sortino 11.19 | trades 1011 | ✓ SURVIVED
Gen 10261 | best fit   11.187 | equity $   15760 | sortino 11.19 | trades 1011 | ✓ SURVIVED
Gen 10266 | best fit   11.187 | equity $   15760 | sortino 11.19 | trades 1011 | ✓ SURVIVED
Gen 10271 | best fit   11.187 | equity $   15760 | sortino 11.19 | trades 1011 | ✓ SURVIVED
Gen 10276 | best fit   11.187 | equity $   15760 | sortino 11.19 | trades 1011 | ✓ SURVIVED
Gen 10281 | best fit   11.187 | equity $   15760 | sortino 11.19 | trades 1011 | ✓ SURVIVED
Gen 10286 | best fit   11.187 | equity $   15760 | sortino 11.19 | trades 1011 | ✓ SURVIVED
Gen 10291 | best fit   11.187 | equity $   15760 | sortino 11.19 | trades 1011 | ✓ SURVIVED
Gen 10296 | best fit   11.187 | equity $   15760 | sortino 11.19 | trades 1011 | ✓ SURVIVED
Gen 10301 | best fit   11.187 | equity $   15760 | sortino 11.19 | trades 1011 | ✓ SURVIVED
Gen 10306 | best fit   11.187 | equity $   15760 | sortino 11.19 | trades 1011 | ✓ SURVIVED
Gen 10311 | best fit   11.187 | equity $   15760 | sortino 11.19 | trades 1011 | ✓ SURVIVED
Gen 10316 | best fit   11.187 | equity $   15760 | sortino 11.19 | trades 1011 | ✓ SURVIVED
Gen 10321 | best fit   11.187 | equity $   15760 | sortino 11.19 | trades 1011 | ✓ SURVIVED
Gen 10326 | best fit   11.187 | equity $   15760 | sortino 11.19 | trades 1011 | ✓ SURVIVED
Gen 10331 | best fit   11.187 | equity $   15760 | sortino 11.19 | trades 1011 | ✓ SURVIVED
Gen 10336 | best fit   11.187 | equity $   15760 | sortino 11.19 | trades 1011 | ✓ SURVIVED
Gen 10341 | best fit   11.187 | equity $   15760 | sortino 11.19 | trades 1011 | ✓ SURVIVED
Gen 10346 | best fit   11.187 | equity $   15760 | sortino 11.19 | trades 1011 | ✓ SURVIVED
Gen 10351 | best fit   11.187 | equity $   15760 | sortino 11.19 | trades 1011 | ✓ SURVIVED
Gen 10356 | best fit   11.187 | equity $   15760 | sortino 11.19 | trades 1011 | ✓ SURVIVED
Gen 10361 | best fit   11.187 | equity $   15760 | sortino 11.19 | trades 1011 | ✓ SURVIVED
Gen 10366 | best fit   11.187 | equity $   15760 | sortino 11.19 | trades 1011 | ✓ SURVIVED
Gen 10371 | best fit   11.187 | equity $   15760 | sortino 11.19 | trades 1011 | ✓ SURVIVED
Gen 10376 | best fit   11.187 | equity $   15760 | sortino 11.19 | trades 1011 | ✓ SURVIVED
Gen 10381 | best fit   11.187 | equity $   15760 | sortino 11.19 | trades 1011 | ✓ SURVIVED
Gen 10386 | best fit   11.187 | equity $   15760 | sortino 11.19 | trades 1011 | ✓ SURVIVED
Gen 10391 | best fit   11.187 | equity $   15760 | sortino 11.19 | trades 1011 | ✓ SURVIVED
Gen 10396 | best fit   11.187 | equity $   15760 | sortino 11.19 | trades 1011 | ✓ SURVIVED
Gen 10401 | best fit   11.187 | equity $   15760 | sortino 11.19 | trades 1011 | ✓ SURVIVED
Gen 10406 | best fit   11.187 | equity $   15760 | sortino 11.19 | trades 1011 | ✓ SURVIVED
Gen 10411 | best fit   11.187 | equity $   15760 | sortino 11.19 | trades 1011 | ✓ SURVIVED
Gen 10416 | best fit   11.187 | equity $   15760 | sortino 11.19 | trades 1011 | ✓ SURVIVED
Gen 10421 | best fit   11.187 | equity $   15760 | sortino 11.19 | trades 1011 | ✓ SURVIVED
Gen 10426 | best fit   11.187 | equity $   15760 | sortino 11.19 | trades 1011 | ✓ SURVIVED
Gen 10431 | best fit   11.187 | equity $   15760 | sortino 11.19 | trades 1011 | ✓ SURVIVED
Gen 10436 | best fit   11.187 | equity $   15760 | sortino 11.19 | trades 1011 | ✓ SURVIVED
Gen 10441 | best fit   11.187 | equity $   15760 | sortino 11.19 | trades 1011 | ✓ SURVIVED
Gen 10446 | best fit   11.187 | equity $   15760 | sortino 11.19 | trades 1011 | ✓ SURVIVED
Gen 10451 | best fit   11.187 | equity $   15760 | sortino 11.19 | trades 1011 | ✓ SURVIVED
Gen 10456 | best fit   11.187 | equity $   15760 | sortino 11.19 | trades 1011 | ✓ SURVIVED
Gen 10461 | best fit   11.187 | equity $   15760 | sortino 11.19 | trades 1011 | ✓ SURVIVED
Gen 10466 | best fit   11.187 | equity $   15760 | sortino 11.19 | trades 1011 | ✓ SURVIVED
Gen 10471 | best fit   11.187 | equity $   15760 | sortino 11.19 | trades 1011 | ✓ SURVIVED
Gen 10476 | best fit   11.187 | equity $   15760 | sortino 11.19 | trades 1011 | ✓ SURVIVED
Gen 10481 | best fit   11.187 | equity $   15760 | sortino 11.19 | trades 1011 | ✓ SURVIVED
Gen 10486 | best fit   11.187 | equity $   15760 | sortino 11.19 | trades 1011 | ✓ SURVIVED
Gen 10491 | best fit   11.187 | equity $   15760 | sortino 11.19 | trades 1011 | ✓ SURVIVED
Gen 10496 | best fit   11.187 | equity $   15760 | sortino 11.19 | trades 1011 | ✓ SURVIVED
Gen 10501 | best fit   11.187 | equity $   15760 | sortino 11.19 | trades 1011 | ✓ SURVIVED
Gen 10506 | best fit   11.187 | equity $   15760 | sortino 11.19 | trades 1011 | ✓ SURVIVED
Gen 10511 | best fit   11.187 | equity $   15760 | sortino 11.19 | trades 1011 | ✓ SURVIVED
Gen 10516 | best fit   11.187 | equity $   15760 | sortino 11.19 | trades 1011 | ✓ SURVIVED
Gen 10521 | best fit   11.187 | equity $   15760 | sortino 11.19 | trades 1011 | ✓ SURVIVED
Gen 10526 | best fit   11.187 | equity $   15760 | sortino 11.19 | trades 1011 | ✓ SURVIVED
Gen 10531 | best fit   11.187 | equity $   15760 | sortino 11.19 | trades 1011 | ✓ SURVIVED
Gen 10536 | best fit   11.187 | equity $   15760 | sortino 11.19 | trades 1011 | ✓ SURVIVED
Gen 10541 | best fit   11.187 | equity $   15760 | sortino 11.19 | trades 1011 | ✓ SURVIVED
Gen 10546 | best fit   11.187 | equity $   15760 | sortino 11.19 | trades 1011 | ✓ SURVIVED
Gen 10551 | best fit   11.187 | equity $   15760 | sortino 11.19 | trades 1011 | ✓ SURVIVED
Gen 10556 | best fit   11.187 | equity $   15760 | sortino 11.19 | trades 1011 | ✓ SURVIVED
Gen 10561 | best fit   11.187 | equity $   15760 | sortino 11.19 | trades 1011 | ✓ SURVIVED
Gen 10566 | best fit   11.187 | equity $   15760 | sortino 11.19 | trades 1011 | ✓ SURVIVED
Gen 10571 | best fit   11.187 | equity $   15760 | sortino 11.19 | trades 1011 | ✓ SURVIVED
Gen 10576 | best fit   11.187 | equity $   15760 | sortino 11.19 | trades 1011 | ✓ SURVIVED
Gen 10581 | best fit   11.187 | equity $   15760 | sortino 11.19 | trades 1011 | ✓ SURVIVED
Gen 10586 | best fit   11.187 | equity $   15760 | sortino 11.19 | trades 1011 | ✓ SURVIVED
Gen 10591 | best fit   11.187 | equity $   15760 | sortino 11.19 | trades 1011 | ✓ SURVIVED
Gen 10596 | best fit   11.187 | equity $   15760 | sortino 11.19 | trades 1011 | ✓ SURVIVED
Gen 10601 | best fit   11.187 | equity $   15760 | sortino 11.19 | trades 1011 | ✓ SURVIVED
Gen 10606 | best fit   11.187 | equity $   15760 | sortino 11.19 | trades 1011 | ✓ SURVIVED
Gen 10611 | best fit   11.187 | equity $   15760 | sortino 11.19 | trades 1011 | ✓ SURVIVED
Gen 10616 | best fit   11.187 | equity $   15760 | sortino 11.19 | trades 1011 | ✓ SURVIVED
Gen 10621 | best fit   11.187 | equity $   15760 | sortino 11.19 | trades 1011 | ✓ SURVIVED
Gen 10626 | best fit   11.187 | equity $   15760 | sortino 11.19 | trades 1011 | ✓ SURVIVED
Gen 10631 | best fit   11.187 | equity $   15760 | sortino 11.19 | trades 1011 | ✓ SURVIVED
Gen 10636 | best fit   11.187 | equity $   15760 | sortino 11.19 | trades 1011 | ✓ SURVIVED
Gen 10641 | best fit   11.187 | equity $   15760 | sortino 11.19 | trades 1011 | ✓ SURVIVED
Gen 10646 | best fit   11.187 | equity $   15760 | sortino 11.19 | trades 1011 | ✓ SURVIVED
Gen 10651 | best fit   11.187 | equity $   15760 | sortino 11.19 | trades 1011 | ✓ SURVIVED
Gen 10656 | best fit   11.187 | equity $   15760 | sortino 11.19 | trades 1011 | ✓ SURVIVED
Gen 10661 | best fit   11.187 | equity $   15760 | sortino 11.19 | trades 1011 | ✓ SURVIVED
Gen 10666 | best fit   11.187 | equity $   15760 | sortino 11.19 | trades 1011 | ✓ SURVIVED
Gen 10671 | best fit   11.187 | equity $   15760 | sortino 11.19 | trades 1011 | ✓ SURVIVED
Gen 10676 | best fit   11.187 | equity $   15760 | sortino 11.19 | trades 1011 | ✓ SURVIVED
Gen 10681 | best fit   11.187 | equity $   15760 | sortino 11.19 | trades 1011 | ✓ SURVIVED
Gen 10686 | best fit   11.187 | equity $   15760 | sortino 11.19 | trades 1011 | ✓ SURVIVED
Gen 10691 | best fit   11.187 | equity $   15760 | sortino 11.19 | trades 1011 | ✓ SURVIVED
Gen 10696 | best fit   11.187 | equity $   15760 | sortino 11.19 | trades 1011 | ✓ SURVIVED
Gen 10701 | best fit   11.187 | equity $   15760 | sortino 11.19 | trades 1011 | ✓ SURVIVED
Gen 10706 | best fit   11.187 | equity $   15760 | sortino 11.19 | trades 1011 | ✓ SURVIVED
Gen 10711 | best fit   11.187 | equity $   15760 | sortino 11.19 | trades 1011 | ✓ SURVIVED
Gen 10716 | best fit   11.187 | equity $   15760 | sortino 11.19 | trades 1011 | ✓ SURVIVED
Gen 10721 | best fit   11.187 | equity $   15760 | sortino 11.19 | trades 1011 | ✓ SURVIVED
Gen 10726 | best fit   11.187 | equity $   15760 | sortino 11.19 | trades 1011 | ✓ SURVIVED
Gen 10731 | best fit   11.187 | equity $   15760 | sortino 11.19 | trades 1011 | ✓ SURVIVED
Gen 10736 | best fit   11.187 | equity $   15760 | sortino 11.19 | trades 1011 | ✓ SURVIVED
Gen 10741 | best fit   11.187 | equity $   15760 | sortino 11.19 | trades 1011 | ✓ SURVIVED
Gen 10746 | best fit   11.187 | equity $   15760 | sortino 11.19 | trades 1011 | ✓ SURVIVED
Gen 10751 | best fit   11.187 | equity $   15760 | sortino 11.19 | trades 1011 | ✓ SURVIVED
Gen 10756 | best fit   11.187 | equity $   15760 | sortino 11.19 | trades 1011 | ✓ SURVIVED
Gen 10761 | best fit   11.187 | equity $   15760 | sortino 11.19 | trades 1011 | ✓ SURVIVED
Gen 10766 | best fit   11.187 | equity $   15760 | sortino 11.19 | trades 1011 | ✓ SURVIVED
Gen 10771 | best fit   11.187 | equity $   15760 | sortino 11.19 | trades 1011 | ✓ SURVIVED
Gen 10776 | best fit   11.187 | equity $   15760 | sortino 11.19 | trades 1011 | ✓ SURVIVED
Gen 10781 | best fit   11.187 | equity $   15760 | sortino 11.19 | trades 1011 | ✓ SURVIVED
Gen 10786 | best fit   11.187 | equity $   15760 | sortino 11.19 | trades 1011 | ✓ SURVIVED
Gen 10791 | best fit   11.187 | equity $   15760 | sortino 11.19 | trades 1011 | ✓ SURVIVED
Gen 10796 | best fit   11.187 | equity $   15760 | sortino 11.19 | trades 1011 | ✓ SURVIVED
Gen 10801 | best fit   11.187 | equity $   15760 | sortino 11.19 | trades 1011 | ✓ SURVIVED
Gen 10806 | best fit   11.187 | equity $   15760 | sortino 11.19 | trades 1011 | ✓ SURVIVED
Gen 10811 | best fit   11.187 | equity $   15760 | sortino 11.19 | trades 1011 | ✓ SURVIVED
Gen 10816 | best fit   11.187 | equity $   15760 | sortino 11.19 | trades 1011 | ✓ SURVIVED
Gen 10821 | best fit   11.187 | equity $   15760 | sortino 11.19 | trades 1011 | ✓ SURVIVED
Gen 10826 | best fit   11.187 | equity $   15760 | sortino 11.19 | trades 1011 | ✓ SURVIVED
Gen 10831 | best fit   11.187 | equity $   15760 | sortino 11.19 | trades 1011 | ✓ SURVIVED
Gen 10836 | best fit   11.187 | equity $   15760 | sortino 11.19 | trades 1011 | ✓ SURVIVED
Gen 10841 | best fit   11.187 | equity $   15760 | sortino 11.19 | trades 1011 | ✓ SURVIVED
Gen 10846 | best fit   11.187 | equity $   15760 | sortino 11.19 | trades 1011 | ✓ SURVIVED
Gen 10851 | best fit   11.187 | equity $   15760 | sortino 11.19 | trades 1011 | ✓ SURVIVED
Gen 10856 | best fit   11.187 | equity $   15760 | sortino 11.19 | trades 1011 | ✓ SURVIVED
Gen 10861 | best fit   11.187 | equity $   15760 | sortino 11.19 | trades 1011 | ✓ SURVIVED
Gen 10866 | best fit   11.187 | equity $   15760 | sortino 11.19 | trades 1011 | ✓ SURVIVED
Gen 10871 | best fit   11.187 | equity $   15760 | sortino 11.19 | trades 1011 | ✓ SURVIVED
Gen 10876 | best fit   11.187 | equity $   15760 | sortino 11.19 | trades 1011 | ✓ SURVIVED
Gen 10881 | best fit   11.187 | equity $   15760 | sortino 11.19 | trades 1011 | ✓ SURVIVED
Gen 10886 | best fit   11.187 | equity $   15760 | sortino 11.19 | trades 1011 | ✓ SURVIVED
Gen 10891 | best fit   11.187 | equity $   15760 | sortino 11.19 | trades 1011 | ✓ SURVIVED
Gen 10896 | best fit   11.187 | equity $   15760 | sortino 11.19 | trades 1011 | ✓ SURVIVED
Gen 10901 | best fit   11.187 | equity $   15760 | sortino 11.19 | trades 1011 | ✓ SURVIVED
Gen 10906 | best fit   11.187 | equity $   15760 | sortino 11.19 | trades 1011 | ✓ SURVIVED
Gen 10911 | best fit   11.187 | equity $   15760 | sortino 11.19 | trades 1011 | ✓ SURVIVED
Gen 10916 | best fit   11.187 | equity $   15760 | sortino 11.19 | trades 1011 | ✓ SURVIVED
Gen 10921 | best fit   11.187 | equity $   15760 | sortino 11.19 | trades 1011 | ✓ SURVIVED
Gen 10926 | best fit   11.187 | equity $   15760 | sortino 11.19 | trades 1011 | ✓ SURVIVED
Gen 10931 | best fit   11.187 | equity $   15760 | sortino 11.19 | trades 1011 | ✓ SURVIVED
Gen 10936 | best fit   11.187 | equity $   15760 | sortino 11.19 | trades 1011 | ✓ SURVIVED
Gen 10941 | best fit   11.187 | equity $   15760 | sortino 11.19 | trades 1011 | ✓ SURVIVED
Gen 10946 | best fit   11.187 | equity $   15760 | sortino 11.19 | trades 1011 | ✓ SURVIVED
Gen 10951 | best fit   11.187 | equity $   15760 | sortino 11.19 | trades 1011 | ✓ SURVIVED
Gen 10956 | best fit   11.187 | equity $   15760 | sortino 11.19 | trades 1011 | ✓ SURVIVED
Gen 10961 | best fit   11.187 | equity $   15760 | sortino 11.19 | trades 1011 | ✓ SURVIVED
Gen 10966 | best fit   11.187 | equity $   15760 | sortino 11.19 | trades 1011 | ✓ SURVIVED
Gen 10971 | best fit   11.187 | equity $   15760 | sortino 11.19 | trades 1011 | ✓ SURVIVED
Gen 10976 | best fit   11.187 | equity $   15760 | sortino 11.19 | trades 1011 | ✓ SURVIVED
Gen 10981 | best fit   11.187 | equity $   15760 | sortino 11.19 | trades 1011 | ✓ SURVIVED
Gen 10986 | best fit   11.187 | equity $   15760 | sortino 11.19 | trades 1011 | ✓ SURVIVED
Gen 10991 | best fit   11.187 | equity $   15760 | sortino 11.19 | trades 1011 | ✓ SURVIVED
Gen 10996 | best fit   11.187 | equity $   15760 | sortino 11.19 | trades 1011 | ✓ SURVIVED
Gen 11001 | best fit   11.187 | equity $   15760 | sortino 11.19 | trades 1011 | ✓ SURVIVED
Gen 11006 | best fit   11.187 | equity $   15760 | sortino 11.19 | trades 1011 | ✓ SURVIVED
Gen 11011 | best fit   11.187 | equity $   15760 | sortino 11.19 | trades 1011 | ✓ SURVIVED
Gen 11016 | best fit   11.187 | equity $   15760 | sortino 11.19 | trades 1011 | ✓ SURVIVED
Gen 11021 | best fit   11.187 | equity $   15760 | sortino 11.19 | trades 1011 | ✓ SURVIVED
Gen 11026 | best fit   11.187 | equity $   15760 | sortino 11.19 | trades 1011 | ✓ SURVIVED
Gen 11031 | best fit   11.187 | equity $   15760 | sortino 11.19 | trades 1011 | ✓ SURVIVED
Gen 11036 | best fit   11.187 | equity $   15760 | sortino 11.19 | trades 1011 | ✓ SURVIVED
Gen 11041 | best fit   11.187 | equity $   15760 | sortino 11.19 | trades 1011 | ✓ SURVIVED
Gen 11046 | best fit   11.187 | equity $   15760 | sortino 11.19 | trades 1011 | ✓ SURVIVED
Gen 11051 | best fit   11.187 | equity $   15760 | sortino 11.19 | trades 1011 | ✓ SURVIVED
Gen 11056 | best fit   11.187 | equity $   15760 | sortino 11.19 | trades 1011 | ✓ SURVIVED
Gen 11061 | best fit   11.187 | equity $   15760 | sortino 11.19 | trades 1011 | ✓ SURVIVED
Gen 11066 | best fit   11.187 | equity $   15760 | sortino 11.19 | trades 1011 | ✓ SURVIVED
Gen 11071 | best fit   11.187 | equity $   15760 | sortino 11.19 | trades 1011 | ✓ SURVIVED
Gen 11076 | best fit   11.187 | equity $   15760 | sortino 11.19 | trades 1011 | ✓ SURVIVED
Gen 11081 | best fit   11.187 | equity $   15760 | sortino 11.19 | trades 1011 | ✓ SURVIVED
Gen 11086 | best fit   11.187 | equity $   15760 | sortino 11.19 | trades 1011 | ✓ SURVIVED
Gen 11091 | best fit   11.187 | equity $   15760 | sortino 11.19 | trades 1011 | ✓ SURVIVED
Gen 11096 | best fit   11.187 | equity $   15760 | sortino 11.19 | trades 1011 | ✓ SURVIVED
Gen 11101 | best fit   11.187 | equity $   15760 | sortino 11.19 | trades 1011 | ✓ SURVIVED
Gen 11106 | best fit   11.187 | equity $   15760 | sortino 11.19 | trades 1011 | ✓ SURVIVED
Gen 11111 | best fit   11.187 | equity $   15760 | sortino 11.19 | trades 1011 | ✓ SURVIVED
Gen 11116 | best fit   11.187 | equity $   15760 | sortino 11.19 | trades 1011 | ✓ SURVIVED
Gen 11121 | best fit   11.187 | equity $   15760 | sortino 11.19 | trades 1011 | ✓ SURVIVED
Gen 11126 | best fit   11.187 | equity $   15760 | sortino 11.19 | trades 1011 | ✓ SURVIVED
Gen 11131 | best fit   11.187 | equity $   15760 | sortino 11.19 | trades 1011 | ✓ SURVIVED
Gen 11136 | best fit   11.187 | equity $   15760 | sortino 11.19 | trades 1011 | ✓ SURVIVED
Gen 11141 | best fit   11.187 | equity $   15760 | sortino 11.19 | trades 1011 | ✓ SURVIVED
Gen 11146 | best fit   11.187 | equity $   15760 | sortino 11.19 | trades 1011 | ✓ SURVIVED
Gen 11151 | best fit   11.187 | equity $   15760 | sortino 11.19 | trades 1011 | ✓ SURVIVED
Gen 11156 | best fit   11.187 | equity $   15760 | sortino 11.19 | trades 1011 | ✓ SURVIVED
Gen 11161 | best fit   11.187 | equity $   15760 | sortino 11.19 | trades 1011 | ✓ SURVIVED
Gen 11166 | best fit   11.187 | equity $   15760 | sortino 11.19 | trades 1011 | ✓ SURVIVED
Gen 11171 | best fit   11.187 | equity $   15760 | sortino 11.19 | trades 1011 | ✓ SURVIVED
Gen 11176 | best fit   11.187 | equity $   15760 | sortino 11.19 | trades 1011 | ✓ SURVIVED
Gen 11181 | best fit   11.187 | equity $   15760 | sortino 11.19 | trades 1011 | ✓ SURVIVED
Gen 11186 | best fit   11.187 | equity $   15760 | sortino 11.19 | trades 1011 | ✓ SURVIVED
Gen 11191 | best fit   11.187 | equity $   15760 | sortino 11.19 | trades 1011 | ✓ SURVIVED
Gen 11196 | best fit   11.187 | equity $   15760 | sortino 11.19 | trades 1011 | ✓ SURVIVED
Gen 11201 | best fit   11.187 | equity $   15760 | sortino 11.19 | trades 1011 | ✓ SURVIVED
Gen 11206 | best fit   11.187 | equity $   15760 | sortino 11.19 | trades 1011 | ✓ SURVIVED
Gen 11211 | best fit   11.187 | equity $   15760 | sortino 11.19 | trades 1011 | ✓ SURVIVED
Gen 11216 | best fit   11.187 | equity $   15760 | sortino 11.19 | trades 1011 | ✓ SURVIVED
Gen 11221 | best fit   11.187 | equity $   15760 | sortino 11.19 | trades 1011 | ✓ SURVIVED
Gen 11226 | best fit   11.187 | equity $   15760 | sortino 11.19 | trades 1011 | ✓ SURVIVED
Gen 11231 | best fit   11.187 | equity $   15760 | sortino 11.19 | trades 1011 | ✓ SURVIVED
Gen 11236 | best fit   11.187 | equity $   15760 | sortino 11.19 | trades 1011 | ✓ SURVIVED
Gen 11241 | best fit   11.187 | equity $   15760 | sortino 11.19 | trades 1011 | ✓ SURVIVED
Gen 11246 | best fit   11.187 | equity $   15760 | sortino 11.19 | trades 1011 | ✓ SURVIVED
Gen 11251 | best fit   11.187 | equity $   15760 | sortino 11.19 | trades 1011 | ✓ SURVIVED
Gen 11256 | best fit   11.187 | equity $   15760 | sortino 11.19 | trades 1011 | ✓ SURVIVED
Gen 11261 | best fit   11.187 | equity $   15760 | sortino 11.19 | trades 1011 | ✓ SURVIVED
Gen 11266 | best fit   11.187 | equity $   15760 | sortino 11.19 | trades 1011 | ✓ SURVIVED
Gen 11271 | best fit   11.187 | equity $   15760 | sortino 11.19 | trades 1011 | ✓ SURVIVED
Gen 11276 | best fit   11.187 | equity $   15760 | sortino 11.19 | trades 1011 | ✓ SURVIVED
Gen 11281 | best fit   11.187 | equity $   15760 | sortino 11.19 | trades 1011 | ✓ SURVIVED
Gen 11286 | best fit   11.187 | equity $   15760 | sortino 11.19 | trades 1011 | ✓ SURVIVED
Gen 11291 | best fit   11.187 | equity $   15760 | sortino 11.19 | trades 1011 | ✓ SURVIVED
Gen 11296 | best fit   11.187 | equity $   15760 | sortino 11.19 | trades 1011 | ✓ SURVIVED
Gen 11301 | best fit   11.187 | equity $   15760 | sortino 11.19 | trades 1011 | ✓ SURVIVED
Gen 11306 | best fit   11.187 | equity $   15760 | sortino 11.19 | trades 1011 | ✓ SURVIVED
Gen 11311 | best fit   11.187 | equity $   15760 | sortino 11.19 | trades 1011 | ✓ SURVIVED
Gen 11316 | best fit   11.187 | equity $   15760 | sortino 11.19 | trades 1011 | ✓ SURVIVED
Gen 11321 | best fit   11.187 | equity $   15760 | sortino 11.19 | trades 1011 | ✓ SURVIVED
Gen 11326 | best fit   11.187 | equity $   15760 | sortino 11.19 | trades 1011 | ✓ SURVIVED
Gen 11331 | best fit   11.187 | equity $   15760 | sortino 11.19 | trades 1011 | ✓ SURVIVED
Gen 11336 | best fit   11.187 | equity $   15760 | sortino 11.19 | trades 1011 | ✓ SURVIVED
Gen 11341 | best fit   11.187 | equity $   15760 | sortino 11.19 | trades 1011 | ✓ SURVIVED
Gen 11346 | best fit   11.187 | equity $   15760 | sortino 11.19 | trades 1011 | ✓ SURVIVED
Gen 11351 | best fit   11.187 | equity $   15760 | sortino 11.19 | trades 1011 | ✓ SURVIVED
Gen 11356 | best fit   11.187 | equity $   15760 | sortino 11.19 | trades 1011 | ✓ SURVIVED
Gen 11361 | best fit   11.187 | equity $   15760 | sortino 11.19 | trades 1011 | ✓ SURVIVED
Gen 11366 | best fit   11.187 | equity $   15760 | sortino 11.19 | trades 1011 | ✓ SURVIVED
Gen 11371 | best fit   11.187 | equity $   15760 | sortino 11.19 | trades 1011 | ✓ SURVIVED
Gen 11376 | best fit   11.187 | equity $   15760 | sortino 11.19 | trades 1011 | ✓ SURVIVED
Gen 11381 | best fit   11.187 | equity $   15760 | sortino 11.19 | trades 1011 | ✓ SURVIVED
Gen 11386 | best fit   11.187 | equity $   15760 | sortino 11.19 | trades 1011 | ✓ SURVIVED
Gen 11391 | best fit   11.187 | equity $   15760 | sortino 11.19 | trades 1011 | ✓ SURVIVED
Gen 11396 | best fit   11.187 | equity $   15760 | sortino 11.19 | trades 1011 | ✓ SURVIVED
Gen 11401 | best fit   11.187 | equity $   15760 | sortino 11.19 | trades 1011 | ✓ SURVIVED
Gen 11406 | best fit   11.187 | equity $   15760 | sortino 11.19 | trades 1011 | ✓ SURVIVED
Gen 11411 | best fit   11.187 | equity $   15760 | sortino 11.19 | trades 1011 | ✓ SURVIVED
Gen 11416 | best fit   11.187 | equity $   15760 | sortino 11.19 | trades 1011 | ✓ SURVIVED
Gen 11421 | best fit   11.187 | equity $   15760 | sortino 11.19 | trades 1011 | ✓ SURVIVED
Gen 11426 | best fit   11.187 | equity $   15760 | sortino 11.19 | trades 1011 | ✓ SURVIVED
Gen 11431 | best fit   11.187 | equity $   15760 | sortino 11.19 | trades 1011 | ✓ SURVIVED
Gen 11436 | best fit   11.187 | equity $   15760 | sortino 11.19 | trades 1011 | ✓ SURVIVED
Gen 11441 | best fit   11.187 | equity $   15760 | sortino 11.19 | trades 1011 | ✓ SURVIVED
Gen 11446 | best fit   11.187 | equity $   15760 | sortino 11.19 | trades 1011 | ✓ SURVIVED
Gen 11451 | best fit   11.187 | equity $   15760 | sortino 11.19 | trades 1011 | ✓ SURVIVED
Gen 11456 | best fit   11.187 | equity $   15760 | sortino 11.19 | trades 1011 | ✓ SURVIVED
Gen 11461 | best fit   11.187 | equity $   15760 | sortino 11.19 | trades 1011 | ✓ SURVIVED
Gen 11466 | best fit   11.187 | equity $   15760 | sortino 11.19 | trades 1011 | ✓ SURVIVED
Gen 11471 | best fit   11.187 | equity $   15760 | sortino 11.19 | trades 1011 | ✓ SURVIVED
Gen 11476 | best fit   11.187 | equity $   15760 | sortino 11.19 | trades 1011 | ✓ SURVIVED
Gen 11481 | best fit   11.187 | equity $   15760 | sortino 11.19 | trades 1011 | ✓ SURVIVED
Gen 11486 | best fit   11.187 | equity $   15760 | sortino 11.19 | trades 1011 | ✓ SURVIVED
Gen 11491 | best fit   11.187 | equity $   15760 | sortino 11.19 | trades 1011 | ✓ SURVIVED
Gen 11496 | best fit   11.187 | equity $   15760 | sortino 11.19 | trades 1011 | ✓ SURVIVED
Gen 11501 | best fit   11.187 | equity $   15760 | sortino 11.19 | trades 1011 | ✓ SURVIVED
Gen 11506 | best fit   11.187 | equity $   15760 | sortino 11.19 | trades 1011 | ✓ SURVIVED
Gen 11511 | best fit   11.187 | equity $   15760 | sortino 11.19 | trades 1011 | ✓ SURVIVED
Gen 11516 | best fit   11.187 | equity $   15760 | sortino 11.19 | trades 1011 | ✓ SURVIVED
Gen 11521 | best fit   11.187 | equity $   15760 | sortino 11.19 | trades 1011 | ✓ SURVIVED
Gen 11526 | best fit   11.187 | equity $   15760 | sortino 11.19 | trades 1011 | ✓ SURVIVED
Gen 11531 | best fit   11.187 | equity $   15760 | sortino 11.19 | trades 1011 | ✓ SURVIVED
Gen 11536 | best fit   11.187 | equity $   15760 | sortino 11.19 | trades 1011 | ✓ SURVIVED
Gen 11541 | best fit   11.187 | equity $   15760 | sortino 11.19 | trades 1011 | ✓ SURVIVED
Gen 11546 | best fit   11.187 | equity $   15760 | sortino 11.19 | trades 1011 | ✓ SURVIVED
Gen 11551 | best fit   11.187 | equity $   15760 | sortino 11.19 | trades 1011 | ✓ SURVIVED
Gen 11556 | best fit   11.187 | equity $   15760 | sortino 11.19 | trades 1011 | ✓ SURVIVED
Gen 11561 | best fit   11.187 | equity $   15760 | sortino 11.19 | trades 1011 | ✓ SURVIVED
Gen 11566 | best fit   11.187 | equity $   15760 | sortino 11.19 | trades 1011 | ✓ SURVIVED
Gen 11571 | best fit   11.187 | equity $   15760 | sortino 11.19 | trades 1011 | ✓ SURVIVED
Gen 11576 | best fit   11.187 | equity $   15760 | sortino 11.19 | trades 1011 | ✓ SURVIVED
Gen 11581 | best fit   11.187 | equity $   15760 | sortino 11.19 | trades 1011 | ✓ SURVIVED
Gen 11586 | best fit   11.187 | equity $   15760 | sortino 11.19 | trades 1011 | ✓ SURVIVED
Gen 11591 | best fit   11.187 | equity $   15760 | sortino 11.19 | trades 1011 | ✓ SURVIVED
Gen 11596 | best fit   11.187 | equity $   15760 | sortino 11.19 | trades 1011 | ✓ SURVIVED
Gen 11601 | best fit   11.187 | equity $   15760 | sortino 11.19 | trades 1011 | ✓ SURVIVED
Gen 11606 | best fit   11.187 | equity $   15760 | sortino 11.19 | trades 1011 | ✓ SURVIVED
Gen 11611 | best fit   11.187 | equity $   15760 | sortino 11.19 | trades 1011 | ✓ SURVIVED
Gen 11616 | best fit   11.187 | equity $   15760 | sortino 11.19 | trades 1011 | ✓ SURVIVED
Gen 11621 | best fit   11.187 | equity $   15760 | sortino 11.19 | trades 1011 | ✓ SURVIVED
Gen 11626 | best fit   11.187 | equity $   15760 | sortino 11.19 | trades 1011 | ✓ SURVIVED
Gen 11631 | best fit   11.187 | equity $   15760 | sortino 11.19 | trades 1011 | ✓ SURVIVED
Gen 11636 | best fit   11.187 | equity $   15760 | sortino 11.19 | trades 1011 | ✓ SURVIVED
Gen 11641 | best fit   11.187 | equity $   15760 | sortino 11.19 | trades 1011 | ✓ SURVIVED
Gen 11646 | best fit   11.187 | equity $   15760 | sortino 11.19 | trades 1011 | ✓ SURVIVED
Gen 11651 | best fit   11.187 | equity $   15760 | sortino 11.19 | trades 1011 | ✓ SURVIVED
Gen 11656 | best fit   11.187 | equity $   15760 | sortino 11.19 | trades 1011 | ✓ SURVIVED
Gen 11661 | best fit   11.187 | equity $   15760 | sortino 11.19 | trades 1011 | ✓ SURVIVED
Gen 11666 | best fit   11.187 | equity $   15760 | sortino 11.19 | trades 1011 | ✓ SURVIVED
Gen 11671 | best fit   11.187 | equity $   15760 | sortino 11.19 | trades 1011 | ✓ SURVIVED
Gen 11676 | best fit   11.187 | equity $   15760 | sortino 11.19 | trades 1011 | ✓ SURVIVED
Gen 11681 | best fit   11.187 | equity $   15760 | sortino 11.19 | trades 1011 | ✓ SURVIVED
Gen 11686 | best fit   11.187 | equity $   15760 | sortino 11.19 | trades 1011 | ✓ SURVIVED
Gen 11691 | best fit   11.187 | equity $   15760 | sortino 11.19 | trades 1011 | ✓ SURVIVED
Gen 11696 | best fit   11.187 | equity $   15760 | sortino 11.19 | trades 1011 | ✓ SURVIVED
Gen 11701 | best fit   11.187 | equity $   15760 | sortino 11.19 | trades 1011 | ✓ SURVIVED
Gen 11706 | best fit   11.187 | equity $   15760 | sortino 11.19 | trades 1011 | ✓ SURVIVED
Gen 11711 | best fit   11.187 | equity $   15760 | sortino 11.19 | trades 1011 | ✓ SURVIVED
Gen 11716 | best fit   11.187 | equity $   15760 | sortino 11.19 | trades 1011 | ✓ SURVIVED
Gen 11721 | best fit   11.187 | equity $   15760 | sortino 11.19 | trades 1011 | ✓ SURVIVED
Gen 11726 | best fit   11.187 | equity $   15760 | sortino 11.19 | trades 1011 | ✓ SURVIVED
Gen 11731 | best fit   11.187 | equity $   15760 | sortino 11.19 | trades 1011 | ✓ SURVIVED
Gen 11736 | best fit   11.187 | equity $   15760 | sortino 11.19 | trades 1011 | ✓ SURVIVED
Gen 11741 | best fit   11.187 | equity $   15760 | sortino 11.19 | trades 1011 | ✓ SURVIVED
Gen 11746 | best fit   11.187 | equity $   15760 | sortino 11.19 | trades 1011 | ✓ SURVIVED
Gen 11751 | best fit   11.187 | equity $   15760 | sortino 11.19 | trades 1011 | ✓ SURVIVED
Gen 11756 | best fit   11.187 | equity $   15760 | sortino 11.19 | trades 1011 | ✓ SURVIVED
Gen 11761 | best fit   11.187 | equity $   15760 | sortino 11.19 | trades 1011 | ✓ SURVIVED
Gen 11766 | best fit   11.187 | equity $   15760 | sortino 11.19 | trades 1011 | ✓ SURVIVED
Gen 11771 | best fit   11.187 | equity $   15760 | sortino 11.19 | trades 1011 | ✓ SURVIVED
Gen 11776 | best fit   11.187 | equity $   15760 | sortino 11.19 | trades 1011 | ✓ SURVIVED
Gen 11781 | best fit   11.187 | equity $   15760 | sortino 11.19 | trades 1011 | ✓ SURVIVED
Gen 11786 | best fit   11.187 | equity $   15760 | sortino 11.19 | trades 1011 | ✓ SURVIVED
Gen 11791 | best fit   11.187 | equity $   15760 | sortino 11.19 | trades 1011 | ✓ SURVIVED
Gen 11796 | best fit   11.187 | equity $   15760 | sortino 11.19 | trades 1011 | ✓ SURVIVED
Gen 11801 | best fit   11.187 | equity $   15760 | sortino 11.19 | trades 1011 | ✓ SURVIVED
Gen 11806 | best fit   11.187 | equity $   15760 | sortino 11.19 | trades 1011 | ✓ SURVIVED
Gen 11811 | best fit   11.187 | equity $   15760 | sortino 11.19 | trades 1011 | ✓ SURVIVED
Gen 11816 | best fit   11.187 | equity $   15760 | sortino 11.19 | trades 1011 | ✓ SURVIVED
Gen 11821 | best fit   11.187 | equity $   15760 | sortino 11.19 | trades 1011 | ✓ SURVIVED
Gen 11826 | best fit   11.187 | equity $   15760 | sortino 11.19 | trades 1011 | ✓ SURVIVED
Gen 11831 | best fit   11.187 | equity $   15760 | sortino 11.19 | trades 1011 | ✓ SURVIVED
Gen 11836 | best fit   11.187 | equity $   15760 | sortino 11.19 | trades 1011 | ✓ SURVIVED
Gen 11841 | best fit   11.187 | equity $   15760 | sortino 11.19 | trades 1011 | ✓ SURVIVED
Gen 11846 | best fit   11.187 | equity $   15760 | sortino 11.19 | trades 1011 | ✓ SURVIVED
Gen 11851 | best fit   11.187 | equity $   15760 | sortino 11.19 | trades 1011 | ✓ SURVIVED
Gen 11856 | best fit   11.187 | equity $   15760 | sortino 11.19 | trades 1011 | ✓ SURVIVED
Gen 11861 | best fit   11.187 | equity $   15760 | sortino 11.19 | trades 1011 | ✓ SURVIVED
Gen 11866 | best fit   11.187 | equity $   15760 | sortino 11.19 | trades 1011 | ✓ SURVIVED
Gen 11871 | best fit   11.187 | equity $   15760 | sortino 11.19 | trades 1011 | ✓ SURVIVED
Gen 11876 | best fit   11.187 | equity $   15760 | sortino 11.19 | trades 1011 | ✓ SURVIVED
Gen 11881 | best fit   11.187 | equity $   15760 | sortino 11.19 | trades 1011 | ✓ SURVIVED
Gen 11886 | best fit   11.187 | equity $   15760 | sortino 11.19 | trades 1011 | ✓ SURVIVED
Gen 11891 | best fit   11.187 | equity $   15760 | sortino 11.19 | trades 1011 | ✓ SURVIVED
Gen 11896 | best fit   11.187 | equity $   15760 | sortino 11.19 | trades 1011 | ✓ SURVIVED
Gen 11901 | best fit   11.187 | equity $   15760 | sortino 11.19 | trades 1011 | ✓ SURVIVED
Gen 11906 | best fit   11.187 | equity $   15760 | sortino 11.19 | trades 1011 | ✓ SURVIVED
Gen 11911 | best fit   11.187 | equity $   15760 | sortino 11.19 | trades 1011 | ✓ SURVIVED
Gen 11916 | best fit   11.187 | equity $   15760 | sortino 11.19 | trades 1011 | ✓ SURVIVED
Gen 11921 | best fit   11.187 | equity $   15760 | sortino 11.19 | trades 1011 | ✓ SURVIVED
Gen 11926 | best fit   11.187 | equity $   15760 | sortino 11.19 | trades 1011 | ✓ SURVIVED
Gen 11931 | best fit   11.187 | equity $   15760 | sortino 11.19 | trades 1011 | ✓ SURVIVED
Gen 11936 | best fit   11.187 | equity $   15760 | sortino 11.19 | trades 1011 | ✓ SURVIVED
Gen 11941 | best fit   11.187 | equity $   15760 | sortino 11.19 | trades 1011 | ✓ SURVIVED
Gen 11946 | best fit   11.187 | equity $   15760 | sortino 11.19 | trades 1011 | ✓ SURVIVED
Gen 11951 | best fit   11.187 | equity $   15760 | sortino 11.19 | trades 1011 | ✓ SURVIVED
Gen 11956 | best fit   11.187 | equity $   15760 | sortino 11.19 | trades 1011 | ✓ SURVIVED
Gen 11961 | best fit   11.187 | equity $   15760 | sortino 11.19 | trades 1011 | ✓ SURVIVED
Gen 11966 | best fit   11.187 | equity $   15760 | sortino 11.19 | trades 1011 | ✓ SURVIVED
Gen 11971 | best fit   11.187 | equity $   15760 | sortino 11.19 | trades 1011 | ✓ SURVIVED
Gen 11976 | best fit   11.187 | equity $   15760 | sortino 11.19 | trades 1011 | ✓ SURVIVED
Gen 11981 | best fit   11.187 | equity $   15760 | sortino 11.19 | trades 1011 | ✓ SURVIVED
Gen 11986 | best fit   11.187 | equity $   15760 | sortino 11.19 | trades 1011 | ✓ SURVIVED
Gen 11991 | best fit   11.187 | equity $   15760 | sortino 11.19 | trades 1011 | ✓ SURVIVED
Gen 11996 | best fit   11.187 | equity $   15760 | sortino 11.19 | trades 1011 | ✓ SURVIVED
Gen 12001 | best fit   11.187 | equity $   15760 | sortino 11.19 | trades 1011 | ✓ SURVIVED
Gen 12006 | best fit   11.187 | equity $   15760 | sortino 11.19 | trades 1011 | ✓ SURVIVED
Gen 12011 | best fit   11.187 | equity $   15760 | sortino 11.19 | trades 1011 | ✓ SURVIVED
Gen 12016 | best fit   11.187 | equity $   15760 | sortino 11.19 | trades 1011 | ✓ SURVIVED
Gen 12021 | best fit   11.187 | equity $   15760 | sortino 11.19 | trades 1011 | ✓ SURVIVED
Gen 12026 | best fit   11.187 | equity $   15760 | sortino 11.19 | trades 1011 | ✓ SURVIVED
Gen 12031 | best fit   11.187 | equity $   15760 | sortino 11.19 | trades 1011 | ✓ SURVIVED
Gen 12036 | best fit   11.187 | equity $   15760 | sortino 11.19 | trades 1011 | ✓ SURVIVED
Gen 12041 | best fit   11.187 | equity $   15760 | sortino 11.19 | trades 1011 | ✓ SURVIVED
Gen 12046 | best fit   11.187 | equity $   15760 | sortino 11.19 | trades 1011 | ✓ SURVIVED
Gen 12051 | best fit   11.187 | equity $   15760 | sortino 11.19 | trades 1011 | ✓ SURVIVED
Gen 12056 | best fit   11.187 | equity $   15760 | sortino 11.19 | trades 1011 | ✓ SURVIVED
Gen 12061 | best fit   11.187 | equity $   15760 | sortino 11.19 | trades 1011 | ✓ SURVIVED
Gen 12066 | best fit   11.187 | equity $   15760 | sortino 11.19 | trades 1011 | ✓ SURVIVED
Gen 12071 | best fit   11.187 | equity $   15760 | sortino 11.19 | trades 1011 | ✓ SURVIVED
Gen 12076 | best fit   11.187 | equity $   15760 | sortino 11.19 | trades 1011 | ✓ SURVIVED
Gen 12081 | best fit   11.187 | equity $   15760 | sortino 11.19 | trades 1011 | ✓ SURVIVED
Gen 12086 | best fit   11.187 | equity $   15760 | sortino 11.19 | trades 1011 | ✓ SURVIVED
Gen 12091 | best fit   11.187 | equity $   15760 | sortino 11.19 | trades 1011 | ✓ SURVIVED
Gen 12096 | best fit   11.187 | equity $   15760 | sortino 11.19 | trades 1011 | ✓ SURVIVED
Gen 12101 | best fit   11.187 | equity $   15760 | sortino 11.19 | trades 1011 | ✓ SURVIVED
Gen 12106 | best fit   11.187 | equity $   15760 | sortino 11.19 | trades 1011 | ✓ SURVIVED
Gen 12111 | best fit   11.187 | equity $   15760 | sortino 11.19 | trades 1011 | ✓ SURVIVED
Gen 12116 | best fit   11.187 | equity $   15760 | sortino 11.19 | trades 1011 | ✓ SURVIVED
Gen 12121 | best fit   11.187 | equity $   15760 | sortino 11.19 | trades 1011 | ✓ SURVIVED
Gen 12126 | best fit   11.187 | equity $   15760 | sortino 11.19 | trades 1011 | ✓ SURVIVED
Gen 12131 | best fit   11.187 | equity $   15760 | sortino 11.19 | trades 1011 | ✓ SURVIVED
Gen 12136 | best fit   11.187 | equity $   15760 | sortino 11.19 | trades 1011 | ✓ SURVIVED
Gen 12141 | best fit   11.187 | equity $   15760 | sortino 11.19 | trades 1011 | ✓ SURVIVED
Gen 12146 | best fit   11.187 | equity $   15760 | sortino 11.19 | trades 1011 | ✓ SURVIVED
Gen 12151 | best fit   11.187 | equity $   15760 | sortino 11.19 | trades 1011 | ✓ SURVIVED
Gen 12156 | best fit   11.187 | equity $   15760 | sortino 11.19 | trades 1011 | ✓ SURVIVED
Gen 12161 | best fit   11.187 | equity $   15760 | sortino 11.19 | trades 1011 | ✓ SURVIVED
Gen 12166 | best fit   11.187 | equity $   15760 | sortino 11.19 | trades 1011 | ✓ SURVIVED
Gen 12171 | best fit   11.187 | equity $   15760 | sortino 11.19 | trades 1011 | ✓ SURVIVED
Gen 12176 | best fit   11.187 | equity $   15760 | sortino 11.19 | trades 1011 | ✓ SURVIVED
Gen 12181 | best fit   11.187 | equity $   15760 | sortino 11.19 | trades 1011 | ✓ SURVIVED
Gen 12186 | best fit   11.187 | equity $   15760 | sortino 11.19 | trades 1011 | ✓ SURVIVED
Gen 12191 | best fit   11.187 | equity $   15760 | sortino 11.19 | trades 1011 | ✓ SURVIVED
Gen 12196 | best fit   11.187 | equity $   15760 | sortino 11.19 | trades 1011 | ✓ SURVIVED
Gen 12201 | best fit   11.187 | equity $   15760 | sortino 11.19 | trades 1011 | ✓ SURVIVED
Gen 12206 | best fit   11.187 | equity $   15760 | sortino 11.19 | trades 1011 | ✓ SURVIVED
Gen 12211 | best fit   11.187 | equity $   15760 | sortino 11.19 | trades 1011 | ✓ SURVIVED
Gen 12216 | best fit   11.187 | equity $   15760 | sortino 11.19 | trades 1011 | ✓ SURVIVED
Gen 12221 | best fit   11.187 | equity $   15760 | sortino 11.19 | trades 1011 | ✓ SURVIVED
Gen 12226 | best fit   11.187 | equity $   15760 | sortino 11.19 | trades 1011 | ✓ SURVIVED
Gen 12231 | best fit   11.187 | equity $   15760 | sortino 11.19 | trades 1011 | ✓ SURVIVED
Gen 12236 | best fit   11.187 | equity $   15760 | sortino 11.19 | trades 1011 | ✓ SURVIVED
Gen 12241 | best fit   11.187 | equity $   15760 | sortino 11.19 | trades 1011 | ✓ SURVIVED
Gen 12246 | best fit   11.187 | equity $   15760 | sortino 11.19 | trades 1011 | ✓ SURVIVED
Gen 12251 | best fit   11.187 | equity $   15760 | sortino 11.19 | trades 1011 | ✓ SURVIVED
Gen 12256 | best fit   11.187 | equity $   15760 | sortino 11.19 | trades 1011 | ✓ SURVIVED
Gen 12261 | best fit   11.187 | equity $   15760 | sortino 11.19 | trades 1011 | ✓ SURVIVED
Gen 12266 | best fit   11.187 | equity $   15760 | sortino 11.19 | trades 1011 | ✓ SURVIVED
Gen 12271 | best fit   11.187 | equity $   15760 | sortino 11.19 | trades 1011 | ✓ SURVIVED
Gen 12276 | best fit   11.187 | equity $   15760 | sortino 11.19 | trades 1011 | ✓ SURVIVED
Gen 12281 | best fit   11.187 | equity $   15760 | sortino 11.19 | trades 1011 | ✓ SURVIVED
Gen 12286 | best fit   11.187 | equity $   15760 | sortino 11.19 | trades 1011 | ✓ SURVIVED
Gen 12291 | best fit   11.187 | equity $   15760 | sortino 11.19 | trades 1011 | ✓ SURVIVED
Gen 12296 | best fit   11.187 | equity $   15760 | sortino 11.19 | trades 1011 | ✓ SURVIVED
Gen 12301 | best fit   11.187 | equity $   15760 | sortino 11.19 | trades 1011 | ✓ SURVIVED
Gen 12306 | best fit   11.187 | equity $   15760 | sortino 11.19 | trades 1011 | ✓ SURVIVED
Gen 12311 | best fit   11.187 | equity $   15760 | sortino 11.19 | trades 1011 | ✓ SURVIVED
Gen 12316 | best fit   11.187 | equity $   15760 | sortino 11.19 | trades 1011 | ✓ SURVIVED
Gen 12321 | best fit   11.187 | equity $   15760 | sortino 11.19 | trades 1011 | ✓ SURVIVED
Gen 12326 | best fit   11.187 | equity $   15760 | sortino 11.19 | trades 1011 | ✓ SURVIVED
Gen 12331 | best fit   11.187 | equity $   15760 | sortino 11.19 | trades 1011 | ✓ SURVIVED
Gen 12336 | best fit   11.187 | equity $   15760 | sortino 11.19 | trades 1011 | ✓ SURVIVED
Gen 12341 | best fit   11.187 | equity $   15760 | sortino 11.19 | trades 1011 | ✓ SURVIVED
Gen 12346 | best fit   11.187 | equity $   15760 | sortino 11.19 | trades 1011 | ✓ SURVIVED
Gen 12351 | best fit   11.187 | equity $   15760 | sortino 11.19 | trades 1011 | ✓ SURVIVED
Gen 12356 | best fit   11.187 | equity $   15760 | sortino 11.19 | trades 1011 | ✓ SURVIVED
Gen 12361 | best fit   11.187 | equity $   15760 | sortino 11.19 | trades 1011 | ✓ SURVIVED
Gen 12366 | best fit   11.187 | equity $   15760 | sortino 11.19 | trades 1011 | ✓ SURVIVED
Gen 12371 | best fit   11.187 | equity $   15760 | sortino 11.19 | trades 1011 | ✓ SURVIVED
Gen 12376 | best fit   11.187 | equity $   15760 | sortino 11.19 | trades 1011 | ✓ SURVIVED
Gen 12381 | best fit   11.187 | equity $   15760 | sortino 11.19 | trades 1011 | ✓ SURVIVED
Gen 12386 | best fit   11.187 | equity $   15760 | sortino 11.19 | trades 1011 | ✓ SURVIVED
Gen 12391 | best fit   11.187 | equity $   15760 | sortino 11.19 | trades 1011 | ✓ SURVIVED
Gen 12396 | best fit   11.187 | equity $   15760 | sortino 11.19 | trades 1011 | ✓ SURVIVED
Gen 12401 | best fit   11.187 | equity $   15760 | sortino 11.19 | trades 1011 | ✓ SURVIVED
Gen 12406 | best fit   11.187 | equity $   15760 | sortino 11.19 | trades 1011 | ✓ SURVIVED
Gen 12411 | best fit   11.187 | equity $   15760 | sortino 11.19 | trades 1011 | ✓ SURVIVED
Gen 12416 | best fit   11.187 | equity $   15760 | sortino 11.19 | trades 1011 | ✓ SURVIVED
Gen 12421 | best fit   11.187 | equity $   15760 | sortino 11.19 | trades 1011 | ✓ SURVIVED
Gen 12426 | best fit   11.187 | equity $   15760 | sortino 11.19 | trades 1011 | ✓ SURVIVED
Gen 12431 | best fit   11.187 | equity $   15760 | sortino 11.19 | trades 1011 | ✓ SURVIVED
Gen 12436 | best fit   11.187 | equity $   15760 | sortino 11.19 | trades 1011 | ✓ SURVIVED
Gen 12441 | best fit   11.187 | equity $   15760 | sortino 11.19 | trades 1011 | ✓ SURVIVED
Gen 12446 | best fit   11.187 | equity $   15760 | sortino 11.19 | trades 1011 | ✓ SURVIVED
Gen 12451 | best fit   11.187 | equity $   15760 | sortino 11.19 | trades 1011 | ✓ SURVIVED
Gen 12456 | best fit   11.187 | equity $   15760 | sortino 11.19 | trades 1011 | ✓ SURVIVED
Gen 12461 | best fit   11.187 | equity $   15760 | sortino 11.19 | trades 1011 | ✓ SURVIVED
Gen 12466 | best fit   11.187 | equity $   15760 | sortino 11.19 | trades 1011 | ✓ SURVIVED
Gen 12471 | best fit   11.187 | equity $   15760 | sortino 11.19 | trades 1011 | ✓ SURVIVED
Gen 12476 | best fit   11.187 | equity $   15760 | sortino 11.19 | trades 1011 | ✓ SURVIVED
Gen 12481 | best fit   11.187 | equity $   15760 | sortino 11.19 | trades 1011 | ✓ SURVIVED
Gen 12486 | best fit   11.187 | equity $   15760 | sortino 11.19 | trades 1011 | ✓ SURVIVED
Gen 12491 | best fit   11.187 | equity $   15760 | sortino 11.19 | trades 1011 | ✓ SURVIVED
Gen 12496 | best fit   11.187 | equity $   15760 | sortino 11.19 | trades 1011 | ✓ SURVIVED
Gen 12501 | best fit   11.187 | equity $   15760 | sortino 11.19 | trades 1011 | ✓ SURVIVED
Gen 12506 | best fit   11.187 | equity $   15760 | sortino 11.19 | trades 1011 | ✓ SURVIVED
Gen 12511 | best fit   11.187 | equity $   15760 | sortino 11.19 | trades 1011 | ✓ SURVIVED
Gen 12516 | best fit   11.187 | equity $   15760 | sortino 11.19 | trades 1011 | ✓ SURVIVED
Gen 12521 | best fit   11.187 | equity $   15760 | sortino 11.19 | trades 1011 | ✓ SURVIVED
Gen 12526 | best fit   11.187 | equity $   15760 | sortino 11.19 | trades 1011 | ✓ SURVIVED
Gen 12531 | best fit   11.187 | equity $   15760 | sortino 11.19 | trades 1011 | ✓ SURVIVED
Gen 12536 | best fit   11.187 | equity $   15760 | sortino 11.19 | trades 1011 | ✓ SURVIVED
Gen 12541 | best fit   11.187 | equity $   15760 | sortino 11.19 | trades 1011 | ✓ SURVIVED
Gen 12546 | best fit   11.187 | equity $   15760 | sortino 11.19 | trades 1011 | ✓ SURVIVED
Gen 12551 | best fit   11.187 | equity $   15760 | sortino 11.19 | trades 1011 | ✓ SURVIVED
Gen 12556 | best fit   11.187 | equity $   15760 | sortino 11.19 | trades 1011 | ✓ SURVIVED
Gen 12561 | best fit   11.187 | equity $   15760 | sortino 11.19 | trades 1011 | ✓ SURVIVED
Gen 12566 | best fit   11.187 | equity $   15760 | sortino 11.19 | trades 1011 | ✓ SURVIVED
Gen 12571 | best fit   11.187 | equity $   15760 | sortino 11.19 | trades 1011 | ✓ SURVIVED
Gen 12576 | best fit   11.187 | equity $   15760 | sortino 11.19 | trades 1011 | ✓ SURVIVED
Gen 12581 | best fit   11.187 | equity $   15760 | sortino 11.19 | trades 1011 | ✓ SURVIVED
Gen 12586 | best fit   11.187 | equity $   15760 | sortino 11.19 | trades 1011 | ✓ SURVIVED
Gen 12591 | best fit   11.187 | equity $   15760 | sortino 11.19 | trades 1011 | ✓ SURVIVED
Gen 12596 | best fit   11.187 | equity $   15760 | sortino 11.19 | trades 1011 | ✓ SURVIVED
Gen 12601 | best fit   11.187 | equity $   15760 | sortino 11.19 | trades 1011 | ✓ SURVIVED
Gen 12606 | best fit   11.187 | equity $   15760 | sortino 11.19 | trades 1011 | ✓ SURVIVED
Gen 12611 | best fit   11.187 | equity $   15760 | sortino 11.19 | trades 1011 | ✓ SURVIVED
Gen 12616 | best fit   11.187 | equity $   15760 | sortino 11.19 | trades 1011 | ✓ SURVIVED
Gen 12621 | best fit   11.187 | equity $   15760 | sortino 11.19 | trades 1011 | ✓ SURVIVED
Gen 12626 | best fit   11.187 | equity $   15760 | sortino 11.19 | trades 1011 | ✓ SURVIVED
Gen 12631 | best fit   11.187 | equity $   15760 | sortino 11.19 | trades 1011 | ✓ SURVIVED
Gen 12636 | best fit   11.187 | equity $   15760 | sortino 11.19 | trades 1011 | ✓ SURVIVED
Gen 12641 | best fit   11.187 | equity $   15760 | sortino 11.19 | trades 1011 | ✓ SURVIVED
Gen 12646 | best fit   11.187 | equity $   15760 | sortino 11.19 | trades 1011 | ✓ SURVIVED
Gen 12651 | best fit   11.187 | equity $   15760 | sortino 11.19 | trades 1011 | ✓ SURVIVED
Gen 12656 | best fit   11.187 | equity $   15760 | sortino 11.19 | trades 1011 | ✓ SURVIVED
Gen 12661 | best fit   11.187 | equity $   15760 | sortino 11.19 | trades 1011 | ✓ SURVIVED
Gen 12666 | best fit   11.187 | equity $   15760 | sortino 11.19 | trades 1011 | ✓ SURVIVED
Gen 12671 | best fit   11.187 | equity $   15760 | sortino 11.19 | trades 1011 | ✓ SURVIVED
Gen 12676 | best fit   11.187 | equity $   15760 | sortino 11.19 | trades 1011 | ✓ SURVIVED
Gen 12681 | best fit   11.187 | equity $   15760 | sortino 11.19 | trades 1011 | ✓ SURVIVED
Gen 12686 | best fit   11.187 | equity $   15760 | sortino 11.19 | trades 1011 | ✓ SURVIVED
Gen 12691 | best fit   11.187 | equity $   15760 | sortino 11.19 | trades 1011 | ✓ SURVIVED
Gen 12696 | best fit   11.187 | equity $   15760 | sortino 11.19 | trades 1011 | ✓ SURVIVED
Gen 12701 | best fit   11.187 | equity $   15760 | sortino 11.19 | trades 1011 | ✓ SURVIVED
Gen 12706 | best fit   11.187 | equity $   15760 | sortino 11.19 | trades 1011 | ✓ SURVIVED
Gen 12711 | best fit   11.187 | equity $   15760 | sortino 11.19 | trades 1011 | ✓ SURVIVED
Gen 12716 | best fit   11.187 | equity $   15760 | sortino 11.19 | trades 1011 | ✓ SURVIVED
Gen 12721 | best fit   11.187 | equity $   15760 | sortino 11.19 | trades 1011 | ✓ SURVIVED
Gen 12726 | best fit   11.187 | equity $   15760 | sortino 11.19 | trades 1011 | ✓ SURVIVED
Gen 12731 | best fit   11.187 | equity $   15760 | sortino 11.19 | trades 1011 | ✓ SURVIVED
Gen 12736 | best fit   11.187 | equity $   15760 | sortino 11.19 | trades 1011 | ✓ SURVIVED
Gen 12741 | best fit   11.187 | equity $   15760 | sortino 11.19 | trades 1011 | ✓ SURVIVED
Gen 12746 | best fit   11.187 | equity $   15760 | sortino 11.19 | trades 1011 | ✓ SURVIVED
Gen 12751 | best fit   11.187 | equity $   15760 | sortino 11.19 | trades 1011 | ✓ SURVIVED
Gen 12756 | best fit   11.187 | equity $   15760 | sortino 11.19 | trades 1011 | ✓ SURVIVED
Gen 12761 | best fit   11.187 | equity $   15760 | sortino 11.19 | trades 1011 | ✓ SURVIVED
Gen 12766 | best fit   11.187 | equity $   15760 | sortino 11.19 | trades 1011 | ✓ SURVIVED
Gen 12771 | best fit   11.187 | equity $   15760 | sortino 11.19 | trades 1011 | ✓ SURVIVED
Gen 12776 | best fit   11.187 | equity $   15760 | sortino 11.19 | trades 1011 | ✓ SURVIVED
Gen 12781 | best fit   11.187 | equity $   15760 | sortino 11.19 | trades 1011 | ✓ SURVIVED
Gen 12786 | best fit   11.187 | equity $   15760 | sortino 11.19 | trades 1011 | ✓ SURVIVED
Gen 12791 | best fit   11.187 | equity $   15760 | sortino 11.19 | trades 1011 | ✓ SURVIVED
Gen 12796 | best fit   11.187 | equity $   15760 | sortino 11.19 | trades 1011 | ✓ SURVIVED
Gen 12801 | best fit   11.187 | equity $   15760 | sortino 11.19 | trades 1011 | ✓ SURVIVED
Gen 12806 | best fit   11.187 | equity $   15760 | sortino 11.19 | trades 1011 | ✓ SURVIVED
Gen 12811 | best fit   11.187 | equity $   15760 | sortino 11.19 | trades 1011 | ✓ SURVIVED
Gen 12816 | best fit   11.187 | equity $   15760 | sortino 11.19 | trades 1011 | ✓ SURVIVED
Gen 12821 | best fit   11.187 | equity $   15760 | sortino 11.19 | trades 1011 | ✓ SURVIVED
Gen 12826 | best fit   11.187 | equity $   15760 | sortino 11.19 | trades 1011 | ✓ SURVIVED
Gen 12831 | best fit   11.187 | equity $   15760 | sortino 11.19 | trades 1011 | ✓ SURVIVED
Gen 12836 | best fit   11.187 | equity $   15760 | sortino 11.19 | trades 1011 | ✓ SURVIVED
Gen 12841 | best fit   11.187 | equity $   15760 | sortino 11.19 | trades 1011 | ✓ SURVIVED
Gen 12846 | best fit   11.187 | equity $   15760 | sortino 11.19 | trades 1011 | ✓ SURVIVED
Gen 12851 | best fit   11.187 | equity $   15760 | sortino 11.19 | trades 1011 | ✓ SURVIVED
Gen 12856 | best fit   11.187 | equity $   15760 | sortino 11.19 | trades 1011 | ✓ SURVIVED
Gen 12861 | best fit   11.187 | equity $   15760 | sortino 11.19 | trades 1011 | ✓ SURVIVED
Gen 12866 | best fit   11.187 | equity $   15760 | sortino 11.19 | trades 1011 | ✓ SURVIVED
Gen 12871 | best fit   11.187 | equity $   15760 | sortino 11.19 | trades 1011 | ✓ SURVIVED
Gen 12876 | best fit   11.187 | equity $   15760 | sortino 11.19 | trades 1011 | ✓ SURVIVED
Gen 12881 | best fit   11.187 | equity $   15760 | sortino 11.19 | trades 1011 | ✓ SURVIVED
Gen 12886 | best fit   11.187 | equity $   15760 | sortino 11.19 | trades 1011 | ✓ SURVIVED
Gen 12891 | best fit   11.187 | equity $   15760 | sortino 11.19 | trades 1011 | ✓ SURVIVED
Gen 12896 | best fit   11.187 | equity $   15760 | sortino 11.19 | trades 1011 | ✓ SURVIVED
Gen 12901 | best fit   11.187 | equity $   15760 | sortino 11.19 | trades 1011 | ✓ SURVIVED
Gen 12906 | best fit   11.187 | equity $   15760 | sortino 11.19 | trades 1011 | ✓ SURVIVED
Gen 12911 | best fit   11.187 | equity $   15760 | sortino 11.19 | trades 1011 | ✓ SURVIVED
Gen 12916 | best fit   11.187 | equity $   15760 | sortino 11.19 | trades 1011 | ✓ SURVIVED
Gen 12921 | best fit   11.187 | equity $   15760 | sortino 11.19 | trades 1011 | ✓ SURVIVED
Gen 12926 | best fit   11.187 | equity $   15760 | sortino 11.19 | trades 1011 | ✓ SURVIVED
Gen 12931 | best fit   11.187 | equity $   15760 | sortino 11.19 | trades 1011 | ✓ SURVIVED
Gen 12936 | best fit   11.187 | equity $   15760 | sortino 11.19 | trades 1011 | ✓ SURVIVED
Gen 12941 | best fit   11.187 | equity $   15760 | sortino 11.19 | trades 1011 | ✓ SURVIVED
Gen 12946 | best fit   11.187 | equity $   15760 | sortino 11.19 | trades 1011 | ✓ SURVIVED
Gen 12951 | best fit   11.187 | equity $   15760 | sortino 11.19 | trades 1011 | ✓ SURVIVED
Gen 12956 | best fit   11.187 | equity $   15760 | sortino 11.19 | trades 1011 | ✓ SURVIVED
Gen 12961 | best fit   11.187 | equity $   15760 | sortino 11.19 | trades 1011 | ✓ SURVIVED
Gen 12966 | best fit   11.187 | equity $   15760 | sortino 11.19 | trades 1011 | ✓ SURVIVED
Gen 12971 | best fit   11.187 | equity $   15760 | sortino 11.19 | trades 1011 | ✓ SURVIVED
Gen 12976 | best fit   11.187 | equity $   15760 | sortino 11.19 | trades 1011 | ✓ SURVIVED
Gen 12981 | best fit   11.187 | equity $   15760 | sortino 11.19 | trades 1011 | ✓ SURVIVED
Gen 12986 | best fit   11.187 | equity $   15760 | sortino 11.19 | trades 1011 | ✓ SURVIVED
Gen 12991 | best fit   11.187 | equity $   15760 | sortino 11.19 | trades 1011 | ✓ SURVIVED
Gen 12996 | best fit   11.187 | equity $   15760 | sortino 11.19 | trades 1011 | ✓ SURVIVED
Gen 13001 | best fit   11.187 | equity $   15760 | sortino 11.19 | trades 1011 | ✓ SURVIVED
Gen 13006 | best fit   11.187 | equity $   15760 | sortino 11.19 | trades 1011 | ✓ SURVIVED
Gen 13011 | best fit   11.187 | equity $   15760 | sortino 11.19 | trades 1011 | ✓ SURVIVED
Gen 13016 | best fit   11.187 | equity $   15760 | sortino 11.19 | trades 1011 | ✓ SURVIVED
Gen 13021 | best fit   11.187 | equity $   15760 | sortino 11.19 | trades 1011 | ✓ SURVIVED
Gen 13026 | best fit   11.187 | equity $   15760 | sortino 11.19 | trades 1011 | ✓ SURVIVED
Gen 13031 | best fit   11.187 | equity $   15760 | sortino 11.19 | trades 1011 | ✓ SURVIVED
Gen 13036 | best fit   11.187 | equity $   15760 | sortino 11.19 | trades 1011 | ✓ SURVIVED
Gen 13041 | best fit   11.187 | equity $   15760 | sortino 11.19 | trades 1011 | ✓ SURVIVED
Gen 13046 | best fit   11.187 | equity $   15760 | sortino 11.19 | trades 1011 | ✓ SURVIVED
Gen 13051 | best fit   11.187 | equity $   15760 | sortino 11.19 | trades 1011 | ✓ SURVIVED
Gen 13056 | best fit   11.187 | equity $   15760 | sortino 11.19 | trades 1011 | ✓ SURVIVED
Gen 13061 | best fit   11.187 | equity $   15760 | sortino 11.19 | trades 1011 | ✓ SURVIVED
Gen 13066 | best fit   11.187 | equity $   15760 | sortino 11.19 | trades 1011 | ✓ SURVIVED
Gen 13071 | best fit   11.187 | equity $   15760 | sortino 11.19 | trades 1011 | ✓ SURVIVED
Gen 13076 | best fit   11.187 | equity $   15760 | sortino 11.19 | trades 1011 | ✓ SURVIVED
Gen 13081 | best fit   11.187 | equity $   15760 | sortino 11.19 | trades 1011 | ✓ SURVIVED
Gen 13086 | best fit   11.187 | equity $   15760 | sortino 11.19 | trades 1011 | ✓ SURVIVED
Gen 13091 | best fit   11.187 | equity $   15760 | sortino 11.19 | trades 1011 | ✓ SURVIVED
Gen 13096 | best fit   11.187 | equity $   15760 | sortino 11.19 | trades 1011 | ✓ SURVIVED
Gen 13101 | best fit   11.187 | equity $   15760 | sortino 11.19 | trades 1011 | ✓ SURVIVED
Gen 13106 | best fit   11.187 | equity $   15760 | sortino 11.19 | trades 1011 | ✓ SURVIVED
Gen 13111 | best fit   11.187 | equity $   15760 | sortino 11.19 | trades 1011 | ✓ SURVIVED
Gen 13116 | best fit   11.187 | equity $   15760 | sortino 11.19 | trades 1011 | ✓ SURVIVED
Gen 13121 | best fit   11.187 | equity $   15760 | sortino 11.19 | trades 1011 | ✓ SURVIVED
Gen 13126 | best fit   11.187 | equity $   15760 | sortino 11.19 | trades 1011 | ✓ SURVIVED
Gen 13131 | best fit   11.187 | equity $   15760 | sortino 11.19 | trades 1011 | ✓ SURVIVED
Gen 13136 | best fit   11.187 | equity $   15760 | sortino 11.19 | trades 1011 | ✓ SURVIVED
Gen 13141 | best fit   11.187 | equity $   15760 | sortino 11.19 | trades 1011 | ✓ SURVIVED
Gen 13146 | best fit   11.187 | equity $   15760 | sortino 11.19 | trades 1011 | ✓ SURVIVED
Gen 13151 | best fit   11.187 | equity $   15760 | sortino 11.19 | trades 1011 | ✓ SURVIVED
Gen 13156 | best fit   11.187 | equity $   15760 | sortino 11.19 | trades 1011 | ✓ SURVIVED
Gen 13161 | best fit   11.187 | equity $   15760 | sortino 11.19 | trades 1011 | ✓ SURVIVED
Gen 13166 | best fit   11.187 | equity $   15760 | sortino 11.19 | trades 1011 | ✓ SURVIVED
Gen 13171 | best fit   11.187 | equity $   15760 | sortino 11.19 | trades 1011 | ✓ SURVIVED
Gen 13176 | best fit   11.187 | equity $   15760 | sortino 11.19 | trades 1011 | ✓ SURVIVED
Gen 13181 | best fit   11.187 | equity $   15760 | sortino 11.19 | trades 1011 | ✓ SURVIVED
Gen 13186 | best fit   11.187 | equity $   15760 | sortino 11.19 | trades 1011 | ✓ SURVIVED
Gen 13191 | best fit   11.187 | equity $   15760 | sortino 11.19 | trades 1011 | ✓ SURVIVED
Gen 13196 | best fit   11.187 | equity $   15760 | sortino 11.19 | trades 1011 | ✓ SURVIVED
Gen 13201 | best fit   11.187 | equity $   15760 | sortino 11.19 | trades 1011 | ✓ SURVIVED
Gen 13206 | best fit   11.187 | equity $   15760 | sortino 11.19 | trades 1011 | ✓ SURVIVED
Gen 13211 | best fit   11.187 | equity $   15760 | sortino 11.19 | trades 1011 | ✓ SURVIVED
Gen 13216 | best fit   11.187 | equity $   15760 | sortino 11.19 | trades 1011 | ✓ SURVIVED
Gen 13221 | best fit   11.187 | equity $   15760 | sortino 11.19 | trades 1011 | ✓ SURVIVED
Gen 13226 | best fit   11.187 | equity $   15760 | sortino 11.19 | trades 1011 | ✓ SURVIVED
Gen 13231 | best fit   11.187 | equity $   15760 | sortino 11.19 | trades 1011 | ✓ SURVIVED
Gen 13236 | best fit   11.187 | equity $   15760 | sortino 11.19 | trades 1011 | ✓ SURVIVED
Gen 13241 | best fit   11.187 | equity $   15760 | sortino 11.19 | trades 1011 | ✓ SURVIVED
Gen 13246 | best fit   11.187 | equity $   15760 | sortino 11.19 | trades 1011 | ✓ SURVIVED
Gen 13251 | best fit   11.187 | equity $   15760 | sortino 11.19 | trades 1011 | ✓ SURVIVED
Gen 13256 | best fit   11.187 | equity $   15760 | sortino 11.19 | trades 1011 | ✓ SURVIVED
Gen 13261 | best fit   11.187 | equity $   15760 | sortino 11.19 | trades 1011 | ✓ SURVIVED
Gen 13266 | best fit   11.187 | equity $   15760 | sortino 11.19 | trades 1011 | ✓ SURVIVED
Gen 13271 | best fit   11.187 | equity $   15760 | sortino 11.19 | trades 1011 | ✓ SURVIVED
Gen 13276 | best fit   11.187 | equity $   15760 | sortino 11.19 | trades 1011 | ✓ SURVIVED
Gen 13281 | best fit   11.187 | equity $   15760 | sortino 11.19 | trades 1011 | ✓ SURVIVED
Gen 13286 | best fit   11.187 | equity $   15760 | sortino 11.19 | trades 1011 | ✓ SURVIVED
Gen 13291 | best fit   11.187 | equity $   15760 | sortino 11.19 | trades 1011 | ✓ SURVIVED
Gen 13296 | best fit   11.187 | equity $   15760 | sortino 11.19 | trades 1011 | ✓ SURVIVED
Gen 13301 | best fit   11.187 | equity $   15760 | sortino 11.19 | trades 1011 | ✓ SURVIVED
Gen 13306 | best fit   11.187 | equity $   15760 | sortino 11.19 | trades 1011 | ✓ SURVIVED
Gen 13311 | best fit   11.187 | equity $   15760 | sortino 11.19 | trades 1011 | ✓ SURVIVED
Gen 13316 | best fit   11.187 | equity $   15760 | sortino 11.19 | trades 1011 | ✓ SURVIVED
Gen 13321 | best fit   11.187 | equity $   15760 | sortino 11.19 | trades 1011 | ✓ SURVIVED
Gen 13326 | best fit   11.187 | equity $   15760 | sortino 11.19 | trades 1011 | ✓ SURVIVED
Gen 13331 | best fit   11.187 | equity $   15760 | sortino 11.19 | trades 1011 | ✓ SURVIVED
Gen 13336 | best fit   11.187 | equity $   15760 | sortino 11.19 | trades 1011 | ✓ SURVIVED
Gen 13341 | best fit   11.187 | equity $   15760 | sortino 11.19 | trades 1011 | ✓ SURVIVED
Gen 13346 | best fit   11.187 | equity $   15760 | sortino 11.19 | trades 1011 | ✓ SURVIVED
Gen 13351 | best fit   11.187 | equity $   15760 | sortino 11.19 | trades 1011 | ✓ SURVIVED
Gen 13356 | best fit   11.187 | equity $   15760 | sortino 11.19 | trades 1011 | ✓ SURVIVED
Gen 13361 | best fit   11.187 | equity $   15760 | sortino 11.19 | trades 1011 | ✓ SURVIVED
Gen 13366 | best fit   11.187 | equity $   15760 | sortino 11.19 | trades 1011 | ✓ SURVIVED
Gen 13371 | best fit   11.187 | equity $   15760 | sortino 11.19 | trades 1011 | ✓ SURVIVED
Gen 13376 | best fit   11.187 | equity $   15760 | sortino 11.19 | trades 1011 | ✓ SURVIVED
Gen 13381 | best fit   11.187 | equity $   15760 | sortino 11.19 | trades 1011 | ✓ SURVIVED
Gen 13386 | best fit   11.187 | equity $   15760 | sortino 11.19 | trades 1011 | ✓ SURVIVED
Gen 13391 | best fit   11.187 | equity $   15760 | sortino 11.19 | trades 1011 | ✓ SURVIVED
Gen 13396 | best fit   11.187 | equity $   15760 | sortino 11.19 | trades 1011 | ✓ SURVIVED
Gen 13401 | best fit   11.187 | equity $   15760 | sortino 11.19 | trades 1011 | ✓ SURVIVED
Gen 13406 | best fit   11.187 | equity $   15760 | sortino 11.19 | trades 1011 | ✓ SURVIVED
Gen 13411 | best fit   11.187 | equity $   15760 | sortino 11.19 | trades 1011 | ✓ SURVIVED
Gen 13416 | best fit   11.187 | equity $   15760 | sortino 11.19 | trades 1011 | ✓ SURVIVED
Gen 13421 | best fit   11.187 | equity $   15760 | sortino 11.19 | trades 1011 | ✓ SURVIVED
Gen 13426 | best fit   11.187 | equity $   15760 | sortino 11.19 | trades 1011 | ✓ SURVIVED
Gen 13431 | best fit   11.187 | equity $   15760 | sortino 11.19 | trades 1011 | ✓ SURVIVED
Gen 13436 | best fit   11.187 | equity $   15760 | sortino 11.19 | trades 1011 | ✓ SURVIVED
Gen 13441 | best fit   11.187 | equity $   15760 | sortino 11.19 | trades 1011 | ✓ SURVIVED
Gen 13446 | best fit   11.187 | equity $   15760 | sortino 11.19 | trades 1011 | ✓ SURVIVED
Gen 13451 | best fit   11.187 | equity $   15760 | sortino 11.19 | trades 1011 | ✓ SURVIVED
Gen 13456 | best fit   11.187 | equity $   15760 | sortino 11.19 | trades 1011 | ✓ SURVIVED
Gen 13461 | best fit   11.187 | equity $   15760 | sortino 11.19 | trades 1011 | ✓ SURVIVED
Gen 13466 | best fit   11.187 | equity $   15760 | sortino 11.19 | trades 1011 | ✓ SURVIVED
Gen 13471 | best fit   11.187 | equity $   15760 | sortino 11.19 | trades 1011 | ✓ SURVIVED
Gen 13476 | best fit   11.187 | equity $   15760 | sortino 11.19 | trades 1011 | ✓ SURVIVED
Gen 13481 | best fit   11.187 | equity $   15760 | sortino 11.19 | trades 1011 | ✓ SURVIVED
Gen 13486 | best fit   11.187 | equity $   15760 | sortino 11.19 | trades 1011 | ✓ SURVIVED
Gen 13491 | best fit   11.187 | equity $   15760 | sortino 11.19 | trades 1011 | ✓ SURVIVED
Gen 13496 | best fit   11.187 | equity $   15760 | sortino 11.19 | trades 1011 | ✓ SURVIVED
Gen 13501 | best fit   11.187 | equity $   15760 | sortino 11.19 | trades 1011 | ✓ SURVIVED
Gen 13506 | best fit   11.187 | equity $   15760 | sortino 11.19 | trades 1011 | ✓ SURVIVED
Gen 13511 | best fit   11.187 | equity $   15760 | sortino 11.19 | trades 1011 | ✓ SURVIVED
Gen 13516 | best fit   11.187 | equity $   15760 | sortino 11.19 | trades 1011 | ✓ SURVIVED
Gen 13521 | best fit   11.187 | equity $   15760 | sortino 11.19 | trades 1011 | ✓ SURVIVED
Gen 13526 | best fit   11.187 | equity $   15760 | sortino 11.19 | trades 1011 | ✓ SURVIVED
Gen 13531 | best fit   11.187 | equity $   15760 | sortino 11.19 | trades 1011 | ✓ SURVIVED
Gen 13536 | best fit   11.187 | equity $   15760 | sortino 11.19 | trades 1011 | ✓ SURVIVED
Gen 13541 | best fit   11.187 | equity $   15760 | sortino 11.19 | trades 1011 | ✓ SURVIVED
Gen 13546 | best fit   11.187 | equity $   15760 | sortino 11.19 | trades 1011 | ✓ SURVIVED
Gen 13551 | best fit   11.187 | equity $   15760 | sortino 11.19 | trades 1011 | ✓ SURVIVED
Gen 13556 | best fit   11.187 | equity $   15760 | sortino 11.19 | trades 1011 | ✓ SURVIVED
Gen 13561 | best fit   11.187 | equity $   15760 | sortino 11.19 | trades 1011 | ✓ SURVIVED
Gen 13566 | best fit   11.187 | equity $   15760 | sortino 11.19 | trades 1011 | ✓ SURVIVED
Gen 13571 | best fit   11.187 | equity $   15760 | sortino 11.19 | trades 1011 | ✓ SURVIVED
Gen 13576 | best fit   11.187 | equity $   15760 | sortino 11.19 | trades 1011 | ✓ SURVIVED
Gen 13581 | best fit   11.187 | equity $   15760 | sortino 11.19 | trades 1011 | ✓ SURVIVED
Gen 13586 | best fit   11.187 | equity $   15760 | sortino 11.19 | trades 1011 | ✓ SURVIVED
Gen 13591 | best fit   11.187 | equity $   15760 | sortino 11.19 | trades 1011 | ✓ SURVIVED
Gen 13596 | best fit   11.187 | equity $   15760 | sortino 11.19 | trades 1011 | ✓ SURVIVED
Gen 13601 | best fit   11.187 | equity $   15760 | sortino 11.19 | trades 1011 | ✓ SURVIVED
Gen 13606 | best fit   11.187 | equity $   15760 | sortino 11.19 | trades 1011 | ✓ SURVIVED
Gen 13611 | best fit   11.187 | equity $   15760 | sortino 11.19 | trades 1011 | ✓ SURVIVED
Gen 13616 | best fit   11.187 | equity $   15760 | sortino 11.19 | trades 1011 | ✓ SURVIVED
Gen 13621 | best fit   11.187 | equity $   15760 | sortino 11.19 | trades 1011 | ✓ SURVIVED
Gen 13626 | best fit   11.187 | equity $   15760 | sortino 11.19 | trades 1011 | ✓ SURVIVED
Gen 13631 | best fit   11.187 | equity $   15760 | sortino 11.19 | trades 1011 | ✓ SURVIVED
Gen 13636 | best fit   11.187 | equity $   15760 | sortino 11.19 | trades 1011 | ✓ SURVIVED
Gen 13641 | best fit   11.187 | equity $   15760 | sortino 11.19 | trades 1011 | ✓ SURVIVED
Gen 13646 | best fit   11.187 | equity $   15760 | sortino 11.19 | trades 1011 | ✓ SURVIVED
Gen 13651 | best fit   11.187 | equity $   15760 | sortino 11.19 | trades 1011 | ✓ SURVIVED
Gen 13656 | best fit   11.187 | equity $   15760 | sortino 11.19 | trades 1011 | ✓ SURVIVED
Gen 13661 | best fit   11.187 | equity $   15760 | sortino 11.19 | trades 1011 | ✓ SURVIVED
Gen 13666 | best fit   11.187 | equity $   15760 | sortino 11.19 | trades 1011 | ✓ SURVIVED
Gen 13671 | best fit   11.187 | equity $   15760 | sortino 11.19 | trades 1011 | ✓ SURVIVED
Gen 13676 | best fit   11.187 | equity $   15760 | sortino 11.19 | trades 1011 | ✓ SURVIVED
Gen 13681 | best fit   11.187 | equity $   15760 | sortino 11.19 | trades 1011 | ✓ SURVIVED
Gen 13686 | best fit   11.187 | equity $   15760 | sortino 11.19 | trades 1011 | ✓ SURVIVED
Gen 13691 | best fit   11.187 | equity $   15760 | sortino 11.19 | trades 1011 | ✓ SURVIVED
Gen 13696 | best fit   11.187 | equity $   15760 | sortino 11.19 | trades 1011 | ✓ SURVIVED
Gen 13701 | best fit   11.187 | equity $   15760 | sortino 11.19 | trades 1011 | ✓ SURVIVED
Gen 13706 | best fit   11.187 | equity $   15760 | sortino 11.19 | trades 1011 | ✓ SURVIVED
Gen 13711 | best fit   11.187 | equity $   15760 | sortino 11.19 | trades 1011 | ✓ SURVIVED
Gen 13716 | best fit   11.187 | equity $   15760 | sortino 11.19 | trades 1011 | ✓ SURVIVED
Gen 13721 | best fit   11.187 | equity $   15760 | sortino 11.19 | trades 1011 | ✓ SURVIVED
Gen 13726 | best fit   11.187 | equity $   15760 | sortino 11.19 | trades 1011 | ✓ SURVIVED
Gen 13731 | best fit   11.187 | equity $   15760 | sortino 11.19 | trades 1011 | ✓ SURVIVED
Gen 13736 | best fit   11.187 | equity $   15760 | sortino 11.19 | trades 1011 | ✓ SURVIVED
Gen 13741 | best fit   11.187 | equity $   15760 | sortino 11.19 | trades 1011 | ✓ SURVIVED
Gen 13746 | best fit   11.187 | equity $   15760 | sortino 11.19 | trades 1011 | ✓ SURVIVED
Gen 13751 | best fit   11.187 | equity $   15760 | sortino 11.19 | trades 1011 | ✓ SURVIVED
Gen 13756 | best fit   11.187 | equity $   15760 | sortino 11.19 | trades 1011 | ✓ SURVIVED
Gen 13761 | best fit   11.187 | equity $   15760 | sortino 11.19 | trades 1011 | ✓ SURVIVED
Gen 13766 | best fit   11.187 | equity $   15760 | sortino 11.19 | trades 1011 | ✓ SURVIVED
Gen 13771 | best fit   11.187 | equity $   15760 | sortino 11.19 | trades 1011 | ✓ SURVIVED
Gen 13776 | best fit   11.187 | equity $   15760 | sortino 11.19 | trades 1011 | ✓ SURVIVED
Gen 13781 | best fit   11.187 | equity $   15760 | sortino 11.19 | trades 1011 | ✓ SURVIVED
Gen 13786 | best fit   11.187 | equity $   15760 | sortino 11.19 | trades 1011 | ✓ SURVIVED
Gen 13791 | best fit   11.187 | equity $   15760 | sortino 11.19 | trades 1011 | ✓ SURVIVED
Gen 13796 | best fit   11.187 | equity $   15760 | sortino 11.19 | trades 1011 | ✓ SURVIVED
Gen 13801 | best fit   11.187 | equity $   15760 | sortino 11.19 | trades 1011 | ✓ SURVIVED
Gen 13806 | best fit   11.187 | equity $   15760 | sortino 11.19 | trades 1011 | ✓ SURVIVED
Gen 13811 | best fit   11.187 | equity $   15760 | sortino 11.19 | trades 1011 | ✓ SURVIVED
Gen 13816 | best fit   11.187 | equity $   15760 | sortino 11.19 | trades 1011 | ✓ SURVIVED
Gen 13821 | best fit   11.187 | equity $   15760 | sortino 11.19 | trades 1011 | ✓ SURVIVED
Gen 13826 | best fit   11.187 | equity $   15760 | sortino 11.19 | trades 1011 | ✓ SURVIVED
Gen 13831 | best fit   11.187 | equity $   15760 | sortino 11.19 | trades 1011 | ✓ SURVIVED
Gen 13836 | best fit   11.187 | equity $   15760 | sortino 11.19 | trades 1011 | ✓ SURVIVED
Gen 13841 | best fit   11.187 | equity $   15760 | sortino 11.19 | trades 1011 | ✓ SURVIVED
Gen 13846 | best fit   11.187 | equity $   15760 | sortino 11.19 | trades 1011 | ✓ SURVIVED
Gen 13851 | best fit   11.187 | equity $   15760 | sortino 11.19 | trades 1011 | ✓ SURVIVED
Gen 13856 | best fit   11.187 | equity $   15760 | sortino 11.19 | trades 1011 | ✓ SURVIVED
Gen 13861 | best fit   11.187 | equity $   15760 | sortino 11.19 | trades 1011 | ✓ SURVIVED
Gen 13866 | best fit   11.187 | equity $   15760 | sortino 11.19 | trades 1011 | ✓ SURVIVED
Gen 13871 | best fit   11.187 | equity $   15760 | sortino 11.19 | trades 1011 | ✓ SURVIVED
Gen 13876 | best fit   11.187 | equity $   15760 | sortino 11.19 | trades 1011 | ✓ SURVIVED
Gen 13881 | best fit   11.187 | equity $   15760 | sortino 11.19 | trades 1011 | ✓ SURVIVED
Gen 13886 | best fit   11.187 | equity $   15760 | sortino 11.19 | trades 1011 | ✓ SURVIVED
Gen 13891 | best fit   11.187 | equity $   15760 | sortino 11.19 | trades 1011 | ✓ SURVIVED
Gen 13896 | best fit   11.187 | equity $   15760 | sortino 11.19 | trades 1011 | ✓ SURVIVED
Gen 13901 | best fit   11.187 | equity $   15760 | sortino 11.19 | trades 1011 | ✓ SURVIVED
Gen 13906 | best fit   11.187 | equity $   15760 | sortino 11.19 | trades 1011 | ✓ SURVIVED
Gen 13911 | best fit   11.187 | equity $   15760 | sortino 11.19 | trades 1011 | ✓ SURVIVED
Gen 13916 | best fit   11.187 | equity $   15760 | sortino 11.19 | trades 1011 | ✓ SURVIVED
Gen 13921 | best fit   11.187 | equity $   15760 | sortino 11.19 | trades 1011 | ✓ SURVIVED
Gen 13926 | best fit   11.187 | equity $   15760 | sortino 11.19 | trades 1011 | ✓ SURVIVED
Gen 13931 | best fit   11.187 | equity $   15760 | sortino 11.19 | trades 1011 | ✓ SURVIVED
Gen 13936 | best fit   11.187 | equity $   15760 | sortino 11.19 | trades 1011 | ✓ SURVIVED
Gen 13941 | best fit   11.187 | equity $   15760 | sortino 11.19 | trades 1011 | ✓ SURVIVED
Gen 13946 | best fit   11.187 | equity $   15760 | sortino 11.19 | trades 1011 | ✓ SURVIVED
Gen 13951 | best fit   11.187 | equity $   15760 | sortino 11.19 | trades 1011 | ✓ SURVIVED
Gen 13956 | best fit   11.187 | equity $   15760 | sortino 11.19 | trades 1011 | ✓ SURVIVED
Gen 13961 | best fit   11.187 | equity $   15760 | sortino 11.19 | trades 1011 | ✓ SURVIVED
Gen 13966 | best fit   11.187 | equity $   15760 | sortino 11.19 | trades 1011 | ✓ SURVIVED
Gen 13971 | best fit   11.187 | equity $   15760 | sortino 11.19 | trades 1011 | ✓ SURVIVED
Gen 13976 | best fit   11.187 | equity $   15760 | sortino 11.19 | trades 1011 | ✓ SURVIVED
Gen 13981 | best fit   11.187 | equity $   15760 | sortino 11.19 | trades 1011 | ✓ SURVIVED
Gen 13986 | best fit   11.187 | equity $   15760 | sortino 11.19 | trades 1011 | ✓ SURVIVED
Gen 13991 | best fit   11.187 | equity $   15760 | sortino 11.19 | trades 1011 | ✓ SURVIVED
Gen 13996 | best fit   11.187 | equity $   15760 | sortino 11.19 | trades 1011 | ✓ SURVIVED
Gen 14001 | best fit   11.187 | equity $   15760 | sortino 11.19 | trades 1011 | ✓ SURVIVED
Gen 14006 | best fit   11.187 | equity $   15760 | sortino 11.19 | trades 1011 | ✓ SURVIVED
Gen 14011 | best fit   11.187 | equity $   15760 | sortino 11.19 | trades 1011 | ✓ SURVIVED
Gen 14016 | best fit   11.187 | equity $   15760 | sortino 11.19 | trades 1011 | ✓ SURVIVED
Gen 14021 | best fit   11.187 | equity $   15760 | sortino 11.19 | trades 1011 | ✓ SURVIVED
Gen 14026 | best fit   11.187 | equity $   15760 | sortino 11.19 | trades 1011 | ✓ SURVIVED
Gen 14031 | best fit   11.187 | equity $   15760 | sortino 11.19 | trades 1011 | ✓ SURVIVED
Gen 14036 | best fit   11.187 | equity $   15760 | sortino 11.19 | trades 1011 | ✓ SURVIVED
Gen 14041 | best fit   11.187 | equity $   15760 | sortino 11.19 | trades 1011 | ✓ SURVIVED
Gen 14046 | best fit   11.187 | equity $   15760 | sortino 11.19 | trades 1011 | ✓ SURVIVED
Gen 14051 | best fit   11.187 | equity $   15760 | sortino 11.19 | trades 1011 | ✓ SURVIVED
Gen 14056 | best fit   11.187 | equity $   15760 | sortino 11.19 | trades 1011 | ✓ SURVIVED
Gen 14061 | best fit   11.187 | equity $   15760 | sortino 11.19 | trades 1011 | ✓ SURVIVED
Gen 14066 | best fit   11.187 | equity $   15760 | sortino 11.19 | trades 1011 | ✓ SURVIVED
Gen 14071 | best fit   11.187 | equity $   15760 | sortino 11.19 | trades 1011 | ✓ SURVIVED
Gen 14076 | best fit   11.187 | equity $   15760 | sortino 11.19 | trades 1011 | ✓ SURVIVED
Gen 14081 | best fit   11.187 | equity $   15760 | sortino 11.19 | trades 1011 | ✓ SURVIVED
Gen 14086 | best fit   11.187 | equity $   15760 | sortino 11.19 | trades 1011 | ✓ SURVIVED
Gen 14091 | best fit   11.187 | equity $   15760 | sortino 11.19 | trades 1011 | ✓ SURVIVED
Gen 14096 | best fit   11.187 | equity $   15760 | sortino 11.19 | trades 1011 | ✓ SURVIVED
Gen 14101 | best fit   11.187 | equity $   15760 | sortino 11.19 | trades 1011 | ✓ SURVIVED
Gen 14106 | best fit   11.187 | equity $   15760 | sortino 11.19 | trades 1011 | ✓ SURVIVED
Gen 14111 | best fit   11.187 | equity $   15760 | sortino 11.19 | trades 1011 | ✓ SURVIVED
Gen 14116 | best fit   11.187 | equity $   15760 | sortino 11.19 | trades 1011 | ✓ SURVIVED
Gen 14121 | best fit   11.187 | equity $   15760 | sortino 11.19 | trades 1011 | ✓ SURVIVED
Gen 14126 | best fit   11.187 | equity $   15760 | sortino 11.19 | trades 1011 | ✓ SURVIVED
Gen 14131 | best fit   11.187 | equity $   15760 | sortino 11.19 | trades 1011 | ✓ SURVIVED
Gen 14136 | best fit   11.187 | equity $   15760 | sortino 11.19 | trades 1011 | ✓ SURVIVED
Gen 14141 | best fit   11.187 | equity $   15760 | sortino 11.19 | trades 1011 | ✓ SURVIVED
Gen 14146 | best fit   11.187 | equity $   15760 | sortino 11.19 | trades 1011 | ✓ SURVIVED
Gen 14151 | best fit   11.187 | equity $   15760 | sortino 11.19 | trades 1011 | ✓ SURVIVED
Gen 14156 | best fit   11.187 | equity $   15760 | sortino 11.19 | trades 1011 | ✓ SURVIVED
Gen 14161 | best fit   11.187 | equity $   15760 | sortino 11.19 | trades 1011 | ✓ SURVIVED
Gen 14166 | best fit   11.187 | equity $   15760 | sortino 11.19 | trades 1011 | ✓ SURVIVED
Gen 14171 | best fit   11.187 | equity $   15760 | sortino 11.19 | trades 1011 | ✓ SURVIVED
Gen 14176 | best fit   11.187 | equity $   15760 | sortino 11.19 | trades 1011 | ✓ SURVIVED
Gen 14181 | best fit   11.187 | equity $   15760 | sortino 11.19 | trades 1011 | ✓ SURVIVED
Gen 14186 | best fit   11.187 | equity $   15760 | sortino 11.19 | trades 1011 | ✓ SURVIVED
Gen 14191 | best fit   11.187 | equity $   15760 | sortino 11.19 | trades 1011 | ✓ SURVIVED
Gen 14196 | best fit   11.187 | equity $   15760 | sortino 11.19 | trades 1011 | ✓ SURVIVED
Gen 14201 | best fit   11.187 | equity $   15760 | sortino 11.19 | trades 1011 | ✓ SURVIVED
Gen 14206 | best fit   11.187 | equity $   15760 | sortino 11.19 | trades 1011 | ✓ SURVIVED
Gen 14211 | best fit   11.187 | equity $   15760 | sortino 11.19 | trades 1011 | ✓ SURVIVED
Gen 14216 | best fit   11.187 | equity $   15760 | sortino 11.19 | trades 1011 | ✓ SURVIVED
Gen 14221 | best fit   11.187 | equity $   15760 | sortino 11.19 | trades 1011 | ✓ SURVIVED
Gen 14226 | best fit   11.187 | equity $   15760 | sortino 11.19 | trades 1011 | ✓ SURVIVED
Gen 14231 | best fit   11.187 | equity $   15760 | sortino 11.19 | trades 1011 | ✓ SURVIVED
Gen 14236 | best fit   11.187 | equity $   15760 | sortino 11.19 | trades 1011 | ✓ SURVIVED
Gen 14241 | best fit   11.187 | equity $   15760 | sortino 11.19 | trades 1011 | ✓ SURVIVED
Gen 14246 | best fit   11.187 | equity $   15760 | sortino 11.19 | trades 1011 | ✓ SURVIVED
Gen 14251 | best fit   11.187 | equity $   15760 | sortino 11.19 | trades 1011 | ✓ SURVIVED
Gen 14256 | best fit   11.187 | equity $   15760 | sortino 11.19 | trades 1011 | ✓ SURVIVED
Gen 14261 | best fit   11.187 | equity $   15760 | sortino 11.19 | trades 1011 | ✓ SURVIVED
Gen 14266 | best fit   11.187 | equity $   15760 | sortino 11.19 | trades 1011 | ✓ SURVIVED
Gen 14271 | best fit   11.187 | equity $   15760 | sortino 11.19 | trades 1011 | ✓ SURVIVED
Gen 14276 | best fit   11.187 | equity $   15760 | sortino 11.19 | trades 1011 | ✓ SURVIVED
Gen 14281 | best fit   11.187 | equity $   15760 | sortino 11.19 | trades 1011 | ✓ SURVIVED
Gen 14286 | best fit   11.187 | equity $   15760 | sortino 11.19 | trades 1011 | ✓ SURVIVED
Gen 14291 | best fit   11.187 | equity $   15760 | sortino 11.19 | trades 1011 | ✓ SURVIVED
Gen 14296 | best fit   11.187 | equity $   15760 | sortino 11.19 | trades 1011 | ✓ SURVIVED
Gen 14301 | best fit   11.187 | equity $   15760 | sortino 11.19 | trades 1011 | ✓ SURVIVED
Gen 14306 | best fit   11.187 | equity $   15760 | sortino 11.19 | trades 1011 | ✓ SURVIVED
Gen 14311 | best fit   11.187 | equity $   15760 | sortino 11.19 | trades 1011 | ✓ SURVIVED
Gen 14316 | best fit   11.187 | equity $   15760 | sortino 11.19 | trades 1011 | ✓ SURVIVED
Gen 14321 | best fit   11.187 | equity $   15760 | sortino 11.19 | trades 1011 | ✓ SURVIVED
Gen 14326 | best fit   11.187 | equity $   15760 | sortino 11.19 | trades 1011 | ✓ SURVIVED
Gen 14331 | best fit   11.187 | equity $   15760 | sortino 11.19 | trades 1011 | ✓ SURVIVED
Gen 14336 | best fit   11.187 | equity $   15760 | sortino 11.19 | trades 1011 | ✓ SURVIVED
Gen 14341 | best fit   11.187 | equity $   15760 | sortino 11.19 | trades 1011 | ✓ SURVIVED
Gen 14346 | best fit   11.187 | equity $   15760 | sortino 11.19 | trades 1011 | ✓ SURVIVED
Gen 14351 | best fit   11.187 | equity $   15760 | sortino 11.19 | trades 1011 | ✓ SURVIVED
Gen 14356 | best fit   11.187 | equity $   15760 | sortino 11.19 | trades 1011 | ✓ SURVIVED
Gen 14361 | best fit   11.187 | equity $   15760 | sortino 11.19 | trades 1011 | ✓ SURVIVED
Gen 14366 | best fit   11.187 | equity $   15760 | sortino 11.19 | trades 1011 | ✓ SURVIVED
Gen 14371 | best fit   11.187 | equity $   15760 | sortino 11.19 | trades 1011 | ✓ SURVIVED
Gen 14376 | best fit   11.187 | equity $   15760 | sortino 11.19 | trades 1011 | ✓ SURVIVED
Gen 14381 | best fit   11.187 | equity $   15760 | sortino 11.19 | trades 1011 | ✓ SURVIVED
Gen 14386 | best fit   11.187 | equity $   15760 | sortino 11.19 | trades 1011 | ✓ SURVIVED
Gen 14391 | best fit   11.187 | equity $   15760 | sortino 11.19 | trades 1011 | ✓ SURVIVED
Gen 14396 | best fit   11.187 | equity $   15760 | sortino 11.19 | trades 1011 | ✓ SURVIVED
Gen 14401 | best fit   11.187 | equity $   15760 | sortino 11.19 | trades 1011 | ✓ SURVIVED
Gen 14406 | best fit   11.187 | equity $   15760 | sortino 11.19 | trades 1011 | ✓ SURVIVED
Gen 14411 | best fit   11.187 | equity $   15760 | sortino 11.19 | trades 1011 | ✓ SURVIVED
Gen 14416 | best fit   11.187 | equity $   15760 | sortino 11.19 | trades 1011 | ✓ SURVIVED
Gen 14421 | best fit   11.187 | equity $   15760 | sortino 11.19 | trades 1011 | ✓ SURVIVED
Gen 14426 | best fit   11.187 | equity $   15760 | sortino 11.19 | trades 1011 | ✓ SURVIVED
Gen 14431 | best fit   11.187 | equity $   15760 | sortino 11.19 | trades 1011 | ✓ SURVIVED
Gen 14436 | best fit   11.187 | equity $   15760 | sortino 11.19 | trades 1011 | ✓ SURVIVED
Gen 14441 | best fit   11.187 | equity $   15760 | sortino 11.19 | trades 1011 | ✓ SURVIVED
Gen 14446 | best fit   11.187 | equity $   15760 | sortino 11.19 | trades 1011 | ✓ SURVIVED
Gen 14451 | best fit   11.187 | equity $   15760 | sortino 11.19 | trades 1011 | ✓ SURVIVED
Gen 14456 | best fit   11.187 | equity $   15760 | sortino 11.19 | trades 1011 | ✓ SURVIVED
Gen 14461 | best fit   11.187 | equity $   15760 | sortino 11.19 | trades 1011 | ✓ SURVIVED
Gen 14466 | best fit   11.187 | equity $   15760 | sortino 11.19 | trades 1011 | ✓ SURVIVED
Gen 14471 | best fit   11.187 | equity $   15760 | sortino 11.19 | trades 1011 | ✓ SURVIVED
Gen 14476 | best fit   11.187 | equity $   15760 | sortino 11.19 | trades 1011 | ✓ SURVIVED
Gen 14481 | best fit   11.187 | equity $   15760 | sortino 11.19 | trades 1011 | ✓ SURVIVED
Gen 14486 | best fit   11.187 | equity $   15760 | sortino 11.19 | trades 1011 | ✓ SURVIVED
Gen 14491 | best fit   11.187 | equity $   15760 | sortino 11.19 | trades 1011 | ✓ SURVIVED
Gen 14496 | best fit   11.187 | equity $   15760 | sortino 11.19 | trades 1011 | ✓ SURVIVED
Gen 14501 | best fit   11.187 | equity $   15760 | sortino 11.19 | trades 1011 | ✓ SURVIVED
Gen 14506 | best fit   11.187 | equity $   15760 | sortino 11.19 | trades 1011 | ✓ SURVIVED
Gen 14511 | best fit   11.187 | equity $   15760 | sortino 11.19 | trades 1011 | ✓ SURVIVED
Gen 14516 | best fit   11.187 | equity $   15760 | sortino 11.19 | trades 1011 | ✓ SURVIVED
Gen 14521 | best fit   11.187 | equity $   15760 | sortino 11.19 | trades 1011 | ✓ SURVIVED
Gen 14526 | best fit   11.187 | equity $   15760 | sortino 11.19 | trades 1011 | ✓ SURVIVED
Gen 14531 | best fit   11.187 | equity $   15760 | sortino 11.19 | trades 1011 | ✓ SURVIVED
Gen 14536 | best fit   11.187 | equity $   15760 | sortino 11.19 | trades 1011 | ✓ SURVIVED
Gen 14541 | best fit   11.187 | equity $   15760 | sortino 11.19 | trades 1011 | ✓ SURVIVED
Gen 14546 | best fit   11.187 | equity $   15760 | sortino 11.19 | trades 1011 | ✓ SURVIVED
Gen 14551 | best fit   11.187 | equity $   15760 | sortino 11.19 | trades 1011 | ✓ SURVIVED
Gen 14556 | best fit   11.187 | equity $   15760 | sortino 11.19 | trades 1011 | ✓ SURVIVED
Gen 14561 | best fit   11.187 | equity $   15760 | sortino 11.19 | trades 1011 | ✓ SURVIVED
Gen 14566 | best fit   11.187 | equity $   15760 | sortino 11.19 | trades 1011 | ✓ SURVIVED
Gen 14571 | best fit   11.187 | equity $   15760 | sortino 11.19 | trades 1011 | ✓ SURVIVED
Gen 14576 | best fit   11.187 | equity $   15760 | sortino 11.19 | trades 1011 | ✓ SURVIVED
Gen 14581 | best fit   11.187 | equity $   15760 | sortino 11.19 | trades 1011 | ✓ SURVIVED
Gen 14586 | best fit   11.187 | equity $   15760 | sortino 11.19 | trades 1011 | ✓ SURVIVED
Gen 14591 | best fit   11.187 | equity $   15760 | sortino 11.19 | trades 1011 | ✓ SURVIVED
Gen 14596 | best fit   11.187 | equity $   15760 | sortino 11.19 | trades 1011 | ✓ SURVIVED
Gen 14601 | best fit   11.187 | equity $   15760 | sortino 11.19 | trades 1011 | ✓ SURVIVED
Gen 14606 | best fit   11.187 | equity $   15760 | sortino 11.19 | trades 1011 | ✓ SURVIVED
Gen 14611 | best fit   11.187 | equity $   15760 | sortino 11.19 | trades 1011 | ✓ SURVIVED
Gen 14616 | best fit   11.187 | equity $   15760 | sortino 11.19 | trades 1011 | ✓ SURVIVED
Gen 14621 | best fit   11.187 | equity $   15760 | sortino 11.19 | trades 1011 | ✓ SURVIVED
Gen 14626 | best fit   11.187 | equity $   15760 | sortino 11.19 | trades 1011 | ✓ SURVIVED
Gen 14631 | best fit   11.187 | equity $   15760 | sortino 11.19 | trades 1011 | ✓ SURVIVED
Gen 14636 | best fit   11.187 | equity $   15760 | sortino 11.19 | trades 1011 | ✓ SURVIVED
Gen 14641 | best fit   11.187 | equity $   15760 | sortino 11.19 | trades 1011 | ✓ SURVIVED
Gen 14646 | best fit   11.187 | equity $   15760 | sortino 11.19 | trades 1011 | ✓ SURVIVED
Gen 14651 | best fit   11.187 | equity $   15760 | sortino 11.19 | trades 1011 | ✓ SURVIVED
Gen 14656 | best fit   11.187 | equity $   15760 | sortino 11.19 | trades 1011 | ✓ SURVIVED
Gen 14661 | best fit   11.187 | equity $   15760 | sortino 11.19 | trades 1011 | ✓ SURVIVED
Gen 14666 | best fit   11.187 | equity $   15760 | sortino 11.19 | trades 1011 | ✓ SURVIVED
Gen 14671 | best fit   11.187 | equity $   15760 | sortino 11.19 | trades 1011 | ✓ SURVIVED
Gen 14676 | best fit   11.187 | equity $   15760 | sortino 11.19 | trades 1011 | ✓ SURVIVED
Gen 14681 | best fit   11.187 | equity $   15760 | sortino 11.19 | trades 1011 | ✓ SURVIVED
Gen 14686 | best fit   11.187 | equity $   15760 | sortino 11.19 | trades 1011 | ✓ SURVIVED
Gen 14691 | best fit   11.187 | equity $   15760 | sortino 11.19 | trades 1011 | ✓ SURVIVED
Gen 14696 | best fit   11.187 | equity $   15760 | sortino 11.19 | trades 1011 | ✓ SURVIVED
Gen 14701 | best fit   11.187 | equity $   15760 | sortino 11.19 | trades 1011 | ✓ SURVIVED
Gen 14706 | best fit   11.187 | equity $   15760 | sortino 11.19 | trades 1011 | ✓ SURVIVED
Gen 14711 | best fit   11.187 | equity $   15760 | sortino 11.19 | trades 1011 | ✓ SURVIVED
Gen 14716 | best fit   11.187 | equity $   15760 | sortino 11.19 | trades 1011 | ✓ SURVIVED
Gen 14721 | best fit   11.187 | equity $   15760 | sortino 11.19 | trades 1011 | ✓ SURVIVED
Gen 14726 | best fit   11.187 | equity $   15760 | sortino 11.19 | trades 1011 | ✓ SURVIVED
Gen 14731 | best fit   11.187 | equity $   15760 | sortino 11.19 | trades 1011 | ✓ SURVIVED
Gen 14736 | best fit   11.187 | equity $   15760 | sortino 11.19 | trades 1011 | ✓ SURVIVED
Gen 14741 | best fit   11.187 | equity $   15760 | sortino 11.19 | trades 1011 | ✓ SURVIVED
Gen 14746 | best fit   11.187 | equity $   15760 | sortino 11.19 | trades 1011 | ✓ SURVIVED
Gen 14751 | best fit   11.187 | equity $   15760 | sortino 11.19 | trades 1011 | ✓ SURVIVED
Gen 14756 | best fit   11.187 | equity $   15760 | sortino 11.19 | trades 1011 | ✓ SURVIVED
Gen 14761 | best fit   11.187 | equity $   15760 | sortino 11.19 | trades 1011 | ✓ SURVIVED
Gen 14766 | best fit   11.187 | equity $   15760 | sortino 11.19 | trades 1011 | ✓ SURVIVED
Gen 14771 | best fit   11.187 | equity $   15760 | sortino 11.19 | trades 1011 | ✓ SURVIVED
Gen 14776 | best fit   11.187 | equity $   15760 | sortino 11.19 | trades 1011 | ✓ SURVIVED
Gen 14781 | best fit   11.187 | equity $   15760 | sortino 11.19 | trades 1011 | ✓ SURVIVED
Gen 14786 | best fit   11.187 | equity $   15760 | sortino 11.19 | trades 1011 | ✓ SURVIVED
Gen 14791 | best fit   11.187 | equity $   15760 | sortino 11.19 | trades 1011 | ✓ SURVIVED
Gen 14796 | best fit   11.187 | equity $   15760 | sortino 11.19 | trades 1011 | ✓ SURVIVED
Gen 14801 | best fit   11.187 | equity $   15760 | sortino 11.19 | trades 1011 | ✓ SURVIVED
Gen 14806 | best fit   11.187 | equity $   15760 | sortino 11.19 | trades 1011 | ✓ SURVIVED
Gen 14811 | best fit   11.187 | equity $   15760 | sortino 11.19 | trades 1011 | ✓ SURVIVED
Gen 14816 | best fit   11.187 | equity $   15760 | sortino 11.19 | trades 1011 | ✓ SURVIVED
Gen 14821 | best fit   11.187 | equity $   15760 | sortino 11.19 | trades 1011 | ✓ SURVIVED
Gen 14826 | best fit   11.187 | equity $   15760 | sortino 11.19 | trades 1011 | ✓ SURVIVED
Gen 14831 | best fit   11.187 | equity $   15760 | sortino 11.19 | trades 1011 | ✓ SURVIVED
Gen 14836 | best fit   11.187 | equity $   15760 | sortino 11.19 | trades 1011 | ✓ SURVIVED
Gen 14841 | best fit   11.187 | equity $   15760 | sortino 11.19 | trades 1011 | ✓ SURVIVED
Gen 14846 | best fit   11.187 | equity $   15760 | sortino 11.19 | trades 1011 | ✓ SURVIVED
Gen 14851 | best fit   11.187 | equity $   15760 | sortino 11.19 | trades 1011 | ✓ SURVIVED
Gen 14856 | best fit   11.187 | equity $   15760 | sortino 11.19 | trades 1011 | ✓ SURVIVED
Gen 14861 | best fit   11.187 | equity $   15760 | sortino 11.19 | trades 1011 | ✓ SURVIVED
Gen 14866 | best fit   11.187 | equity $   15760 | sortino 11.19 | trades 1011 | ✓ SURVIVED
Gen 14871 | best fit   11.187 | equity $   15760 | sortino 11.19 | trades 1011 | ✓ SURVIVED
Gen 14876 | best fit   11.187 | equity $   15760 | sortino 11.19 | trades 1011 | ✓ SURVIVED
Gen 14881 | best fit   11.187 | equity $   15760 | sortino 11.19 | trades 1011 | ✓ SURVIVED
Gen 14886 | best fit   11.187 | equity $   15760 | sortino 11.19 | trades 1011 | ✓ SURVIVED
Gen 14891 | best fit   11.187 | equity $   15760 | sortino 11.19 | trades 1011 | ✓ SURVIVED
Gen 14896 | best fit   11.187 | equity $   15760 | sortino 11.19 | trades 1011 | ✓ SURVIVED
Gen 14901 | best fit   11.187 | equity $   15760 | sortino 11.19 | trades 1011 | ✓ SURVIVED
Gen 14906 | best fit   11.187 | equity $   15760 | sortino 11.19 | trades 1011 | ✓ SURVIVED
Gen 14911 | best fit   11.187 | equity $   15760 | sortino 11.19 | trades 1011 | ✓ SURVIVED
Gen 14916 | best fit   11.187 | equity $   15760 | sortino 11.19 | trades 1011 | ✓ SURVIVED
Gen 14921 | best fit   11.187 | equity $   15760 | sortino 11.19 | trades 1011 | ✓ SURVIVED
Gen 14926 | best fit   11.187 | equity $   15760 | sortino 11.19 | trades 1011 | ✓ SURVIVED
Gen 14931 | best fit   11.187 | equity $   15760 | sortino 11.19 | trades 1011 | ✓ SURVIVED
Gen 14936 | best fit   11.187 | equity $   15760 | sortino 11.19 | trades 1011 | ✓ SURVIVED
Gen 14941 | best fit   11.187 | equity $   15760 | sortino 11.19 | trades 1011 | ✓ SURVIVED
Gen 14946 | best fit   11.187 | equity $   15760 | sortino 11.19 | trades 1011 | ✓ SURVIVED
Gen 14951 | best fit   11.187 | equity $   15760 | sortino 11.19 | trades 1011 | ✓ SURVIVED
Gen 14956 | best fit   11.187 | equity $   15760 | sortino 11.19 | trades 1011 | ✓ SURVIVED
Gen 14961 | best fit   11.187 | equity $   15760 | sortino 11.19 | trades 1011 | ✓ SURVIVED
Gen 14966 | best fit   11.187 | equity $   15760 | sortino 11.19 | trades 1011 | ✓ SURVIVED
Gen 14971 | best fit   11.187 | equity $   15760 | sortino 11.19 | trades 1011 | ✓ SURVIVED
Gen 14976 | best fit   11.187 | equity $   15760 | sortino 11.19 | trades 1011 | ✓ SURVIVED
Gen 14981 | best fit   11.187 | equity $   15760 | sortino 11.19 | trades 1011 | ✓ SURVIVED
Gen 14986 | best fit   11.187 | equity $   15760 | sortino 11.19 | trades 1011 | ✓ SURVIVED
Gen 14991 | best fit   11.187 | equity $   15760 | sortino 11.19 | trades 1011 | ✓ SURVIVED
Gen 14996 | best fit   11.187 | equity $   15760 | sortino 11.19 | trades 1011 | ✓ SURVIVED
Gen 15001 | best fit   11.187 | equity $   15760 | sortino 11.19 | trades 1011 | ✓ SURVIVED
Gen 15006 | best fit   11.187 | equity $   15760 | sortino 11.19 | trades 1011 | ✓ SURVIVED
Gen 15011 | best fit   11.187 | equity $   15760 | sortino 11.19 | trades 1011 | ✓ SURVIVED
Gen 15016 | best fit   11.187 | equity $   15760 | sortino 11.19 | trades 1011 | ✓ SURVIVED
Gen 15021 | best fit   11.187 | equity $   15760 | sortino 11.19 | trades 1011 | ✓ SURVIVED
Gen 15026 | best fit   11.187 | equity $   15760 | sortino 11.19 | trades 1011 | ✓ SURVIVED
Gen 15031 | best fit   11.187 | equity $   15760 | sortino 11.19 | trades 1011 | ✓ SURVIVED
Gen 15036 | best fit   11.187 | equity $   15760 | sortino 11.19 | trades 1011 | ✓ SURVIVED
Gen 15041 | best fit   11.187 | equity $   15760 | sortino 11.19 | trades 1011 | ✓ SURVIVED
Gen 15046 | best fit   11.187 | equity $   15760 | sortino 11.19 | trades 1011 | ✓ SURVIVED
Gen 15051 | best fit   11.187 | equity $   15760 | sortino 11.19 | trades 1011 | ✓ SURVIVED
Gen 15056 | best fit   11.187 | equity $   15760 | sortino 11.19 | trades 1011 | ✓ SURVIVED
Gen 15061 | best fit   11.187 | equity $   15760 | sortino 11.19 | trades 1011 | ✓ SURVIVED
Gen 15066 | best fit   11.187 | equity $   15760 | sortino 11.19 | trades 1011 | ✓ SURVIVED
Gen 15071 | best fit   11.187 | equity $   15760 | sortino 11.19 | trades 1011 | ✓ SURVIVED
Gen 15076 | best fit   11.187 | equity $   15760 | sortino 11.19 | trades 1011 | ✓ SURVIVED
Gen 15081 | best fit   11.187 | equity $   15760 | sortino 11.19 | trades 1011 | ✓ SURVIVED
Gen 15086 | best fit   11.187 | equity $   15760 | sortino 11.19 | trades 1011 | ✓ SURVIVED
Gen 15091 | best fit   11.187 | equity $   15760 | sortino 11.19 | trades 1011 | ✓ SURVIVED
Gen 15096 | best fit   11.187 | equity $   15760 | sortino 11.19 | trades 1011 | ✓ SURVIVED
Gen 15101 | best fit   11.187 | equity $   15760 | sortino 11.19 | trades 1011 | ✓ SURVIVED
Gen 15106 | best fit   11.187 | equity $   15760 | sortino 11.19 | trades 1011 | ✓ SURVIVED
Gen 15111 | best fit   11.187 | equity $   15760 | sortino 11.19 | trades 1011 | ✓ SURVIVED
Gen 15116 | best fit   11.187 | equity $   15760 | sortino 11.19 | trades 1011 | ✓ SURVIVED
Gen 15121 | best fit   11.187 | equity $   15760 | sortino 11.19 | trades 1011 | ✓ SURVIVED
Gen 15126 | best fit   11.187 | equity $   15760 | sortino 11.19 | trades 1011 | ✓ SURVIVED
Gen 15131 | best fit   11.187 | equity $   15760 | sortino 11.19 | trades 1011 | ✓ SURVIVED
Gen 15136 | best fit   11.187 | equity $   15760 | sortino 11.19 | trades 1011 | ✓ SURVIVED
Gen 15141 | best fit   11.187 | equity $   15760 | sortino 11.19 | trades 1011 | ✓ SURVIVED
Gen 15146 | best fit   11.187 | equity $   15760 | sortino 11.19 | trades 1011 | ✓ SURVIVED
Gen 15151 | best fit   11.187 | equity $   15760 | sortino 11.19 | trades 1011 | ✓ SURVIVED
Gen 15156 | best fit   11.187 | equity $   15760 | sortino 11.19 | trades 1011 | ✓ SURVIVED
Gen 15161 | best fit   11.187 | equity $   15760 | sortino 11.19 | trades 1011 | ✓ SURVIVED
Gen 15166 | best fit   11.187 | equity $   15760 | sortino 11.19 | trades 1011 | ✓ SURVIVED
Gen 15171 | best fit   11.187 | equity $   15760 | sortino 11.19 | trades 1011 | ✓ SURVIVED
Gen 15176 | best fit   11.187 | equity $   15760 | sortino 11.19 | trades 1011 | ✓ SURVIVED
Gen 15181 | best fit   11.187 | equity $   15760 | sortino 11.19 | trades 1011 | ✓ SURVIVED
Gen 15186 | best fit   11.187 | equity $   15760 | sortino 11.19 | trades 1011 | ✓ SURVIVED
Gen 15191 | best fit   11.187 | equity $   15760 | sortino 11.19 | trades 1011 | ✓ SURVIVED
Gen 15196 | best fit   11.187 | equity $   15760 | sortino 11.19 | trades 1011 | ✓ SURVIVED
Gen 15201 | best fit   11.187 | equity $   15760 | sortino 11.19 | trades 1011 | ✓ SURVIVED
Gen 15206 | best fit   11.187 | equity $   15760 | sortino 11.19 | trades 1011 | ✓ SURVIVED
Gen 15211 | best fit   11.187 | equity $   15760 | sortino 11.19 | trades 1011 | ✓ SURVIVED
Gen 15216 | best fit   11.187 | equity $   15760 | sortino 11.19 | trades 1011 | ✓ SURVIVED
Gen 15221 | best fit   11.187 | equity $   15760 | sortino 11.19 | trades 1011 | ✓ SURVIVED
Gen 15226 | best fit   11.187 | equity $   15760 | sortino 11.19 | trades 1011 | ✓ SURVIVED
Gen 15231 | best fit   11.187 | equity $   15760 | sortino 11.19 | trades 1011 | ✓ SURVIVED
Gen 15236 | best fit   11.187 | equity $   15760 | sortino 11.19 | trades 1011 | ✓ SURVIVED
Gen 15241 | best fit   11.187 | equity $   15760 | sortino 11.19 | trades 1011 | ✓ SURVIVED
Gen 15246 | best fit   11.187 | equity $   15760 | sortino 11.19 | trades 1011 | ✓ SURVIVED
Gen 15251 | best fit   11.187 | equity $   15760 | sortino 11.19 | trades 1011 | ✓ SURVIVED
Gen 15256 | best fit   11.187 | equity $   15760 | sortino 11.19 | trades 1011 | ✓ SURVIVED
Gen 15261 | best fit   11.187 | equity $   15760 | sortino 11.19 | trades 1011 | ✓ SURVIVED
Gen 15266 | best fit   11.187 | equity $   15760 | sortino 11.19 | trades 1011 | ✓ SURVIVED
Gen 15271 | best fit   11.187 | equity $   15760 | sortino 11.19 | trades 1011 | ✓ SURVIVED
Gen 15276 | best fit   11.187 | equity $   15760 | sortino 11.19 | trades 1011 | ✓ SURVIVED
Gen 15281 | best fit   11.187 | equity $   15760 | sortino 11.19 | trades 1011 | ✓ SURVIVED
Gen 15286 | best fit   11.187 | equity $   15760 | sortino 11.19 | trades 1011 | ✓ SURVIVED
Gen 15291 | best fit   11.187 | equity $   15760 | sortino 11.19 | trades 1011 | ✓ SURVIVED
Gen 15296 | best fit   11.187 | equity $   15760 | sortino 11.19 | trades 1011 | ✓ SURVIVED
Gen 15301 | best fit   11.187 | equity $   15760 | sortino 11.19 | trades 1011 | ✓ SURVIVED
Gen 15306 | best fit   11.187 | equity $   15760 | sortino 11.19 | trades 1011 | ✓ SURVIVED
Gen 15311 | best fit   11.187 | equity $   15760 | sortino 11.19 | trades 1011 | ✓ SURVIVED
Gen 15316 | best fit   11.187 | equity $   15760 | sortino 11.19 | trades 1011 | ✓ SURVIVED
Gen 15321 | best fit   11.187 | equity $   15760 | sortino 11.19 | trades 1011 | ✓ SURVIVED
Gen 15326 | best fit   11.187 | equity $   15760 | sortino 11.19 | trades 1011 | ✓ SURVIVED
Gen 15331 | best fit   11.187 | equity $   15760 | sortino 11.19 | trades 1011 | ✓ SURVIVED
Gen 15336 | best fit   11.187 | equity $   15760 | sortino 11.19 | trades 1011 | ✓ SURVIVED
Gen 15341 | best fit   11.187 | equity $   15760 | sortino 11.19 | trades 1011 | ✓ SURVIVED
Gen 15346 | best fit   11.187 | equity $   15760 | sortino 11.19 | trades 1011 | ✓ SURVIVED
Gen 15351 | best fit   11.187 | equity $   15760 | sortino 11.19 | trades 1011 | ✓ SURVIVED
Gen 15356 | best fit   11.187 | equity $   15760 | sortino 11.19 | trades 1011 | ✓ SURVIVED
Gen 15361 | best fit   11.187 | equity $   15760 | sortino 11.19 | trades 1011 | ✓ SURVIVED
Gen 15366 | best fit   11.187 | equity $   15760 | sortino 11.19 | trades 1011 | ✓ SURVIVED
Gen 15371 | best fit   11.187 | equity $   15760 | sortino 11.19 | trades 1011 | ✓ SURVIVED
Gen 15376 | best fit   11.187 | equity $   15760 | sortino 11.19 | trades 1011 | ✓ SURVIVED
Gen 15381 | best fit   11.187 | equity $   15760 | sortino 11.19 | trades 1011 | ✓ SURVIVED
Gen 15386 | best fit   11.187 | equity $   15760 | sortino 11.19 | trades 1011 | ✓ SURVIVED
Gen 15391 | best fit   11.187 | equity $   15760 | sortino 11.19 | trades 1011 | ✓ SURVIVED
Gen 15396 | best fit   11.187 | equity $   15760 | sortino 11.19 | trades 1011 | ✓ SURVIVED
Gen 15401 | best fit   11.187 | equity $   15760 | sortino 11.19 | trades 1011 | ✓ SURVIVED
Gen 15406 | best fit   11.187 | equity $   15760 | sortino 11.19 | trades 1011 | ✓ SURVIVED
Gen 15411 | best fit   11.187 | equity $   15760 | sortino 11.19 | trades 1011 | ✓ SURVIVED
Gen 15416 | best fit   11.187 | equity $   15760 | sortino 11.19 | trades 1011 | ✓ SURVIVED
Gen 15421 | best fit   11.187 | equity $   15760 | sortino 11.19 | trades 1011 | ✓ SURVIVED
Gen 15426 | best fit   11.187 | equity $   15760 | sortino 11.19 | trades 1011 | ✓ SURVIVED
Gen 15431 | best fit   11.187 | equity $   15760 | sortino 11.19 | trades 1011 | ✓ SURVIVED
Gen 15436 | best fit   11.187 | equity $   15760 | sortino 11.19 | trades 1011 | ✓ SURVIVED
Gen 15441 | best fit   11.187 | equity $   15760 | sortino 11.19 | trades 1011 | ✓ SURVIVED
Gen 15446 | best fit   11.187 | equity $   15760 | sortino 11.19 | trades 1011 | ✓ SURVIVED
Gen 15451 | best fit   11.187 | equity $   15760 | sortino 11.19 | trades 1011 | ✓ SURVIVED
Gen 15456 | best fit   11.187 | equity $   15760 | sortino 11.19 | trades 1011 | ✓ SURVIVED
Gen 15461 | best fit   11.187 | equity $   15760 | sortino 11.19 | trades 1011 | ✓ SURVIVED
Gen 15466 | best fit   11.187 | equity $   15760 | sortino 11.19 | trades 1011 | ✓ SURVIVED
Gen 15471 | best fit   11.187 | equity $   15760 | sortino 11.19 | trades 1011 | ✓ SURVIVED
Gen 15476 | best fit   11.187 | equity $   15760 | sortino 11.19 | trades 1011 | ✓ SURVIVED
Gen 15481 | best fit   11.187 | equity $   15760 | sortino 11.19 | trades 1011 | ✓ SURVIVED
Gen 15486 | best fit   11.187 | equity $   15760 | sortino 11.19 | trades 1011 | ✓ SURVIVED
Gen 15491 | best fit   11.187 | equity $   15760 | sortino 11.19 | trades 1011 | ✓ SURVIVED
Gen 15496 | best fit   11.187 | equity $   15760 | sortino 11.19 | trades 1011 | ✓ SURVIVED
Gen 15501 | best fit   11.187 | equity $   15760 | sortino 11.19 | trades 1011 | ✓ SURVIVED
Gen 15506 | best fit   11.187 | equity $   15760 | sortino 11.19 | trades 1011 | ✓ SURVIVED
Gen 15511 | best fit   11.187 | equity $   15760 | sortino 11.19 | trades 1011 | ✓ SURVIVED
Gen 15516 | best fit   11.187 | equity $   15760 | sortino 11.19 | trades 1011 | ✓ SURVIVED
Gen 15521 | best fit   11.187 | equity $   15760 | sortino 11.19 | trades 1011 | ✓ SURVIVED
Gen 15526 | best fit   11.187 | equity $   15760 | sortino 11.19 | trades 1011 | ✓ SURVIVED
Gen 15531 | best fit   11.187 | equity $   15760 | sortino 11.19 | trades 1011 | ✓ SURVIVED
Gen 15536 | best fit   11.187 | equity $   15760 | sortino 11.19 | trades 1011 | ✓ SURVIVED
Gen 15541 | best fit   11.187 | equity $   15760 | sortino 11.19 | trades 1011 | ✓ SURVIVED
Gen 15546 | best fit   11.187 | equity $   15760 | sortino 11.19 | trades 1011 | ✓ SURVIVED
Gen 15551 | best fit   11.187 | equity $   15760 | sortino 11.19 | trades 1011 | ✓ SURVIVED
Gen 15556 | best fit   11.187 | equity $   15760 | sortino 11.19 | trades 1011 | ✓ SURVIVED
Gen 15561 | best fit   11.187 | equity $   15760 | sortino 11.19 | trades 1011 | ✓ SURVIVED
Gen 15566 | best fit   11.187 | equity $   15760 | sortino 11.19 | trades 1011 | ✓ SURVIVED
Gen 15571 | best fit   11.187 | equity $   15760 | sortino 11.19 | trades 1011 | ✓ SURVIVED
Gen 15576 | best fit   11.187 | equity $   15760 | sortino 11.19 | trades 1011 | ✓ SURVIVED
Gen 15581 | best fit   11.187 | equity $   15760 | sortino 11.19 | trades 1011 | ✓ SURVIVED
Gen 15586 | best fit   11.187 | equity $   15760 | sortino 11.19 | trades 1011 | ✓ SURVIVED
Gen 15591 | best fit   11.187 | equity $   15760 | sortino 11.19 | trades 1011 | ✓ SURVIVED
Gen 15596 | best fit   11.187 | equity $   15760 | sortino 11.19 | trades 1011 | ✓ SURVIVED
Gen 15601 | best fit   11.187 | equity $   15760 | sortino 11.19 | trades 1011 | ✓ SURVIVED
Gen 15606 | best fit   11.187 | equity $   15760 | sortino 11.19 | trades 1011 | ✓ SURVIVED
Gen 15611 | best fit   11.187 | equity $   15760 | sortino 11.19 | trades 1011 | ✓ SURVIVED
Gen 15616 | best fit   11.187 | equity $   15760 | sortino 11.19 | trades 1011 | ✓ SURVIVED
Gen 15621 | best fit   11.187 | equity $   15760 | sortino 11.19 | trades 1011 | ✓ SURVIVED
Gen 15626 | best fit   11.187 | equity $   15760 | sortino 11.19 | trades 1011 | ✓ SURVIVED
Gen 15631 | best fit   11.187 | equity $   15760 | sortino 11.19 | trades 1011 | ✓ SURVIVED
Gen 15636 | best fit   11.187 | equity $   15760 | sortino 11.19 | trades 1011 | ✓ SURVIVED
Gen 15641 | best fit   11.187 | equity $   15760 | sortino 11.19 | trades 1011 | ✓ SURVIVED
Gen 15646 | best fit   11.187 | equity $   15760 | sortino 11.19 | trades 1011 | ✓ SURVIVED
Gen 15651 | best fit   11.187 | equity $   15760 | sortino 11.19 | trades 1011 | ✓ SURVIVED
Gen 15656 | best fit   11.187 | equity $   15760 | sortino 11.19 | trades 1011 | ✓ SURVIVED
Gen 15661 | best fit   11.187 | equity $   15760 | sortino 11.19 | trades 1011 | ✓ SURVIVED
Gen 15666 | best fit   11.187 | equity $   15760 | sortino 11.19 | trades 1011 | ✓ SURVIVED
Gen 15671 | best fit   11.187 | equity $   15760 | sortino 11.19 | trades 1011 | ✓ SURVIVED
Gen 15676 | best fit   11.187 | equity $   15760 | sortino 11.19 | trades 1011 | ✓ SURVIVED
Gen 15681 | best fit   11.187 | equity $   15760 | sortino 11.19 | trades 1011 | ✓ SURVIVED
Gen 15686 | best fit   11.187 | equity $   15760 | sortino 11.19 | trades 1011 | ✓ SURVIVED
Gen 15691 | best fit   11.187 | equity $   15760 | sortino 11.19 | trades 1011 | ✓ SURVIVED
Gen 15696 | best fit   11.187 | equity $   15760 | sortino 11.19 | trades 1011 | ✓ SURVIVED
Gen 15701 | best fit   11.187 | equity $   15760 | sortino 11.19 | trades 1011 | ✓ SURVIVED
Gen 15706 | best fit   11.187 | equity $   15760 | sortino 11.19 | trades 1011 | ✓ SURVIVED
Gen 15711 | best fit   11.187 | equity $   15760 | sortino 11.19 | trades 1011 | ✓ SURVIVED
Gen 15716 | best fit   11.187 | equity $   15760 | sortino 11.19 | trades 1011 | ✓ SURVIVED
Gen 15721 | best fit   11.187 | equity $   15760 | sortino 11.19 | trades 1011 | ✓ SURVIVED
Gen 15726 | best fit   11.187 | equity $   15760 | sortino 11.19 | trades 1011 | ✓ SURVIVED
Gen 15731 | best fit   11.187 | equity $   15760 | sortino 11.19 | trades 1011 | ✓ SURVIVED
Gen 15736 | best fit   11.187 | equity $   15760 | sortino 11.19 | trades 1011 | ✓ SURVIVED
Gen 15741 | best fit   11.187 | equity $   15760 | sortino 11.19 | trades 1011 | ✓ SURVIVED
Gen 15746 | best fit   11.187 | equity $   15760 | sortino 11.19 | trades 1011 | ✓ SURVIVED
Gen 15751 | best fit   11.187 | equity $   15760 | sortino 11.19 | trades 1011 | ✓ SURVIVED
Gen 15756 | best fit   11.187 | equity $   15760 | sortino 11.19 | trades 1011 | ✓ SURVIVED
Gen 15761 | best fit   11.187 | equity $   15760 | sortino 11.19 | trades 1011 | ✓ SURVIVED
Gen 15766 | best fit   11.187 | equity $   15760 | sortino 11.19 | trades 1011 | ✓ SURVIVED
Gen 15771 | best fit   11.187 | equity $   15760 | sortino 11.19 | trades 1011 | ✓ SURVIVED
Gen 15776 | best fit   11.187 | equity $   15760 | sortino 11.19 | trades 1011 | ✓ SURVIVED
Gen 15781 | best fit   11.187 | equity $   15760 | sortino 11.19 | trades 1011 | ✓ SURVIVED
Gen 15786 | best fit   11.187 | equity $   15760 | sortino 11.19 | trades 1011 | ✓ SURVIVED
Gen 15791 | best fit   11.187 | equity $   15760 | sortino 11.19 | trades 1011 | ✓ SURVIVED
Gen 15796 | best fit   11.187 | equity $   15760 | sortino 11.19 | trades 1011 | ✓ SURVIVED
Gen 15801 | best fit   11.187 | equity $   15760 | sortino 11.19 | trades 1011 | ✓ SURVIVED
Gen 15806 | best fit   11.187 | equity $   15760 | sortino 11.19 | trades 1011 | ✓ SURVIVED
Gen 15811 | best fit   11.187 | equity $   15760 | sortino 11.19 | trades 1011 | ✓ SURVIVED
Gen 15816 | best fit   11.187 | equity $   15760 | sortino 11.19 | trades 1011 | ✓ SURVIVED
Gen 15821 | best fit   11.187 | equity $   15760 | sortino 11.19 | trades 1011 | ✓ SURVIVED
Gen 15826 | best fit   11.187 | equity $   15760 | sortino 11.19 | trades 1011 | ✓ SURVIVED
Gen 15831 | best fit   11.187 | equity $   15760 | sortino 11.19 | trades 1011 | ✓ SURVIVED
Gen 15836 | best fit   11.187 | equity $   15760 | sortino 11.19 | trades 1011 | ✓ SURVIVED
Gen 15841 | best fit   11.187 | equity $   15760 | sortino 11.19 | trades 1011 | ✓ SURVIVED
Gen 15846 | best fit   11.187 | equity $   15760 | sortino 11.19 | trades 1011 | ✓ SURVIVED
Gen 15851 | best fit   11.187 | equity $   15760 | sortino 11.19 | trades 1011 | ✓ SURVIVED
Gen 15856 | best fit   11.187 | equity $   15760 | sortino 11.19 | trades 1011 | ✓ SURVIVED
Gen 15861 | best fit   11.187 | equity $   15760 | sortino 11.19 | trades 1011 | ✓ SURVIVED
Gen 15866 | best fit   11.187 | equity $   15760 | sortino 11.19 | trades 1011 | ✓ SURVIVED
Gen 15871 | best fit   11.187 | equity $   15760 | sortino 11.19 | trades 1011 | ✓ SURVIVED
Gen 15876 | best fit   11.187 | equity $   15760 | sortino 11.19 | trades 1011 | ✓ SURVIVED
Gen 15881 | best fit   11.187 | equity $   15760 | sortino 11.19 | trades 1011 | ✓ SURVIVED
Gen 15886 | best fit   11.187 | equity $   15760 | sortino 11.19 | trades 1011 | ✓ SURVIVED
Gen 15891 | best fit   11.187 | equity $   15760 | sortino 11.19 | trades 1011 | ✓ SURVIVED
Gen 15896 | best fit   11.187 | equity $   15760 | sortino 11.19 | trades 1011 | ✓ SURVIVED
Gen 15901 | best fit   11.187 | equity $   15760 | sortino 11.19 | trades 1011 | ✓ SURVIVED
Gen 15906 | best fit   11.187 | equity $   15760 | sortino 11.19 | trades 1011 | ✓ SURVIVED
Gen 15911 | best fit   11.187 | equity $   15760 | sortino 11.19 | trades 1011 | ✓ SURVIVED
Gen 15916 | best fit   11.187 | equity $   15760 | sortino 11.19 | trades 1011 | ✓ SURVIVED
Gen 15921 | best fit   11.187 | equity $   15760 | sortino 11.19 | trades 1011 | ✓ SURVIVED
Gen 15926 | best fit   11.187 | equity $   15760 | sortino 11.19 | trades 1011 | ✓ SURVIVED
Gen 15931 | best fit   11.187 | equity $   15760 | sortino 11.19 | trades 1011 | ✓ SURVIVED
Gen 15936 | best fit   11.187 | equity $   15760 | sortino 11.19 | trades 1011 | ✓ SURVIVED
Gen 15941 | best fit   11.187 | equity $   15760 | sortino 11.19 | trades 1011 | ✓ SURVIVED
Gen 15946 | best fit   11.187 | equity $   15760 | sortino 11.19 | trades 1011 | ✓ SURVIVED
Gen 15951 | best fit   11.187 | equity $   15760 | sortino 11.19 | trades 1011 | ✓ SURVIVED
Gen 15956 | best fit   11.187 | equity $   15760 | sortino 11.19 | trades 1011 | ✓ SURVIVED
Gen 15961 | best fit   11.187 | equity $   15760 | sortino 11.19 | trades 1011 | ✓ SURVIVED
Gen 15966 | best fit   11.187 | equity $   15760 | sortino 11.19 | trades 1011 | ✓ SURVIVED
Gen 15971 | best fit   11.187 | equity $   15760 | sortino 11.19 | trades 1011 | ✓ SURVIVED
Gen 15976 | best fit   11.187 | equity $   15760 | sortino 11.19 | trades 1011 | ✓ SURVIVED
Gen 15981 | best fit   11.187 | equity $   15760 | sortino 11.19 | trades 1011 | ✓ SURVIVED
Gen 15986 | best fit   11.187 | equity $   15760 | sortino 11.19 | trades 1011 | ✓ SURVIVED
Gen 15991 | best fit   11.187 | equity $   15760 | sortino 11.19 | trades 1011 | ✓ SURVIVED
Gen 15996 | best fit   11.187 | equity $   15760 | sortino 11.19 | trades 1011 | ✓ SURVIVED
Gen 16001 | best fit   11.187 | equity $   15760 | sortino 11.19 | trades 1011 | ✓ SURVIVED
Gen 16006 | best fit   11.187 | equity $   15760 | sortino 11.19 | trades 1011 | ✓ SURVIVED
Gen 16011 | best fit   11.187 | equity $   15760 | sortino 11.19 | trades 1011 | ✓ SURVIVED
Gen 16016 | best fit   11.187 | equity $   15760 | sortino 11.19 | trades 1011 | ✓ SURVIVED
Gen 16021 | best fit   11.187 | equity $   15760 | sortino 11.19 | trades 1011 | ✓ SURVIVED
Gen 16026 | best fit   11.187 | equity $   15760 | sortino 11.19 | trades 1011 | ✓ SURVIVED
Gen 16031 | best fit   11.187 | equity $   15760 | sortino 11.19 | trades 1011 | ✓ SURVIVED
Gen 16036 | best fit   11.187 | equity $   15760 | sortino 11.19 | trades 1011 | ✓ SURVIVED
Gen 16041 | best fit   11.187 | equity $   15760 | sortino 11.19 | trades 1011 | ✓ SURVIVED
Gen 16046 | best fit   11.187 | equity $   15760 | sortino 11.19 | trades 1011 | ✓ SURVIVED
Gen 16051 | best fit   11.187 | equity $   15760 | sortino 11.19 | trades 1011 | ✓ SURVIVED
Gen 16056 | best fit   11.187 | equity $   15760 | sortino 11.19 | trades 1011 | ✓ SURVIVED
Gen 16061 | best fit   11.187 | equity $   15760 | sortino 11.19 | trades 1011 | ✓ SURVIVED
Gen 16066 | best fit   11.187 | equity $   15760 | sortino 11.19 | trades 1011 | ✓ SURVIVED
Gen 16071 | best fit   11.187 | equity $   15760 | sortino 11.19 | trades 1011 | ✓ SURVIVED
Gen 16076 | best fit   11.187 | equity $   15760 | sortino 11.19 | trades 1011 | ✓ SURVIVED
Gen 16081 | best fit   11.187 | equity $   15760 | sortino 11.19 | trades 1011 | ✓ SURVIVED
Gen 16086 | best fit   11.187 | equity $   15760 | sortino 11.19 | trades 1011 | ✓ SURVIVED
Gen 16091 | best fit   11.187 | equity $   15760 | sortino 11.19 | trades 1011 | ✓ SURVIVED
Gen 16096 | best fit   11.187 | equity $   15760 | sortino 11.19 | trades 1011 | ✓ SURVIVED
Gen 16101 | best fit   11.187 | equity $   15760 | sortino 11.19 | trades 1011 | ✓ SURVIVED
Gen 16106 | best fit   11.187 | equity $   15760 | sortino 11.19 | trades 1011 | ✓ SURVIVED
Gen 16111 | best fit   11.187 | equity $   15760 | sortino 11.19 | trades 1011 | ✓ SURVIVED
Gen 16116 | best fit   11.187 | equity $   15760 | sortino 11.19 | trades 1011 | ✓ SURVIVED
Gen 16121 | best fit   11.187 | equity $   15760 | sortino 11.19 | trades 1011 | ✓ SURVIVED
Gen 16126 | best fit   11.187 | equity $   15760 | sortino 11.19 | trades 1011 | ✓ SURVIVED
Gen 16131 | best fit   11.187 | equity $   15760 | sortino 11.19 | trades 1011 | ✓ SURVIVED
Gen 16136 | best fit   11.187 | equity $   15760 | sortino 11.19 | trades 1011 | ✓ SURVIVED
Gen 16141 | best fit   11.187 | equity $   15760 | sortino 11.19 | trades 1011 | ✓ SURVIVED
Gen 16146 | best fit   11.187 | equity $   15760 | sortino 11.19 | trades 1011 | ✓ SURVIVED
Gen 16151 | best fit   11.187 | equity $   15760 | sortino 11.19 | trades 1011 | ✓ SURVIVED
Gen 16156 | best fit   11.187 | equity $   15760 | sortino 11.19 | trades 1011 | ✓ SURVIVED
Gen 16161 | best fit   11.187 | equity $   15760 | sortino 11.19 | trades 1011 | ✓ SURVIVED
Gen 16166 | best fit   11.187 | equity $   15760 | sortino 11.19 | trades 1011 | ✓ SURVIVED
Gen 16171 | best fit   11.187 | equity $   15760 | sortino 11.19 | trades 1011 | ✓ SURVIVED
Gen 16176 | best fit   11.187 | equity $   15760 | sortino 11.19 | trades 1011 | ✓ SURVIVED
Gen 16181 | best fit   11.187 | equity $   15760 | sortino 11.19 | trades 1011 | ✓ SURVIVED
Gen 16186 | best fit   11.187 | equity $   15760 | sortino 11.19 | trades 1011 | ✓ SURVIVED
Gen 16191 | best fit   11.187 | equity $   15760 | sortino 11.19 | trades 1011 | ✓ SURVIVED
Gen 16196 | best fit   11.187 | equity $   15760 | sortino 11.19 | trades 1011 | ✓ SURVIVED
Gen 16201 | best fit   11.187 | equity $   15760 | sortino 11.19 | trades 1011 | ✓ SURVIVED
Gen 16206 | best fit   11.187 | equity $   15760 | sortino 11.19 | trades 1011 | ✓ SURVIVED
Gen 16211 | best fit   11.187 | equity $   15760 | sortino 11.19 | trades 1011 | ✓ SURVIVED
Gen 16216 | best fit   11.187 | equity $   15760 | sortino 11.19 | trades 1011 | ✓ SURVIVED
Gen 16221 | best fit   11.187 | equity $   15760 | sortino 11.19 | trades 1011 | ✓ SURVIVED
Gen 16226 | best fit   11.187 | equity $   15760 | sortino 11.19 | trades 1011 | ✓ SURVIVED
Gen 16231 | best fit   11.187 | equity $   15760 | sortino 11.19 | trades 1011 | ✓ SURVIVED
Gen 16236 | best fit   11.187 | equity $   15760 | sortino 11.19 | trades 1011 | ✓ SURVIVED
Gen 16241 | best fit   11.187 | equity $   15760 | sortino 11.19 | trades 1011 | ✓ SURVIVED
Gen 16246 | best fit   11.187 | equity $   15760 | sortino 11.19 | trades 1011 | ✓ SURVIVED
Gen 16251 | best fit   11.187 | equity $   15760 | sortino 11.19 | trades 1011 | ✓ SURVIVED
Gen 16256 | best fit   11.187 | equity $   15760 | sortino 11.19 | trades 1011 | ✓ SURVIVED
Gen 16261 | best fit   11.187 | equity $   15760 | sortino 11.19 | trades 1011 | ✓ SURVIVED
Gen 16266 | best fit   11.187 | equity $   15760 | sortino 11.19 | trades 1011 | ✓ SURVIVED
Gen 16271 | best fit   11.187 | equity $   15760 | sortino 11.19 | trades 1011 | ✓ SURVIVED
Gen 16276 | best fit   11.187 | equity $   15760 | sortino 11.19 | trades 1011 | ✓ SURVIVED
Gen 16281 | best fit   11.187 | equity $   15760 | sortino 11.19 | trades 1011 | ✓ SURVIVED
Gen 16286 | best fit   11.187 | equity $   15760 | sortino 11.19 | trades 1011 | ✓ SURVIVED
Gen 16291 | best fit   11.187 | equity $   15760 | sortino 11.19 | trades 1011 | ✓ SURVIVED
Gen 16296 | best fit   11.187 | equity $   15760 | sortino 11.19 | trades 1011 | ✓ SURVIVED
Gen 16301 | best fit   11.187 | equity $   15760 | sortino 11.19 | trades 1011 | ✓ SURVIVED
Gen 16306 | best fit   11.187 | equity $   15760 | sortino 11.19 | trades 1011 | ✓ SURVIVED
Gen 16311 | best fit   11.187 | equity $   15760 | sortino 11.19 | trades 1011 | ✓ SURVIVED
Gen 16316 | best fit   11.187 | equity $   15760 | sortino 11.19 | trades 1011 | ✓ SURVIVED
Gen 16321 | best fit   11.187 | equity $   15760 | sortino 11.19 | trades 1011 | ✓ SURVIVED
Gen 16326 | best fit   11.187 | equity $   15760 | sortino 11.19 | trades 1011 | ✓ SURVIVED
Gen 16331 | best fit   11.187 | equity $   15760 | sortino 11.19 | trades 1011 | ✓ SURVIVED
Gen 16336 | best fit   11.187 | equity $   15760 | sortino 11.19 | trades 1011 | ✓ SURVIVED
Gen 16341 | best fit   11.187 | equity $   15760 | sortino 11.19 | trades 1011 | ✓ SURVIVED
Gen 16346 | best fit   11.187 | equity $   15760 | sortino 11.19 | trades 1011 | ✓ SURVIVED
Gen 16351 | best fit   11.187 | equity $   15760 | sortino 11.19 | trades 1011 | ✓ SURVIVED
Gen 16356 | best fit   11.187 | equity $   15760 | sortino 11.19 | trades 1011 | ✓ SURVIVED
Gen 16361 | best fit   11.187 | equity $   15760 | sortino 11.19 | trades 1011 | ✓ SURVIVED
Gen 16366 | best fit   11.187 | equity $   15760 | sortino 11.19 | trades 1011 | ✓ SURVIVED
Gen 16371 | best fit   11.187 | equity $   15760 | sortino 11.19 | trades 1011 | ✓ SURVIVED
Gen 16376 | best fit   11.187 | equity $   15760 | sortino 11.19 | trades 1011 | ✓ SURVIVED
Gen 16381 | best fit   11.187 | equity $   15760 | sortino 11.19 | trades 1011 | ✓ SURVIVED
Gen 16386 | best fit   11.187 | equity $   15760 | sortino 11.19 | trades 1011 | ✓ SURVIVED
Gen 16391 | best fit   11.187 | equity $   15760 | sortino 11.19 | trades 1011 | ✓ SURVIVED
Gen 16396 | best fit   11.187 | equity $   15760 | sortino 11.19 | trades 1011 | ✓ SURVIVED
Gen 16401 | best fit   11.187 | equity $   15760 | sortino 11.19 | trades 1011 | ✓ SURVIVED
Gen 16406 | best fit   11.187 | equity $   15760 | sortino 11.19 | trades 1011 | ✓ SURVIVED
Gen 16411 | best fit   11.187 | equity $   15760 | sortino 11.19 | trades 1011 | ✓ SURVIVED
Gen 16416 | best fit   11.187 | equity $   15760 | sortino 11.19 | trades 1011 | ✓ SURVIVED
Gen 16421 | best fit   11.187 | equity $   15760 | sortino 11.19 | trades 1011 | ✓ SURVIVED
Gen 16426 | best fit   11.187 | equity $   15760 | sortino 11.19 | trades 1011 | ✓ SURVIVED
Gen 16431 | best fit   11.187 | equity $   15760 | sortino 11.19 | trades 1011 | ✓ SURVIVED
Gen 16436 | best fit   11.187 | equity $   15760 | sortino 11.19 | trades 1011 | ✓ SURVIVED
Gen 16441 | best fit   11.187 | equity $   15760 | sortino 11.19 | trades 1011 | ✓ SURVIVED
Gen 16446 | best fit   11.187 | equity $   15760 | sortino 11.19 | trades 1011 | ✓ SURVIVED
Gen 16451 | best fit   11.187 | equity $   15760 | sortino 11.19 | trades 1011 | ✓ SURVIVED
Gen 16456 | best fit   11.187 | equity $   15760 | sortino 11.19 | trades 1011 | ✓ SURVIVED
Gen 16461 | best fit   11.187 | equity $   15760 | sortino 11.19 | trades 1011 | ✓ SURVIVED
Gen 16466 | best fit   11.187 | equity $   15760 | sortino 11.19 | trades 1011 | ✓ SURVIVED
Gen 16471 | best fit   11.187 | equity $   15760 | sortino 11.19 | trades 1011 | ✓ SURVIVED
Gen 16476 | best fit   11.187 | equity $   15760 | sortino 11.19 | trades 1011 | ✓ SURVIVED
Gen 16481 | best fit   11.187 | equity $   15760 | sortino 11.19 | trades 1011 | ✓ SURVIVED
Gen 16486 | best fit   11.187 | equity $   15760 | sortino 11.19 | trades 1011 | ✓ SURVIVED
Gen 16491 | best fit   11.187 | equity $   15760 | sortino 11.19 | trades 1011 | ✓ SURVIVED
Gen 16496 | best fit   11.187 | equity $   15760 | sortino 11.19 | trades 1011 | ✓ SURVIVED
Gen 16501 | best fit   11.187 | equity $   15760 | sortino 11.19 | trades 1011 | ✓ SURVIVED
Gen 16506 | best fit   11.187 | equity $   15760 | sortino 11.19 | trades 1011 | ✓ SURVIVED
Gen 16511 | best fit   11.187 | equity $   15760 | sortino 11.19 | trades 1011 | ✓ SURVIVED
Gen 16516 | best fit   11.187 | equity $   15760 | sortino 11.19 | trades 1011 | ✓ SURVIVED
Gen 16521 | best fit   11.187 | equity $   15760 | sortino 11.19 | trades 1011 | ✓ SURVIVED
Gen 16526 | best fit   11.187 | equity $   15760 | sortino 11.19 | trades 1011 | ✓ SURVIVED
Gen 16531 | best fit   11.187 | equity $   15760 | sortino 11.19 | trades 1011 | ✓ SURVIVED
Gen 16536 | best fit   11.187 | equity $   15760 | sortino 11.19 | trades 1011 | ✓ SURVIVED
Gen 16541 | best fit   11.187 | equity $   15760 | sortino 11.19 | trades 1011 | ✓ SURVIVED
Gen 16546 | best fit   11.187 | equity $   15760 | sortino 11.19 | trades 1011 | ✓ SURVIVED
Gen 16551 | best fit   11.187 | equity $   15760 | sortino 11.19 | trades 1011 | ✓ SURVIVED
Gen 16556 | best fit   11.187 | equity $   15760 | sortino 11.19 | trades 1011 | ✓ SURVIVED
Gen 16561 | best fit   11.187 | equity $   15760 | sortino 11.19 | trades 1011 | ✓ SURVIVED
Gen 16566 | best fit   11.187 | equity $   15760 | sortino 11.19 | trades 1011 | ✓ SURVIVED
Gen 16571 | best fit   11.187 | equity $   15760 | sortino 11.19 | trades 1011 | ✓ SURVIVED
Gen 16576 | best fit   11.187 | equity $   15760 | sortino 11.19 | trades 1011 | ✓ SURVIVED
Gen 16581 | best fit   11.187 | equity $   15760 | sortino 11.19 | trades 1011 | ✓ SURVIVED
Gen 16586 | best fit   11.187 | equity $   15760 | sortino 11.19 | trades 1011 | ✓ SURVIVED
Gen 16591 | best fit   11.187 | equity $   15760 | sortino 11.19 | trades 1011 | ✓ SURVIVED
Gen 16596 | best fit   11.187 | equity $   15760 | sortino 11.19 | trades 1011 | ✓ SURVIVED
Gen 16601 | best fit   11.187 | equity $   15760 | sortino 11.19 | trades 1011 | ✓ SURVIVED
Gen 16606 | best fit   11.187 | equity $   15760 | sortino 11.19 | trades 1011 | ✓ SURVIVED
Gen 16611 | best fit   11.187 | equity $   15760 | sortino 11.19 | trades 1011 | ✓ SURVIVED
Gen 16616 | best fit   11.187 | equity $   15760 | sortino 11.19 | trades 1011 | ✓ SURVIVED
Gen 16621 | best fit   11.187 | equity $   15760 | sortino 11.19 | trades 1011 | ✓ SURVIVED
Gen 16626 | best fit   11.187 | equity $   15760 | sortino 11.19 | trades 1011 | ✓ SURVIVED
Gen 16631 | best fit   11.187 | equity $   15760 | sortino 11.19 | trades 1011 | ✓ SURVIVED
Gen 16636 | best fit   11.187 | equity $   15760 | sortino 11.19 | trades 1011 | ✓ SURVIVED
Gen 16641 | best fit   11.187 | equity $   15760 | sortino 11.19 | trades 1011 | ✓ SURVIVED
Gen 16646 | best fit   11.187 | equity $   15760 | sortino 11.19 | trades 1011 | ✓ SURVIVED
Gen 16651 | best fit   11.187 | equity $   15760 | sortino 11.19 | trades 1011 | ✓ SURVIVED
Gen 16656 | best fit   11.187 | equity $   15760 | sortino 11.19 | trades 1011 | ✓ SURVIVED
Gen 16661 | best fit   11.187 | equity $   15760 | sortino 11.19 | trades 1011 | ✓ SURVIVED
Gen 16666 | best fit   11.187 | equity $   15760 | sortino 11.19 | trades 1011 | ✓ SURVIVED
Gen 16671 | best fit   11.187 | equity $   15760 | sortino 11.19 | trades 1011 | ✓ SURVIVED
Gen 16676 | best fit   11.187 | equity $   15760 | sortino 11.19 | trades 1011 | ✓ SURVIVED
Gen 16681 | best fit   11.187 | equity $   15760 | sortino 11.19 | trades 1011 | ✓ SURVIVED
Gen 16686 | best fit   11.187 | equity $   15760 | sortino 11.19 | trades 1011 | ✓ SURVIVED
Gen 16691 | best fit   11.187 | equity $   15760 | sortino 11.19 | trades 1011 | ✓ SURVIVED
Gen 16696 | best fit   11.187 | equity $   15760 | sortino 11.19 | trades 1011 | ✓ SURVIVED
Gen 16701 | best fit   11.187 | equity $   15760 | sortino 11.19 | trades 1011 | ✓ SURVIVED
Gen 16706 | best fit   11.187 | equity $   15760 | sortino 11.19 | trades 1011 | ✓ SURVIVED
Gen 16711 | best fit   11.187 | equity $   15760 | sortino 11.19 | trades 1011 | ✓ SURVIVED
Gen 16716 | best fit   11.187 | equity $   15760 | sortino 11.19 | trades 1011 | ✓ SURVIVED
Gen 16721 | best fit   11.187 | equity $   15760 | sortino 11.19 | trades 1011 | ✓ SURVIVED
Gen 16726 | best fit   11.187 | equity $   15760 | sortino 11.19 | trades 1011 | ✓ SURVIVED
Gen 16731 | best fit   11.187 | equity $   15760 | sortino 11.19 | trades 1011 | ✓ SURVIVED
Gen 16736 | best fit   11.187 | equity $   15760 | sortino 11.19 | trades 1011 | ✓ SURVIVED
Gen 16741 | best fit   11.187 | equity $   15760 | sortino 11.19 | trades 1011 | ✓ SURVIVED
Gen 16746 | best fit   11.187 | equity $   15760 | sortino 11.19 | trades 1011 | ✓ SURVIVED
Gen 16751 | best fit   11.187 | equity $   15760 | sortino 11.19 | trades 1011 | ✓ SURVIVED
Gen 16756 | best fit   11.187 | equity $   15760 | sortino 11.19 | trades 1011 | ✓ SURVIVED
Gen 16761 | best fit   11.187 | equity $   15760 | sortino 11.19 | trades 1011 | ✓ SURVIVED
Gen 16766 | best fit   11.187 | equity $   15760 | sortino 11.19 | trades 1011 | ✓ SURVIVED
Gen 16771 | best fit   11.187 | equity $   15760 | sortino 11.19 | trades 1011 | ✓ SURVIVED
Gen 16776 | best fit   11.187 | equity $   15760 | sortino 11.19 | trades 1011 | ✓ SURVIVED
Gen 16781 | best fit   11.187 | equity $   15760 | sortino 11.19 | trades 1011 | ✓ SURVIVED
Gen 16786 | best fit   11.187 | equity $   15760 | sortino 11.19 | trades 1011 | ✓ SURVIVED
Gen 16791 | best fit   11.187 | equity $   15760 | sortino 11.19 | trades 1011 | ✓ SURVIVED
Gen 16796 | best fit   11.187 | equity $   15760 | sortino 11.19 | trades 1011 | ✓ SURVIVED
Gen 16801 | best fit   11.187 | equity $   15760 | sortino 11.19 | trades 1011 | ✓ SURVIVED
Gen 16806 | best fit   11.187 | equity $   15760 | sortino 11.19 | trades 1011 | ✓ SURVIVED
Gen 16811 | best fit   11.187 | equity $   15760 | sortino 11.19 | trades 1011 | ✓ SURVIVED
Gen 16816 | best fit   11.187 | equity $   15760 | sortino 11.19 | trades 1011 | ✓ SURVIVED
Gen 16821 | best fit   11.187 | equity $   15760 | sortino 11.19 | trades 1011 | ✓ SURVIVED
Gen 16826 | best fit   11.187 | equity $   15760 | sortino 11.19 | trades 1011 | ✓ SURVIVED
Gen 16831 | best fit   11.187 | equity $   15760 | sortino 11.19 | trades 1011 | ✓ SURVIVED
Gen 16836 | best fit   11.187 | equity $   15760 | sortino 11.19 | trades 1011 | ✓ SURVIVED
Gen 16841 | best fit   11.187 | equity $   15760 | sortino 11.19 | trades 1011 | ✓ SURVIVED
Gen 16846 | best fit   11.187 | equity $   15760 | sortino 11.19 | trades 1011 | ✓ SURVIVED
Gen 16851 | best fit   11.187 | equity $   15760 | sortino 11.19 | trades 1011 | ✓ SURVIVED
Gen 16856 | best fit   11.187 | equity $   15760 | sortino 11.19 | trades 1011 | ✓ SURVIVED
Gen 16861 | best fit   11.187 | equity $   15760 | sortino 11.19 | trades 1011 | ✓ SURVIVED
Gen 16866 | best fit   11.187 | equity $   15760 | sortino 11.19 | trades 1011 | ✓ SURVIVED
Gen 16871 | best fit   11.187 | equity $   15760 | sortino 11.19 | trades 1011 | ✓ SURVIVED
Gen 16876 | best fit   11.187 | equity $   15760 | sortino 11.19 | trades 1011 | ✓ SURVIVED
Gen 16881 | best fit   11.187 | equity $   15760 | sortino 11.19 | trades 1011 | ✓ SURVIVED
Gen 16886 | best fit   11.187 | equity $   15760 | sortino 11.19 | trades 1011 | ✓ SURVIVED
Gen 16891 | best fit   11.187 | equity $   15760 | sortino 11.19 | trades 1011 | ✓ SURVIVED
Gen 16896 | best fit   11.187 | equity $   15760 | sortino 11.19 | trades 1011 | ✓ SURVIVED
Gen 16901 | best fit   11.187 | equity $   15760 | sortino 11.19 | trades 1011 | ✓ SURVIVED
Gen 16906 | best fit   11.187 | equity $   15760 | sortino 11.19 | trades 1011 | ✓ SURVIVED
Gen 16911 | best fit   11.187 | equity $   15760 | sortino 11.19 | trades 1011 | ✓ SURVIVED
Gen 16916 | best fit   11.187 | equity $   15760 | sortino 11.19 | trades 1011 | ✓ SURVIVED
Gen 16921 | best fit   11.187 | equity $   15760 | sortino 11.19 | trades 1011 | ✓ SURVIVED
Gen 16926 | best fit   11.187 | equity $   15760 | sortino 11.19 | trades 1011 | ✓ SURVIVED
Gen 16931 | best fit   11.187 | equity $   15760 | sortino 11.19 | trades 1011 | ✓ SURVIVED
Gen 16936 | best fit   11.187 | equity $   15760 | sortino 11.19 | trades 1011 | ✓ SURVIVED
Gen 16941 | best fit   11.187 | equity $   15760 | sortino 11.19 | trades 1011 | ✓ SURVIVED
Gen 16946 | best fit   11.187 | equity $   15760 | sortino 11.19 | trades 1011 | ✓ SURVIVED
Gen 16951 | best fit   11.187 | equity $   15760 | sortino 11.19 | trades 1011 | ✓ SURVIVED
Gen 16956 | best fit   11.187 | equity $   15760 | sortino 11.19 | trades 1011 | ✓ SURVIVED
Gen 16961 | best fit   11.187 | equity $   15760 | sortino 11.19 | trades 1011 | ✓ SURVIVED
Gen 16966 | best fit   11.187 | equity $   15760 | sortino 11.19 | trades 1011 | ✓ SURVIVED
Gen 16971 | best fit   11.187 | equity $   15760 | sortino 11.19 | trades 1011 | ✓ SURVIVED
Gen 16976 | best fit   11.187 | equity $   15760 | sortino 11.19 | trades 1011 | ✓ SURVIVED
Gen 16981 | best fit   11.187 | equity $   15760 | sortino 11.19 | trades 1011 | ✓ SURVIVED
Gen 16986 | best fit   11.187 | equity $   15760 | sortino 11.19 | trades 1011 | ✓ SURVIVED
Gen 16991 | best fit   11.187 | equity $   15760 | sortino 11.19 | trades 1011 | ✓ SURVIVED
Gen 16996 | best fit   11.187 | equity $   15760 | sortino 11.19 | trades 1011 | ✓ SURVIVED
Gen 17001 | best fit   11.187 | equity $   15760 | sortino 11.19 | trades 1011 | ✓ SURVIVED
Gen 17006 | best fit   11.187 | equity $   15760 | sortino 11.19 | trades 1011 | ✓ SURVIVED
Gen 17011 | best fit   11.187 | equity $   15760 | sortino 11.19 | trades 1011 | ✓ SURVIVED
Gen 17016 | best fit   11.187 | equity $   15760 | sortino 11.19 | trades 1011 | ✓ SURVIVED
Gen 17021 | best fit   11.187 | equity $   15760 | sortino 11.19 | trades 1011 | ✓ SURVIVED
Gen 17026 | best fit   11.187 | equity $   15760 | sortino 11.19 | trades 1011 | ✓ SURVIVED
Gen 17031 | best fit   11.187 | equity $   15760 | sortino 11.19 | trades 1011 | ✓ SURVIVED
Gen 17036 | best fit   11.187 | equity $   15760 | sortino 11.19 | trades 1011 | ✓ SURVIVED
Gen 17041 | best fit   11.187 | equity $   15760 | sortino 11.19 | trades 1011 | ✓ SURVIVED
Gen 17046 | best fit   11.187 | equity $   15760 | sortino 11.19 | trades 1011 | ✓ SURVIVED
Gen 17051 | best fit   11.187 | equity $   15760 | sortino 11.19 | trades 1011 | ✓ SURVIVED
Gen 17056 | best fit   11.187 | equity $   15760 | sortino 11.19 | trades 1011 | ✓ SURVIVED
Gen 17061 | best fit   11.187 | equity $   15760 | sortino 11.19 | trades 1011 | ✓ SURVIVED
Gen 17066 | best fit   11.187 | equity $   15760 | sortino 11.19 | trades 1011 | ✓ SURVIVED
Gen 17071 | best fit   11.187 | equity $   15760 | sortino 11.19 | trades 1011 | ✓ SURVIVED
Gen 17076 | best fit   11.187 | equity $   15760 | sortino 11.19 | trades 1011 | ✓ SURVIVED
Gen 17081 | best fit   11.187 | equity $   15760 | sortino 11.19 | trades 1011 | ✓ SURVIVED
Gen 17086 | best fit   11.187 | equity $   15760 | sortino 11.19 | trades 1011 | ✓ SURVIVED
Gen 17091 | best fit   11.187 | equity $   15760 | sortino 11.19 | trades 1011 | ✓ SURVIVED
Gen 17096 | best fit   11.187 | equity $   15760 | sortino 11.19 | trades 1011 | ✓ SURVIVED
Gen 17101 | best fit   11.187 | equity $   15760 | sortino 11.19 | trades 1011 | ✓ SURVIVED
Gen 17106 | best fit   11.187 | equity $   15760 | sortino 11.19 | trades 1011 | ✓ SURVIVED
Gen 17111 | best fit   11.187 | equity $   15760 | sortino 11.19 | trades 1011 | ✓ SURVIVED
Gen 17116 | best fit   11.187 | equity $   15760 | sortino 11.19 | trades 1011 | ✓ SURVIVED
Gen 17121 | best fit   11.187 | equity $   15760 | sortino 11.19 | trades 1011 | ✓ SURVIVED
Gen 17126 | best fit   11.187 | equity $   15760 | sortino 11.19 | trades 1011 | ✓ SURVIVED
Gen 17131 | best fit   11.187 | equity $   15760 | sortino 11.19 | trades 1011 | ✓ SURVIVED
Gen 17136 | best fit   11.187 | equity $   15760 | sortino 11.19 | trades 1011 | ✓ SURVIVED
Gen 17141 | best fit   11.187 | equity $   15760 | sortino 11.19 | trades 1011 | ✓ SURVIVED
Gen 17146 | best fit   11.187 | equity $   15760 | sortino 11.19 | trades 1011 | ✓ SURVIVED
Gen 17151 | best fit   11.187 | equity $   15760 | sortino 11.19 | trades 1011 | ✓ SURVIVED
Gen 17156 | best fit   11.187 | equity $   15760 | sortino 11.19 | trades 1011 | ✓ SURVIVED
Gen 17161 | best fit   11.187 | equity $   15760 | sortino 11.19 | trades 1011 | ✓ SURVIVED
Gen 17166 | best fit   11.187 | equity $   15760 | sortino 11.19 | trades 1011 | ✓ SURVIVED
Gen 17171 | best fit   11.187 | equity $   15760 | sortino 11.19 | trades 1011 | ✓ SURVIVED
Gen 17176 | best fit   11.187 | equity $   15760 | sortino 11.19 | trades 1011 | ✓ SURVIVED
Gen 17181 | best fit   11.187 | equity $   15760 | sortino 11.19 | trades 1011 | ✓ SURVIVED
Gen 17186 | best fit   11.187 | equity $   15760 | sortino 11.19 | trades 1011 | ✓ SURVIVED
Gen 17191 | best fit   11.187 | equity $   15760 | sortino 11.19 | trades 1011 | ✓ SURVIVED
Gen 17196 | best fit   11.187 | equity $   15760 | sortino 11.19 | trades 1011 | ✓ SURVIVED
Gen 17201 | best fit   11.187 | equity $   15760 | sortino 11.19 | trades 1011 | ✓ SURVIVED
Gen 17206 | best fit   11.187 | equity $   15760 | sortino 11.19 | trades 1011 | ✓ SURVIVED
Gen 17211 | best fit   11.187 | equity $   15760 | sortino 11.19 | trades 1011 | ✓ SURVIVED
Gen 17216 | best fit   11.187 | equity $   15760 | sortino 11.19 | trades 1011 | ✓ SURVIVED
Gen 17221 | best fit   11.187 | equity $   15760 | sortino 11.19 | trades 1011 | ✓ SURVIVED
Gen 17226 | best fit   11.187 | equity $   15760 | sortino 11.19 | trades 1011 | ✓ SURVIVED
Gen 17231 | best fit   11.187 | equity $   15760 | sortino 11.19 | trades 1011 | ✓ SURVIVED
Gen 17236 | best fit   11.187 | equity $   15760 | sortino 11.19 | trades 1011 | ✓ SURVIVED
Gen 17241 | best fit   11.187 | equity $   15760 | sortino 11.19 | trades 1011 | ✓ SURVIVED
Gen 17246 | best fit   11.187 | equity $   15760 | sortino 11.19 | trades 1011 | ✓ SURVIVED
Gen 17251 | best fit   11.187 | equity $   15760 | sortino 11.19 | trades 1011 | ✓ SURVIVED
Gen 17256 | best fit   11.187 | equity $   15760 | sortino 11.19 | trades 1011 | ✓ SURVIVED
Gen 17261 | best fit   11.187 | equity $   15760 | sortino 11.19 | trades 1011 | ✓ SURVIVED
Gen 17266 | best fit   11.187 | equity $   15760 | sortino 11.19 | trades 1011 | ✓ SURVIVED
Gen 17271 | best fit   11.187 | equity $   15760 | sortino 11.19 | trades 1011 | ✓ SURVIVED
Gen 17276 | best fit   11.187 | equity $   15760 | sortino 11.19 | trades 1011 | ✓ SURVIVED
Gen 17281 | best fit   11.187 | equity $   15760 | sortino 11.19 | trades 1011 | ✓ SURVIVED
Gen 17286 | best fit   11.187 | equity $   15760 | sortino 11.19 | trades 1011 | ✓ SURVIVED
Gen 17291 | best fit   11.187 | equity $   15760 | sortino 11.19 | trades 1011 | ✓ SURVIVED
Gen 17296 | best fit   11.187 | equity $   15760 | sortino 11.19 | trades 1011 | ✓ SURVIVED
Gen 17301 | best fit   11.187 | equity $   15760 | sortino 11.19 | trades 1011 | ✓ SURVIVED
Gen 17306 | best fit   11.187 | equity $   15760 | sortino 11.19 | trades 1011 | ✓ SURVIVED
Gen 17311 | best fit   11.187 | equity $   15760 | sortino 11.19 | trades 1011 | ✓ SURVIVED
Gen 17316 | best fit   11.187 | equity $   15760 | sortino 11.19 | trades 1011 | ✓ SURVIVED
Gen 17321 | best fit   11.187 | equity $   15760 | sortino 11.19 | trades 1011 | ✓ SURVIVED
Gen 17326 | best fit   11.187 | equity $   15760 | sortino 11.19 | trades 1011 | ✓ SURVIVED
Gen 17331 | best fit   11.187 | equity $   15760 | sortino 11.19 | trades 1011 | ✓ SURVIVED
Gen 17336 | best fit   11.187 | equity $   15760 | sortino 11.19 | trades 1011 | ✓ SURVIVED
Gen 17341 | best fit   11.187 | equity $   15760 | sortino 11.19 | trades 1011 | ✓ SURVIVED
Gen 17346 | best fit   11.187 | equity $   15760 | sortino 11.19 | trades 1011 | ✓ SURVIVED
Gen 17351 | best fit   11.187 | equity $   15760 | sortino 11.19 | trades 1011 | ✓ SURVIVED
Gen 17356 | best fit   11.187 | equity $   15760 | sortino 11.19 | trades 1011 | ✓ SURVIVED
Gen 17361 | best fit   11.187 | equity $   15760 | sortino 11.19 | trades 1011 | ✓ SURVIVED
Gen 17366 | best fit   11.187 | equity $   15760 | sortino 11.19 | trades 1011 | ✓ SURVIVED
Gen 17371 | best fit   11.187 | equity $   15760 | sortino 11.19 | trades 1011 | ✓ SURVIVED
Gen 17376 | best fit   11.187 | equity $   15760 | sortino 11.19 | trades 1011 | ✓ SURVIVED
Gen 17381 | best fit   11.187 | equity $   15760 | sortino 11.19 | trades 1011 | ✓ SURVIVED
Gen 17386 | best fit   11.187 | equity $   15760 | sortino 11.19 | trades 1011 | ✓ SURVIVED
Gen 17391 | best fit   11.187 | equity $   15760 | sortino 11.19 | trades 1011 | ✓ SURVIVED
Gen 17396 | best fit   11.187 | equity $   15760 | sortino 11.19 | trades 1011 | ✓ SURVIVED
Gen 17401 | best fit   11.187 | equity $   15760 | sortino 11.19 | trades 1011 | ✓ SURVIVED
Gen 17406 | best fit   11.187 | equity $   15760 | sortino 11.19 | trades 1011 | ✓ SURVIVED
Gen 17411 | best fit   11.187 | equity $   15760 | sortino 11.19 | trades 1011 | ✓ SURVIVED
Gen 17416 | best fit   11.187 | equity $   15760 | sortino 11.19 | trades 1011 | ✓ SURVIVED
Gen 17421 | best fit   11.187 | equity $   15760 | sortino 11.19 | trades 1011 | ✓ SURVIVED
Gen 17426 | best fit   11.187 | equity $   15760 | sortino 11.19 | trades 1011 | ✓ SURVIVED
Gen 17431 | best fit   11.187 | equity $   15760 | sortino 11.19 | trades 1011 | ✓ SURVIVED
Gen 17436 | best fit   11.187 | equity $   15760 | sortino 11.19 | trades 1011 | ✓ SURVIVED
Gen 17441 | best fit   11.187 | equity $   15760 | sortino 11.19 | trades 1011 | ✓ SURVIVED
Gen 17446 | best fit   11.187 | equity $   15760 | sortino 11.19 | trades 1011 | ✓ SURVIVED
Gen 17451 | best fit   11.187 | equity $   15760 | sortino 11.19 | trades 1011 | ✓ SURVIVED
Gen 17456 | best fit   11.187 | equity $   15760 | sortino 11.19 | trades 1011 | ✓ SURVIVED
Gen 17461 | best fit   11.187 | equity $   15760 | sortino 11.19 | trades 1011 | ✓ SURVIVED
Gen 17466 | best fit   11.187 | equity $   15760 | sortino 11.19 | trades 1011 | ✓ SURVIVED
Gen 17471 | best fit   11.187 | equity $   15760 | sortino 11.19 | trades 1011 | ✓ SURVIVED
Gen 17476 | best fit   11.187 | equity $   15760 | sortino 11.19 | trades 1011 | ✓ SURVIVED
Gen 17481 | best fit   11.187 | equity $   15760 | sortino 11.19 | trades 1011 | ✓ SURVIVED
Gen 17486 | best fit   11.187 | equity $   15760 | sortino 11.19 | trades 1011 | ✓ SURVIVED
Gen 17491 | best fit   11.187 | equity $   15760 | sortino 11.19 | trades 1011 | ✓ SURVIVED
Gen 17496 | best fit   11.187 | equity $   15760 | sortino 11.19 | trades 1011 | ✓ SURVIVED
Gen 17501 | best fit   11.187 | equity $   15760 | sortino 11.19 | trades 1011 | ✓ SURVIVED
Gen 17506 | best fit   11.187 | equity $   15760 | sortino 11.19 | trades 1011 | ✓ SURVIVED
Gen 17511 | best fit   11.187 | equity $   15760 | sortino 11.19 | trades 1011 | ✓ SURVIVED
Gen 17516 | best fit   11.187 | equity $   15760 | sortino 11.19 | trades 1011 | ✓ SURVIVED
Gen 17521 | best fit   11.187 | equity $   15760 | sortino 11.19 | trades 1011 | ✓ SURVIVED
Gen 17526 | best fit   11.187 | equity $   15760 | sortino 11.19 | trades 1011 | ✓ SURVIVED
Gen 17531 | best fit   11.187 | equity $   15760 | sortino 11.19 | trades 1011 | ✓ SURVIVED
Gen 17536 | best fit   11.187 | equity $   15760 | sortino 11.19 | trades 1011 | ✓ SURVIVED
Gen 17541 | best fit   11.187 | equity $   15760 | sortino 11.19 | trades 1011 | ✓ SURVIVED
Gen 17546 | best fit   11.187 | equity $   15760 | sortino 11.19 | trades 1011 | ✓ SURVIVED
Gen 17551 | best fit   11.187 | equity $   15760 | sortino 11.19 | trades 1011 | ✓ SURVIVED
Gen 17556 | best fit   11.187 | equity $   15760 | sortino 11.19 | trades 1011 | ✓ SURVIVED
Gen 17561 | best fit   11.187 | equity $   15760 | sortino 11.19 | trades 1011 | ✓ SURVIVED
Gen 17566 | best fit   11.187 | equity $   15760 | sortino 11.19 | trades 1011 | ✓ SURVIVED
Gen 17571 | best fit   11.187 | equity $   15760 | sortino 11.19 | trades 1011 | ✓ SURVIVED
Gen 17576 | best fit   11.187 | equity $   15760 | sortino 11.19 | trades 1011 | ✓ SURVIVED
Gen 17581 | best fit   11.187 | equity $   15760 | sortino 11.19 | trades 1011 | ✓ SURVIVED
Gen 17586 | best fit   11.187 | equity $   15760 | sortino 11.19 | trades 1011 | ✓ SURVIVED
Gen 17591 | best fit   11.187 | equity $   15760 | sortino 11.19 | trades 1011 | ✓ SURVIVED
Gen 17596 | best fit   11.187 | equity $   15760 | sortino 11.19 | trades 1011 | ✓ SURVIVED
Gen 17601 | best fit   11.187 | equity $   15760 | sortino 11.19 | trades 1011 | ✓ SURVIVED
Gen 17606 | best fit   11.187 | equity $   15760 | sortino 11.19 | trades 1011 | ✓ SURVIVED
Gen 17611 | best fit   11.187 | equity $   15760 | sortino 11.19 | trades 1011 | ✓ SURVIVED
Gen 17616 | best fit   11.187 | equity $   15760 | sortino 11.19 | trades 1011 | ✓ SURVIVED
Gen 17621 | best fit   11.187 | equity $   15760 | sortino 11.19 | trades 1011 | ✓ SURVIVED
Gen 17626 | best fit   11.187 | equity $   15760 | sortino 11.19 | trades 1011 | ✓ SURVIVED
Gen 17631 | best fit   11.187 | equity $   15760 | sortino 11.19 | trades 1011 | ✓ SURVIVED
Gen 17636 | best fit   11.187 | equity $   15760 | sortino 11.19 | trades 1011 | ✓ SURVIVED
Gen 17641 | best fit   11.187 | equity $   15760 | sortino 11.19 | trades 1011 | ✓ SURVIVED
Gen 17646 | best fit   11.187 | equity $   15760 | sortino 11.19 | trades 1011 | ✓ SURVIVED
Gen 17651 | best fit   11.187 | equity $   15760 | sortino 11.19 | trades 1011 | ✓ SURVIVED
Gen 17656 | best fit   11.187 | equity $   15760 | sortino 11.19 | trades 1011 | ✓ SURVIVED
Gen 17661 | best fit   11.187 | equity $   15760 | sortino 11.19 | trades 1011 | ✓ SURVIVED
Gen 17666 | best fit   11.187 | equity $   15760 | sortino 11.19 | trades 1011 | ✓ SURVIVED
Gen 17671 | best fit   11.187 | equity $   15760 | sortino 11.19 | trades 1011 | ✓ SURVIVED
Gen 17676 | best fit   11.187 | equity $   15760 | sortino 11.19 | trades 1011 | ✓ SURVIVED
Gen 17681 | best fit   11.187 | equity $   15760 | sortino 11.19 | trades 1011 | ✓ SURVIVED
Gen 17686 | best fit   11.187 | equity $   15760 | sortino 11.19 | trades 1011 | ✓ SURVIVED
Gen 17691 | best fit   11.187 | equity $   15760 | sortino 11.19 | trades 1011 | ✓ SURVIVED
Gen 17696 | best fit   11.187 | equity $   15760 | sortino 11.19 | trades 1011 | ✓ SURVIVED
Gen 17701 | best fit   11.187 | equity $   15760 | sortino 11.19 | trades 1011 | ✓ SURVIVED
Gen 17706 | best fit   11.187 | equity $   15760 | sortino 11.19 | trades 1011 | ✓ SURVIVED
Gen 17711 | best fit   11.187 | equity $   15760 | sortino 11.19 | trades 1011 | ✓ SURVIVED
Gen 17716 | best fit   11.187 | equity $   15760 | sortino 11.19 | trades 1011 | ✓ SURVIVED
Gen 17721 | best fit   11.187 | equity $   15760 | sortino 11.19 | trades 1011 | ✓ SURVIVED
Gen 17726 | best fit   11.187 | equity $   15760 | sortino 11.19 | trades 1011 | ✓ SURVIVED
Gen 17731 | best fit   11.187 | equity $   15760 | sortino 11.19 | trades 1011 | ✓ SURVIVED
Gen 17736 | best fit   11.187 | equity $   15760 | sortino 11.19 | trades 1011 | ✓ SURVIVED
Gen 17741 | best fit   11.187 | equity $   15760 | sortino 11.19 | trades 1011 | ✓ SURVIVED
Gen 17746 | best fit   11.187 | equity $   15760 | sortino 11.19 | trades 1011 | ✓ SURVIVED
Gen 17751 | best fit   11.187 | equity $   15760 | sortino 11.19 | trades 1011 | ✓ SURVIVED
Gen 17756 | best fit   11.187 | equity $   15760 | sortino 11.19 | trades 1011 | ✓ SURVIVED
Gen 17761 | best fit   11.187 | equity $   15760 | sortino 11.19 | trades 1011 | ✓ SURVIVED
Gen 17766 | best fit   11.187 | equity $   15760 | sortino 11.19 | trades 1011 | ✓ SURVIVED
Gen 17771 | best fit   11.187 | equity $   15760 | sortino 11.19 | trades 1011 | ✓ SURVIVED
Gen 17776 | best fit   11.187 | equity $   15760 | sortino 11.19 | trades 1011 | ✓ SURVIVED
Gen 17781 | best fit   11.187 | equity $   15760 | sortino 11.19 | trades 1011 | ✓ SURVIVED
Gen 17786 | best fit   11.187 | equity $   15760 | sortino 11.19 | trades 1011 | ✓ SURVIVED
Gen 17791 | best fit   11.187 | equity $   15760 | sortino 11.19 | trades 1011 | ✓ SURVIVED
Gen 17796 | best fit   11.187 | equity $   15760 | sortino 11.19 | trades 1011 | ✓ SURVIVED
Gen 17801 | best fit   11.187 | equity $   15760 | sortino 11.19 | trades 1011 | ✓ SURVIVED
Gen 17806 | best fit   11.187 | equity $   15760 | sortino 11.19 | trades 1011 | ✓ SURVIVED
Gen 17811 | best fit   11.187 | equity $   15760 | sortino 11.19 | trades 1011 | ✓ SURVIVED
Gen 17816 | best fit   11.187 | equity $   15760 | sortino 11.19 | trades 1011 | ✓ SURVIVED
Gen 17821 | best fit   11.187 | equity $   15760 | sortino 11.19 | trades 1011 | ✓ SURVIVED
Gen 17826 | best fit   11.187 | equity $   15760 | sortino 11.19 | trades 1011 | ✓ SURVIVED
Gen 17831 | best fit   11.187 | equity $   15760 | sortino 11.19 | trades 1011 | ✓ SURVIVED
Gen 17836 | best fit   11.187 | equity $   15760 | sortino 11.19 | trades 1011 | ✓ SURVIVED
Gen 17841 | best fit   11.187 | equity $   15760 | sortino 11.19 | trades 1011 | ✓ SURVIVED
Gen 17846 | best fit   11.187 | equity $   15760 | sortino 11.19 | trades 1011 | ✓ SURVIVED
Gen 17851 | best fit   11.187 | equity $   15760 | sortino 11.19 | trades 1011 | ✓ SURVIVED
Gen 17856 | best fit   11.187 | equity $   15760 | sortino 11.19 | trades 1011 | ✓ SURVIVED
Gen 17861 | best fit   11.187 | equity $   15760 | sortino 11.19 | trades 1011 | ✓ SURVIVED
Gen 17866 | best fit   11.187 | equity $   15760 | sortino 11.19 | trades 1011 | ✓ SURVIVED
Gen 17871 | best fit   11.187 | equity $   15760 | sortino 11.19 | trades 1011 | ✓ SURVIVED
Gen 17876 | best fit   11.187 | equity $   15760 | sortino 11.19 | trades 1011 | ✓ SURVIVED
Gen 17881 | best fit   11.187 | equity $   15760 | sortino 11.19 | trades 1011 | ✓ SURVIVED
Gen 17886 | best fit   11.187 | equity $   15760 | sortino 11.19 | trades 1011 | ✓ SURVIVED
Gen 17891 | best fit   11.187 | equity $   15760 | sortino 11.19 | trades 1011 | ✓ SURVIVED
Gen 17896 | best fit   11.187 | equity $   15760 | sortino 11.19 | trades 1011 | ✓ SURVIVED
Gen 17901 | best fit   11.187 | equity $   15760 | sortino 11.19 | trades 1011 | ✓ SURVIVED
Gen 17906 | best fit   11.187 | equity $   15760 | sortino 11.19 | trades 1011 | ✓ SURVIVED
Gen 17911 | best fit   11.187 | equity $   15760 | sortino 11.19 | trades 1011 | ✓ SURVIVED
Gen 17916 | best fit   11.187 | equity $   15760 | sortino 11.19 | trades 1011 | ✓ SURVIVED
Gen 17921 | best fit   11.187 | equity $   15760 | sortino 11.19 | trades 1011 | ✓ SURVIVED
Gen 17926 | best fit   11.187 | equity $   15760 | sortino 11.19 | trades 1011 | ✓ SURVIVED
Gen 17931 | best fit   11.187 | equity $   15760 | sortino 11.19 | trades 1011 | ✓ SURVIVED
Gen 17936 | best fit   11.187 | equity $   15760 | sortino 11.19 | trades 1011 | ✓ SURVIVED
Gen 17941 | best fit   11.187 | equity $   15760 | sortino 11.19 | trades 1011 | ✓ SURVIVED
Gen 17946 | best fit   11.187 | equity $   15760 | sortino 11.19 | trades 1011 | ✓ SURVIVED
Gen 17951 | best fit   11.187 | equity $   15760 | sortino 11.19 | trades 1011 | ✓ SURVIVED
Gen 17956 | best fit   11.187 | equity $   15760 | sortino 11.19 | trades 1011 | ✓ SURVIVED
Gen 17961 | best fit   11.187 | equity $   15760 | sortino 11.19 | trades 1011 | ✓ SURVIVED
Gen 17966 | best fit   11.187 | equity $   15760 | sortino 11.19 | trades 1011 | ✓ SURVIVED
Gen 17971 | best fit   11.187 | equity $   15760 | sortino 11.19 | trades 1011 | ✓ SURVIVED
Gen 17976 | best fit   11.187 | equity $   15760 | sortino 11.19 | trades 1011 | ✓ SURVIVED
Gen 17981 | best fit   11.187 | equity $   15760 | sortino 11.19 | trades 1011 | ✓ SURVIVED
Gen 17986 | best fit   11.187 | equity $   15760 | sortino 11.19 | trades 1011 | ✓ SURVIVED
Gen 17991 | best fit   11.187 | equity $   15760 | sortino 11.19 | trades 1011 | ✓ SURVIVED
Gen 17996 | best fit   11.187 | equity $   15760 | sortino 11.19 | trades 1011 | ✓ SURVIVED
Gen 18001 | best fit   11.187 | equity $   15760 | sortino 11.19 | trades 1011 | ✓ SURVIVED
Gen 18006 | best fit   11.187 | equity $   15760 | sortino 11.19 | trades 1011 | ✓ SURVIVED
Gen 18011 | best fit   11.187 | equity $   15760 | sortino 11.19 | trades 1011 | ✓ SURVIVED
Gen 18016 | best fit   11.187 | equity $   15760 | sortino 11.19 | trades 1011 | ✓ SURVIVED
Gen 18021 | best fit   11.187 | equity $   15760 | sortino 11.19 | trades 1011 | ✓ SURVIVED
Gen 18026 | best fit   11.187 | equity $   15760 | sortino 11.19 | trades 1011 | ✓ SURVIVED
Gen 18031 | best fit   11.187 | equity $   15760 | sortino 11.19 | trades 1011 | ✓ SURVIVED
Gen 18036 | best fit   11.187 | equity $   15760 | sortino 11.19 | trades 1011 | ✓ SURVIVED
Gen 18041 | best fit   11.187 | equity $   15760 | sortino 11.19 | trades 1011 | ✓ SURVIVED
Gen 18046 | best fit   11.187 | equity $   15760 | sortino 11.19 | trades 1011 | ✓ SURVIVED
Gen 18051 | best fit   11.187 | equity $   15760 | sortino 11.19 | trades 1011 | ✓ SURVIVED
Gen 18056 | best fit   11.187 | equity $   15760 | sortino 11.19 | trades 1011 | ✓ SURVIVED
Gen 18061 | best fit   11.187 | equity $   15760 | sortino 11.19 | trades 1011 | ✓ SURVIVED
Gen 18066 | best fit   11.187 | equity $   15760 | sortino 11.19 | trades 1011 | ✓ SURVIVED
Gen 18071 | best fit   11.187 | equity $   15760 | sortino 11.19 | trades 1011 | ✓ SURVIVED
Gen 18076 | best fit   11.187 | equity $   15760 | sortino 11.19 | trades 1011 | ✓ SURVIVED
Gen 18081 | best fit   11.187 | equity $   15760 | sortino 11.19 | trades 1011 | ✓ SURVIVED
Gen 18086 | best fit   11.187 | equity $   15760 | sortino 11.19 | trades 1011 | ✓ SURVIVED
Gen 18091 | best fit   11.187 | equity $   15760 | sortino 11.19 | trades 1011 | ✓ SURVIVED
Gen 18096 | best fit   11.187 | equity $   15760 | sortino 11.19 | trades 1011 | ✓ SURVIVED
Gen 18101 | best fit   11.187 | equity $   15760 | sortino 11.19 | trades 1011 | ✓ SURVIVED
Gen 18106 | best fit   11.187 | equity $   15760 | sortino 11.19 | trades 1011 | ✓ SURVIVED
Gen 18111 | best fit   11.187 | equity $   15760 | sortino 11.19 | trades 1011 | ✓ SURVIVED
Gen 18116 | best fit   11.187 | equity $   15760 | sortino 11.19 | trades 1011 | ✓ SURVIVED
Gen 18121 | best fit   11.187 | equity $   15760 | sortino 11.19 | trades 1011 | ✓ SURVIVED
Gen 18126 | best fit   11.187 | equity $   15760 | sortino 11.19 | trades 1011 | ✓ SURVIVED
Gen 18131 | best fit   11.187 | equity $   15760 | sortino 11.19 | trades 1011 | ✓ SURVIVED
Gen 18136 | best fit   11.187 | equity $   15760 | sortino 11.19 | trades 1011 | ✓ SURVIVED
Gen 18141 | best fit   11.187 | equity $   15760 | sortino 11.19 | trades 1011 | ✓ SURVIVED
Gen 18146 | best fit   11.187 | equity $   15760 | sortino 11.19 | trades 1011 | ✓ SURVIVED
Gen 18151 | best fit   11.187 | equity $   15760 | sortino 11.19 | trades 1011 | ✓ SURVIVED
Gen 18156 | best fit   11.187 | equity $   15760 | sortino 11.19 | trades 1011 | ✓ SURVIVED
Gen 18161 | best fit   11.187 | equity $   15760 | sortino 11.19 | trades 1011 | ✓ SURVIVED
Gen 18166 | best fit   11.187 | equity $   15760 | sortino 11.19 | trades 1011 | ✓ SURVIVED
Gen 18171 | best fit   11.187 | equity $   15760 | sortino 11.19 | trades 1011 | ✓ SURVIVED
Gen 18176 | best fit   11.187 | equity $   15760 | sortino 11.19 | trades 1011 | ✓ SURVIVED
Gen 18181 | best fit   11.187 | equity $   15760 | sortino 11.19 | trades 1011 | ✓ SURVIVED
Gen 18186 | best fit   11.187 | equity $   15760 | sortino 11.19 | trades 1011 | ✓ SURVIVED
Gen 18191 | best fit   11.187 | equity $   15760 | sortino 11.19 | trades 1011 | ✓ SURVIVED
Gen 18196 | best fit   11.187 | equity $   15760 | sortino 11.19 | trades 1011 | ✓ SURVIVED
Gen 18201 | best fit   11.187 | equity $   15760 | sortino 11.19 | trades 1011 | ✓ SURVIVED
Gen 18206 | best fit   11.187 | equity $   15760 | sortino 11.19 | trades 1011 | ✓ SURVIVED
Gen 18211 | best fit   11.187 | equity $   15760 | sortino 11.19 | trades 1011 | ✓ SURVIVED
Gen 18216 | best fit   11.187 | equity $   15760 | sortino 11.19 | trades 1011 | ✓ SURVIVED
Gen 18221 | best fit   11.187 | equity $   15760 | sortino 11.19 | trades 1011 | ✓ SURVIVED
Gen 18226 | best fit   11.187 | equity $   15760 | sortino 11.19 | trades 1011 | ✓ SURVIVED
Gen 18231 | best fit   11.187 | equity $   15760 | sortino 11.19 | trades 1011 | ✓ SURVIVED
Gen 18236 | best fit   11.187 | equity $   15760 | sortino 11.19 | trades 1011 | ✓ SURVIVED
Gen 18241 | best fit   11.187 | equity $   15760 | sortino 11.19 | trades 1011 | ✓ SURVIVED
Gen 18246 | best fit   11.187 | equity $   15760 | sortino 11.19 | trades 1011 | ✓ SURVIVED
Gen 18251 | best fit   11.187 | equity $   15760 | sortino 11.19 | trades 1011 | ✓ SURVIVED
Gen 18256 | best fit   11.187 | equity $   15760 | sortino 11.19 | trades 1011 | ✓ SURVIVED
Gen 18261 | best fit   11.187 | equity $   15760 | sortino 11.19 | trades 1011 | ✓ SURVIVED
Gen 18266 | best fit   11.187 | equity $   15760 | sortino 11.19 | trades 1011 | ✓ SURVIVED
Gen 18271 | best fit   11.187 | equity $   15760 | sortino 11.19 | trades 1011 | ✓ SURVIVED
Gen 18276 | best fit   11.187 | equity $   15760 | sortino 11.19 | trades 1011 | ✓ SURVIVED
Gen 18281 | best fit   11.187 | equity $   15760 | sortino 11.19 | trades 1011 | ✓ SURVIVED
Gen 18286 | best fit   11.187 | equity $   15760 | sortino 11.19 | trades 1011 | ✓ SURVIVED
Gen 18291 | best fit   11.187 | equity $   15760 | sortino 11.19 | trades 1011 | ✓ SURVIVED
Gen 18296 | best fit   11.187 | equity $   15760 | sortino 11.19 | trades 1011 | ✓ SURVIVED
Gen 18301 | best fit   11.187 | equity $   15760 | sortino 11.19 | trades 1011 | ✓ SURVIVED
Gen 18306 | best fit   11.187 | equity $   15760 | sortino 11.19 | trades 1011 | ✓ SURVIVED
Gen 18311 | best fit   11.187 | equity $   15760 | sortino 11.19 | trades 1011 | ✓ SURVIVED
Gen 18316 | best fit   11.187 | equity $   15760 | sortino 11.19 | trades 1011 | ✓ SURVIVED
Gen 18321 | best fit   11.187 | equity $   15760 | sortino 11.19 | trades 1011 | ✓ SURVIVED
Gen 18326 | best fit   11.187 | equity $   15760 | sortino 11.19 | trades 1011 | ✓ SURVIVED
Gen 18331 | best fit   11.187 | equity $   15760 | sortino 11.19 | trades 1011 | ✓ SURVIVED
Gen 18336 | best fit   11.187 | equity $   15760 | sortino 11.19 | trades 1011 | ✓ SURVIVED
Gen 18341 | best fit   11.187 | equity $   15760 | sortino 11.19 | trades 1011 | ✓ SURVIVED
Gen 18346 | best fit   11.187 | equity $   15760 | sortino 11.19 | trades 1011 | ✓ SURVIVED
Gen 18351 | best fit   11.187 | equity $   15760 | sortino 11.19 | trades 1011 | ✓ SURVIVED
Gen 18356 | best fit   11.187 | equity $   15760 | sortino 11.19 | trades 1011 | ✓ SURVIVED
Gen 18361 | best fit   11.187 | equity $   15760 | sortino 11.19 | trades 1011 | ✓ SURVIVED
Gen 18366 | best fit   11.187 | equity $   15760 | sortino 11.19 | trades 1011 | ✓ SURVIVED
Gen 18371 | best fit   11.187 | equity $   15760 | sortino 11.19 | trades 1011 | ✓ SURVIVED
Gen 18376 | best fit   11.187 | equity $   15760 | sortino 11.19 | trades 1011 | ✓ SURVIVED
Gen 18381 | best fit   11.187 | equity $   15760 | sortino 11.19 | trades 1011 | ✓ SURVIVED
Gen 18386 | best fit   11.187 | equity $   15760 | sortino 11.19 | trades 1011 | ✓ SURVIVED
Gen 18391 | best fit   11.187 | equity $   15760 | sortino 11.19 | trades 1011 | ✓ SURVIVED
Gen 18396 | best fit   11.187 | equity $   15760 | sortino 11.19 | trades 1011 | ✓ SURVIVED
Gen 18401 | best fit   11.187 | equity $   15760 | sortino 11.19 | trades 1011 | ✓ SURVIVED
Gen 18406 | best fit   11.187 | equity $   15760 | sortino 11.19 | trades 1011 | ✓ SURVIVED
Gen 18411 | best fit   11.215 | equity $   12379 | sortino 11.22 | trades 1013 | ✓ SURVIVED
Gen 18416 | best fit   11.215 | equity $   12379 | sortino 11.22 | trades 1013 | ✓ SURVIVED
Gen 18421 | best fit   11.215 | equity $   12379 | sortino 11.22 | trades 1013 | ✓ SURVIVED
Gen 18426 | best fit   11.215 | equity $   12379 | sortino 11.22 | trades 1013 | ✓ SURVIVED
Gen 18431 | best fit   11.215 | equity $   12379 | sortino 11.22 | trades 1013 | ✓ SURVIVED
Gen 18436 | best fit   11.215 | equity $   12379 | sortino 11.22 | trades 1013 | ✓ SURVIVED
Gen 18441 | best fit   11.215 | equity $   12379 | sortino 11.22 | trades 1013 | ✓ SURVIVED
Gen 18446 | best fit   11.215 | equity $   12379 | sortino 11.22 | trades 1013 | ✓ SURVIVED
Gen 18451 | best fit   11.215 | equity $   12379 | sortino 11.22 | trades 1013 | ✓ SURVIVED
Gen 18456 | best fit   11.215 | equity $   12379 | sortino 11.22 | trades 1013 | ✓ SURVIVED
Gen 18461 | best fit   11.215 | equity $   12379 | sortino 11.22 | trades 1013 | ✓ SURVIVED
Gen 18466 | best fit   11.215 | equity $   12379 | sortino 11.22 | trades 1013 | ✓ SURVIVED
Gen 18471 | best fit   11.215 | equity $   12379 | sortino 11.22 | trades 1013 | ✓ SURVIVED
Gen 18476 | best fit   11.215 | equity $   12379 | sortino 11.22 | trades 1013 | ✓ SURVIVED
Gen 18481 | best fit   11.215 | equity $   12379 | sortino 11.22 | trades 1013 | ✓ SURVIVED
Gen 18486 | best fit   11.215 | equity $   12379 | sortino 11.22 | trades 1013 | ✓ SURVIVED
Gen 18491 | best fit   11.215 | equity $   12379 | sortino 11.22 | trades 1013 | ✓ SURVIVED
Gen 18496 | best fit   11.215 | equity $   12379 | sortino 11.22 | trades 1013 | ✓ SURVIVED
Gen 18501 | best fit   11.215 | equity $   12379 | sortino 11.22 | trades 1013 | ✓ SURVIVED
Gen 18506 | best fit   11.215 | equity $   12379 | sortino 11.22 | trades 1013 | ✓ SURVIVED
Gen 18511 | best fit   11.215 | equity $   12379 | sortino 11.22 | trades 1013 | ✓ SURVIVED
Gen 18516 | best fit   11.215 | equity $   12379 | sortino 11.22 | trades 1013 | ✓ SURVIVED
Gen 18521 | best fit   11.215 | equity $   12379 | sortino 11.22 | trades 1013 | ✓ SURVIVED
Gen 18526 | best fit   11.215 | equity $   12379 | sortino 11.22 | trades 1013 | ✓ SURVIVED
Gen 18531 | best fit   11.215 | equity $   12379 | sortino 11.22 | trades 1013 | ✓ SURVIVED
Gen 18536 | best fit   11.215 | equity $   12379 | sortino 11.22 | trades 1013 | ✓ SURVIVED
Gen 18541 | best fit   11.215 | equity $   12379 | sortino 11.22 | trades 1013 | ✓ SURVIVED
Gen 18546 | best fit   11.215 | equity $   12379 | sortino 11.22 | trades 1013 | ✓ SURVIVED
Gen 18551 | best fit   11.215 | equity $   12379 | sortino 11.22 | trades 1013 | ✓ SURVIVED
Gen 18556 | best fit   11.215 | equity $   12379 | sortino 11.22 | trades 1013 | ✓ SURVIVED
Gen 18561 | best fit   11.215 | equity $   12379 | sortino 11.22 | trades 1013 | ✓ SURVIVED
Gen 18566 | best fit   11.215 | equity $   12379 | sortino 11.22 | trades 1013 | ✓ SURVIVED
Gen 18571 | best fit   11.215 | equity $   12379 | sortino 11.22 | trades 1013 | ✓ SURVIVED
Gen 18576 | best fit   11.215 | equity $   12379 | sortino 11.22 | trades 1013 | ✓ SURVIVED
Gen 18581 | best fit   11.215 | equity $   12379 | sortino 11.22 | trades 1013 | ✓ SURVIVED
Gen 18586 | best fit   11.215 | equity $   12379 | sortino 11.22 | trades 1013 | ✓ SURVIVED
Gen 18591 | best fit   11.215 | equity $   12379 | sortino 11.22 | trades 1013 | ✓ SURVIVED
Gen 18596 | best fit   11.215 | equity $   12379 | sortino 11.22 | trades 1013 | ✓ SURVIVED
Gen 18601 | best fit   11.215 | equity $   12379 | sortino 11.22 | trades 1013 | ✓ SURVIVED
Gen 18606 | best fit   11.215 | equity $   12379 | sortino 11.22 | trades 1013 | ✓ SURVIVED
Gen 18611 | best fit   11.215 | equity $   12379 | sortino 11.22 | trades 1013 | ✓ SURVIVED
Gen 18616 | best fit   11.215 | equity $   12379 | sortino 11.22 | trades 1013 | ✓ SURVIVED
Gen 18621 | best fit   11.215 | equity $   12379 | sortino 11.22 | trades 1013 | ✓ SURVIVED
Gen 18626 | best fit   11.215 | equity $   12379 | sortino 11.22 | trades 1013 | ✓ SURVIVED
Gen 18631 | best fit   11.215 | equity $   12379 | sortino 11.22 | trades 1013 | ✓ SURVIVED
Gen 18636 | best fit   11.215 | equity $   12379 | sortino 11.22 | trades 1013 | ✓ SURVIVED
Gen 18641 | best fit   11.215 | equity $   12379 | sortino 11.22 | trades 1013 | ✓ SURVIVED
Gen 18646 | best fit   11.215 | equity $   12379 | sortino 11.22 | trades 1013 | ✓ SURVIVED
Gen 18651 | best fit   11.215 | equity $   12379 | sortino 11.22 | trades 1013 | ✓ SURVIVED
Gen 18656 | best fit   11.215 | equity $   12379 | sortino 11.22 | trades 1013 | ✓ SURVIVED
Gen 18661 | best fit   11.215 | equity $   12379 | sortino 11.22 | trades 1013 | ✓ SURVIVED
Gen 18666 | best fit   11.215 | equity $   12379 | sortino 11.22 | trades 1013 | ✓ SURVIVED
Gen 18671 | best fit   11.215 | equity $   12379 | sortino 11.22 | trades 1013 | ✓ SURVIVED
Gen 18676 | best fit   11.215 | equity $   12379 | sortino 11.22 | trades 1013 | ✓ SURVIVED
Gen 18681 | best fit   11.215 | equity $   12379 | sortino 11.22 | trades 1013 | ✓ SURVIVED
Gen 18686 | best fit   11.215 | equity $   12379 | sortino 11.22 | trades 1013 | ✓ SURVIVED
Gen 18691 | best fit   11.215 | equity $   12379 | sortino 11.22 | trades 1013 | ✓ SURVIVED
Gen 18696 | best fit   11.215 | equity $   12379 | sortino 11.22 | trades 1013 | ✓ SURVIVED
Gen 18701 | best fit   11.215 | equity $   12379 | sortino 11.22 | trades 1013 | ✓ SURVIVED
Gen 18706 | best fit   11.215 | equity $   12379 | sortino 11.22 | trades 1013 | ✓ SURVIVED
Gen 18711 | best fit   11.215 | equity $   12379 | sortino 11.22 | trades 1013 | ✓ SURVIVED
Gen 18716 | best fit   11.215 | equity $   12379 | sortino 11.22 | trades 1013 | ✓ SURVIVED
Gen 18721 | best fit   11.215 | equity $   12379 | sortino 11.22 | trades 1013 | ✓ SURVIVED
Gen 18726 | best fit   11.215 | equity $   12379 | sortino 11.22 | trades 1013 | ✓ SURVIVED
Gen 18731 | best fit   11.215 | equity $   12379 | sortino 11.22 | trades 1013 | ✓ SURVIVED
Gen 18736 | best fit   11.215 | equity $   12379 | sortino 11.22 | trades 1013 | ✓ SURVIVED
Gen 18741 | best fit   11.215 | equity $   12379 | sortino 11.22 | trades 1013 | ✓ SURVIVED
Gen 18746 | best fit   11.215 | equity $   12379 | sortino 11.22 | trades 1013 | ✓ SURVIVED
Gen 18751 | best fit   11.215 | equity $   12379 | sortino 11.22 | trades 1013 | ✓ SURVIVED
Gen 18756 | best fit   11.215 | equity $   12379 | sortino 11.22 | trades 1013 | ✓ SURVIVED
Gen 18761 | best fit   11.215 | equity $   12379 | sortino 11.22 | trades 1013 | ✓ SURVIVED
Gen 18766 | best fit   11.215 | equity $   12379 | sortino 11.22 | trades 1013 | ✓ SURVIVED
Gen 18771 | best fit   11.215 | equity $   12379 | sortino 11.22 | trades 1013 | ✓ SURVIVED
Gen 18776 | best fit   11.215 | equity $   12379 | sortino 11.22 | trades 1013 | ✓ SURVIVED
Gen 18781 | best fit   11.215 | equity $   12379 | sortino 11.22 | trades 1013 | ✓ SURVIVED
Gen 18786 | best fit   11.215 | equity $   12379 | sortino 11.22 | trades 1013 | ✓ SURVIVED
Gen 18791 | best fit   11.215 | equity $   12379 | sortino 11.22 | trades 1013 | ✓ SURVIVED
Gen 18796 | best fit   11.215 | equity $   12379 | sortino 11.22 | trades 1013 | ✓ SURVIVED
Gen 18801 | best fit   11.215 | equity $   12379 | sortino 11.22 | trades 1013 | ✓ SURVIVED
Gen 18806 | best fit   11.215 | equity $   12379 | sortino 11.22 | trades 1013 | ✓ SURVIVED
Gen 18811 | best fit   11.215 | equity $   12379 | sortino 11.22 | trades 1013 | ✓ SURVIVED
Gen 18816 | best fit   11.215 | equity $   12379 | sortino 11.22 | trades 1013 | ✓ SURVIVED
Gen 18821 | best fit   11.215 | equity $   12379 | sortino 11.22 | trades 1013 | ✓ SURVIVED
Gen 18826 | best fit   11.215 | equity $   12379 | sortino 11.22 | trades 1013 | ✓ SURVIVED
Gen 18831 | best fit   11.215 | equity $   12379 | sortino 11.22 | trades 1013 | ✓ SURVIVED
Gen 18836 | best fit   11.215 | equity $   12379 | sortino 11.22 | trades 1013 | ✓ SURVIVED
Gen 18841 | best fit   11.215 | equity $   12379 | sortino 11.22 | trades 1013 | ✓ SURVIVED
Gen 18846 | best fit   11.215 | equity $   12379 | sortino 11.22 | trades 1013 | ✓ SURVIVED
Gen 18851 | best fit   11.215 | equity $   12379 | sortino 11.22 | trades 1013 | ✓ SURVIVED
Gen 18856 | best fit   11.215 | equity $   12379 | sortino 11.22 | trades 1013 | ✓ SURVIVED
Gen 18861 | best fit   11.215 | equity $   12379 | sortino 11.22 | trades 1013 | ✓ SURVIVED
Gen 18866 | best fit   11.215 | equity $   12379 | sortino 11.22 | trades 1013 | ✓ SURVIVED
Gen 18871 | best fit   11.215 | equity $   12379 | sortino 11.22 | trades 1013 | ✓ SURVIVED
Gen 18876 | best fit   11.215 | equity $   12379 | sortino 11.22 | trades 1013 | ✓ SURVIVED
Gen 18881 | best fit   11.215 | equity $   12379 | sortino 11.22 | trades 1013 | ✓ SURVIVED
Gen 18886 | best fit   11.215 | equity $   12379 | sortino 11.22 | trades 1013 | ✓ SURVIVED
Gen 18891 | best fit   11.215 | equity $   12379 | sortino 11.22 | trades 1013 | ✓ SURVIVED
Gen 18896 | best fit   11.215 | equity $   12379 | sortino 11.22 | trades 1013 | ✓ SURVIVED
Gen 18901 | best fit   11.215 | equity $   12379 | sortino 11.22 | trades 1013 | ✓ SURVIVED
Gen 18906 | best fit   11.215 | equity $   12379 | sortino 11.22 | trades 1013 | ✓ SURVIVED
Gen 18911 | best fit   11.215 | equity $   12379 | sortino 11.22 | trades 1013 | ✓ SURVIVED
Gen 18916 | best fit   11.215 | equity $   12379 | sortino 11.22 | trades 1013 | ✓ SURVIVED
Gen 18921 | best fit   11.215 | equity $   12379 | sortino 11.22 | trades 1013 | ✓ SURVIVED
Gen 18926 | best fit   11.215 | equity $   12379 | sortino 11.22 | trades 1013 | ✓ SURVIVED
Gen 18931 | best fit   11.215 | equity $   12379 | sortino 11.22 | trades 1013 | ✓ SURVIVED
Gen 18936 | best fit   11.215 | equity $   12379 | sortino 11.22 | trades 1013 | ✓ SURVIVED
Gen 18941 | best fit   11.215 | equity $   12379 | sortino 11.22 | trades 1013 | ✓ SURVIVED
Gen 18946 | best fit   11.215 | equity $   12379 | sortino 11.22 | trades 1013 | ✓ SURVIVED
Gen 18951 | best fit   11.215 | equity $   12379 | sortino 11.22 | trades 1013 | ✓ SURVIVED
Gen 18956 | best fit   11.215 | equity $   12379 | sortino 11.22 | trades 1013 | ✓ SURVIVED
Gen 18961 | best fit   11.215 | equity $   12379 | sortino 11.22 | trades 1013 | ✓ SURVIVED
Gen 18966 | best fit   11.215 | equity $   12379 | sortino 11.22 | trades 1013 | ✓ SURVIVED
Gen 18971 | best fit   11.215 | equity $   12379 | sortino 11.22 | trades 1013 | ✓ SURVIVED
Gen 18976 | best fit   11.215 | equity $   12379 | sortino 11.22 | trades 1013 | ✓ SURVIVED
Gen 18981 | best fit   11.215 | equity $   12379 | sortino 11.22 | trades 1013 | ✓ SURVIVED
Gen 18986 | best fit   11.215 | equity $   12379 | sortino 11.22 | trades 1013 | ✓ SURVIVED
Gen 18991 | best fit   11.215 | equity $   12379 | sortino 11.22 | trades 1013 | ✓ SURVIVED
Gen 18996 | best fit   11.215 | equity $   12379 | sortino 11.22 | trades 1013 | ✓ SURVIVED
Gen 19001 | best fit   11.215 | equity $   12379 | sortino 11.22 | trades 1013 | ✓ SURVIVED
Gen 19006 | best fit   11.215 | equity $   12379 | sortino 11.22 | trades 1013 | ✓ SURVIVED
Gen 19011 | best fit   11.215 | equity $   12379 | sortino 11.22 | trades 1013 | ✓ SURVIVED
Gen 19016 | best fit   11.215 | equity $   12379 | sortino 11.22 | trades 1013 | ✓ SURVIVED
Gen 19021 | best fit   11.215 | equity $   12379 | sortino 11.22 | trades 1013 | ✓ SURVIVED
Gen 19026 | best fit   11.215 | equity $   12379 | sortino 11.22 | trades 1013 | ✓ SURVIVED
Gen 19031 | best fit   11.215 | equity $   12379 | sortino 11.22 | trades 1013 | ✓ SURVIVED
Gen 19036 | best fit   11.215 | equity $   12379 | sortino 11.22 | trades 1013 | ✓ SURVIVED
Gen 19041 | best fit   11.215 | equity $   12379 | sortino 11.22 | trades 1013 | ✓ SURVIVED
Gen 19046 | best fit   11.215 | equity $   12379 | sortino 11.22 | trades 1013 | ✓ SURVIVED
Gen 19051 | best fit   11.215 | equity $   12379 | sortino 11.22 | trades 1013 | ✓ SURVIVED
Gen 19056 | best fit   11.215 | equity $   12379 | sortino 11.22 | trades 1013 | ✓ SURVIVED
Gen 19061 | best fit   11.215 | equity $   12379 | sortino 11.22 | trades 1013 | ✓ SURVIVED
Gen 19066 | best fit   11.215 | equity $   12379 | sortino 11.22 | trades 1013 | ✓ SURVIVED
Gen 19071 | best fit   11.215 | equity $   12379 | sortino 11.22 | trades 1013 | ✓ SURVIVED
Gen 19076 | best fit   11.215 | equity $   12379 | sortino 11.22 | trades 1013 | ✓ SURVIVED
Gen 19081 | best fit   11.215 | equity $   12379 | sortino 11.22 | trades 1013 | ✓ SURVIVED
Gen 19086 | best fit   11.215 | equity $   12379 | sortino 11.22 | trades 1013 | ✓ SURVIVED
Gen 19091 | best fit   11.215 | equity $   12379 | sortino 11.22 | trades 1013 | ✓ SURVIVED
Gen 19096 | best fit   11.215 | equity $   12379 | sortino 11.22 | trades 1013 | ✓ SURVIVED
Gen 19101 | best fit   11.215 | equity $   12379 | sortino 11.22 | trades 1013 | ✓ SURVIVED
Gen 19106 | best fit   11.215 | equity $   12379 | sortino 11.22 | trades 1013 | ✓ SURVIVED
Gen 19111 | best fit   11.215 | equity $   12379 | sortino 11.22 | trades 1013 | ✓ SURVIVED
Gen 19116 | best fit   11.215 | equity $   12379 | sortino 11.22 | trades 1013 | ✓ SURVIVED
Gen 19121 | best fit   11.215 | equity $   12379 | sortino 11.22 | trades 1013 | ✓ SURVIVED
Gen 19126 | best fit   11.215 | equity $   12379 | sortino 11.22 | trades 1013 | ✓ SURVIVED
Gen 19131 | best fit   11.215 | equity $   12379 | sortino 11.22 | trades 1013 | ✓ SURVIVED
Gen 19136 | best fit   11.215 | equity $   12379 | sortino 11.22 | trades 1013 | ✓ SURVIVED
Gen 19141 | best fit   11.215 | equity $   12379 | sortino 11.22 | trades 1013 | ✓ SURVIVED
Gen 19146 | best fit   11.215 | equity $   12379 | sortino 11.22 | trades 1013 | ✓ SURVIVED
Gen 19151 | best fit   11.215 | equity $   12379 | sortino 11.22 | trades 1013 | ✓ SURVIVED
Gen 19156 | best fit   11.215 | equity $   12379 | sortino 11.22 | trades 1013 | ✓ SURVIVED
Gen 19161 | best fit   11.215 | equity $   12379 | sortino 11.22 | trades 1013 | ✓ SURVIVED
Gen 19166 | best fit   11.215 | equity $   12379 | sortino 11.22 | trades 1013 | ✓ SURVIVED
Gen 19171 | best fit   11.215 | equity $   12379 | sortino 11.22 | trades 1013 | ✓ SURVIVED
Gen 19176 | best fit   11.215 | equity $   12379 | sortino 11.22 | trades 1013 | ✓ SURVIVED
Gen 19181 | best fit   11.215 | equity $   12379 | sortino 11.22 | trades 1013 | ✓ SURVIVED
Gen 19186 | best fit   11.215 | equity $   12379 | sortino 11.22 | trades 1013 | ✓ SURVIVED
Gen 19191 | best fit   11.215 | equity $   12379 | sortino 11.22 | trades 1013 | ✓ SURVIVED
Gen 19196 | best fit   11.215 | equity $   12379 | sortino 11.22 | trades 1013 | ✓ SURVIVED
Gen 19201 | best fit   11.215 | equity $   12379 | sortino 11.22 | trades 1013 | ✓ SURVIVED
Gen 19206 | best fit   11.215 | equity $   12379 | sortino 11.22 | trades 1013 | ✓ SURVIVED
Gen 19211 | best fit   11.215 | equity $   12379 | sortino 11.22 | trades 1013 | ✓ SURVIVED
Gen 19216 | best fit   11.215 | equity $   12379 | sortino 11.22 | trades 1013 | ✓ SURVIVED
Gen 19221 | best fit   11.215 | equity $   12379 | sortino 11.22 | trades 1013 | ✓ SURVIVED
Gen 19226 | best fit   11.215 | equity $   12379 | sortino 11.22 | trades 1013 | ✓ SURVIVED
Gen 19231 | best fit   11.215 | equity $   12379 | sortino 11.22 | trades 1013 | ✓ SURVIVED
Gen 19236 | best fit   11.215 | equity $   12379 | sortino 11.22 | trades 1013 | ✓ SURVIVED
Gen 19241 | best fit   11.215 | equity $   12379 | sortino 11.22 | trades 1013 | ✓ SURVIVED
Gen 19246 | best fit   11.215 | equity $   12379 | sortino 11.22 | trades 1013 | ✓ SURVIVED
Gen 19251 | best fit   11.215 | equity $   12379 | sortino 11.22 | trades 1013 | ✓ SURVIVED
Gen 19256 | best fit   11.215 | equity $   12379 | sortino 11.22 | trades 1013 | ✓ SURVIVED
Gen 19261 | best fit   11.215 | equity $   12379 | sortino 11.22 | trades 1013 | ✓ SURVIVED
Gen 19266 | best fit   11.215 | equity $   12379 | sortino 11.22 | trades 1013 | ✓ SURVIVED
Gen 19271 | best fit   11.215 | equity $   12379 | sortino 11.22 | trades 1013 | ✓ SURVIVED
Gen 19276 | best fit   11.215 | equity $   12379 | sortino 11.22 | trades 1013 | ✓ SURVIVED
Gen 19281 | best fit   11.215 | equity $   12379 | sortino 11.22 | trades 1013 | ✓ SURVIVED
Gen 19286 | best fit   11.215 | equity $   12379 | sortino 11.22 | trades 1013 | ✓ SURVIVED
Gen 19291 | best fit   11.215 | equity $   12379 | sortino 11.22 | trades 1013 | ✓ SURVIVED
Gen 19296 | best fit   11.215 | equity $   12379 | sortino 11.22 | trades 1013 | ✓ SURVIVED
Gen 19301 | best fit   11.215 | equity $   12379 | sortino 11.22 | trades 1013 | ✓ SURVIVED
Gen 19306 | best fit   11.215 | equity $   12379 | sortino 11.22 | trades 1013 | ✓ SURVIVED
Gen 19311 | best fit   11.215 | equity $   12379 | sortino 11.22 | trades 1013 | ✓ SURVIVED
Gen 19316 | best fit   11.215 | equity $   12379 | sortino 11.22 | trades 1013 | ✓ SURVIVED
Gen 19321 | best fit   11.215 | equity $   12379 | sortino 11.22 | trades 1013 | ✓ SURVIVED
Gen 19326 | best fit   11.215 | equity $   12379 | sortino 11.22 | trades 1013 | ✓ SURVIVED
Gen 19331 | best fit   11.215 | equity $   12379 | sortino 11.22 | trades 1013 | ✓ SURVIVED
Gen 19336 | best fit   11.215 | equity $   12379 | sortino 11.22 | trades 1013 | ✓ SURVIVED
Gen 19341 | best fit   11.215 | equity $   12379 | sortino 11.22 | trades 1013 | ✓ SURVIVED
Gen 19346 | best fit   11.215 | equity $   12379 | sortino 11.22 | trades 1013 | ✓ SURVIVED
Gen 19351 | best fit   11.215 | equity $   12379 | sortino 11.22 | trades 1013 | ✓ SURVIVED
Gen 19356 | best fit   11.215 | equity $   12379 | sortino 11.22 | trades 1013 | ✓ SURVIVED
Gen 19361 | best fit   11.215 | equity $   12379 | sortino 11.22 | trades 1013 | ✓ SURVIVED
Gen 19366 | best fit   11.215 | equity $   12379 | sortino 11.22 | trades 1013 | ✓ SURVIVED
Gen 19371 | best fit   11.215 | equity $   12379 | sortino 11.22 | trades 1013 | ✓ SURVIVED
Gen 19376 | best fit   11.215 | equity $   12379 | sortino 11.22 | trades 1013 | ✓ SURVIVED
Gen 19381 | best fit   11.215 | equity $   12379 | sortino 11.22 | trades 1013 | ✓ SURVIVED
Gen 19386 | best fit   11.215 | equity $   12379 | sortino 11.22 | trades 1013 | ✓ SURVIVED
Gen 19391 | best fit   11.215 | equity $   12379 | sortino 11.22 | trades 1013 | ✓ SURVIVED
Gen 19396 | best fit   11.215 | equity $   12379 | sortino 11.22 | trades 1013 | ✓ SURVIVED
Gen 19401 | best fit   11.215 | equity $   12379 | sortino 11.22 | trades 1013 | ✓ SURVIVED
Gen 19406 | best fit   11.215 | equity $   12379 | sortino 11.22 | trades 1013 | ✓ SURVIVED
Gen 19411 | best fit   11.215 | equity $   12379 | sortino 11.22 | trades 1013 | ✓ SURVIVED
Gen 19416 | best fit   11.215 | equity $   12379 | sortino 11.22 | trades 1013 | ✓ SURVIVED
Gen 19421 | best fit   11.215 | equity $   12379 | sortino 11.22 | trades 1013 | ✓ SURVIVED
Gen 19426 | best fit   11.215 | equity $   12379 | sortino 11.22 | trades 1013 | ✓ SURVIVED
Gen 19431 | best fit   11.215 | equity $   12379 | sortino 11.22 | trades 1013 | ✓ SURVIVED
Gen 19436 | best fit   11.215 | equity $   12379 | sortino 11.22 | trades 1013 | ✓ SURVIVED
Gen 19441 | best fit   11.215 | equity $   12379 | sortino 11.22 | trades 1013 | ✓ SURVIVED
Gen 19446 | best fit   11.215 | equity $   12379 | sortino 11.22 | trades 1013 | ✓ SURVIVED
Gen 19451 | best fit   11.215 | equity $   12379 | sortino 11.22 | trades 1013 | ✓ SURVIVED
Gen 19456 | best fit   11.215 | equity $   12379 | sortino 11.22 | trades 1013 | ✓ SURVIVED
Gen 19461 | best fit   11.215 | equity $   12379 | sortino 11.22 | trades 1013 | ✓ SURVIVED
Gen 19466 | best fit   11.215 | equity $   12379 | sortino 11.22 | trades 1013 | ✓ SURVIVED
Gen 19471 | best fit   11.215 | equity $   12379 | sortino 11.22 | trades 1013 | ✓ SURVIVED
Gen 19476 | best fit   11.215 | equity $   12379 | sortino 11.22 | trades 1013 | ✓ SURVIVED
Gen 19481 | best fit   11.215 | equity $   12379 | sortino 11.22 | trades 1013 | ✓ SURVIVED
Gen 19486 | best fit   11.215 | equity $   12379 | sortino 11.22 | trades 1013 | ✓ SURVIVED
Gen 19491 | best fit   11.215 | equity $   12379 | sortino 11.22 | trades 1013 | ✓ SURVIVED
Gen 19496 | best fit   11.215 | equity $   12379 | sortino 11.22 | trades 1013 | ✓ SURVIVED
Gen 19501 | best fit   11.215 | equity $   12379 | sortino 11.22 | trades 1013 | ✓ SURVIVED
Gen 19506 | best fit   11.215 | equity $   12379 | sortino 11.22 | trades 1013 | ✓ SURVIVED
Gen 19511 | best fit   11.215 | equity $   12379 | sortino 11.22 | trades 1013 | ✓ SURVIVED
Gen 19516 | best fit   11.215 | equity $   12379 | sortino 11.22 | trades 1013 | ✓ SURVIVED
Gen 19521 | best fit   11.215 | equity $   12379 | sortino 11.22 | trades 1013 | ✓ SURVIVED
Gen 19526 | best fit   11.215 | equity $   12379 | sortino 11.22 | trades 1013 | ✓ SURVIVED
Gen 19531 | best fit   11.215 | equity $   12379 | sortino 11.22 | trades 1013 | ✓ SURVIVED
Gen 19536 | best fit   11.215 | equity $   12379 | sortino 11.22 | trades 1013 | ✓ SURVIVED
Gen 19541 | best fit   11.215 | equity $   12379 | sortino 11.22 | trades 1013 | ✓ SURVIVED
Gen 19546 | best fit   11.215 | equity $   12379 | sortino 11.22 | trades 1013 | ✓ SURVIVED
Gen 19551 | best fit   11.215 | equity $   12379 | sortino 11.22 | trades 1013 | ✓ SURVIVED
Gen 19556 | best fit   11.215 | equity $   12379 | sortino 11.22 | trades 1013 | ✓ SURVIVED
Gen 19561 | best fit   11.215 | equity $   12379 | sortino 11.22 | trades 1013 | ✓ SURVIVED
Gen 19566 | best fit   11.215 | equity $   12379 | sortino 11.22 | trades 1013 | ✓ SURVIVED
Gen 19571 | best fit   11.215 | equity $   12379 | sortino 11.22 | trades 1013 | ✓ SURVIVED
Gen 19576 | best fit   11.215 | equity $   12379 | sortino 11.22 | trades 1013 | ✓ SURVIVED
Gen 19581 | best fit   11.215 | equity $   12379 | sortino 11.22 | trades 1013 | ✓ SURVIVED
Gen 19586 | best fit   11.215 | equity $   12379 | sortino 11.22 | trades 1013 | ✓ SURVIVED
Gen 19591 | best fit   11.215 | equity $   12379 | sortino 11.22 | trades 1013 | ✓ SURVIVED
Gen 19596 | best fit   11.215 | equity $   12379 | sortino 11.22 | trades 1013 | ✓ SURVIVED
Gen 19601 | best fit   11.215 | equity $   12379 | sortino 11.22 | trades 1013 | ✓ SURVIVED
Gen 19606 | best fit   11.215 | equity $   12379 | sortino 11.22 | trades 1013 | ✓ SURVIVED
Gen 19611 | best fit   11.215 | equity $   12379 | sortino 11.22 | trades 1013 | ✓ SURVIVED
Gen 19616 | best fit   11.215 | equity $   12379 | sortino 11.22 | trades 1013 | ✓ SURVIVED
Gen 19621 | best fit   11.215 | equity $   12379 | sortino 11.22 | trades 1013 | ✓ SURVIVED
Gen 19626 | best fit   11.215 | equity $   12379 | sortino 11.22 | trades 1013 | ✓ SURVIVED
Gen 19631 | best fit   11.215 | equity $   12379 | sortino 11.22 | trades 1013 | ✓ SURVIVED
Gen 19636 | best fit   11.215 | equity $   12379 | sortino 11.22 | trades 1013 | ✓ SURVIVED
Gen 19641 | best fit   11.215 | equity $   12379 | sortino 11.22 | trades 1013 | ✓ SURVIVED
Gen 19646 | best fit   11.215 | equity $   12379 | sortino 11.22 | trades 1013 | ✓ SURVIVED
Gen 19651 | best fit   11.215 | equity $   12379 | sortino 11.22 | trades 1013 | ✓ SURVIVED
Gen 19656 | best fit   11.215 | equity $   12379 | sortino 11.22 | trades 1013 | ✓ SURVIVED
Gen 19661 | best fit   11.215 | equity $   12379 | sortino 11.22 | trades 1013 | ✓ SURVIVED
Gen 19666 | best fit   11.215 | equity $   12379 | sortino 11.22 | trades 1013 | ✓ SURVIVED
Gen 19671 | best fit   11.215 | equity $   12379 | sortino 11.22 | trades 1013 | ✓ SURVIVED
Gen 19676 | best fit   11.215 | equity $   12379 | sortino 11.22 | trades 1013 | ✓ SURVIVED
Gen 19681 | best fit   11.215 | equity $   12379 | sortino 11.22 | trades 1013 | ✓ SURVIVED
Gen 19686 | best fit   11.215 | equity $   12379 | sortino 11.22 | trades 1013 | ✓ SURVIVED
Gen 19691 | best fit   11.215 | equity $   12379 | sortino 11.22 | trades 1013 | ✓ SURVIVED
Gen 19696 | best fit   11.215 | equity $   12379 | sortino 11.22 | trades 1013 | ✓ SURVIVED
Gen 19701 | best fit   11.215 | equity $   12379 | sortino 11.22 | trades 1013 | ✓ SURVIVED
Gen 19706 | best fit   11.215 | equity $   12379 | sortino 11.22 | trades 1013 | ✓ SURVIVED
Gen 19711 | best fit   11.215 | equity $   12379 | sortino 11.22 | trades 1013 | ✓ SURVIVED
Gen 19716 | best fit   11.215 | equity $   12379 | sortino 11.22 | trades 1013 | ✓ SURVIVED
Gen 19721 | best fit   11.215 | equity $   12379 | sortino 11.22 | trades 1013 | ✓ SURVIVED
Gen 19726 | best fit   11.215 | equity $   12379 | sortino 11.22 | trades 1013 | ✓ SURVIVED
Gen 19731 | best fit   11.215 | equity $   12379 | sortino 11.22 | trades 1013 | ✓ SURVIVED
Gen 19736 | best fit   11.215 | equity $   12379 | sortino 11.22 | trades 1013 | ✓ SURVIVED
Gen 19741 | best fit   11.215 | equity $   12379 | sortino 11.22 | trades 1013 | ✓ SURVIVED
Gen 19746 | best fit   11.215 | equity $   12379 | sortino 11.22 | trades 1013 | ✓ SURVIVED
Gen 19751 | best fit   11.215 | equity $   12379 | sortino 11.22 | trades 1013 | ✓ SURVIVED
Gen 19756 | best fit   11.215 | equity $   12379 | sortino 11.22 | trades 1013 | ✓ SURVIVED
Gen 19761 | best fit   11.215 | equity $   12379 | sortino 11.22 | trades 1013 | ✓ SURVIVED
Gen 19766 | best fit   11.215 | equity $   12379 | sortino 11.22 | trades 1013 | ✓ SURVIVED
Gen 19771 | best fit   11.215 | equity $   12379 | sortino 11.22 | trades 1013 | ✓ SURVIVED
Gen 19776 | best fit   11.215 | equity $   12379 | sortino 11.22 | trades 1013 | ✓ SURVIVED
Gen 19781 | best fit   11.215 | equity $   12379 | sortino 11.22 | trades 1013 | ✓ SURVIVED
Gen 19786 | best fit   11.215 | equity $   12379 | sortino 11.22 | trades 1013 | ✓ SURVIVED
Gen 19791 | best fit   11.215 | equity $   12379 | sortino 11.22 | trades 1013 | ✓ SURVIVED
Gen 19796 | best fit   11.215 | equity $   12379 | sortino 11.22 | trades 1013 | ✓ SURVIVED
Gen 19801 | best fit   11.215 | equity $   12379 | sortino 11.22 | trades 1013 | ✓ SURVIVED
Gen 19806 | best fit   11.215 | equity $   12379 | sortino 11.22 | trades 1013 | ✓ SURVIVED
Gen 19811 | best fit   11.215 | equity $   12379 | sortino 11.22 | trades 1013 | ✓ SURVIVED
Gen 19816 | best fit   11.215 | equity $   12379 | sortino 11.22 | trades 1013 | ✓ SURVIVED
Gen 19821 | best fit   11.215 | equity $   12379 | sortino 11.22 | trades 1013 | ✓ SURVIVED
Gen 19826 | best fit   11.215 | equity $   12379 | sortino 11.22 | trades 1013 | ✓ SURVIVED
Gen 19831 | best fit   11.215 | equity $   12379 | sortino 11.22 | trades 1013 | ✓ SURVIVED
Gen 19836 | best fit   11.215 | equity $   12379 | sortino 11.22 | trades 1013 | ✓ SURVIVED
Gen 19841 | best fit   11.215 | equity $   12379 | sortino 11.22 | trades 1013 | ✓ SURVIVED
Gen 19846 | best fit   11.215 | equity $   12379 | sortino 11.22 | trades 1013 | ✓ SURVIVED
Gen 19851 | best fit   11.215 | equity $   12379 | sortino 11.22 | trades 1013 | ✓ SURVIVED
Gen 19856 | best fit   11.215 | equity $   12379 | sortino 11.22 | trades 1013 | ✓ SURVIVED
Gen 19861 | best fit   11.215 | equity $   12379 | sortino 11.22 | trades 1013 | ✓ SURVIVED
Gen 19866 | best fit   11.215 | equity $   12379 | sortino 11.22 | trades 1013 | ✓ SURVIVED
Gen 19871 | best fit   11.215 | equity $   12379 | sortino 11.22 | trades 1013 | ✓ SURVIVED
Gen 19876 | best fit   11.215 | equity $   12379 | sortino 11.22 | trades 1013 | ✓ SURVIVED
Gen 19881 | best fit   11.215 | equity $   12379 | sortino 11.22 | trades 1013 | ✓ SURVIVED
Gen 19886 | best fit   11.215 | equity $   12379 | sortino 11.22 | trades 1013 | ✓ SURVIVED
Gen 19891 | best fit   11.215 | equity $   12379 | sortino 11.22 | trades 1013 | ✓ SURVIVED
Gen 19896 | best fit   11.215 | equity $   12379 | sortino 11.22 | trades 1013 | ✓ SURVIVED
Gen 19901 | best fit   11.215 | equity $   12379 | sortino 11.22 | trades 1013 | ✓ SURVIVED
Gen 19906 | best fit   11.215 | equity $   12379 | sortino 11.22 | trades 1013 | ✓ SURVIVED
Gen 19911 | best fit   11.215 | equity $   12379 | sortino 11.22 | trades 1013 | ✓ SURVIVED
Gen 19916 | best fit   11.215 | equity $   12379 | sortino 11.22 | trades 1013 | ✓ SURVIVED
Gen 19921 | best fit   11.215 | equity $   12379 | sortino 11.22 | trades 1013 | ✓ SURVIVED
Gen 19926 | best fit   11.215 | equity $   12379 | sortino 11.22 | trades 1013 | ✓ SURVIVED
Gen 19931 | best fit   11.215 | equity $   12379 | sortino 11.22 | trades 1013 | ✓ SURVIVED
Gen 19936 | best fit   11.215 | equity $   12379 | sortino 11.22 | trades 1013 | ✓ SURVIVED
Gen 19941 | best fit   11.215 | equity $   12379 | sortino 11.22 | trades 1013 | ✓ SURVIVED
Gen 19946 | best fit   11.215 | equity $   12379 | sortino 11.22 | trades 1013 | ✓ SURVIVED
Gen 19951 | best fit   11.215 | equity $   12379 | sortino 11.22 | trades 1013 | ✓ SURVIVED
Gen 19956 | best fit   11.215 | equity $   12379 | sortino 11.22 | trades 1013 | ✓ SURVIVED
Gen 19961 | best fit   11.215 | equity $   12379 | sortino 11.22 | trades 1013 | ✓ SURVIVED
Gen 19966 | best fit   11.215 | equity $   12379 | sortino 11.22 | trades 1013 | ✓ SURVIVED
Gen 19971 | best fit   11.215 | equity $   12379 | sortino 11.22 | trades 1013 | ✓ SURVIVED
Gen 19976 | best fit   11.215 | equity $   12379 | sortino 11.22 | trades 1013 | ✓ SURVIVED
Gen 19981 | best fit   11.215 | equity $   12379 | sortino 11.22 | trades 1013 | ✓ SURVIVED
Gen 19986 | best fit   11.215 | equity $   12379 | sortino 11.22 | trades 1013 | ✓ SURVIVED
Gen 19991 | best fit   11.215 | equity $   12379 | sortino 11.22 | trades 1013 | ✓ SURVIVED
Gen 19996 | best fit   11.215 | equity $   12379 | sortino 11.22 | trades 1013 | ✓ SURVIVED
Gen 20001 | best fit   11.215 | equity $   12379 | sortino 11.22 | trades 1013 | ✓ SURVIVED
Gen 20006 | best fit   11.215 | equity $   12379 | sortino 11.22 | trades 1013 | ✓ SURVIVED
Gen 20011 | best fit   11.215 | equity $   12379 | sortino 11.22 | trades 1013 | ✓ SURVIVED
Gen 20016 | best fit   11.215 | equity $   12379 | sortino 11.22 | trades 1013 | ✓ SURVIVED
Gen 20021 | best fit   11.215 | equity $   12379 | sortino 11.22 | trades 1013 | ✓ SURVIVED
Gen 20026 | best fit   11.215 | equity $   12379 | sortino 11.22 | trades 1013 | ✓ SURVIVED
Gen 20031 | best fit   11.215 | equity $   12379 | sortino 11.22 | trades 1013 | ✓ SURVIVED
Gen 20036 | best fit   11.215 | equity $   12379 | sortino 11.22 | trades 1013 | ✓ SURVIVED
Gen 20041 | best fit   11.215 | equity $   12379 | sortino 11.22 | trades 1013 | ✓ SURVIVED
Gen 20046 | best fit   11.215 | equity $   12379 | sortino 11.22 | trades 1013 | ✓ SURVIVED
Gen 20051 | best fit   11.215 | equity $   12379 | sortino 11.22 | trades 1013 | ✓ SURVIVED
Gen 20056 | best fit   11.215 | equity $   12379 | sortino 11.22 | trades 1013 | ✓ SURVIVED
Gen 20061 | best fit   11.215 | equity $   12379 | sortino 11.22 | trades 1013 | ✓ SURVIVED
Gen 20066 | best fit   11.215 | equity $   12379 | sortino 11.22 | trades 1013 | ✓ SURVIVED
Gen 20071 | best fit   11.215 | equity $   12379 | sortino 11.22 | trades 1013 | ✓ SURVIVED
Gen 20076 | best fit   11.215 | equity $   12379 | sortino 11.22 | trades 1013 | ✓ SURVIVED
Gen 20081 | best fit   11.215 | equity $   12379 | sortino 11.22 | trades 1013 | ✓ SURVIVED
Gen 20086 | best fit   11.215 | equity $   12379 | sortino 11.22 | trades 1013 | ✓ SURVIVED
Gen 20091 | best fit   11.215 | equity $   12379 | sortino 11.22 | trades 1013 | ✓ SURVIVED
Gen 20096 | best fit   11.215 | equity $   12379 | sortino 11.22 | trades 1013 | ✓ SURVIVED
Gen 20101 | best fit   11.215 | equity $   12379 | sortino 11.22 | trades 1013 | ✓ SURVIVED
Gen 20106 | best fit   11.215 | equity $   12379 | sortino 11.22 | trades 1013 | ✓ SURVIVED
Gen 20111 | best fit   11.215 | equity $   12379 | sortino 11.22 | trades 1013 | ✓ SURVIVED
Gen 20116 | best fit   11.215 | equity $   12379 | sortino 11.22 | trades 1013 | ✓ SURVIVED
Gen 20121 | best fit   11.215 | equity $   12379 | sortino 11.22 | trades 1013 | ✓ SURVIVED
Gen 20126 | best fit   11.215 | equity $   12379 | sortino 11.22 | trades 1013 | ✓ SURVIVED
Gen 20131 | best fit   11.215 | equity $   12379 | sortino 11.22 | trades 1013 | ✓ SURVIVED
Gen 20136 | best fit   11.215 | equity $   12379 | sortino 11.22 | trades 1013 | ✓ SURVIVED
Gen 20141 | best fit   11.215 | equity $   12379 | sortino 11.22 | trades 1013 | ✓ SURVIVED
Gen 20146 | best fit   11.215 | equity $   12379 | sortino 11.22 | trades 1013 | ✓ SURVIVED
Gen 20151 | best fit   11.215 | equity $   12379 | sortino 11.22 | trades 1013 | ✓ SURVIVED
Gen 20156 | best fit   11.215 | equity $   12379 | sortino 11.22 | trades 1013 | ✓ SURVIVED
Gen 20161 | best fit   11.215 | equity $   12379 | sortino 11.22 | trades 1013 | ✓ SURVIVED
Gen 20166 | best fit   11.215 | equity $   12379 | sortino 11.22 | trades 1013 | ✓ SURVIVED
Gen 20171 | best fit   11.215 | equity $   12379 | sortino 11.22 | trades 1013 | ✓ SURVIVED
Gen 20176 | best fit   11.215 | equity $   12379 | sortino 11.22 | trades 1013 | ✓ SURVIVED
Gen 20181 | best fit   11.215 | equity $   12379 | sortino 11.22 | trades 1013 | ✓ SURVIVED
Gen 20186 | best fit   11.215 | equity $   12379 | sortino 11.22 | trades 1013 | ✓ SURVIVED
Gen 20191 | best fit   11.215 | equity $   12379 | sortino 11.22 | trades 1013 | ✓ SURVIVED
Gen 20196 | best fit   11.215 | equity $   12379 | sortino 11.22 | trades 1013 | ✓ SURVIVED
Gen 20201 | best fit   11.215 | equity $   12379 | sortino 11.22 | trades 1013 | ✓ SURVIVED
Gen 20206 | best fit   11.215 | equity $   12379 | sortino 11.22 | trades 1013 | ✓ SURVIVED
Gen 20211 | best fit   11.215 | equity $   12379 | sortino 11.22 | trades 1013 | ✓ SURVIVED
Gen 20216 | best fit   11.215 | equity $   12379 | sortino 11.22 | trades 1013 | ✓ SURVIVED
Gen 20221 | best fit   11.215 | equity $   12379 | sortino 11.22 | trades 1013 | ✓ SURVIVED
Gen 20226 | best fit   11.215 | equity $   12379 | sortino 11.22 | trades 1013 | ✓ SURVIVED
Gen 20231 | best fit   11.215 | equity $   12379 | sortino 11.22 | trades 1013 | ✓ SURVIVED
Gen 20236 | best fit   11.215 | equity $   12379 | sortino 11.22 | trades 1013 | ✓ SURVIVED
Gen 20241 | best fit   11.215 | equity $   12379 | sortino 11.22 | trades 1013 | ✓ SURVIVED
Gen 20246 | best fit   11.215 | equity $   12379 | sortino 11.22 | trades 1013 | ✓ SURVIVED
Gen 20251 | best fit   11.215 | equity $   12379 | sortino 11.22 | trades 1013 | ✓ SURVIVED
Gen 20256 | best fit   11.215 | equity $   12379 | sortino 11.22 | trades 1013 | ✓ SURVIVED
Gen 20261 | best fit   11.215 | equity $   12379 | sortino 11.22 | trades 1013 | ✓ SURVIVED
Gen 20266 | best fit   11.215 | equity $   12379 | sortino 11.22 | trades 1013 | ✓ SURVIVED
Gen 20271 | best fit   11.215 | equity $   12379 | sortino 11.22 | trades 1013 | ✓ SURVIVED
Gen 20276 | best fit   11.215 | equity $   12379 | sortino 11.22 | trades 1013 | ✓ SURVIVED
Gen 20281 | best fit   11.215 | equity $   12379 | sortino 11.22 | trades 1013 | ✓ SURVIVED
Gen 20286 | best fit   11.215 | equity $   12379 | sortino 11.22 | trades 1013 | ✓ SURVIVED
Gen 20291 | best fit   11.215 | equity $   12379 | sortino 11.22 | trades 1013 | ✓ SURVIVED
Gen 20296 | best fit   11.215 | equity $   12379 | sortino 11.22 | trades 1013 | ✓ SURVIVED
Gen 20301 | best fit   11.215 | equity $   12379 | sortino 11.22 | trades 1013 | ✓ SURVIVED
Gen 20306 | best fit   11.215 | equity $   12379 | sortino 11.22 | trades 1013 | ✓ SURVIVED
Gen 20311 | best fit   11.215 | equity $   12379 | sortino 11.22 | trades 1013 | ✓ SURVIVED
Gen 20316 | best fit   11.215 | equity $   12379 | sortino 11.22 | trades 1013 | ✓ SURVIVED
Gen 20321 | best fit   11.215 | equity $   12379 | sortino 11.22 | trades 1013 | ✓ SURVIVED
Gen 20326 | best fit   11.215 | equity $   12379 | sortino 11.22 | trades 1013 | ✓ SURVIVED
Gen 20331 | best fit   11.215 | equity $   12379 | sortino 11.22 | trades 1013 | ✓ SURVIVED
Gen 20336 | best fit   11.215 | equity $   12379 | sortino 11.22 | trades 1013 | ✓ SURVIVED
Gen 20341 | best fit   11.215 | equity $   12379 | sortino 11.22 | trades 1013 | ✓ SURVIVED
Gen 20346 | best fit   11.215 | equity $   12379 | sortino 11.22 | trades 1013 | ✓ SURVIVED
Gen 20351 | best fit   11.215 | equity $   12379 | sortino 11.22 | trades 1013 | ✓ SURVIVED
Gen 20356 | best fit   11.215 | equity $   12379 | sortino 11.22 | trades 1013 | ✓ SURVIVED
Gen 20361 | best fit   11.215 | equity $   12379 | sortino 11.22 | trades 1013 | ✓ SURVIVED
Gen 20366 | best fit   11.215 | equity $   12379 | sortino 11.22 | trades 1013 | ✓ SURVIVED
Gen 20371 | best fit   11.215 | equity $   12379 | sortino 11.22 | trades 1013 | ✓ SURVIVED
Gen 20376 | best fit   11.215 | equity $   12379 | sortino 11.22 | trades 1013 | ✓ SURVIVED
Gen 20381 | best fit   11.215 | equity $   12379 | sortino 11.22 | trades 1013 | ✓ SURVIVED
Gen 20386 | best fit   11.215 | equity $   12379 | sortino 11.22 | trades 1013 | ✓ SURVIVED
Gen 20391 | best fit   11.215 | equity $   12379 | sortino 11.22 | trades 1013 | ✓ SURVIVED
Gen 20396 | best fit   11.215 | equity $   12379 | sortino 11.22 | trades 1013 | ✓ SURVIVED
Gen 20401 | best fit   11.215 | equity $   12379 | sortino 11.22 | trades 1013 | ✓ SURVIVED
Gen 20406 | best fit   11.215 | equity $   12379 | sortino 11.22 | trades 1013 | ✓ SURVIVED
Gen 20411 | best fit   11.215 | equity $   12379 | sortino 11.22 | trades 1013 | ✓ SURVIVED
Gen 20416 | best fit   11.215 | equity $   12379 | sortino 11.22 | trades 1013 | ✓ SURVIVED
Gen 20421 | best fit   11.215 | equity $   12379 | sortino 11.22 | trades 1013 | ✓ SURVIVED
Gen 20426 | best fit   11.215 | equity $   12379 | sortino 11.22 | trades 1013 | ✓ SURVIVED
Gen 20431 | best fit   11.215 | equity $   12379 | sortino 11.22 | trades 1013 | ✓ SURVIVED
Gen 20436 | best fit   11.215 | equity $   12379 | sortino 11.22 | trades 1013 | ✓ SURVIVED
Gen 20441 | best fit   11.215 | equity $   12379 | sortino 11.22 | trades 1013 | ✓ SURVIVED
Gen 20446 | best fit   11.215 | equity $   12379 | sortino 11.22 | trades 1013 | ✓ SURVIVED
Gen 20451 | best fit   11.215 | equity $   12379 | sortino 11.22 | trades 1013 | ✓ SURVIVED
Gen 20456 | best fit   11.215 | equity $   12379 | sortino 11.22 | trades 1013 | ✓ SURVIVED
Gen 20461 | best fit   11.215 | equity $   12379 | sortino 11.22 | trades 1013 | ✓ SURVIVED
Gen 20466 | best fit   11.215 | equity $   12379 | sortino 11.22 | trades 1013 | ✓ SURVIVED
Gen 20471 | best fit   11.215 | equity $   12379 | sortino 11.22 | trades 1013 | ✓ SURVIVED
Gen 20476 | best fit   11.215 | equity $   12379 | sortino 11.22 | trades 1013 | ✓ SURVIVED
Gen 20481 | best fit   11.215 | equity $   12379 | sortino 11.22 | trades 1013 | ✓ SURVIVED
Gen 20486 | best fit   11.215 | equity $   12379 | sortino 11.22 | trades 1013 | ✓ SURVIVED
Gen 20491 | best fit   11.215 | equity $   12379 | sortino 11.22 | trades 1013 | ✓ SURVIVED
Gen 20496 | best fit   11.215 | equity $   12379 | sortino 11.22 | trades 1013 | ✓ SURVIVED
Gen 20501 | best fit   11.215 | equity $   12379 | sortino 11.22 | trades 1013 | ✓ SURVIVED
Gen 20506 | best fit   11.215 | equity $   12379 | sortino 11.22 | trades 1013 | ✓ SURVIVED
Gen 20511 | best fit   11.215 | equity $   12379 | sortino 11.22 | trades 1013 | ✓ SURVIVED
Gen 20516 | best fit   11.215 | equity $   12379 | sortino 11.22 | trades 1013 | ✓ SURVIVED
Gen 20521 | best fit   11.215 | equity $   12379 | sortino 11.22 | trades 1013 | ✓ SURVIVED
Gen 20526 | best fit   11.215 | equity $   12379 | sortino 11.22 | trades 1013 | ✓ SURVIVED
Gen 20531 | best fit   11.215 | equity $   12379 | sortino 11.22 | trades 1013 | ✓ SURVIVED
Gen 20536 | best fit   11.215 | equity $   12379 | sortino 11.22 | trades 1013 | ✓ SURVIVED
Gen 20541 | best fit   11.215 | equity $   12379 | sortino 11.22 | trades 1013 | ✓ SURVIVED
Gen 20546 | best fit   11.215 | equity $   12379 | sortino 11.22 | trades 1013 | ✓ SURVIVED
Gen 20551 | best fit   11.215 | equity $   12379 | sortino 11.22 | trades 1013 | ✓ SURVIVED
Gen 20556 | best fit   11.215 | equity $   12379 | sortino 11.22 | trades 1013 | ✓ SURVIVED
Gen 20561 | best fit   11.215 | equity $   12379 | sortino 11.22 | trades 1013 | ✓ SURVIVED
Gen 20566 | best fit   11.215 | equity $   12379 | sortino 11.22 | trades 1013 | ✓ SURVIVED
Gen 20571 | best fit   11.215 | equity $   12379 | sortino 11.22 | trades 1013 | ✓ SURVIVED
Gen 20576 | best fit   11.215 | equity $   12379 | sortino 11.22 | trades 1013 | ✓ SURVIVED
Gen 20581 | best fit   11.215 | equity $   12379 | sortino 11.22 | trades 1013 | ✓ SURVIVED
Gen 20586 | best fit   11.215 | equity $   12379 | sortino 11.22 | trades 1013 | ✓ SURVIVED
Gen 20591 | best fit   11.215 | equity $   12379 | sortino 11.22 | trades 1013 | ✓ SURVIVED
Gen 20596 | best fit   11.215 | equity $   12379 | sortino 11.22 | trades 1013 | ✓ SURVIVED
Gen 20601 | best fit   11.215 | equity $   12379 | sortino 11.22 | trades 1013 | ✓ SURVIVED
Gen 20606 | best fit   11.215 | equity $   12379 | sortino 11.22 | trades 1013 | ✓ SURVIVED
Gen 20611 | best fit   11.215 | equity $   12379 | sortino 11.22 | trades 1013 | ✓ SURVIVED
Gen 20616 | best fit   11.215 | equity $   12379 | sortino 11.22 | trades 1013 | ✓ SURVIVED
Gen 20621 | best fit   11.215 | equity $   12379 | sortino 11.22 | trades 1013 | ✓ SURVIVED
Gen 20626 | best fit   11.215 | equity $   12379 | sortino 11.22 | trades 1013 | ✓ SURVIVED
Gen 20631 | best fit   11.215 | equity $   12379 | sortino 11.22 | trades 1013 | ✓ SURVIVED
Gen 20636 | best fit   11.215 | equity $   12379 | sortino 11.22 | trades 1013 | ✓ SURVIVED
Gen 20641 | best fit   11.215 | equity $   12379 | sortino 11.22 | trades 1013 | ✓ SURVIVED
Gen 20646 | best fit   11.215 | equity $   12379 | sortino 11.22 | trades 1013 | ✓ SURVIVED
Gen 20651 | best fit   11.215 | equity $   12379 | sortino 11.22 | trades 1013 | ✓ SURVIVED
Gen 20656 | best fit   11.215 | equity $   12379 | sortino 11.22 | trades 1013 | ✓ SURVIVED
Gen 20661 | best fit   11.215 | equity $   12379 | sortino 11.22 | trades 1013 | ✓ SURVIVED
Gen 20666 | best fit   11.215 | equity $   12379 | sortino 11.22 | trades 1013 | ✓ SURVIVED
Gen 20671 | best fit   11.215 | equity $   12379 | sortino 11.22 | trades 1013 | ✓ SURVIVED
Gen 20676 | best fit   11.215 | equity $   12379 | sortino 11.22 | trades 1013 | ✓ SURVIVED
Gen 20681 | best fit   11.215 | equity $   12379 | sortino 11.22 | trades 1013 | ✓ SURVIVED
Gen 20686 | best fit   11.215 | equity $   12379 | sortino 11.22 | trades 1013 | ✓ SURVIVED
Gen 20691 | best fit   11.215 | equity $   12379 | sortino 11.22 | trades 1013 | ✓ SURVIVED
Gen 20696 | best fit   11.215 | equity $   12379 | sortino 11.22 | trades 1013 | ✓ SURVIVED
Gen 20701 | best fit   11.215 | equity $   12379 | sortino 11.22 | trades 1013 | ✓ SURVIVED
Gen 20706 | best fit   11.215 | equity $   12379 | sortino 11.22 | trades 1013 | ✓ SURVIVED
Gen 20711 | best fit   11.215 | equity $   12379 | sortino 11.22 | trades 1013 | ✓ SURVIVED
Gen 20716 | best fit   11.215 | equity $   12379 | sortino 11.22 | trades 1013 | ✓ SURVIVED
Gen 20721 | best fit   11.215 | equity $   12379 | sortino 11.22 | trades 1013 | ✓ SURVIVED
Gen 20726 | best fit   11.215 | equity $   12379 | sortino 11.22 | trades 1013 | ✓ SURVIVED
Gen 20731 | best fit   11.215 | equity $   12379 | sortino 11.22 | trades 1013 | ✓ SURVIVED
Gen 20736 | best fit   11.215 | equity $   12379 | sortino 11.22 | trades 1013 | ✓ SURVIVED
Gen 20741 | best fit   11.215 | equity $   12379 | sortino 11.22 | trades 1013 | ✓ SURVIVED
Gen 20746 | best fit   11.215 | equity $   12379 | sortino 11.22 | trades 1013 | ✓ SURVIVED
Gen 20751 | best fit   11.215 | equity $   12379 | sortino 11.22 | trades 1013 | ✓ SURVIVED
Gen 20756 | best fit   11.215 | equity $   12379 | sortino 11.22 | trades 1013 | ✓ SURVIVED
Gen 20761 | best fit   11.215 | equity $   12379 | sortino 11.22 | trades 1013 | ✓ SURVIVED
Gen 20766 | best fit   11.215 | equity $   12379 | sortino 11.22 | trades 1013 | ✓ SURVIVED
Gen 20771 | best fit   11.215 | equity $   12379 | sortino 11.22 | trades 1013 | ✓ SURVIVED
Gen 20776 | best fit   11.215 | equity $   12379 | sortino 11.22 | trades 1013 | ✓ SURVIVED
Gen 20781 | best fit   11.215 | equity $   12379 | sortino 11.22 | trades 1013 | ✓ SURVIVED
Gen 20786 | best fit   11.215 | equity $   12379 | sortino 11.22 | trades 1013 | ✓ SURVIVED
Gen 20791 | best fit   11.215 | equity $   12379 | sortino 11.22 | trades 1013 | ✓ SURVIVED
Gen 20796 | best fit   11.215 | equity $   12379 | sortino 11.22 | trades 1013 | ✓ SURVIVED
Gen 20801 | best fit   11.215 | equity $   12379 | sortino 11.22 | trades 1013 | ✓ SURVIVED
Gen 20806 | best fit   11.215 | equity $   12379 | sortino 11.22 | trades 1013 | ✓ SURVIVED
Gen 20811 | best fit   11.215 | equity $   12379 | sortino 11.22 | trades 1013 | ✓ SURVIVED
Gen 20816 | best fit   11.215 | equity $   12379 | sortino 11.22 | trades 1013 | ✓ SURVIVED
Gen 20821 | best fit   11.215 | equity $   12379 | sortino 11.22 | trades 1013 | ✓ SURVIVED
Gen 20826 | best fit   11.215 | equity $   12379 | sortino 11.22 | trades 1013 | ✓ SURVIVED
Gen 20831 | best fit   11.215 | equity $   12379 | sortino 11.22 | trades 1013 | ✓ SURVIVED
Gen 20836 | best fit   11.215 | equity $   12379 | sortino 11.22 | trades 1013 | ✓ SURVIVED
Gen 20841 | best fit   11.215 | equity $   12379 | sortino 11.22 | trades 1013 | ✓ SURVIVED
Gen 20846 | best fit   11.215 | equity $   12379 | sortino 11.22 | trades 1013 | ✓ SURVIVED
Gen 20851 | best fit   11.215 | equity $   12379 | sortino 11.22 | trades 1013 | ✓ SURVIVED
Gen 20856 | best fit   11.215 | equity $   12379 | sortino 11.22 | trades 1013 | ✓ SURVIVED
Gen 20861 | best fit   11.215 | equity $   12379 | sortino 11.22 | trades 1013 | ✓ SURVIVED
Gen 20866 | best fit   11.215 | equity $   12379 | sortino 11.22 | trades 1013 | ✓ SURVIVED
Gen 20871 | best fit   11.215 | equity $   12379 | sortino 11.22 | trades 1013 | ✓ SURVIVED
Gen 20876 | best fit   11.215 | equity $   12379 | sortino 11.22 | trades 1013 | ✓ SURVIVED
Gen 20881 | best fit   11.215 | equity $   12379 | sortino 11.22 | trades 1013 | ✓ SURVIVED
Gen 20886 | best fit   11.215 | equity $   12379 | sortino 11.22 | trades 1013 | ✓ SURVIVED
Gen 20891 | best fit   11.215 | equity $   12379 | sortino 11.22 | trades 1013 | ✓ SURVIVED
Gen 20896 | best fit   11.215 | equity $   12379 | sortino 11.22 | trades 1013 | ✓ SURVIVED
Gen 20901 | best fit   11.215 | equity $   12379 | sortino 11.22 | trades 1013 | ✓ SURVIVED
Gen 20906 | best fit   11.215 | equity $   12379 | sortino 11.22 | trades 1013 | ✓ SURVIVED
Gen 20911 | best fit   11.215 | equity $   12379 | sortino 11.22 | trades 1013 | ✓ SURVIVED
Gen 20916 | best fit   11.215 | equity $   12379 | sortino 11.22 | trades 1013 | ✓ SURVIVED
Gen 20921 | best fit   11.215 | equity $   12379 | sortino 11.22 | trades 1013 | ✓ SURVIVED
Gen 20926 | best fit   11.215 | equity $   12379 | sortino 11.22 | trades 1013 | ✓ SURVIVED
Gen 20931 | best fit   11.215 | equity $   12379 | sortino 11.22 | trades 1013 | ✓ SURVIVED
Gen 20936 | best fit   11.215 | equity $   12379 | sortino 11.22 | trades 1013 | ✓ SURVIVED
Gen 20941 | best fit   11.215 | equity $   12379 | sortino 11.22 | trades 1013 | ✓ SURVIVED
Gen 20946 | best fit   11.215 | equity $   12379 | sortino 11.22 | trades 1013 | ✓ SURVIVED
Gen 20951 | best fit   11.215 | equity $   12379 | sortino 11.22 | trades 1013 | ✓ SURVIVED
Gen 20956 | best fit   11.215 | equity $   12379 | sortino 11.22 | trades 1013 | ✓ SURVIVED
Gen 20961 | best fit   11.215 | equity $   12379 | sortino 11.22 | trades 1013 | ✓ SURVIVED
Gen 20966 | best fit   11.215 | equity $   12379 | sortino 11.22 | trades 1013 | ✓ SURVIVED
Gen 20971 | best fit   11.215 | equity $   12379 | sortino 11.22 | trades 1013 | ✓ SURVIVED
Gen 20976 | best fit   11.215 | equity $   12379 | sortino 11.22 | trades 1013 | ✓ SURVIVED
Gen 20981 | best fit   11.215 | equity $   12379 | sortino 11.22 | trades 1013 | ✓ SURVIVED
Gen 20986 | best fit   11.215 | equity $   12379 | sortino 11.22 | trades 1013 | ✓ SURVIVED
Gen 20991 | best fit   11.215 | equity $   12379 | sortino 11.22 | trades 1013 | ✓ SURVIVED
Gen 20996 | best fit   11.215 | equity $   12379 | sortino 11.22 | trades 1013 | ✓ SURVIVED
Gen 21001 | best fit   11.215 | equity $   12379 | sortino 11.22 | trades 1013 | ✓ SURVIVED
Gen 21006 | best fit   11.215 | equity $   12379 | sortino 11.22 | trades 1013 | ✓ SURVIVED
Gen 21011 | best fit   11.215 | equity $   12379 | sortino 11.22 | trades 1013 | ✓ SURVIVED
Gen 21016 | best fit   11.215 | equity $   12379 | sortino 11.22 | trades 1013 | ✓ SURVIVED
Gen 21021 | best fit   11.215 | equity $   12379 | sortino 11.22 | trades 1013 | ✓ SURVIVED
Gen 21026 | best fit   11.215 | equity $   12379 | sortino 11.22 | trades 1013 | ✓ SURVIVED
Gen 21031 | best fit   11.215 | equity $   12379 | sortino 11.22 | trades 1013 | ✓ SURVIVED
Gen 21036 | best fit   11.215 | equity $   12379 | sortino 11.22 | trades 1013 | ✓ SURVIVED
Gen 21041 | best fit   11.215 | equity $   12379 | sortino 11.22 | trades 1013 | ✓ SURVIVED
Gen 21046 | best fit   11.215 | equity $   12379 | sortino 11.22 | trades 1013 | ✓ SURVIVED
Gen 21051 | best fit   11.215 | equity $   12379 | sortino 11.22 | trades 1013 | ✓ SURVIVED
Gen 21056 | best fit   11.215 | equity $   12379 | sortino 11.22 | trades 1013 | ✓ SURVIVED
Gen 21061 | best fit   11.215 | equity $   12379 | sortino 11.22 | trades 1013 | ✓ SURVIVED
Gen 21066 | best fit   11.215 | equity $   12379 | sortino 11.22 | trades 1013 | ✓ SURVIVED
Gen 21071 | best fit   11.215 | equity $   12379 | sortino 11.22 | trades 1013 | ✓ SURVIVED
Gen 21076 | best fit   11.215 | equity $   12379 | sortino 11.22 | trades 1013 | ✓ SURVIVED
Gen 21081 | best fit   11.215 | equity $   12379 | sortino 11.22 | trades 1013 | ✓ SURVIVED
Gen 21086 | best fit   11.215 | equity $   12379 | sortino 11.22 | trades 1013 | ✓ SURVIVED
Gen 21091 | best fit   11.215 | equity $   12379 | sortino 11.22 | trades 1013 | ✓ SURVIVED
Gen 21096 | best fit   11.215 | equity $   12379 | sortino 11.22 | trades 1013 | ✓ SURVIVED
Gen 21101 | best fit   11.215 | equity $   12379 | sortino 11.22 | trades 1013 | ✓ SURVIVED
Gen 21106 | best fit   11.215 | equity $   12379 | sortino 11.22 | trades 1013 | ✓ SURVIVED
Gen 21111 | best fit   11.215 | equity $   12379 | sortino 11.22 | trades 1013 | ✓ SURVIVED
Gen 21116 | best fit   11.215 | equity $   12379 | sortino 11.22 | trades 1013 | ✓ SURVIVED
Gen 21121 | best fit   11.215 | equity $   12379 | sortino 11.22 | trades 1013 | ✓ SURVIVED
Gen 21126 | best fit   11.215 | equity $   12379 | sortino 11.22 | trades 1013 | ✓ SURVIVED
Gen 21131 | best fit   11.215 | equity $   12379 | sortino 11.22 | trades 1013 | ✓ SURVIVED
Gen 21136 | best fit   11.215 | equity $   12379 | sortino 11.22 | trades 1013 | ✓ SURVIVED
Gen 21141 | best fit   11.215 | equity $   12379 | sortino 11.22 | trades 1013 | ✓ SURVIVED
Gen 21146 | best fit   11.215 | equity $   12379 | sortino 11.22 | trades 1013 | ✓ SURVIVED
Gen 21151 | best fit   11.215 | equity $   12379 | sortino 11.22 | trades 1013 | ✓ SURVIVED
Gen 21156 | best fit   11.215 | equity $   12379 | sortino 11.22 | trades 1013 | ✓ SURVIVED
Gen 21161 | best fit   11.215 | equity $   12379 | sortino 11.22 | trades 1013 | ✓ SURVIVED
Gen 21166 | best fit   11.215 | equity $   12379 | sortino 11.22 | trades 1013 | ✓ SURVIVED
Gen 21171 | best fit   11.215 | equity $   12379 | sortino 11.22 | trades 1013 | ✓ SURVIVED
Gen 21176 | best fit   11.215 | equity $   12379 | sortino 11.22 | trades 1013 | ✓ SURVIVED
Gen 21181 | best fit   11.215 | equity $   12379 | sortino 11.22 | trades 1013 | ✓ SURVIVED
Gen 21186 | best fit   11.215 | equity $   12379 | sortino 11.22 | trades 1013 | ✓ SURVIVED
Gen 21191 | best fit   11.215 | equity $   12379 | sortino 11.22 | trades 1013 | ✓ SURVIVED
Gen 21196 | best fit   11.215 | equity $   12379 | sortino 11.22 | trades 1013 | ✓ SURVIVED
Gen 21201 | best fit   11.215 | equity $   12379 | sortino 11.22 | trades 1013 | ✓ SURVIVED
Gen 21206 | best fit   11.215 | equity $   12379 | sortino 11.22 | trades 1013 | ✓ SURVIVED
Gen 21211 | best fit   11.215 | equity $   12379 | sortino 11.22 | trades 1013 | ✓ SURVIVED
Gen 21216 | best fit   11.215 | equity $   12379 | sortino 11.22 | trades 1013 | ✓ SURVIVED
Gen 21221 | best fit   11.215 | equity $   12379 | sortino 11.22 | trades 1013 | ✓ SURVIVED
Gen 21226 | best fit   11.215 | equity $   12379 | sortino 11.22 | trades 1013 | ✓ SURVIVED
Gen 21231 | best fit   11.215 | equity $   12379 | sortino 11.22 | trades 1013 | ✓ SURVIVED
Gen 21236 | best fit   11.215 | equity $   12379 | sortino 11.22 | trades 1013 | ✓ SURVIVED
Gen 21241 | best fit   11.215 | equity $   12379 | sortino 11.22 | trades 1013 | ✓ SURVIVED
Gen 21246 | best fit   11.215 | equity $   12379 | sortino 11.22 | trades 1013 | ✓ SURVIVED
Gen 21251 | best fit   11.215 | equity $   12379 | sortino 11.22 | trades 1013 | ✓ SURVIVED
Gen 21256 | best fit   11.215 | equity $   12379 | sortino 11.22 | trades 1013 | ✓ SURVIVED
Gen 21261 | best fit   11.215 | equity $   12379 | sortino 11.22 | trades 1013 | ✓ SURVIVED
Gen 21266 | best fit   11.215 | equity $   12379 | sortino 11.22 | trades 1013 | ✓ SURVIVED
Gen 21271 | best fit   11.215 | equity $   12379 | sortino 11.22 | trades 1013 | ✓ SURVIVED
Gen 21276 | best fit   11.215 | equity $   12379 | sortino 11.22 | trades 1013 | ✓ SURVIVED
Gen 21281 | best fit   11.215 | equity $   12379 | sortino 11.22 | trades 1013 | ✓ SURVIVED
Gen 21286 | best fit   11.215 | equity $   12379 | sortino 11.22 | trades 1013 | ✓ SURVIVED
Gen 21291 | best fit   11.215 | equity $   12379 | sortino 11.22 | trades 1013 | ✓ SURVIVED
Gen 21296 | best fit   11.215 | equity $   12379 | sortino 11.22 | trades 1013 | ✓ SURVIVED
Gen 21301 | best fit   11.215 | equity $   12379 | sortino 11.22 | trades 1013 | ✓ SURVIVED
Gen 21306 | best fit   11.215 | equity $   12379 | sortino 11.22 | trades 1013 | ✓ SURVIVED
Gen 21311 | best fit   11.215 | equity $   12379 | sortino 11.22 | trades 1013 | ✓ SURVIVED
Gen 21316 | best fit   11.215 | equity $   12379 | sortino 11.22 | trades 1013 | ✓ SURVIVED
Gen 21321 | best fit   11.215 | equity $   12379 | sortino 11.22 | trades 1013 | ✓ SURVIVED
Gen 21326 | best fit   11.215 | equity $   12379 | sortino 11.22 | trades 1013 | ✓ SURVIVED
Gen 21331 | best fit   11.215 | equity $   12379 | sortino 11.22 | trades 1013 | ✓ SURVIVED
Gen 21336 | best fit   11.215 | equity $   12379 | sortino 11.22 | trades 1013 | ✓ SURVIVED
Gen 21341 | best fit   11.215 | equity $   12379 | sortino 11.22 | trades 1013 | ✓ SURVIVED
Gen 21346 | best fit   11.215 | equity $   12379 | sortino 11.22 | trades 1013 | ✓ SURVIVED
Gen 21351 | best fit   11.215 | equity $   12379 | sortino 11.22 | trades 1013 | ✓ SURVIVED
Gen 21356 | best fit   11.215 | equity $   12379 | sortino 11.22 | trades 1013 | ✓ SURVIVED
Gen 21361 | best fit   11.215 | equity $   12379 | sortino 11.22 | trades 1013 | ✓ SURVIVED
Gen 21366 | best fit   11.215 | equity $   12379 | sortino 11.22 | trades 1013 | ✓ SURVIVED
Gen 21371 | best fit   11.215 | equity $   12379 | sortino 11.22 | trades 1013 | ✓ SURVIVED
Gen 21376 | best fit   11.215 | equity $   12379 | sortino 11.22 | trades 1013 | ✓ SURVIVED
Gen 21381 | best fit   11.215 | equity $   12379 | sortino 11.22 | trades 1013 | ✓ SURVIVED
Gen 21386 | best fit   11.215 | equity $   12379 | sortino 11.22 | trades 1013 | ✓ SURVIVED
Gen 21391 | best fit   11.215 | equity $   12379 | sortino 11.22 | trades 1013 | ✓ SURVIVED
Gen 21396 | best fit   11.215 | equity $   12379 | sortino 11.22 | trades 1013 | ✓ SURVIVED
Gen 21401 | best fit   11.215 | equity $   12379 | sortino 11.22 | trades 1013 | ✓ SURVIVED
Gen 21406 | best fit   11.215 | equity $   12379 | sortino 11.22 | trades 1013 | ✓ SURVIVED
Gen 21411 | best fit   11.215 | equity $   12379 | sortino 11.22 | trades 1013 | ✓ SURVIVED
Gen 21416 | best fit   11.215 | equity $   12379 | sortino 11.22 | trades 1013 | ✓ SURVIVED
Gen 21421 | best fit   11.215 | equity $   12379 | sortino 11.22 | trades 1013 | ✓ SURVIVED
Gen 21426 | best fit   11.215 | equity $   12379 | sortino 11.22 | trades 1013 | ✓ SURVIVED
Gen 21431 | best fit   11.215 | equity $   12379 | sortino 11.22 | trades 1013 | ✓ SURVIVED
Gen 21436 | best fit   11.215 | equity $   12379 | sortino 11.22 | trades 1013 | ✓ SURVIVED
Gen 21441 | best fit   11.215 | equity $   12379 | sortino 11.22 | trades 1013 | ✓ SURVIVED
Gen 21446 | best fit   11.215 | equity $   12379 | sortino 11.22 | trades 1013 | ✓ SURVIVED
Gen 21451 | best fit   11.215 | equity $   12379 | sortino 11.22 | trades 1013 | ✓ SURVIVED
Gen 21456 | best fit   11.215 | equity $   12379 | sortino 11.22 | trades 1013 | ✓ SURVIVED
Gen 21461 | best fit   11.215 | equity $   12379 | sortino 11.22 | trades 1013 | ✓ SURVIVED
Gen 21466 | best fit   11.215 | equity $   12379 | sortino 11.22 | trades 1013 | ✓ SURVIVED
Gen 21471 | best fit   11.215 | equity $   12379 | sortino 11.22 | trades 1013 | ✓ SURVIVED
Gen 21476 | best fit   11.215 | equity $   12379 | sortino 11.22 | trades 1013 | ✓ SURVIVED
Gen 21481 | best fit   11.215 | equity $   12379 | sortino 11.22 | trades 1013 | ✓ SURVIVED
Gen 21486 | best fit   11.215 | equity $   12379 | sortino 11.22 | trades 1013 | ✓ SURVIVED
Gen 21491 | best fit   11.215 | equity $   12379 | sortino 11.22 | trades 1013 | ✓ SURVIVED
Gen 21496 | best fit   11.215 | equity $   12379 | sortino 11.22 | trades 1013 | ✓ SURVIVED
Gen 21501 | best fit   11.215 | equity $   12379 | sortino 11.22 | trades 1013 | ✓ SURVIVED
Gen 21506 | best fit   11.215 | equity $   12379 | sortino 11.22 | trades 1013 | ✓ SURVIVED
Gen 21511 | best fit   11.215 | equity $   12379 | sortino 11.22 | trades 1013 | ✓ SURVIVED
Gen 21516 | best fit   11.215 | equity $   12379 | sortino 11.22 | trades 1013 | ✓ SURVIVED
Gen 21521 | best fit   11.215 | equity $   12379 | sortino 11.22 | trades 1013 | ✓ SURVIVED
Gen 21526 | best fit   11.215 | equity $   12379 | sortino 11.22 | trades 1013 | ✓ SURVIVED
Gen 21531 | best fit   11.215 | equity $   12379 | sortino 11.22 | trades 1013 | ✓ SURVIVED
Gen 21536 | best fit   11.215 | equity $   12379 | sortino 11.22 | trades 1013 | ✓ SURVIVED
Gen 21541 | best fit   11.215 | equity $   12379 | sortino 11.22 | trades 1013 | ✓ SURVIVED
Gen 21546 | best fit   11.215 | equity $   12379 | sortino 11.22 | trades 1013 | ✓ SURVIVED
Gen 21551 | best fit   11.215 | equity $   12379 | sortino 11.22 | trades 1013 | ✓ SURVIVED
Gen 21556 | best fit   11.215 | equity $   12379 | sortino 11.22 | trades 1013 | ✓ SURVIVED
Gen 21561 | best fit   11.215 | equity $   12379 | sortino 11.22 | trades 1013 | ✓ SURVIVED
Gen 21566 | best fit   11.215 | equity $   12379 | sortino 11.22 | trades 1013 | ✓ SURVIVED
Gen 21571 | best fit   11.215 | equity $   12379 | sortino 11.22 | trades 1013 | ✓ SURVIVED
Gen 21576 | best fit   11.215 | equity $   12379 | sortino 11.22 | trades 1013 | ✓ SURVIVED
Gen 21581 | best fit   11.215 | equity $   12379 | sortino 11.22 | trades 1013 | ✓ SURVIVED
Gen 21586 | best fit   11.215 | equity $   12379 | sortino 11.22 | trades 1013 | ✓ SURVIVED
Gen 21591 | best fit   11.215 | equity $   12379 | sortino 11.22 | trades 1013 | ✓ SURVIVED
Gen 21596 | best fit   11.215 | equity $   12379 | sortino 11.22 | trades 1013 | ✓ SURVIVED
Gen 21601 | best fit   11.215 | equity $   12379 | sortino 11.22 | trades 1013 | ✓ SURVIVED
Gen 21606 | best fit   11.215 | equity $   12379 | sortino 11.22 | trades 1013 | ✓ SURVIVED
Gen 21611 | best fit   11.215 | equity $   12379 | sortino 11.22 | trades 1013 | ✓ SURVIVED
Gen 21616 | best fit   11.215 | equity $   12379 | sortino 11.22 | trades 1013 | ✓ SURVIVED
Gen 21621 | best fit   11.215 | equity $   12379 | sortino 11.22 | trades 1013 | ✓ SURVIVED
Gen 21626 | best fit   11.215 | equity $   12379 | sortino 11.22 | trades 1013 | ✓ SURVIVED
Gen 21631 | best fit   11.215 | equity $   12379 | sortino 11.22 | trades 1013 | ✓ SURVIVED
Gen 21636 | best fit   11.215 | equity $   12379 | sortino 11.22 | trades 1013 | ✓ SURVIVED
Gen 21641 | best fit   11.215 | equity $   12379 | sortino 11.22 | trades 1013 | ✓ SURVIVED
Gen 21646 | best fit   11.215 | equity $   12379 | sortino 11.22 | trades 1013 | ✓ SURVIVED
Gen 21651 | best fit   11.215 | equity $   12379 | sortino 11.22 | trades 1013 | ✓ SURVIVED
Gen 21656 | best fit   11.215 | equity $   12379 | sortino 11.22 | trades 1013 | ✓ SURVIVED
Gen 21661 | best fit   11.215 | equity $   12379 | sortino 11.22 | trades 1013 | ✓ SURVIVED
Gen 21666 | best fit   11.215 | equity $   12379 | sortino 11.22 | trades 1013 | ✓ SURVIVED
Gen 21671 | best fit   11.215 | equity $   12379 | sortino 11.22 | trades 1013 | ✓ SURVIVED
Gen 21676 | best fit   11.215 | equity $   12379 | sortino 11.22 | trades 1013 | ✓ SURVIVED
Gen 21681 | best fit   11.215 | equity $   12379 | sortino 11.22 | trades 1013 | ✓ SURVIVED
Gen 21686 | best fit   11.215 | equity $   12379 | sortino 11.22 | trades 1013 | ✓ SURVIVED
Gen 21691 | best fit   11.215 | equity $   12379 | sortino 11.22 | trades 1013 | ✓ SURVIVED
Gen 21696 | best fit   11.215 | equity $   12379 | sortino 11.22 | trades 1013 | ✓ SURVIVED
Gen 21701 | best fit   11.215 | equity $   12379 | sortino 11.22 | trades 1013 | ✓ SURVIVED
Gen 21706 | best fit   11.215 | equity $   12379 | sortino 11.22 | trades 1013 | ✓ SURVIVED
Gen 21711 | best fit   11.215 | equity $   12379 | sortino 11.22 | trades 1013 | ✓ SURVIVED
Gen 21716 | best fit   11.215 | equity $   12379 | sortino 11.22 | trades 1013 | ✓ SURVIVED
Gen 21721 | best fit   11.215 | equity $   12379 | sortino 11.22 | trades 1013 | ✓ SURVIVED
Gen 21726 | best fit   11.215 | equity $   12379 | sortino 11.22 | trades 1013 | ✓ SURVIVED
Gen 21731 | best fit   11.215 | equity $   12379 | sortino 11.22 | trades 1013 | ✓ SURVIVED
Gen 21736 | best fit   11.215 | equity $   12379 | sortino 11.22 | trades 1013 | ✓ SURVIVED
Gen 21741 | best fit   11.215 | equity $   12379 | sortino 11.22 | trades 1013 | ✓ SURVIVED
Gen 21746 | best fit   11.215 | equity $   12379 | sortino 11.22 | trades 1013 | ✓ SURVIVED
Gen 21751 | best fit   11.215 | equity $   12379 | sortino 11.22 | trades 1013 | ✓ SURVIVED
Gen 21756 | best fit   11.215 | equity $   12379 | sortino 11.22 | trades 1013 | ✓ SURVIVED
Gen 21761 | best fit   11.215 | equity $   12379 | sortino 11.22 | trades 1013 | ✓ SURVIVED
Gen 21766 | best fit   11.215 | equity $   12379 | sortino 11.22 | trades 1013 | ✓ SURVIVED
Gen 21771 | best fit   11.215 | equity $   12379 | sortino 11.22 | trades 1013 | ✓ SURVIVED
Gen 21776 | best fit   11.215 | equity $   12379 | sortino 11.22 | trades 1013 | ✓ SURVIVED
Gen 21781 | best fit   11.215 | equity $   12379 | sortino 11.22 | trades 1013 | ✓ SURVIVED
Gen 21786 | best fit   11.215 | equity $   12379 | sortino 11.22 | trades 1013 | ✓ SURVIVED
Gen 21791 | best fit   11.215 | equity $   12379 | sortino 11.22 | trades 1013 | ✓ SURVIVED
Gen 21796 | best fit   11.215 | equity $   12379 | sortino 11.22 | trades 1013 | ✓ SURVIVED
Gen 21801 | best fit   11.215 | equity $   12379 | sortino 11.22 | trades 1013 | ✓ SURVIVED
Gen 21806 | best fit   11.215 | equity $   12379 | sortino 11.22 | trades 1013 | ✓ SURVIVED
Gen 21811 | best fit   11.215 | equity $   12379 | sortino 11.22 | trades 1013 | ✓ SURVIVED
Gen 21816 | best fit   11.215 | equity $   12379 | sortino 11.22 | trades 1013 | ✓ SURVIVED
Gen 21821 | best fit   11.215 | equity $   12379 | sortino 11.22 | trades 1013 | ✓ SURVIVED
Gen 21826 | best fit   11.215 | equity $   12379 | sortino 11.22 | trades 1013 | ✓ SURVIVED
Gen 21831 | best fit   11.215 | equity $   12379 | sortino 11.22 | trades 1013 | ✓ SURVIVED
Gen 21836 | best fit   11.215 | equity $   12379 | sortino 11.22 | trades 1013 | ✓ SURVIVED
Gen 21841 | best fit   11.215 | equity $   12379 | sortino 11.22 | trades 1013 | ✓ SURVIVED
Gen 21846 | best fit   11.215 | equity $   12379 | sortino 11.22 | trades 1013 | ✓ SURVIVED
Gen 21851 | best fit   11.215 | equity $   12379 | sortino 11.22 | trades 1013 | ✓ SURVIVED
Gen 21856 | best fit   11.215 | equity $   12379 | sortino 11.22 | trades 1013 | ✓ SURVIVED
Gen 21861 | best fit   11.215 | equity $   12379 | sortino 11.22 | trades 1013 | ✓ SURVIVED
Gen 21866 | best fit   11.215 | equity $   12379 | sortino 11.22 | trades 1013 | ✓ SURVIVED
Gen 21871 | best fit   11.215 | equity $   12379 | sortino 11.22 | trades 1013 | ✓ SURVIVED
Gen 21876 | best fit   11.215 | equity $   12379 | sortino 11.22 | trades 1013 | ✓ SURVIVED
Gen 21881 | best fit   11.215 | equity $   12379 | sortino 11.22 | trades 1013 | ✓ SURVIVED
Gen 21886 | best fit   11.215 | equity $   12379 | sortino 11.22 | trades 1013 | ✓ SURVIVED
Gen 21891 | best fit   11.215 | equity $   12379 | sortino 11.22 | trades 1013 | ✓ SURVIVED
Gen 21896 | best fit   11.215 | equity $   12379 | sortino 11.22 | trades 1013 | ✓ SURVIVED
Gen 21901 | best fit   11.215 | equity $   12379 | sortino 11.22 | trades 1013 | ✓ SURVIVED
Gen 21906 | best fit   11.215 | equity $   12379 | sortino 11.22 | trades 1013 | ✓ SURVIVED
Gen 21911 | best fit   11.215 | equity $   12379 | sortino 11.22 | trades 1013 | ✓ SURVIVED
Gen 21916 | best fit   11.215 | equity $   12379 | sortino 11.22 | trades 1013 | ✓ SURVIVED
Gen 21921 | best fit   11.215 | equity $   12379 | sortino 11.22 | trades 1013 | ✓ SURVIVED
Gen 21926 | best fit   11.215 | equity $   12379 | sortino 11.22 | trades 1013 | ✓ SURVIVED
Gen 21931 | best fit   11.215 | equity $   12379 | sortino 11.22 | trades 1013 | ✓ SURVIVED
Gen 21936 | best fit   11.215 | equity $   12379 | sortino 11.22 | trades 1013 | ✓ SURVIVED
Gen 21941 | best fit   11.215 | equity $   12379 | sortino 11.22 | trades 1013 | ✓ SURVIVED
Gen 21946 | best fit   11.215 | equity $   12379 | sortino 11.22 | trades 1013 | ✓ SURVIVED
Gen 21951 | best fit   11.215 | equity $   12379 | sortino 11.22 | trades 1013 | ✓ SURVIVED
Gen 21956 | best fit   11.215 | equity $   12379 | sortino 11.22 | trades 1013 | ✓ SURVIVED
Gen 21961 | best fit   11.215 | equity $   12379 | sortino 11.22 | trades 1013 | ✓ SURVIVED
Gen 21966 | best fit   11.215 | equity $   12379 | sortino 11.22 | trades 1013 | ✓ SURVIVED
Gen 21971 | best fit   11.215 | equity $   12379 | sortino 11.22 | trades 1013 | ✓ SURVIVED
Gen 21976 | best fit   11.215 | equity $   12379 | sortino 11.22 | trades 1013 | ✓ SURVIVED
Gen 21981 | best fit   11.215 | equity $   12379 | sortino 11.22 | trades 1013 | ✓ SURVIVED
Gen 21986 | best fit   11.215 | equity $   12379 | sortino 11.22 | trades 1013 | ✓ SURVIVED
Gen 21991 | best fit   11.215 | equity $   12379 | sortino 11.22 | trades 1013 | ✓ SURVIVED
Gen 21996 | best fit   11.215 | equity $   12379 | sortino 11.22 | trades 1013 | ✓ SURVIVED
Gen 22001 | best fit   11.215 | equity $   12379 | sortino 11.22 | trades 1013 | ✓ SURVIVED
Gen 22006 | best fit   11.215 | equity $   12379 | sortino 11.22 | trades 1013 | ✓ SURVIVED
Gen 22011 | best fit   11.215 | equity $   12379 | sortino 11.22 | trades 1013 | ✓ SURVIVED
Gen 22016 | best fit   11.215 | equity $   12379 | sortino 11.22 | trades 1013 | ✓ SURVIVED
Gen 22021 | best fit   11.215 | equity $   12379 | sortino 11.22 | trades 1013 | ✓ SURVIVED
Gen 22026 | best fit   11.215 | equity $   12379 | sortino 11.22 | trades 1013 | ✓ SURVIVED
Gen 22031 | best fit   11.215 | equity $   12379 | sortino 11.22 | trades 1013 | ✓ SURVIVED
Gen 22036 | best fit   11.215 | equity $   12379 | sortino 11.22 | trades 1013 | ✓ SURVIVED
Gen 22041 | best fit   11.215 | equity $   12379 | sortino 11.22 | trades 1013 | ✓ SURVIVED
Gen 22046 | best fit   11.215 | equity $   12379 | sortino 11.22 | trades 1013 | ✓ SURVIVED
Gen 22051 | best fit   11.215 | equity $   12379 | sortino 11.22 | trades 1013 | ✓ SURVIVED
Gen 22056 | best fit   11.215 | equity $   12379 | sortino 11.22 | trades 1013 | ✓ SURVIVED
Gen 22061 | best fit   11.215 | equity $   12379 | sortino 11.22 | trades 1013 | ✓ SURVIVED
Gen 22066 | best fit   11.215 | equity $   12379 | sortino 11.22 | trades 1013 | ✓ SURVIVED
Gen 22071 | best fit   11.215 | equity $   12379 | sortino 11.22 | trades 1013 | ✓ SURVIVED
Gen 22076 | best fit   11.215 | equity $   12379 | sortino 11.22 | trades 1013 | ✓ SURVIVED
Gen 22081 | best fit   11.215 | equity $   12379 | sortino 11.22 | trades 1013 | ✓ SURVIVED
Gen 22086 | best fit   11.215 | equity $   12379 | sortino 11.22 | trades 1013 | ✓ SURVIVED
Gen 22091 | best fit   11.215 | equity $   12379 | sortino 11.22 | trades 1013 | ✓ SURVIVED
Gen 22096 | best fit   11.215 | equity $   12379 | sortino 11.22 | trades 1013 | ✓ SURVIVED
Gen 22101 | best fit   11.215 | equity $   12379 | sortino 11.22 | trades 1013 | ✓ SURVIVED
Gen 22106 | best fit   11.215 | equity $   12379 | sortino 11.22 | trades 1013 | ✓ SURVIVED
Gen 22111 | best fit   11.215 | equity $   12379 | sortino 11.22 | trades 1013 | ✓ SURVIVED
Gen 22116 | best fit   11.215 | equity $   12379 | sortino 11.22 | trades 1013 | ✓ SURVIVED
Gen 22121 | best fit   11.215 | equity $   12379 | sortino 11.22 | trades 1013 | ✓ SURVIVED
Gen 22126 | best fit   11.215 | equity $   12379 | sortino 11.22 | trades 1013 | ✓ SURVIVED
Gen 22131 | best fit   11.215 | equity $   12379 | sortino 11.22 | trades 1013 | ✓ SURVIVED
Gen 22136 | best fit   11.215 | equity $   12379 | sortino 11.22 | trades 1013 | ✓ SURVIVED
Gen 22141 | best fit   11.215 | equity $   12379 | sortino 11.22 | trades 1013 | ✓ SURVIVED
Gen 22146 | best fit   11.215 | equity $   12379 | sortino 11.22 | trades 1013 | ✓ SURVIVED
Gen 22151 | best fit   11.215 | equity $   12379 | sortino 11.22 | trades 1013 | ✓ SURVIVED
Gen 22156 | best fit   11.215 | equity $   12379 | sortino 11.22 | trades 1013 | ✓ SURVIVED
Gen 22161 | best fit   11.215 | equity $   12379 | sortino 11.22 | trades 1013 | ✓ SURVIVED
Gen 22166 | best fit   11.215 | equity $   12379 | sortino 11.22 | trades 1013 | ✓ SURVIVED
Gen 22171 | best fit   11.215 | equity $   12379 | sortino 11.22 | trades 1013 | ✓ SURVIVED
Gen 22176 | best fit   11.215 | equity $   12379 | sortino 11.22 | trades 1013 | ✓ SURVIVED
Gen 22181 | best fit   11.215 | equity $   12379 | sortino 11.22 | trades 1013 | ✓ SURVIVED
Gen 22186 | best fit   11.215 | equity $   12379 | sortino 11.22 | trades 1013 | ✓ SURVIVED
Gen 22191 | best fit   11.215 | equity $   12379 | sortino 11.22 | trades 1013 | ✓ SURVIVED
Gen 22196 | best fit   11.215 | equity $   12379 | sortino 11.22 | trades 1013 | ✓ SURVIVED
Gen 22201 | best fit   11.215 | equity $   12379 | sortino 11.22 | trades 1013 | ✓ SURVIVED
Gen 22206 | best fit   11.215 | equity $   12379 | sortino 11.22 | trades 1013 | ✓ SURVIVED
Gen 22211 | best fit   11.215 | equity $   12379 | sortino 11.22 | trades 1013 | ✓ SURVIVED
Gen 22216 | best fit   11.215 | equity $   12379 | sortino 11.22 | trades 1013 | ✓ SURVIVED
Gen 22221 | best fit   11.215 | equity $   12379 | sortino 11.22 | trades 1013 | ✓ SURVIVED
Gen 22226 | best fit   11.215 | equity $   12379 | sortino 11.22 | trades 1013 | ✓ SURVIVED
Gen 22231 | best fit   11.215 | equity $   12379 | sortino 11.22 | trades 1013 | ✓ SURVIVED
Gen 22236 | best fit   11.215 | equity $   12379 | sortino 11.22 | trades 1013 | ✓ SURVIVED
Gen 22241 | best fit   11.215 | equity $   12379 | sortino 11.22 | trades 1013 | ✓ SURVIVED
Gen 22246 | best fit   11.215 | equity $   12379 | sortino 11.22 | trades 1013 | ✓ SURVIVED
Gen 22251 | best fit   11.215 | equity $   12379 | sortino 11.22 | trades 1013 | ✓ SURVIVED
Gen 22256 | best fit   11.215 | equity $   12379 | sortino 11.22 | trades 1013 | ✓ SURVIVED
Gen 22261 | best fit   11.215 | equity $   12379 | sortino 11.22 | trades 1013 | ✓ SURVIVED
Gen 22266 | best fit   11.215 | equity $   12379 | sortino 11.22 | trades 1013 | ✓ SURVIVED
Gen 22271 | best fit   11.215 | equity $   12379 | sortino 11.22 | trades 1013 | ✓ SURVIVED
Gen 22276 | best fit   11.215 | equity $   12379 | sortino 11.22 | trades 1013 | ✓ SURVIVED
Gen 22281 | best fit   11.215 | equity $   12379 | sortino 11.22 | trades 1013 | ✓ SURVIVED
Gen 22286 | best fit   11.215 | equity $   12379 | sortino 11.22 | trades 1013 | ✓ SURVIVED
Gen 22291 | best fit   11.215 | equity $   12379 | sortino 11.22 | trades 1013 | ✓ SURVIVED
Gen 22296 | best fit   11.215 | equity $   12379 | sortino 11.22 | trades 1013 | ✓ SURVIVED
Gen 22301 | best fit   11.215 | equity $   12379 | sortino 11.22 | trades 1013 | ✓ SURVIVED
Gen 22306 | best fit   11.215 | equity $   12379 | sortino 11.22 | trades 1013 | ✓ SURVIVED
Gen 22311 | best fit   11.215 | equity $   12379 | sortino 11.22 | trades 1013 | ✓ SURVIVED
Gen 22316 | best fit   11.215 | equity $   12379 | sortino 11.22 | trades 1013 | ✓ SURVIVED
Gen 22321 | best fit   11.215 | equity $   12379 | sortino 11.22 | trades 1013 | ✓ SURVIVED
Gen 22326 | best fit   11.215 | equity $   12379 | sortino 11.22 | trades 1013 | ✓ SURVIVED
Gen 22331 | best fit   11.215 | equity $   12379 | sortino 11.22 | trades 1013 | ✓ SURVIVED
Gen 22336 | best fit   11.215 | equity $   12379 | sortino 11.22 | trades 1013 | ✓ SURVIVED
Gen 22341 | best fit   11.215 | equity $   12379 | sortino 11.22 | trades 1013 | ✓ SURVIVED
Gen 22346 | best fit   11.215 | equity $   12379 | sortino 11.22 | trades 1013 | ✓ SURVIVED
Gen 22351 | best fit   11.215 | equity $   12379 | sortino 11.22 | trades 1013 | ✓ SURVIVED
Gen 22356 | best fit   11.215 | equity $   12379 | sortino 11.22 | trades 1013 | ✓ SURVIVED
Gen 22361 | best fit   11.215 | equity $   12379 | sortino 11.22 | trades 1013 | ✓ SURVIVED
Gen 22366 | best fit   11.215 | equity $   12379 | sortino 11.22 | trades 1013 | ✓ SURVIVED
Gen 22371 | best fit   11.215 | equity $   12379 | sortino 11.22 | trades 1013 | ✓ SURVIVED
Gen 22376 | best fit   11.215 | equity $   12379 | sortino 11.22 | trades 1013 | ✓ SURVIVED
Gen 22381 | best fit   11.215 | equity $   12379 | sortino 11.22 | trades 1013 | ✓ SURVIVED
Gen 22386 | best fit   11.215 | equity $   12379 | sortino 11.22 | trades 1013 | ✓ SURVIVED
Gen 22391 | best fit   11.215 | equity $   12379 | sortino 11.22 | trades 1013 | ✓ SURVIVED
Gen 22396 | best fit   11.215 | equity $   12379 | sortino 11.22 | trades 1013 | ✓ SURVIVED
Gen 22401 | best fit   11.215 | equity $   12379 | sortino 11.22 | trades 1013 | ✓ SURVIVED
Gen 22406 | best fit   11.215 | equity $   12379 | sortino 11.22 | trades 1013 | ✓ SURVIVED
Gen 22411 | best fit   11.215 | equity $   12379 | sortino 11.22 | trades 1013 | ✓ SURVIVED
Gen 22416 | best fit   11.215 | equity $   12379 | sortino 11.22 | trades 1013 | ✓ SURVIVED
Gen 22421 | best fit   11.215 | equity $   12379 | sortino 11.22 | trades 1013 | ✓ SURVIVED
Gen 22426 | best fit   11.215 | equity $   12379 | sortino 11.22 | trades 1013 | ✓ SURVIVED
Gen 22431 | best fit   11.215 | equity $   12379 | sortino 11.22 | trades 1013 | ✓ SURVIVED
Gen 22436 | best fit   11.215 | equity $   12379 | sortino 11.22 | trades 1013 | ✓ SURVIVED
Gen 22441 | best fit   11.215 | equity $   12379 | sortino 11.22 | trades 1013 | ✓ SURVIVED
Gen 22446 | best fit   11.215 | equity $   12379 | sortino 11.22 | trades 1013 | ✓ SURVIVED
Gen 22451 | best fit   11.215 | equity $   12379 | sortino 11.22 | trades 1013 | ✓ SURVIVED
Gen 22456 | best fit   11.215 | equity $   12379 | sortino 11.22 | trades 1013 | ✓ SURVIVED
Gen 22461 | best fit   11.215 | equity $   12379 | sortino 11.22 | trades 1013 | ✓ SURVIVED
Gen 22466 | best fit   11.215 | equity $   12379 | sortino 11.22 | trades 1013 | ✓ SURVIVED
Gen 22471 | best fit   11.215 | equity $   12379 | sortino 11.22 | trades 1013 | ✓ SURVIVED
Gen 22476 | best fit   11.215 | equity $   12379 | sortino 11.22 | trades 1013 | ✓ SURVIVED
Gen 22481 | best fit   11.215 | equity $   12379 | sortino 11.22 | trades 1013 | ✓ SURVIVED
Gen 22486 | best fit   11.215 | equity $   12379 | sortino 11.22 | trades 1013 | ✓ SURVIVED
Gen 22491 | best fit   11.215 | equity $   12379 | sortino 11.22 | trades 1013 | ✓ SURVIVED
Gen 22496 | best fit   11.215 | equity $   12379 | sortino 11.22 | trades 1013 | ✓ SURVIVED
Gen 22501 | best fit   11.215 | equity $   12379 | sortino 11.22 | trades 1013 | ✓ SURVIVED
Gen 22506 | best fit   11.215 | equity $   12379 | sortino 11.22 | trades 1013 | ✓ SURVIVED
Gen 22511 | best fit   11.215 | equity $   12379 | sortino 11.22 | trades 1013 | ✓ SURVIVED
Gen 22516 | best fit   11.215 | equity $   12379 | sortino 11.22 | trades 1013 | ✓ SURVIVED
Gen 22521 | best fit   11.215 | equity $   12379 | sortino 11.22 | trades 1013 | ✓ SURVIVED
Gen 22526 | best fit   11.215 | equity $   12379 | sortino 11.22 | trades 1013 | ✓ SURVIVED
Gen 22531 | best fit   11.215 | equity $   12379 | sortino 11.22 | trades 1013 | ✓ SURVIVED
Gen 22536 | best fit   11.215 | equity $   12379 | sortino 11.22 | trades 1013 | ✓ SURVIVED
Gen 22541 | best fit   11.215 | equity $   12379 | sortino 11.22 | trades 1013 | ✓ SURVIVED
Gen 22546 | best fit   11.215 | equity $   12379 | sortino 11.22 | trades 1013 | ✓ SURVIVED
Gen 22551 | best fit   11.215 | equity $   12379 | sortino 11.22 | trades 1013 | ✓ SURVIVED
Gen 22556 | best fit   11.215 | equity $   12379 | sortino 11.22 | trades 1013 | ✓ SURVIVED
Gen 22561 | best fit   11.215 | equity $   12379 | sortino 11.22 | trades 1013 | ✓ SURVIVED
Gen 22566 | best fit   11.215 | equity $   12379 | sortino 11.22 | trades 1013 | ✓ SURVIVED
Gen 22571 | best fit   11.215 | equity $   12379 | sortino 11.22 | trades 1013 | ✓ SURVIVED
Gen 22576 | best fit   11.215 | equity $   12379 | sortino 11.22 | trades 1013 | ✓ SURVIVED
Gen 22581 | best fit   11.215 | equity $   12379 | sortino 11.22 | trades 1013 | ✓ SURVIVED
Gen 22586 | best fit   11.215 | equity $   12379 | sortino 11.22 | trades 1013 | ✓ SURVIVED
Gen 22591 | best fit   11.215 | equity $   12379 | sortino 11.22 | trades 1013 | ✓ SURVIVED
Gen 22596 | best fit   11.215 | equity $   12379 | sortino 11.22 | trades 1013 | ✓ SURVIVED
Gen 22601 | best fit   11.215 | equity $   12379 | sortino 11.22 | trades 1013 | ✓ SURVIVED
Gen 22606 | best fit   11.215 | equity $   12379 | sortino 11.22 | trades 1013 | ✓ SURVIVED
Gen 22611 | best fit   11.215 | equity $   12379 | sortino 11.22 | trades 1013 | ✓ SURVIVED
Gen 22616 | best fit   11.215 | equity $   12379 | sortino 11.22 | trades 1013 | ✓ SURVIVED
Gen 22621 | best fit   11.215 | equity $   12379 | sortino 11.22 | trades 1013 | ✓ SURVIVED
Gen 22626 | best fit   11.215 | equity $   12379 | sortino 11.22 | trades 1013 | ✓ SURVIVED
Gen 22631 | best fit   11.215 | equity $   12379 | sortino 11.22 | trades 1013 | ✓ SURVIVED
Gen 22636 | best fit   11.215 | equity $   12379 | sortino 11.22 | trades 1013 | ✓ SURVIVED
Gen 22641 | best fit   11.215 | equity $   12379 | sortino 11.22 | trades 1013 | ✓ SURVIVED
Gen 22646 | best fit   11.215 | equity $   12379 | sortino 11.22 | trades 1013 | ✓ SURVIVED
Gen 22651 | best fit   11.215 | equity $   12379 | sortino 11.22 | trades 1013 | ✓ SURVIVED
Gen 22656 | best fit   11.215 | equity $   12379 | sortino 11.22 | trades 1013 | ✓ SURVIVED
Gen 22661 | best fit   11.215 | equity $   12379 | sortino 11.22 | trades 1013 | ✓ SURVIVED
Gen 22666 | best fit   11.215 | equity $   12379 | sortino 11.22 | trades 1013 | ✓ SURVIVED
Gen 22671 | best fit   11.215 | equity $   12379 | sortino 11.22 | trades 1013 | ✓ SURVIVED
Gen 22676 | best fit   11.215 | equity $   12379 | sortino 11.22 | trades 1013 | ✓ SURVIVED
Gen 22681 | best fit   11.215 | equity $   12379 | sortino 11.22 | trades 1013 | ✓ SURVIVED
Gen 22686 | best fit   11.215 | equity $   12379 | sortino 11.22 | trades 1013 | ✓ SURVIVED
Gen 22691 | best fit   11.215 | equity $   12379 | sortino 11.22 | trades 1013 | ✓ SURVIVED
Gen 22696 | best fit   11.215 | equity $   12379 | sortino 11.22 | trades 1013 | ✓ SURVIVED
Gen 22701 | best fit   11.215 | equity $   12379 | sortino 11.22 | trades 1013 | ✓ SURVIVED
Gen 22706 | best fit   11.215 | equity $   12379 | sortino 11.22 | trades 1013 | ✓ SURVIVED
Gen 22711 | best fit   11.215 | equity $   12379 | sortino 11.22 | trades 1013 | ✓ SURVIVED
Gen 22716 | best fit   11.215 | equity $   12379 | sortino 11.22 | trades 1013 | ✓ SURVIVED
Gen 22721 | best fit   11.215 | equity $   12379 | sortino 11.22 | trades 1013 | ✓ SURVIVED
Gen 22726 | best fit   11.215 | equity $   12379 | sortino 11.22 | trades 1013 | ✓ SURVIVED
Gen 22731 | best fit   11.215 | equity $   12379 | sortino 11.22 | trades 1013 | ✓ SURVIVED
Gen 22736 | best fit   11.215 | equity $   12379 | sortino 11.22 | trades 1013 | ✓ SURVIVED
Gen 22741 | best fit   11.215 | equity $   12379 | sortino 11.22 | trades 1013 | ✓ SURVIVED
Gen 22746 | best fit   11.215 | equity $   12379 | sortino 11.22 | trades 1013 | ✓ SURVIVED
Gen 22751 | best fit   11.215 | equity $   12379 | sortino 11.22 | trades 1013 | ✓ SURVIVED
Gen 22756 | best fit   11.215 | equity $   12379 | sortino 11.22 | trades 1013 | ✓ SURVIVED
Gen 22761 | best fit   11.215 | equity $   12379 | sortino 11.22 | trades 1013 | ✓ SURVIVED
Gen 22766 | best fit   11.215 | equity $   12379 | sortino 11.22 | trades 1013 | ✓ SURVIVED
Gen 22771 | best fit   11.215 | equity $   12379 | sortino 11.22 | trades 1013 | ✓ SURVIVED
Gen 22776 | best fit   11.215 | equity $   12379 | sortino 11.22 | trades 1013 | ✓ SURVIVED
Gen 22781 | best fit   11.215 | equity $   12379 | sortino 11.22 | trades 1013 | ✓ SURVIVED
Gen 22786 | best fit   11.215 | equity $   12379 | sortino 11.22 | trades 1013 | ✓ SURVIVED
Gen 22791 | best fit   11.215 | equity $   12379 | sortino 11.22 | trades 1013 | ✓ SURVIVED
Gen 22796 | best fit   11.215 | equity $   12379 | sortino 11.22 | trades 1013 | ✓ SURVIVED
Gen 22801 | best fit   11.215 | equity $   12379 | sortino 11.22 | trades 1013 | ✓ SURVIVED
Gen 22806 | best fit   11.215 | equity $   12379 | sortino 11.22 | trades 1013 | ✓ SURVIVED
Gen 22811 | best fit   11.215 | equity $   12379 | sortino 11.22 | trades 1013 | ✓ SURVIVED
Gen 22816 | best fit   11.215 | equity $   12379 | sortino 11.22 | trades 1013 | ✓ SURVIVED
Gen 22821 | best fit   11.215 | equity $   12379 | sortino 11.22 | trades 1013 | ✓ SURVIVED
Gen 22826 | best fit   11.215 | equity $   12379 | sortino 11.22 | trades 1013 | ✓ SURVIVED
Gen 22831 | best fit   11.215 | equity $   12379 | sortino 11.22 | trades 1013 | ✓ SURVIVED
Gen 22836 | best fit   11.215 | equity $   12379 | sortino 11.22 | trades 1013 | ✓ SURVIVED
Gen 22841 | best fit   11.215 | equity $   12379 | sortino 11.22 | trades 1013 | ✓ SURVIVED
Gen 22846 | best fit   11.215 | equity $   12379 | sortino 11.22 | trades 1013 | ✓ SURVIVED
Gen 22851 | best fit   11.215 | equity $   12379 | sortino 11.22 | trades 1013 | ✓ SURVIVED
Gen 22856 | best fit   11.215 | equity $   12379 | sortino 11.22 | trades 1013 | ✓ SURVIVED
Gen 22861 | best fit   11.215 | equity $   12379 | sortino 11.22 | trades 1013 | ✓ SURVIVED
Gen 22866 | best fit   11.215 | equity $   12379 | sortino 11.22 | trades 1013 | ✓ SURVIVED
Gen 22871 | best fit   11.215 | equity $   12379 | sortino 11.22 | trades 1013 | ✓ SURVIVED
Gen 22876 | best fit   11.215 | equity $   12379 | sortino 11.22 | trades 1013 | ✓ SURVIVED
Gen 22881 | best fit   11.215 | equity $   12379 | sortino 11.22 | trades 1013 | ✓ SURVIVED
Gen 22886 | best fit   11.215 | equity $   12379 | sortino 11.22 | trades 1013 | ✓ SURVIVED
Gen 22891 | best fit   11.215 | equity $   12379 | sortino 11.22 | trades 1013 | ✓ SURVIVED
Gen 22896 | best fit   11.215 | equity $   12379 | sortino 11.22 | trades 1013 | ✓ SURVIVED
Gen 22901 | best fit   11.215 | equity $   12379 | sortino 11.22 | trades 1013 | ✓ SURVIVED
Gen 22906 | best fit   11.215 | equity $   12379 | sortino 11.22 | trades 1013 | ✓ SURVIVED
Gen 22911 | best fit   11.215 | equity $   12379 | sortino 11.22 | trades 1013 | ✓ SURVIVED
Gen 22916 | best fit   11.215 | equity $   12379 | sortino 11.22 | trades 1013 | ✓ SURVIVED
Gen 22921 | best fit   11.215 | equity $   12379 | sortino 11.22 | trades 1013 | ✓ SURVIVED
Gen 22926 | best fit   11.215 | equity $   12379 | sortino 11.22 | trades 1013 | ✓ SURVIVED
Gen 22931 | best fit   11.215 | equity $   12379 | sortino 11.22 | trades 1013 | ✓ SURVIVED
Gen 22936 | best fit   11.215 | equity $   12379 | sortino 11.22 | trades 1013 | ✓ SURVIVED
Gen 22941 | best fit   11.215 | equity $   12379 | sortino 11.22 | trades 1013 | ✓ SURVIVED
Gen 22946 | best fit   11.215 | equity $   12379 | sortino 11.22 | trades 1013 | ✓ SURVIVED
Gen 22951 | best fit   11.215 | equity $   12379 | sortino 11.22 | trades 1013 | ✓ SURVIVED
Gen 22956 | best fit   11.215 | equity $   12379 | sortino 11.22 | trades 1013 | ✓ SURVIVED
Gen 22961 | best fit   11.215 | equity $   12379 | sortino 11.22 | trades 1013 | ✓ SURVIVED
Gen 22966 | best fit   11.215 | equity $   12379 | sortino 11.22 | trades 1013 | ✓ SURVIVED
Gen 22971 | best fit   11.215 | equity $   12379 | sortino 11.22 | trades 1013 | ✓ SURVIVED
Gen 22976 | best fit   11.215 | equity $   12379 | sortino 11.22 | trades 1013 | ✓ SURVIVED
Gen 22981 | best fit   11.215 | equity $   12379 | sortino 11.22 | trades 1013 | ✓ SURVIVED
Gen 22986 | best fit   11.215 | equity $   12379 | sortino 11.22 | trades 1013 | ✓ SURVIVED
Gen 22991 | best fit   11.215 | equity $   12379 | sortino 11.22 | trades 1013 | ✓ SURVIVED
Gen 22996 | best fit   11.215 | equity $   12379 | sortino 11.22 | trades 1013 | ✓ SURVIVED
Gen 23001 | best fit   11.215 | equity $   12379 | sortino 11.22 | trades 1013 | ✓ SURVIVED
Gen 23006 | best fit   11.215 | equity $   12379 | sortino 11.22 | trades 1013 | ✓ SURVIVED
Gen 23011 | best fit   11.215 | equity $   12379 | sortino 11.22 | trades 1013 | ✓ SURVIVED
Gen 23016 | best fit   11.215 | equity $   12379 | sortino 11.22 | trades 1013 | ✓ SURVIVED
Gen 23021 | best fit   11.215 | equity $   12379 | sortino 11.22 | trades 1013 | ✓ SURVIVED
Gen 23026 | best fit   11.215 | equity $   12379 | sortino 11.22 | trades 1013 | ✓ SURVIVED
Gen 23031 | best fit   11.215 | equity $   12379 | sortino 11.22 | trades 1013 | ✓ SURVIVED
Gen 23036 | best fit   11.215 | equity $   12379 | sortino 11.22 | trades 1013 | ✓ SURVIVED
Gen 23041 | best fit   11.215 | equity $   12379 | sortino 11.22 | trades 1013 | ✓ SURVIVED
Gen 23046 | best fit   11.215 | equity $   12379 | sortino 11.22 | trades 1013 | ✓ SURVIVED
Gen 23051 | best fit   11.215 | equity $   12379 | sortino 11.22 | trades 1013 | ✓ SURVIVED
Gen 23056 | best fit   11.215 | equity $   12379 | sortino 11.22 | trades 1013 | ✓ SURVIVED
Gen 23061 | best fit   11.215 | equity $   12379 | sortino 11.22 | trades 1013 | ✓ SURVIVED
Gen 23066 | best fit   11.215 | equity $   12379 | sortino 11.22 | trades 1013 | ✓ SURVIVED
Gen 23071 | best fit   11.215 | equity $   12379 | sortino 11.22 | trades 1013 | ✓ SURVIVED
Gen 23076 | best fit   11.215 | equity $   12379 | sortino 11.22 | trades 1013 | ✓ SURVIVED
Gen 23081 | best fit   11.215 | equity $   12379 | sortino 11.22 | trades 1013 | ✓ SURVIVED
Gen 23086 | best fit   11.215 | equity $   12379 | sortino 11.22 | trades 1013 | ✓ SURVIVED
Gen 23091 | best fit   11.215 | equity $   12379 | sortino 11.22 | trades 1013 | ✓ SURVIVED
Gen 23096 | best fit   11.215 | equity $   12379 | sortino 11.22 | trades 1013 | ✓ SURVIVED
Gen 23101 | best fit   11.215 | equity $   12379 | sortino 11.22 | trades 1013 | ✓ SURVIVED
Gen 23106 | best fit   11.215 | equity $   12379 | sortino 11.22 | trades 1013 | ✓ SURVIVED
Gen 23111 | best fit   11.215 | equity $   12379 | sortino 11.22 | trades 1013 | ✓ SURVIVED
Gen 23116 | best fit   11.215 | equity $   12379 | sortino 11.22 | trades 1013 | ✓ SURVIVED
Gen 23121 | best fit   11.215 | equity $   12379 | sortino 11.22 | trades 1013 | ✓ SURVIVED
Gen 23126 | best fit   11.215 | equity $   12379 | sortino 11.22 | trades 1013 | ✓ SURVIVED
Gen 23131 | best fit   11.215 | equity $   12379 | sortino 11.22 | trades 1013 | ✓ SURVIVED
Gen 23136 | best fit   11.215 | equity $   12379 | sortino 11.22 | trades 1013 | ✓ SURVIVED
Gen 23141 | best fit   11.215 | equity $   12379 | sortino 11.22 | trades 1013 | ✓ SURVIVED
Gen 23146 | best fit   11.215 | equity $   12379 | sortino 11.22 | trades 1013 | ✓ SURVIVED
Gen 23151 | best fit   11.215 | equity $   12379 | sortino 11.22 | trades 1013 | ✓ SURVIVED
Gen 23156 | best fit   11.215 | equity $   12379 | sortino 11.22 | trades 1013 | ✓ SURVIVED
Gen 23161 | best fit   11.215 | equity $   12379 | sortino 11.22 | trades 1013 | ✓ SURVIVED
Gen 23166 | best fit   11.215 | equity $   12379 | sortino 11.22 | trades 1013 | ✓ SURVIVED
Gen 23171 | best fit   11.215 | equity $   12379 | sortino 11.22 | trades 1013 | ✓ SURVIVED
Gen 23176 | best fit   11.215 | equity $   12379 | sortino 11.22 | trades 1013 | ✓ SURVIVED
Gen 23181 | best fit   11.215 | equity $   12379 | sortino 11.22 | trades 1013 | ✓ SURVIVED
Gen 23186 | best fit   11.215 | equity $   12379 | sortino 11.22 | trades 1013 | ✓ SURVIVED
Gen 23191 | best fit   11.215 | equity $   12379 | sortino 11.22 | trades 1013 | ✓ SURVIVED
Gen 23196 | best fit   11.215 | equity $   12379 | sortino 11.22 | trades 1013 | ✓ SURVIVED
Gen 23201 | best fit   11.215 | equity $   12379 | sortino 11.22 | trades 1013 | ✓ SURVIVED
Gen 23206 | best fit   11.215 | equity $   12379 | sortino 11.22 | trades 1013 | ✓ SURVIVED
Gen 23211 | best fit   11.215 | equity $   12379 | sortino 11.22 | trades 1013 | ✓ SURVIVED
Gen 23216 | best fit   11.215 | equity $   12379 | sortino 11.22 | trades 1013 | ✓ SURVIVED
Gen 23221 | best fit   11.215 | equity $   12379 | sortino 11.22 | trades 1013 | ✓ SURVIVED
Gen 23226 | best fit   11.215 | equity $   12379 | sortino 11.22 | trades 1013 | ✓ SURVIVED
Gen 23231 | best fit   11.215 | equity $   12379 | sortino 11.22 | trades 1013 | ✓ SURVIVED
Gen 23236 | best fit   11.215 | equity $   12379 | sortino 11.22 | trades 1013 | ✓ SURVIVED
Gen 23241 | best fit   11.215 | equity $   12379 | sortino 11.22 | trades 1013 | ✓ SURVIVED
Gen 23246 | best fit   11.215 | equity $   12379 | sortino 11.22 | trades 1013 | ✓ SURVIVED
Gen 23251 | best fit   11.215 | equity $   12379 | sortino 11.22 | trades 1013 | ✓ SURVIVED
Gen 23256 | best fit   11.215 | equity $   12379 | sortino 11.22 | trades 1013 | ✓ SURVIVED
Gen 23261 | best fit   11.215 | equity $   12379 | sortino 11.22 | trades 1013 | ✓ SURVIVED
Gen 23266 | best fit   11.215 | equity $   12379 | sortino 11.22 | trades 1013 | ✓ SURVIVED
Gen 23271 | best fit   11.215 | equity $   12379 | sortino 11.22 | trades 1013 | ✓ SURVIVED
Gen 23276 | best fit   11.215 | equity $   12379 | sortino 11.22 | trades 1013 | ✓ SURVIVED
Gen 23281 | best fit   11.215 | equity $   12379 | sortino 11.22 | trades 1013 | ✓ SURVIVED
Gen 23286 | best fit   11.215 | equity $   12379 | sortino 11.22 | trades 1013 | ✓ SURVIVED
Gen 23291 | best fit   11.215 | equity $   12379 | sortino 11.22 | trades 1013 | ✓ SURVIVED
Gen 23296 | best fit   11.215 | equity $   12379 | sortino 11.22 | trades 1013 | ✓ SURVIVED
Gen 23301 | best fit   11.215 | equity $   12379 | sortino 11.22 | trades 1013 | ✓ SURVIVED
Gen 23306 | best fit   11.215 | equity $   12379 | sortino 11.22 | trades 1013 | ✓ SURVIVED
Gen 23311 | best fit   11.215 | equity $   12379 | sortino 11.22 | trades 1013 | ✓ SURVIVED
Gen 23316 | best fit   11.215 | equity $   12379 | sortino 11.22 | trades 1013 | ✓ SURVIVED
Gen 23321 | best fit   11.215 | equity $   12379 | sortino 11.22 | trades 1013 | ✓ SURVIVED
Gen 23326 | best fit   11.215 | equity $   12379 | sortino 11.22 | trades 1013 | ✓ SURVIVED
Gen 23331 | best fit   11.215 | equity $   12379 | sortino 11.22 | trades 1013 | ✓ SURVIVED
Gen 23336 | best fit   11.215 | equity $   12379 | sortino 11.22 | trades 1013 | ✓ SURVIVED
Gen 23341 | best fit   11.215 | equity $   12379 | sortino 11.22 | trades 1013 | ✓ SURVIVED
Gen 23346 | best fit   11.215 | equity $   12379 | sortino 11.22 | trades 1013 | ✓ SURVIVED
Gen 23351 | best fit   11.215 | equity $   12379 | sortino 11.22 | trades 1013 | ✓ SURVIVED
Gen 23356 | best fit   11.215 | equity $   12379 | sortino 11.22 | trades 1013 | ✓ SURVIVED
Gen 23361 | best fit   11.215 | equity $   12379 | sortino 11.22 | trades 1013 | ✓ SURVIVED
Gen 23366 | best fit   11.215 | equity $   12379 | sortino 11.22 | trades 1013 | ✓ SURVIVED
Gen 23371 | best fit   11.215 | equity $   12379 | sortino 11.22 | trades 1013 | ✓ SURVIVED
Gen 23376 | best fit   11.215 | equity $   12379 | sortino 11.22 | trades 1013 | ✓ SURVIVED
Gen 23381 | best fit   11.215 | equity $   12379 | sortino 11.22 | trades 1013 | ✓ SURVIVED
Gen 23386 | best fit   11.215 | equity $   12379 | sortino 11.22 | trades 1013 | ✓ SURVIVED
Gen 23391 | best fit   11.215 | equity $   12379 | sortino 11.22 | trades 1013 | ✓ SURVIVED
Gen 23396 | best fit   11.215 | equity $   12379 | sortino 11.22 | trades 1013 | ✓ SURVIVED
Gen 23401 | best fit   11.215 | equity $   12379 | sortino 11.22 | trades 1013 | ✓ SURVIVED
Gen 23406 | best fit   11.215 | equity $   12379 | sortino 11.22 | trades 1013 | ✓ SURVIVED
Gen 23411 | best fit   11.215 | equity $   12379 | sortino 11.22 | trades 1013 | ✓ SURVIVED
Gen 23416 | best fit   11.215 | equity $   12379 | sortino 11.22 | trades 1013 | ✓ SURVIVED
Gen 23421 | best fit   11.215 | equity $   12379 | sortino 11.22 | trades 1013 | ✓ SURVIVED
Gen 23426 | best fit   11.215 | equity $   12379 | sortino 11.22 | trades 1013 | ✓ SURVIVED
Gen 23431 | best fit   11.215 | equity $   12379 | sortino 11.22 | trades 1013 | ✓ SURVIVED
Gen 23436 | best fit   11.215 | equity $   12379 | sortino 11.22 | trades 1013 | ✓ SURVIVED
Gen 23441 | best fit   11.215 | equity $   12379 | sortino 11.22 | trades 1013 | ✓ SURVIVED
Gen 23446 | best fit   11.215 | equity $   12379 | sortino 11.22 | trades 1013 | ✓ SURVIVED
Gen 23451 | best fit   11.215 | equity $   12379 | sortino 11.22 | trades 1013 | ✓ SURVIVED
Gen 23456 | best fit   11.215 | equity $   12379 | sortino 11.22 | trades 1013 | ✓ SURVIVED
Gen 23461 | best fit   11.215 | equity $   12379 | sortino 11.22 | trades 1013 | ✓ SURVIVED
Gen 23466 | best fit   11.215 | equity $   12379 | sortino 11.22 | trades 1013 | ✓ SURVIVED
Gen 23471 | best fit   11.215 | equity $   12379 | sortino 11.22 | trades 1013 | ✓ SURVIVED
Gen 23476 | best fit   11.215 | equity $   12379 | sortino 11.22 | trades 1013 | ✓ SURVIVED
Gen 23481 | best fit   11.215 | equity $   12379 | sortino 11.22 | trades 1013 | ✓ SURVIVED
Gen 23486 | best fit   11.215 | equity $   12379 | sortino 11.22 | trades 1013 | ✓ SURVIVED
Gen 23491 | best fit   11.215 | equity $   12379 | sortino 11.22 | trades 1013 | ✓ SURVIVED
Gen 23496 | best fit   11.215 | equity $   12379 | sortino 11.22 | trades 1013 | ✓ SURVIVED
Gen 23501 | best fit   11.215 | equity $   12379 | sortino 11.22 | trades 1013 | ✓ SURVIVED
Gen 23506 | best fit   11.215 | equity $   12379 | sortino 11.22 | trades 1013 | ✓ SURVIVED
Gen 23511 | best fit   11.215 | equity $   12379 | sortino 11.22 | trades 1013 | ✓ SURVIVED
Gen 23516 | best fit   11.215 | equity $   12379 | sortino 11.22 | trades 1013 | ✓ SURVIVED
Gen 23521 | best fit   11.215 | equity $   12379 | sortino 11.22 | trades 1013 | ✓ SURVIVED
Gen 23526 | best fit   11.215 | equity $   12379 | sortino 11.22 | trades 1013 | ✓ SURVIVED
Gen 23531 | best fit   11.215 | equity $   12379 | sortino 11.22 | trades 1013 | ✓ SURVIVED
Gen 23536 | best fit   11.215 | equity $   12379 | sortino 11.22 | trades 1013 | ✓ SURVIVED
Gen 23541 | best fit   11.215 | equity $   12379 | sortino 11.22 | trades 1013 | ✓ SURVIVED
Gen 23546 | best fit   11.215 | equity $   12379 | sortino 11.22 | trades 1013 | ✓ SURVIVED
Gen 23551 | best fit   11.215 | equity $   12379 | sortino 11.22 | trades 1013 | ✓ SURVIVED
Gen 23556 | best fit   11.215 | equity $   12379 | sortino 11.22 | trades 1013 | ✓ SURVIVED
Gen 23561 | best fit   11.215 | equity $   12379 | sortino 11.22 | trades 1013 | ✓ SURVIVED
Gen 23566 | best fit   11.215 | equity $   12379 | sortino 11.22 | trades 1013 | ✓ SURVIVED
Gen 23571 | best fit   11.215 | equity $   12379 | sortino 11.22 | trades 1013 | ✓ SURVIVED
Gen 23576 | best fit   11.215 | equity $   12379 | sortino 11.22 | trades 1013 | ✓ SURVIVED
Gen 23581 | best fit   11.215 | equity $   12379 | sortino 11.22 | trades 1013 | ✓ SURVIVED
Gen 23586 | best fit   11.215 | equity $   12379 | sortino 11.22 | trades 1013 | ✓ SURVIVED
Gen 23591 | best fit   11.215 | equity $   12379 | sortino 11.22 | trades 1013 | ✓ SURVIVED
Gen 23596 | best fit   11.215 | equity $   12379 | sortino 11.22 | trades 1013 | ✓ SURVIVED
Gen 23601 | best fit   11.215 | equity $   12379 | sortino 11.22 | trades 1013 | ✓ SURVIVED
Gen 23606 | best fit   11.215 | equity $   12379 | sortino 11.22 | trades 1013 | ✓ SURVIVED
Gen 23611 | best fit   11.215 | equity $   12379 | sortino 11.22 | trades 1013 | ✓ SURVIVED
Gen 23616 | best fit   11.215 | equity $   12379 | sortino 11.22 | trades 1013 | ✓ SURVIVED
Gen 23621 | best fit   11.215 | equity $   12379 | sortino 11.22 | trades 1013 | ✓ SURVIVED
Gen 23626 | best fit   11.215 | equity $   12379 | sortino 11.22 | trades 1013 | ✓ SURVIVED
Gen 23631 | best fit   11.215 | equity $   12379 | sortino 11.22 | trades 1013 | ✓ SURVIVED
Gen 23636 | best fit   11.215 | equity $   12379 | sortino 11.22 | trades 1013 | ✓ SURVIVED
Gen 23641 | best fit   11.215 | equity $   12379 | sortino 11.22 | trades 1013 | ✓ SURVIVED
Gen 23646 | best fit   11.215 | equity $   12379 | sortino 11.22 | trades 1013 | ✓ SURVIVED
Gen 23651 | best fit   11.215 | equity $   12379 | sortino 11.22 | trades 1013 | ✓ SURVIVED
Gen 23656 | best fit   11.215 | equity $   12379 | sortino 11.22 | trades 1013 | ✓ SURVIVED
Gen 23661 | best fit   11.215 | equity $   12379 | sortino 11.22 | trades 1013 | ✓ SURVIVED
Gen 23666 | best fit   11.215 | equity $   12379 | sortino 11.22 | trades 1013 | ✓ SURVIVED
Gen 23671 | best fit   11.215 | equity $   12379 | sortino 11.22 | trades 1013 | ✓ SURVIVED
Gen 23676 | best fit   11.215 | equity $   12379 | sortino 11.22 | trades 1013 | ✓ SURVIVED
Gen 23681 | best fit   11.215 | equity $   12379 | sortino 11.22 | trades 1013 | ✓ SURVIVED
Gen 23686 | best fit   11.215 | equity $   12379 | sortino 11.22 | trades 1013 | ✓ SURVIVED
Gen 23691 | best fit   11.215 | equity $   12379 | sortino 11.22 | trades 1013 | ✓ SURVIVED
Gen 23696 | best fit   11.215 | equity $   12379 | sortino 11.22 | trades 1013 | ✓ SURVIVED
Gen 23701 | best fit   11.215 | equity $   12379 | sortino 11.22 | trades 1013 | ✓ SURVIVED
Gen 23706 | best fit   11.215 | equity $   12379 | sortino 11.22 | trades 1013 | ✓ SURVIVED
Gen 23711 | best fit   11.215 | equity $   12379 | sortino 11.22 | trades 1013 | ✓ SURVIVED
Gen 23716 | best fit   11.215 | equity $   12379 | sortino 11.22 | trades 1013 | ✓ SURVIVED
Gen 23721 | best fit   11.215 | equity $   12379 | sortino 11.22 | trades 1013 | ✓ SURVIVED
Gen 23726 | best fit   11.215 | equity $   12379 | sortino 11.22 | trades 1013 | ✓ SURVIVED
Gen 23731 | best fit   11.215 | equity $   12379 | sortino 11.22 | trades 1013 | ✓ SURVIVED
Gen 23736 | best fit   11.215 | equity $   12379 | sortino 11.22 | trades 1013 | ✓ SURVIVED
Gen 23741 | best fit   11.215 | equity $   12379 | sortino 11.22 | trades 1013 | ✓ SURVIVED
Gen 23746 | best fit   11.215 | equity $   12379 | sortino 11.22 | trades 1013 | ✓ SURVIVED
Gen 23751 | best fit   11.215 | equity $   12379 | sortino 11.22 | trades 1013 | ✓ SURVIVED
Gen 23756 | best fit   11.215 | equity $   12379 | sortino 11.22 | trades 1013 | ✓ SURVIVED
Gen 23761 | best fit   11.215 | equity $   12379 | sortino 11.22 | trades 1013 | ✓ SURVIVED
Gen 23766 | best fit   11.215 | equity $   12379 | sortino 11.22 | trades 1013 | ✓ SURVIVED
Gen 23771 | best fit   11.215 | equity $   12379 | sortino 11.22 | trades 1013 | ✓ SURVIVED
Gen 23776 | best fit   11.215 | equity $   12379 | sortino 11.22 | trades 1013 | ✓ SURVIVED
Gen 23781 | best fit   11.215 | equity $   12379 | sortino 11.22 | trades 1013 | ✓ SURVIVED
Gen 23786 | best fit   11.215 | equity $   12379 | sortino 11.22 | trades 1013 | ✓ SURVIVED
Gen 23791 | best fit   11.215 | equity $   12379 | sortino 11.22 | trades 1013 | ✓ SURVIVED
Gen 23796 | best fit   11.215 | equity $   12379 | sortino 11.22 | trades 1013 | ✓ SURVIVED
Gen 23801 | best fit   11.215 | equity $   12379 | sortino 11.22 | trades 1013 | ✓ SURVIVED
Gen 23806 | best fit   11.215 | equity $   12379 | sortino 11.22 | trades 1013 | ✓ SURVIVED
Gen 23811 | best fit   11.215 | equity $   12379 | sortino 11.22 | trades 1013 | ✓ SURVIVED
Gen 23816 | best fit   11.215 | equity $   12379 | sortino 11.22 | trades 1013 | ✓ SURVIVED
Gen 23821 | best fit   11.215 | equity $   12379 | sortino 11.22 | trades 1013 | ✓ SURVIVED
Gen 23826 | best fit   11.215 | equity $   12379 | sortino 11.22 | trades 1013 | ✓ SURVIVED
Gen 23831 | best fit   11.215 | equity $   12379 | sortino 11.22 | trades 1013 | ✓ SURVIVED
Gen 23836 | best fit   11.215 | equity $   12379 | sortino 11.22 | trades 1013 | ✓ SURVIVED
Gen 23841 | best fit   11.215 | equity $   12379 | sortino 11.22 | trades 1013 | ✓ SURVIVED
Gen 23846 | best fit   11.215 | equity $   12379 | sortino 11.22 | trades 1013 | ✓ SURVIVED
Gen 23851 | best fit   11.215 | equity $   12379 | sortino 11.22 | trades 1013 | ✓ SURVIVED
Gen 23856 | best fit   11.215 | equity $   12379 | sortino 11.22 | trades 1013 | ✓ SURVIVED
Gen 23861 | best fit   11.215 | equity $   12379 | sortino 11.22 | trades 1013 | ✓ SURVIVED
Gen 23866 | best fit   11.215 | equity $   12379 | sortino 11.22 | trades 1013 | ✓ SURVIVED
Gen 23871 | best fit   11.215 | equity $   12379 | sortino 11.22 | trades 1013 | ✓ SURVIVED
Gen 23876 | best fit   11.215 | equity $   12379 | sortino 11.22 | trades 1013 | ✓ SURVIVED
Gen 23881 | best fit   11.215 | equity $   12379 | sortino 11.22 | trades 1013 | ✓ SURVIVED
Gen 23886 | best fit   11.215 | equity $   12379 | sortino 11.22 | trades 1013 | ✓ SURVIVED
Gen 23891 | best fit   11.215 | equity $   12379 | sortino 11.22 | trades 1013 | ✓ SURVIVED
Gen 23896 | best fit   11.215 | equity $   12379 | sortino 11.22 | trades 1013 | ✓ SURVIVED
Gen 23901 | best fit   11.215 | equity $   12379 | sortino 11.22 | trades 1013 | ✓ SURVIVED
Gen 23906 | best fit   11.215 | equity $   12379 | sortino 11.22 | trades 1013 | ✓ SURVIVED
Gen 23911 | best fit   11.215 | equity $   12379 | sortino 11.22 | trades 1013 | ✓ SURVIVED
Gen 23916 | best fit   11.215 | equity $   12379 | sortino 11.22 | trades 1013 | ✓ SURVIVED
Gen 23921 | best fit   11.215 | equity $   12379 | sortino 11.22 | trades 1013 | ✓ SURVIVED
Gen 23926 | best fit   11.215 | equity $   12379 | sortino 11.22 | trades 1013 | ✓ SURVIVED
Gen 23931 | best fit   11.215 | equity $   12379 | sortino 11.22 | trades 1013 | ✓ SURVIVED
Gen 23936 | best fit   11.215 | equity $   12379 | sortino 11.22 | trades 1013 | ✓ SURVIVED
Gen 23941 | best fit   11.215 | equity $   12379 | sortino 11.22 | trades 1013 | ✓ SURVIVED
Gen 23946 | best fit   11.215 | equity $   12379 | sortino 11.22 | trades 1013 | ✓ SURVIVED
Gen 23951 | best fit   11.215 | equity $   12379 | sortino 11.22 | trades 1013 | ✓ SURVIVED
Gen 23956 | best fit   11.215 | equity $   12379 | sortino 11.22 | trades 1013 | ✓ SURVIVED
Gen 23961 | best fit   11.215 | equity $   12379 | sortino 11.22 | trades 1013 | ✓ SURVIVED
Gen 23966 | best fit   11.215 | equity $   12379 | sortino 11.22 | trades 1013 | ✓ SURVIVED
Gen 23971 | best fit   11.215 | equity $   12379 | sortino 11.22 | trades 1013 | ✓ SURVIVED
Gen 23976 | best fit   11.215 | equity $   12379 | sortino 11.22 | trades 1013 | ✓ SURVIVED
Gen 23981 | best fit   11.215 | equity $   12379 | sortino 11.22 | trades 1013 | ✓ SURVIVED
Gen 23986 | best fit   11.215 | equity $   12379 | sortino 11.22 | trades 1013 | ✓ SURVIVED
Gen 23991 | best fit   11.215 | equity $   12379 | sortino 11.22 | trades 1013 | ✓ SURVIVED
Gen 23996 | best fit   11.215 | equity $   12379 | sortino 11.22 | trades 1013 | ✓ SURVIVED
Gen 24001 | best fit   11.215 | equity $   12379 | sortino 11.22 | trades 1013 | ✓ SURVIVED
Gen 24006 | best fit   11.215 | equity $   12379 | sortino 11.22 | trades 1013 | ✓ SURVIVED
Gen 24011 | best fit   11.215 | equity $   12379 | sortino 11.22 | trades 1013 | ✓ SURVIVED
Gen 24016 | best fit   11.215 | equity $   12379 | sortino 11.22 | trades 1013 | ✓ SURVIVED
Gen 24021 | best fit   11.215 | equity $   12379 | sortino 11.22 | trades 1013 | ✓ SURVIVED
Gen 24026 | best fit   11.215 | equity $   12379 | sortino 11.22 | trades 1013 | ✓ SURVIVED
Gen 24031 | best fit   11.215 | equity $   12379 | sortino 11.22 | trades 1013 | ✓ SURVIVED
Gen 24036 | best fit   11.215 | equity $   12379 | sortino 11.22 | trades 1013 | ✓ SURVIVED
Gen 24041 | best fit   11.215 | equity $   12379 | sortino 11.22 | trades 1013 | ✓ SURVIVED
Gen 24046 | best fit   11.215 | equity $   12379 | sortino 11.22 | trades 1013 | ✓ SURVIVED
Gen 24051 | best fit   11.215 | equity $   12379 | sortino 11.22 | trades 1013 | ✓ SURVIVED
Gen 24056 | best fit   11.215 | equity $   12379 | sortino 11.22 | trades 1013 | ✓ SURVIVED
Gen 24061 | best fit   11.215 | equity $   12379 | sortino 11.22 | trades 1013 | ✓ SURVIVED
Gen 24066 | best fit   11.215 | equity $   12379 | sortino 11.22 | trades 1013 | ✓ SURVIVED
Gen 24071 | best fit   11.215 | equity $   12379 | sortino 11.22 | trades 1013 | ✓ SURVIVED
Gen 24076 | best fit   11.215 | equity $   12379 | sortino 11.22 | trades 1013 | ✓ SURVIVED
Gen 24081 | best fit   11.215 | equity $   12379 | sortino 11.22 | trades 1013 | ✓ SURVIVED
Gen 24086 | best fit   11.215 | equity $   12379 | sortino 11.22 | trades 1013 | ✓ SURVIVED
Gen 24091 | best fit   11.215 | equity $   12379 | sortino 11.22 | trades 1013 | ✓ SURVIVED
Gen 24096 | best fit   11.215 | equity $   12379 | sortino 11.22 | trades 1013 | ✓ SURVIVED
Gen 24101 | best fit   11.215 | equity $   12379 | sortino 11.22 | trades 1013 | ✓ SURVIVED
Gen 24106 | best fit   11.215 | equity $   12379 | sortino 11.22 | trades 1013 | ✓ SURVIVED
Gen 24111 | best fit   11.215 | equity $   12379 | sortino 11.22 | trades 1013 | ✓ SURVIVED
Gen 24116 | best fit   11.215 | equity $   12379 | sortino 11.22 | trades 1013 | ✓ SURVIVED
Gen 24121 | best fit   11.215 | equity $   12379 | sortino 11.22 | trades 1013 | ✓ SURVIVED
Gen 24126 | best fit   11.215 | equity $   12379 | sortino 11.22 | trades 1013 | ✓ SURVIVED
Gen 24131 | best fit   11.215 | equity $   12379 | sortino 11.22 | trades 1013 | ✓ SURVIVED
Gen 24136 | best fit   11.215 | equity $   12379 | sortino 11.22 | trades 1013 | ✓ SURVIVED
Gen 24141 | best fit   11.215 | equity $   12379 | sortino 11.22 | trades 1013 | ✓ SURVIVED
Gen 24146 | best fit   11.215 | equity $   12379 | sortino 11.22 | trades 1013 | ✓ SURVIVED
Gen 24151 | best fit   11.215 | equity $   12379 | sortino 11.22 | trades 1013 | ✓ SURVIVED
Gen 24156 | best fit   11.215 | equity $   12379 | sortino 11.22 | trades 1013 | ✓ SURVIVED
Gen 24161 | best fit   11.215 | equity $   12379 | sortino 11.22 | trades 1013 | ✓ SURVIVED
Gen 24166 | best fit   11.215 | equity $   12379 | sortino 11.22 | trades 1013 | ✓ SURVIVED
Gen 24171 | best fit   11.215 | equity $   12379 | sortino 11.22 | trades 1013 | ✓ SURVIVED
Gen 24176 | best fit   11.215 | equity $   12379 | sortino 11.22 | trades 1013 | ✓ SURVIVED
Gen 24181 | best fit   11.215 | equity $   12379 | sortino 11.22 | trades 1013 | ✓ SURVIVED
Gen 24186 | best fit   11.215 | equity $   12379 | sortino 11.22 | trades 1013 | ✓ SURVIVED
Gen 24191 | best fit   11.215 | equity $   12379 | sortino 11.22 | trades 1013 | ✓ SURVIVED
Gen 24196 | best fit   11.215 | equity $   12379 | sortino 11.22 | trades 1013 | ✓ SURVIVED
Gen 24201 | best fit   11.215 | equity $   12379 | sortino 11.22 | trades 1013 | ✓ SURVIVED
Gen 24206 | best fit   11.215 | equity $   12379 | sortino 11.22 | trades 1013 | ✓ SURVIVED
Gen 24211 | best fit   11.215 | equity $   12379 | sortino 11.22 | trades 1013 | ✓ SURVIVED
Gen 24216 | best fit   11.215 | equity $   12379 | sortino 11.22 | trades 1013 | ✓ SURVIVED
Gen 24221 | best fit   11.215 | equity $   12379 | sortino 11.22 | trades 1013 | ✓ SURVIVED
Gen 24226 | best fit   11.215 | equity $   12379 | sortino 11.22 | trades 1013 | ✓ SURVIVED
Gen 24231 | best fit   11.215 | equity $   12379 | sortino 11.22 | trades 1013 | ✓ SURVIVED
Gen 24236 | best fit   11.215 | equity $   12379 | sortino 11.22 | trades 1013 | ✓ SURVIVED
Gen 24241 | best fit   11.215 | equity $   12379 | sortino 11.22 | trades 1013 | ✓ SURVIVED
Gen 24246 | best fit   11.215 | equity $   12379 | sortino 11.22 | trades 1013 | ✓ SURVIVED
Gen 24251 | best fit   11.215 | equity $   12379 | sortino 11.22 | trades 1013 | ✓ SURVIVED
Gen 24256 | best fit   11.215 | equity $   12379 | sortino 11.22 | trades 1013 | ✓ SURVIVED
Gen 24261 | best fit   11.215 | equity $   12379 | sortino 11.22 | trades 1013 | ✓ SURVIVED
Gen 24266 | best fit   11.215 | equity $   12379 | sortino 11.22 | trades 1013 | ✓ SURVIVED
Gen 24271 | best fit   11.215 | equity $   12379 | sortino 11.22 | trades 1013 | ✓ SURVIVED
Gen 24276 | best fit   11.215 | equity $   12379 | sortino 11.22 | trades 1013 | ✓ SURVIVED
Gen 24281 | best fit   11.215 | equity $   12379 | sortino 11.22 | trades 1013 | ✓ SURVIVED
Gen 24286 | best fit   11.215 | equity $   12379 | sortino 11.22 | trades 1013 | ✓ SURVIVED
Gen 24291 | best fit   11.215 | equity $   12379 | sortino 11.22 | trades 1013 | ✓ SURVIVED
Gen 24296 | best fit   11.215 | equity $   12379 | sortino 11.22 | trades 1013 | ✓ SURVIVED
Gen 24301 | best fit   11.215 | equity $   12379 | sortino 11.22 | trades 1013 | ✓ SURVIVED
Gen 24306 | best fit   11.215 | equity $   12379 | sortino 11.22 | trades 1013 | ✓ SURVIVED
Gen 24311 | best fit   11.215 | equity $   12379 | sortino 11.22 | trades 1013 | ✓ SURVIVED
Gen 24316 | best fit   11.215 | equity $   12379 | sortino 11.22 | trades 1013 | ✓ SURVIVED
Gen 24321 | best fit   11.215 | equity $   12379 | sortino 11.22 | trades 1013 | ✓ SURVIVED
Gen 24326 | best fit   11.215 | equity $   12379 | sortino 11.22 | trades 1013 | ✓ SURVIVED
Gen 24331 | best fit   11.215 | equity $   12379 | sortino 11.22 | trades 1013 | ✓ SURVIVED
Gen 24336 | best fit   11.215 | equity $   12379 | sortino 11.22 | trades 1013 | ✓ SURVIVED
Gen 24341 | best fit   11.215 | equity $   12379 | sortino 11.22 | trades 1013 | ✓ SURVIVED
Gen 24346 | best fit   11.215 | equity $   12379 | sortino 11.22 | trades 1013 | ✓ SURVIVED
Gen 24351 | best fit   11.215 | equity $   12379 | sortino 11.22 | trades 1013 | ✓ SURVIVED
Gen 24356 | best fit   11.215 | equity $   12379 | sortino 11.22 | trades 1013 | ✓ SURVIVED
Gen 24361 | best fit   11.215 | equity $   12379 | sortino 11.22 | trades 1013 | ✓ SURVIVED
Gen 24366 | best fit   11.215 | equity $   12379 | sortino 11.22 | trades 1013 | ✓ SURVIVED
Gen 24371 | best fit   11.215 | equity $   12379 | sortino 11.22 | trades 1013 | ✓ SURVIVED
Gen 24376 | best fit   11.215 | equity $   12379 | sortino 11.22 | trades 1013 | ✓ SURVIVED
Gen 24381 | best fit   11.215 | equity $   12379 | sortino 11.22 | trades 1013 | ✓ SURVIVED
Gen 24386 | best fit   11.215 | equity $   12379 | sortino 11.22 | trades 1013 | ✓ SURVIVED
Gen 24391 | best fit   11.215 | equity $   12379 | sortino 11.22 | trades 1013 | ✓ SURVIVED
Gen 24396 | best fit   11.215 | equity $   12379 | sortino 11.22 | trades 1013 | ✓ SURVIVED
Gen 24401 | best fit   11.215 | equity $   12379 | sortino 11.22 | trades 1013 | ✓ SURVIVED
Gen 24406 | best fit   11.215 | equity $   12379 | sortino 11.22 | trades 1013 | ✓ SURVIVED
Gen 24411 | best fit   11.215 | equity $   12379 | sortino 11.22 | trades 1013 | ✓ SURVIVED
Gen 24416 | best fit   11.215 | equity $   12379 | sortino 11.22 | trades 1013 | ✓ SURVIVED
Gen 24421 | best fit   11.215 | equity $   12379 | sortino 11.22 | trades 1013 | ✓ SURVIVED
Gen 24426 | best fit   11.215 | equity $   12379 | sortino 11.22 | trades 1013 | ✓ SURVIVED
Gen 24431 | best fit   11.215 | equity $   12379 | sortino 11.22 | trades 1013 | ✓ SURVIVED
Gen 24436 | best fit   11.215 | equity $   12379 | sortino 11.22 | trades 1013 | ✓ SURVIVED
Gen 24441 | best fit   11.215 | equity $   12379 | sortino 11.22 | trades 1013 | ✓ SURVIVED
Gen 24446 | best fit   11.215 | equity $   12379 | sortino 11.22 | trades 1013 | ✓ SURVIVED
Gen 24451 | best fit   11.215 | equity $   12379 | sortino 11.22 | trades 1013 | ✓ SURVIVED
Gen 24456 | best fit   11.215 | equity $   12379 | sortino 11.22 | trades 1013 | ✓ SURVIVED
Gen 24461 | best fit   11.215 | equity $   12379 | sortino 11.22 | trades 1013 | ✓ SURVIVED
Gen 24466 | best fit   11.215 | equity $   12379 | sortino 11.22 | trades 1013 | ✓ SURVIVED
Gen 24471 | best fit   11.215 | equity $   12379 | sortino 11.22 | trades 1013 | ✓ SURVIVED
Gen 24476 | best fit   11.215 | equity $   12379 | sortino 11.22 | trades 1013 | ✓ SURVIVED
Gen 24481 | best fit   11.215 | equity $   12379 | sortino 11.22 | trades 1013 | ✓ SURVIVED
Gen 24486 | best fit   11.215 | equity $   12379 | sortino 11.22 | trades 1013 | ✓ SURVIVED
Gen 24491 | best fit   11.215 | equity $   12379 | sortino 11.22 | trades 1013 | ✓ SURVIVED
Gen 24496 | best fit   11.215 | equity $   12379 | sortino 11.22 | trades 1013 | ✓ SURVIVED
Gen 24501 | best fit   11.215 | equity $   12379 | sortino 11.22 | trades 1013 | ✓ SURVIVED
Gen 24506 | best fit   11.215 | equity $   12379 | sortino 11.22 | trades 1013 | ✓ SURVIVED
Gen 24511 | best fit   11.215 | equity $   12379 | sortino 11.22 | trades 1013 | ✓ SURVIVED
Gen 24516 | best fit   11.215 | equity $   12379 | sortino 11.22 | trades 1013 | ✓ SURVIVED
Gen 24521 | best fit   11.215 | equity $   12379 | sortino 11.22 | trades 1013 | ✓ SURVIVED
Gen 24526 | best fit   11.215 | equity $   12379 | sortino 11.22 | trades 1013 | ✓ SURVIVED
Gen 24531 | best fit   11.215 | equity $   12379 | sortino 11.22 | trades 1013 | ✓ SURVIVED
Gen 24536 | best fit   11.215 | equity $   12379 | sortino 11.22 | trades 1013 | ✓ SURVIVED
Gen 24541 | best fit   11.215 | equity $   12379 | sortino 11.22 | trades 1013 | ✓ SURVIVED
Gen 24546 | best fit   11.215 | equity $   12379 | sortino 11.22 | trades 1013 | ✓ SURVIVED
Gen 24551 | best fit   11.215 | equity $   12379 | sortino 11.22 | trades 1013 | ✓ SURVIVED
Gen 24556 | best fit   11.215 | equity $   12379 | sortino 11.22 | trades 1013 | ✓ SURVIVED
Gen 24561 | best fit   11.215 | equity $   12379 | sortino 11.22 | trades 1013 | ✓ SURVIVED
Gen 24566 | best fit   11.215 | equity $   12379 | sortino 11.22 | trades 1013 | ✓ SURVIVED
Gen 24571 | best fit   11.215 | equity $   12379 | sortino 11.22 | trades 1013 | ✓ SURVIVED
Gen 24576 | best fit   11.215 | equity $   12379 | sortino 11.22 | trades 1013 | ✓ SURVIVED
Gen 24581 | best fit   11.215 | equity $   12379 | sortino 11.22 | trades 1013 | ✓ SURVIVED
Gen 24586 | best fit   11.215 | equity $   12379 | sortino 11.22 | trades 1013 | ✓ SURVIVED
Gen 24591 | best fit   11.215 | equity $   12379 | sortino 11.22 | trades 1013 | ✓ SURVIVED
Gen 24596 | best fit   11.215 | equity $   12379 | sortino 11.22 | trades 1013 | ✓ SURVIVED
Gen 24601 | best fit   11.215 | equity $   12379 | sortino 11.22 | trades 1013 | ✓ SURVIVED
Gen 24606 | best fit   11.215 | equity $   12379 | sortino 11.22 | trades 1013 | ✓ SURVIVED
Gen 24611 | best fit   11.215 | equity $   12379 | sortino 11.22 | trades 1013 | ✓ SURVIVED
Gen 24616 | best fit   11.215 | equity $   12379 | sortino 11.22 | trades 1013 | ✓ SURVIVED
Gen 24621 | best fit   11.215 | equity $   12379 | sortino 11.22 | trades 1013 | ✓ SURVIVED
Gen 24626 | best fit   11.215 | equity $   12379 | sortino 11.22 | trades 1013 | ✓ SURVIVED
Gen 24631 | best fit   11.215 | equity $   12379 | sortino 11.22 | trades 1013 | ✓ SURVIVED
Gen 24636 | best fit   11.215 | equity $   12379 | sortino 11.22 | trades 1013 | ✓ SURVIVED
Gen 24641 | best fit   11.215 | equity $   12379 | sortino 11.22 | trades 1013 | ✓ SURVIVED
Gen 24646 | best fit   11.215 | equity $   12379 | sortino 11.22 | trades 1013 | ✓ SURVIVED
Gen 24651 | best fit   11.215 | equity $   12379 | sortino 11.22 | trades 1013 | ✓ SURVIVED
Gen 24656 | best fit   11.215 | equity $   12379 | sortino 11.22 | trades 1013 | ✓ SURVIVED
Gen 24661 | best fit   11.215 | equity $   12379 | sortino 11.22 | trades 1013 | ✓ SURVIVED
Gen 24666 | best fit   11.215 | equity $   12379 | sortino 11.22 | trades 1013 | ✓ SURVIVED
Gen 24671 | best fit   11.215 | equity $   12379 | sortino 11.22 | trades 1013 | ✓ SURVIVED
Gen 24676 | best fit   11.215 | equity $   12379 | sortino 11.22 | trades 1013 | ✓ SURVIVED
Gen 24681 | best fit   11.215 | equity $   12379 | sortino 11.22 | trades 1013 | ✓ SURVIVED
Gen 24686 | best fit   11.215 | equity $   12379 | sortino 11.22 | trades 1013 | ✓ SURVIVED
Gen 24691 | best fit   11.215 | equity $   12379 | sortino 11.22 | trades 1013 | ✓ SURVIVED
Gen 24696 | best fit   11.215 | equity $   12379 | sortino 11.22 | trades 1013 | ✓ SURVIVED
Gen 24701 | best fit   11.215 | equity $   12379 | sortino 11.22 | trades 1013 | ✓ SURVIVED
Gen 24706 | best fit   11.215 | equity $   12379 | sortino 11.22 | trades 1013 | ✓ SURVIVED
Gen 24711 | best fit   11.215 | equity $   12379 | sortino 11.22 | trades 1013 | ✓ SURVIVED
Gen 24716 | best fit   11.215 | equity $   12379 | sortino 11.22 | trades 1013 | ✓ SURVIVED
Gen 24721 | best fit   11.215 | equity $   12379 | sortino 11.22 | trades 1013 | ✓ SURVIVED
Gen 24726 | best fit   11.215 | equity $   12379 | sortino 11.22 | trades 1013 | ✓ SURVIVED
Gen 24731 | best fit   11.215 | equity $   12379 | sortino 11.22 | trades 1013 | ✓ SURVIVED
Gen 24736 | best fit   11.215 | equity $   12379 | sortino 11.22 | trades 1013 | ✓ SURVIVED
Gen 24741 | best fit   11.215 | equity $   12379 | sortino 11.22 | trades 1013 | ✓ SURVIVED
Gen 24746 | best fit   11.215 | equity $   12379 | sortino 11.22 | trades 1013 | ✓ SURVIVED
Gen 24751 | best fit   11.215 | equity $   12379 | sortino 11.22 | trades 1013 | ✓ SURVIVED
Gen 24756 | best fit   11.215 | equity $   12379 | sortino 11.22 | trades 1013 | ✓ SURVIVED
Gen 24761 | best fit   11.215 | equity $   12379 | sortino 11.22 | trades 1013 | ✓ SURVIVED
Gen 24766 | best fit   11.215 | equity $   12379 | sortino 11.22 | trades 1013 | ✓ SURVIVED
Gen 24771 | best fit   11.215 | equity $   12379 | sortino 11.22 | trades 1013 | ✓ SURVIVED
Gen 24776 | best fit   11.215 | equity $   12379 | sortino 11.22 | trades 1013 | ✓ SURVIVED
Gen 24781 | best fit   11.215 | equity $   12379 | sortino 11.22 | trades 1013 | ✓ SURVIVED
Gen 24786 | best fit   11.215 | equity $   12379 | sortino 11.22 | trades 1013 | ✓ SURVIVED
Gen 24791 | best fit   11.215 | equity $   12379 | sortino 11.22 | trades 1013 | ✓ SURVIVED
Gen 24796 | best fit   11.215 | equity $   12379 | sortino 11.22 | trades 1013 | ✓ SURVIVED
Gen 24801 | best fit   11.215 | equity $   12379 | sortino 11.22 | trades 1013 | ✓ SURVIVED
Gen 24806 | best fit   11.215 | equity $   12379 | sortino 11.22 | trades 1013 | ✓ SURVIVED
Gen 24811 | best fit   11.215 | equity $   12379 | sortino 11.22 | trades 1013 | ✓ SURVIVED
Gen 24816 | best fit   11.215 | equity $   12379 | sortino 11.22 | trades 1013 | ✓ SURVIVED
Gen 24821 | best fit   11.215 | equity $   12379 | sortino 11.22 | trades 1013 | ✓ SURVIVED
Gen 24826 | best fit   11.215 | equity $   12379 | sortino 11.22 | trades 1013 | ✓ SURVIVED
Gen 24831 | best fit   11.215 | equity $   12379 | sortino 11.22 | trades 1013 | ✓ SURVIVED
Gen 24836 | best fit   11.215 | equity $   12379 | sortino 11.22 | trades 1013 | ✓ SURVIVED
Gen 24841 | best fit   11.215 | equity $   12379 | sortino 11.22 | trades 1013 | ✓ SURVIVED
Gen 24846 | best fit   11.215 | equity $   12379 | sortino 11.22 | trades 1013 | ✓ SURVIVED
Gen 24851 | best fit   11.215 | equity $   12379 | sortino 11.22 | trades 1013 | ✓ SURVIVED
Gen 24856 | best fit   11.215 | equity $   12379 | sortino 11.22 | trades 1013 | ✓ SURVIVED
Gen 24861 | best fit   11.215 | equity $   12379 | sortino 11.22 | trades 1013 | ✓ SURVIVED
Gen 24866 | best fit   11.215 | equity $   12379 | sortino 11.22 | trades 1013 | ✓ SURVIVED
Gen 24871 | best fit   11.215 | equity $   12379 | sortino 11.22 | trades 1013 | ✓ SURVIVED
Gen 24876 | best fit   11.215 | equity $   12379 | sortino 11.22 | trades 1013 | ✓ SURVIVED
Gen 24881 | best fit   11.215 | equity $   12379 | sortino 11.22 | trades 1013 | ✓ SURVIVED
Gen 24886 | best fit   11.215 | equity $   12379 | sortino 11.22 | trades 1013 | ✓ SURVIVED
Gen 24891 | best fit   11.215 | equity $   12379 | sortino 11.22 | trades 1013 | ✓ SURVIVED
Gen 24896 | best fit   11.215 | equity $   12379 | sortino 11.22 | trades 1013 | ✓ SURVIVED
Gen 24901 | best fit   11.215 | equity $   12379 | sortino 11.22 | trades 1013 | ✓ SURVIVED
Gen 24906 | best fit   11.215 | equity $   12379 | sortino 11.22 | trades 1013 | ✓ SURVIVED
Gen 24911 | best fit   11.215 | equity $   12379 | sortino 11.22 | trades 1013 | ✓ SURVIVED
Gen 24916 | best fit   11.215 | equity $   12379 | sortino 11.22 | trades 1013 | ✓ SURVIVED
Gen 24921 | best fit   11.215 | equity $   12379 | sortino 11.22 | trades 1013 | ✓ SURVIVED
Gen 24926 | best fit   11.215 | equity $   12379 | sortino 11.22 | trades 1013 | ✓ SURVIVED
Gen 24931 | best fit   11.215 | equity $   12379 | sortino 11.22 | trades 1013 | ✓ SURVIVED
Gen 24936 | best fit   11.215 | equity $   12379 | sortino 11.22 | trades 1013 | ✓ SURVIVED
Gen 24941 | best fit   11.215 | equity $   12379 | sortino 11.22 | trades 1013 | ✓ SURVIVED
Gen 24946 | best fit   11.215 | equity $   12379 | sortino 11.22 | trades 1013 | ✓ SURVIVED
Gen 24951 | best fit   11.215 | equity $   12379 | sortino 11.22 | trades 1013 | ✓ SURVIVED
Gen 24956 | best fit   11.215 | equity $   12379 | sortino 11.22 | trades 1013 | ✓ SURVIVED
Gen 24961 | best fit   11.215 | equity $   12379 | sortino 11.22 | trades 1013 | ✓ SURVIVED
Gen 24966 | best fit   11.215 | equity $   12379 | sortino 11.22 | trades 1013 | ✓ SURVIVED
Gen 24971 | best fit   11.215 | equity $   12379 | sortino 11.22 | trades 1013 | ✓ SURVIVED
Gen 24976 | best fit   11.215 | equity $   12379 | sortino 11.22 | trades 1013 | ✓ SURVIVED
Gen 24981 | best fit   11.215 | equity $   12379 | sortino 11.22 | trades 1013 | ✓ SURVIVED
Gen 24986 | best fit   11.215 | equity $   12379 | sortino 11.22 | trades 1013 | ✓ SURVIVED
Gen 24991 | best fit   11.215 | equity $   12379 | sortino 11.22 | trades 1013 | ✓ SURVIVED
Gen 24996 | best fit   11.215 | equity $   12379 | sortino 11.22 | trades 1013 | ✓ SURVIVED
Gen 25001 | best fit   11.215 | equity $   12379 | sortino 11.22 | trades 1013 | ✓ SURVIVED
Gen 25006 | best fit   11.215 | equity $   12379 | sortino 11.22 | trades 1013 | ✓ SURVIVED
Gen 25011 | best fit   11.215 | equity $   12379 | sortino 11.22 | trades 1013 | ✓ SURVIVED
Gen 25016 | best fit   11.215 | equity $   12379 | sortino 11.22 | trades 1013 | ✓ SURVIVED
Gen 25021 | best fit   11.215 | equity $   12379 | sortino 11.22 | trades 1013 | ✓ SURVIVED
Gen 25026 | best fit   11.215 | equity $   12379 | sortino 11.22 | trades 1013 | ✓ SURVIVED
Gen 25031 | best fit   11.215 | equity $   12379 | sortino 11.22 | trades 1013 | ✓ SURVIVED
Gen 25036 | best fit   11.215 | equity $   12379 | sortino 11.22 | trades 1013 | ✓ SURVIVED
Gen 25041 | best fit   11.215 | equity $   12379 | sortino 11.22 | trades 1013 | ✓ SURVIVED
Gen 25046 | best fit   11.215 | equity $   12379 | sortino 11.22 | trades 1013 | ✓ SURVIVED
Gen 25051 | best fit   11.215 | equity $   12379 | sortino 11.22 | trades 1013 | ✓ SURVIVED
Gen 25056 | best fit   11.215 | equity $   12379 | sortino 11.22 | trades 1013 | ✓ SURVIVED
Gen 25061 | best fit   11.215 | equity $   12379 | sortino 11.22 | trades 1013 | ✓ SURVIVED
Gen 25066 | best fit   11.215 | equity $   12379 | sortino 11.22 | trades 1013 | ✓ SURVIVED
Gen 25071 | best fit   11.215 | equity $   12379 | sortino 11.22 | trades 1013 | ✓ SURVIVED
Gen 25076 | best fit   11.215 | equity $   12379 | sortino 11.22 | trades 1013 | ✓ SURVIVED
Gen 25081 | best fit   11.215 | equity $   12379 | sortino 11.22 | trades 1013 | ✓ SURVIVED
Gen 25086 | best fit   11.215 | equity $   12379 | sortino 11.22 | trades 1013 | ✓ SURVIVED
Gen 25091 | best fit   11.215 | equity $   12379 | sortino 11.22 | trades 1013 | ✓ SURVIVED
Gen 25096 | best fit   11.215 | equity $   12379 | sortino 11.22 | trades 1013 | ✓ SURVIVED
Gen 25101 | best fit   11.215 | equity $   12379 | sortino 11.22 | trades 1013 | ✓ SURVIVED
Gen 25106 | best fit   11.215 | equity $   12379 | sortino 11.22 | trades 1013 | ✓ SURVIVED
Gen 25111 | best fit   11.215 | equity $   12379 | sortino 11.22 | trades 1013 | ✓ SURVIVED
Gen 25116 | best fit   11.215 | equity $   12379 | sortino 11.22 | trades 1013 | ✓ SURVIVED
Gen 25121 | best fit   11.215 | equity $   12379 | sortino 11.22 | trades 1013 | ✓ SURVIVED
Gen 25126 | best fit   11.215 | equity $   12379 | sortino 11.22 | trades 1013 | ✓ SURVIVED
Gen 25131 | best fit   11.215 | equity $   12379 | sortino 11.22 | trades 1013 | ✓ SURVIVED
Gen 25136 | best fit   11.215 | equity $   12379 | sortino 11.22 | trades 1013 | ✓ SURVIVED
Gen 25141 | best fit   11.215 | equity $   12379 | sortino 11.22 | trades 1013 | ✓ SURVIVED
Gen 25146 | best fit   11.215 | equity $   12379 | sortino 11.22 | trades 1013 | ✓ SURVIVED
Gen 25151 | best fit   11.215 | equity $   12379 | sortino 11.22 | trades 1013 | ✓ SURVIVED
Gen 25156 | best fit   11.215 | equity $   12379 | sortino 11.22 | trades 1013 | ✓ SURVIVED
Gen 25161 | best fit   11.215 | equity $   12379 | sortino 11.22 | trades 1013 | ✓ SURVIVED
Gen 25166 | best fit   11.215 | equity $   12379 | sortino 11.22 | trades 1013 | ✓ SURVIVED
Gen 25171 | best fit   11.215 | equity $   12379 | sortino 11.22 | trades 1013 | ✓ SURVIVED
Gen 25176 | best fit   11.215 | equity $   12379 | sortino 11.22 | trades 1013 | ✓ SURVIVED
Gen 25181 | best fit   11.215 | equity $   12379 | sortino 11.22 | trades 1013 | ✓ SURVIVED
Gen 25186 | best fit   11.215 | equity $   12379 | sortino 11.22 | trades 1013 | ✓ SURVIVED
Gen 25191 | best fit   11.215 | equity $   12379 | sortino 11.22 | trades 1013 | ✓ SURVIVED
Gen 25196 | best fit   11.215 | equity $   12379 | sortino 11.22 | trades 1013 | ✓ SURVIVED
Gen 25201 | best fit   11.215 | equity $   12379 | sortino 11.22 | trades 1013 | ✓ SURVIVED
Gen 25206 | best fit   11.215 | equity $   12379 | sortino 11.22 | trades 1013 | ✓ SURVIVED
Gen 25211 | best fit   11.215 | equity $   12379 | sortino 11.22 | trades 1013 | ✓ SURVIVED
Gen 25216 | best fit   11.215 | equity $   12379 | sortino 11.22 | trades 1013 | ✓ SURVIVED
Gen 25221 | best fit   11.215 | equity $   12379 | sortino 11.22 | trades 1013 | ✓ SURVIVED
Gen 25226 | best fit   11.215 | equity $   12379 | sortino 11.22 | trades 1013 | ✓ SURVIVED
Gen 25231 | best fit   11.215 | equity $   12379 | sortino 11.22 | trades 1013 | ✓ SURVIVED
Gen 25236 | best fit   11.215 | equity $   12379 | sortino 11.22 | trades 1013 | ✓ SURVIVED
Gen 25241 | best fit   11.215 | equity $   12379 | sortino 11.22 | trades 1013 | ✓ SURVIVED
Gen 25246 | best fit   11.215 | equity $   12379 | sortino 11.22 | trades 1013 | ✓ SURVIVED
Gen 25251 | best fit   11.215 | equity $   12379 | sortino 11.22 | trades 1013 | ✓ SURVIVED
Gen 25256 | best fit   11.215 | equity $   12379 | sortino 11.22 | trades 1013 | ✓ SURVIVED
Gen 25261 | best fit   11.215 | equity $   12379 | sortino 11.22 | trades 1013 | ✓ SURVIVED
Gen 25266 | best fit   11.215 | equity $   12379 | sortino 11.22 | trades 1013 | ✓ SURVIVED
Gen 25271 | best fit   11.215 | equity $   12379 | sortino 11.22 | trades 1013 | ✓ SURVIVED
Gen 25276 | best fit   11.215 | equity $   12379 | sortino 11.22 | trades 1013 | ✓ SURVIVED
Gen 25281 | best fit   11.215 | equity $   12379 | sortino 11.22 | trades 1013 | ✓ SURVIVED
Gen 25286 | best fit   11.215 | equity $   12379 | sortino 11.22 | trades 1013 | ✓ SURVIVED
Gen 25291 | best fit   11.215 | equity $   12379 | sortino 11.22 | trades 1013 | ✓ SURVIVED
Gen 25296 | best fit   11.215 | equity $   12379 | sortino 11.22 | trades 1013 | ✓ SURVIVED
Gen 25301 | best fit   11.215 | equity $   12379 | sortino 11.22 | trades 1013 | ✓ SURVIVED
Gen 25306 | best fit   11.215 | equity $   12379 | sortino 11.22 | trades 1013 | ✓ SURVIVED
Gen 25311 | best fit   11.215 | equity $   12379 | sortino 11.22 | trades 1013 | ✓ SURVIVED
Gen 25316 | best fit   11.215 | equity $   12379 | sortino 11.22 | trades 1013 | ✓ SURVIVED
Gen 25321 | best fit   11.215 | equity $   12379 | sortino 11.22 | trades 1013 | ✓ SURVIVED
Gen 25326 | best fit   11.215 | equity $   12379 | sortino 11.22 | trades 1013 | ✓ SURVIVED
Gen 25331 | best fit   11.215 | equity $   12379 | sortino 11.22 | trades 1013 | ✓ SURVIVED
Gen 25336 | best fit   11.215 | equity $   12379 | sortino 11.22 | trades 1013 | ✓ SURVIVED
Gen 25341 | best fit   11.215 | equity $   12379 | sortino 11.22 | trades 1013 | ✓ SURVIVED
Gen 25346 | best fit   11.215 | equity $   12379 | sortino 11.22 | trades 1013 | ✓ SURVIVED
Gen 25351 | best fit   11.215 | equity $   12379 | sortino 11.22 | trades 1013 | ✓ SURVIVED
Gen 25356 | best fit   11.215 | equity $   12379 | sortino 11.22 | trades 1013 | ✓ SURVIVED
Gen 25361 | best fit   11.215 | equity $   12379 | sortino 11.22 | trades 1013 | ✓ SURVIVED
Gen 25366 | best fit   11.215 | equity $   12379 | sortino 11.22 | trades 1013 | ✓ SURVIVED
Gen 25371 | best fit   11.215 | equity $   12379 | sortino 11.22 | trades 1013 | ✓ SURVIVED
Gen 25376 | best fit   11.215 | equity $   12379 | sortino 11.22 | trades 1013 | ✓ SURVIVED
Gen 25381 | best fit   11.215 | equity $   12379 | sortino 11.22 | trades 1013 | ✓ SURVIVED
Gen 25386 | best fit   11.215 | equity $   12379 | sortino 11.22 | trades 1013 | ✓ SURVIVED
Gen 25391 | best fit   11.215 | equity $   12379 | sortino 11.22 | trades 1013 | ✓ SURVIVED
Gen 25396 | best fit   11.215 | equity $   12379 | sortino 11.22 | trades 1013 | ✓ SURVIVED
Gen 25401 | best fit   11.215 | equity $   12379 | sortino 11.22 | trades 1013 | ✓ SURVIVED
Gen 25406 | best fit   11.215 | equity $   12379 | sortino 11.22 | trades 1013 | ✓ SURVIVED
Gen 25411 | best fit   11.215 | equity $   12379 | sortino 11.22 | trades 1013 | ✓ SURVIVED
Gen 25416 | best fit   11.215 | equity $   12379 | sortino 11.22 | trades 1013 | ✓ SURVIVED
Gen 25421 | best fit   11.215 | equity $   12379 | sortino 11.22 | trades 1013 | ✓ SURVIVED
Gen 25426 | best fit   11.215 | equity $   12379 | sortino 11.22 | trades 1013 | ✓ SURVIVED
Gen 25431 | best fit   11.215 | equity $   12379 | sortino 11.22 | trades 1013 | ✓ SURVIVED
Gen 25436 | best fit   11.215 | equity $   12379 | sortino 11.22 | trades 1013 | ✓ SURVIVED
Gen 25441 | best fit   11.215 | equity $   12379 | sortino 11.22 | trades 1013 | ✓ SURVIVED
Gen 25446 | best fit   11.215 | equity $   12379 | sortino 11.22 | trades 1013 | ✓ SURVIVED
Gen 25451 | best fit   11.215 | equity $   12379 | sortino 11.22 | trades 1013 | ✓ SURVIVED
Gen 25456 | best fit   11.215 | equity $   12379 | sortino 11.22 | trades 1013 | ✓ SURVIVED
Gen 25461 | best fit   11.215 | equity $   12379 | sortino 11.22 | trades 1013 | ✓ SURVIVED
Gen 25466 | best fit   11.215 | equity $   12379 | sortino 11.22 | trades 1013 | ✓ SURVIVED
Gen 25471 | best fit   11.215 | equity $   12379 | sortino 11.22 | trades 1013 | ✓ SURVIVED
Gen 25476 | best fit   11.215 | equity $   12379 | sortino 11.22 | trades 1013 | ✓ SURVIVED
Gen 25481 | best fit   11.215 | equity $   12379 | sortino 11.22 | trades 1013 | ✓ SURVIVED
Gen 25486 | best fit   11.215 | equity $   12379 | sortino 11.22 | trades 1013 | ✓ SURVIVED
Gen 25491 | best fit   11.215 | equity $   12379 | sortino 11.22 | trades 1013 | ✓ SURVIVED
Gen 25496 | best fit   11.215 | equity $   12379 | sortino 11.22 | trades 1013 | ✓ SURVIVED
Gen 25501 | best fit   11.215 | equity $   12379 | sortino 11.22 | trades 1013 | ✓ SURVIVED
Gen 25506 | best fit   11.215 | equity $   12379 | sortino 11.22 | trades 1013 | ✓ SURVIVED
Gen 25511 | best fit   11.215 | equity $   12379 | sortino 11.22 | trades 1013 | ✓ SURVIVED
Gen 25516 | best fit   11.215 | equity $   12379 | sortino 11.22 | trades 1013 | ✓ SURVIVED
Gen 25521 | best fit   11.215 | equity $   12379 | sortino 11.22 | trades 1013 | ✓ SURVIVED
Gen 25526 | best fit   11.215 | equity $   12379 | sortino 11.22 | trades 1013 | ✓ SURVIVED
Gen 25531 | best fit   11.215 | equity $   12379 | sortino 11.22 | trades 1013 | ✓ SURVIVED
Gen 25536 | best fit   11.215 | equity $   12379 | sortino 11.22 | trades 1013 | ✓ SURVIVED
Gen 25541 | best fit   11.215 | equity $   12379 | sortino 11.22 | trades 1013 | ✓ SURVIVED
Gen 25546 | best fit   11.215 | equity $   12379 | sortino 11.22 | trades 1013 | ✓ SURVIVED
Gen 25551 | best fit   11.215 | equity $   12379 | sortino 11.22 | trades 1013 | ✓ SURVIVED
Gen 25556 | best fit   11.215 | equity $   12379 | sortino 11.22 | trades 1013 | ✓ SURVIVED
Gen 25561 | best fit   11.215 | equity $   12379 | sortino 11.22 | trades 1013 | ✓ SURVIVED
Gen 25566 | best fit   11.215 | equity $   12379 | sortino 11.22 | trades 1013 | ✓ SURVIVED
Gen 25571 | best fit   11.215 | equity $   12379 | sortino 11.22 | trades 1013 | ✓ SURVIVED
Gen 25576 | best fit   11.215 | equity $   12379 | sortino 11.22 | trades 1013 | ✓ SURVIVED
Gen 25581 | best fit   11.215 | equity $   12379 | sortino 11.22 | trades 1013 | ✓ SURVIVED
Gen 25586 | best fit   11.215 | equity $   12379 | sortino 11.22 | trades 1013 | ✓ SURVIVED
Gen 25591 | best fit   11.215 | equity $   12379 | sortino 11.22 | trades 1013 | ✓ SURVIVED
Gen 25596 | best fit   11.215 | equity $   12379 | sortino 11.22 | trades 1013 | ✓ SURVIVED
Gen 25601 | best fit   11.215 | equity $   12379 | sortino 11.22 | trades 1013 | ✓ SURVIVED
Gen 25606 | best fit   11.215 | equity $   12379 | sortino 11.22 | trades 1013 | ✓ SURVIVED
Gen 25611 | best fit   11.215 | equity $   12379 | sortino 11.22 | trades 1013 | ✓ SURVIVED
Gen 25616 | best fit   11.215 | equity $   12379 | sortino 11.22 | trades 1013 | ✓ SURVIVED
Gen 25621 | best fit   11.215 | equity $   12379 | sortino 11.22 | trades 1013 | ✓ SURVIVED
Gen 25626 | best fit   11.215 | equity $   12379 | sortino 11.22 | trades 1013 | ✓ SURVIVED
Gen 25631 | best fit   11.215 | equity $   12379 | sortino 11.22 | trades 1013 | ✓ SURVIVED
Gen 25636 | best fit   11.215 | equity $   12379 | sortino 11.22 | trades 1013 | ✓ SURVIVED
Gen 25641 | best fit   11.215 | equity $   12379 | sortino 11.22 | trades 1013 | ✓ SURVIVED
Gen 25646 | best fit   11.215 | equity $   12379 | sortino 11.22 | trades 1013 | ✓ SURVIVED
Gen 25651 | best fit   11.215 | equity $   12379 | sortino 11.22 | trades 1013 | ✓ SURVIVED
Gen 25656 | best fit   11.215 | equity $   12379 | sortino 11.22 | trades 1013 | ✓ SURVIVED
Gen 25661 | best fit   11.215 | equity $   12379 | sortino 11.22 | trades 1013 | ✓ SURVIVED
Gen 25666 | best fit   11.215 | equity $   12379 | sortino 11.22 | trades 1013 | ✓ SURVIVED
Gen 25671 | best fit   11.215 | equity $   12379 | sortino 11.22 | trades 1013 | ✓ SURVIVED
Gen 25676 | best fit   11.215 | equity $   12379 | sortino 11.22 | trades 1013 | ✓ SURVIVED
Gen 25681 | best fit   11.215 | equity $   12379 | sortino 11.22 | trades 1013 | ✓ SURVIVED
Gen 25686 | best fit   11.215 | equity $   12379 | sortino 11.22 | trades 1013 | ✓ SURVIVED
Gen 25691 | best fit   11.215 | equity $   12379 | sortino 11.22 | trades 1013 | ✓ SURVIVED
Gen 25696 | best fit   11.215 | equity $   12379 | sortino 11.22 | trades 1013 | ✓ SURVIVED
Gen 25701 | best fit   11.215 | equity $   12379 | sortino 11.22 | trades 1013 | ✓ SURVIVED
Gen 25706 | best fit   11.215 | equity $   12379 | sortino 11.22 | trades 1013 | ✓ SURVIVED
Gen 25711 | best fit   11.215 | equity $   12379 | sortino 11.22 | trades 1013 | ✓ SURVIVED
Gen 25716 | best fit   11.215 | equity $   12379 | sortino 11.22 | trades 1013 | ✓ SURVIVED
Gen 25721 | best fit   11.215 | equity $   12379 | sortino 11.22 | trades 1013 | ✓ SURVIVED
Gen 25726 | best fit   11.215 | equity $   12379 | sortino 11.22 | trades 1013 | ✓ SURVIVED
Gen 25731 | best fit   11.215 | equity $   12379 | sortino 11.22 | trades 1013 | ✓ SURVIVED
Gen 25736 | best fit   11.215 | equity $   12379 | sortino 11.22 | trades 1013 | ✓ SURVIVED
Gen 25741 | best fit   11.215 | equity $   12379 | sortino 11.22 | trades 1013 | ✓ SURVIVED
Gen 25746 | best fit   11.215 | equity $   12379 | sortino 11.22 | trades 1013 | ✓ SURVIVED
Gen 25751 | best fit   11.215 | equity $   12379 | sortino 11.22 | trades 1013 | ✓ SURVIVED
Gen 25756 | best fit   11.215 | equity $   12379 | sortino 11.22 | trades 1013 | ✓ SURVIVED
Gen 25761 | best fit   11.215 | equity $   12379 | sortino 11.22 | trades 1013 | ✓ SURVIVED
Gen 25766 | best fit   11.215 | equity $   12379 | sortino 11.22 | trades 1013 | ✓ SURVIVED
Gen 25771 | best fit   11.215 | equity $   12379 | sortino 11.22 | trades 1013 | ✓ SURVIVED
Gen 25776 | best fit   11.215 | equity $   12379 | sortino 11.22 | trades 1013 | ✓ SURVIVED
Gen 25781 | best fit   11.215 | equity $   12379 | sortino 11.22 | trades 1013 | ✓ SURVIVED
Gen 25786 | best fit   11.215 | equity $   12379 | sortino 11.22 | trades 1013 | ✓ SURVIVED
Gen 25791 | best fit   11.215 | equity $   12379 | sortino 11.22 | trades 1013 | ✓ SURVIVED
Gen 25796 | best fit   11.215 | equity $   12379 | sortino 11.22 | trades 1013 | ✓ SURVIVED
Gen 25801 | best fit   11.215 | equity $   12379 | sortino 11.22 | trades 1013 | ✓ SURVIVED
Gen 25806 | best fit   11.215 | equity $   12379 | sortino 11.22 | trades 1013 | ✓ SURVIVED
Gen 25811 | best fit   11.215 | equity $   12379 | sortino 11.22 | trades 1013 | ✓ SURVIVED
Gen 25816 | best fit   11.215 | equity $   12379 | sortino 11.22 | trades 1013 | ✓ SURVIVED
Gen 25821 | best fit   11.215 | equity $   12379 | sortino 11.22 | trades 1013 | ✓ SURVIVED
Gen 25826 | best fit   11.215 | equity $   12379 | sortino 11.22 | trades 1013 | ✓ SURVIVED
Gen 25831 | best fit   11.215 | equity $   12379 | sortino 11.22 | trades 1013 | ✓ SURVIVED
Gen 25836 | best fit   11.215 | equity $   12379 | sortino 11.22 | trades 1013 | ✓ SURVIVED
Gen 25841 | best fit   11.215 | equity $   12379 | sortino 11.22 | trades 1013 | ✓ SURVIVED
Gen 25846 | best fit   11.215 | equity $   12379 | sortino 11.22 | trades 1013 | ✓ SURVIVED
Gen 25851 | best fit   11.215 | equity $   12379 | sortino 11.22 | trades 1013 | ✓ SURVIVED
Gen 25856 | best fit   11.215 | equity $   12379 | sortino 11.22 | trades 1013 | ✓ SURVIVED
Gen 25861 | best fit   11.215 | equity $   12379 | sortino 11.22 | trades 1013 | ✓ SURVIVED
Gen 25866 | best fit   11.215 | equity $   12379 | sortino 11.22 | trades 1013 | ✓ SURVIVED
Gen 25871 | best fit   11.215 | equity $   12379 | sortino 11.22 | trades 1013 | ✓ SURVIVED
Gen 25876 | best fit   11.215 | equity $   12379 | sortino 11.22 | trades 1013 | ✓ SURVIVED
Gen 25881 | best fit   11.215 | equity $   12379 | sortino 11.22 | trades 1013 | ✓ SURVIVED
Gen 25886 | best fit   11.215 | equity $   12379 | sortino 11.22 | trades 1013 | ✓ SURVIVED
Gen 25891 | best fit   11.215 | equity $   12379 | sortino 11.22 | trades 1013 | ✓ SURVIVED
Gen 25896 | best fit   11.215 | equity $   12379 | sortino 11.22 | trades 1013 | ✓ SURVIVED
Gen 25901 | best fit   11.215 | equity $   12379 | sortino 11.22 | trades 1013 | ✓ SURVIVED
Gen 25906 | best fit   11.215 | equity $   12379 | sortino 11.22 | trades 1013 | ✓ SURVIVED
Gen 25911 | best fit   11.215 | equity $   12379 | sortino 11.22 | trades 1013 | ✓ SURVIVED
Gen 25916 | best fit   11.215 | equity $   12379 | sortino 11.22 | trades 1013 | ✓ SURVIVED
Gen 25921 | best fit   11.215 | equity $   12379 | sortino 11.22 | trades 1013 | ✓ SURVIVED
Gen 25926 | best fit   11.215 | equity $   12379 | sortino 11.22 | trades 1013 | ✓ SURVIVED
Gen 25931 | best fit   11.215 | equity $   12379 | sortino 11.22 | trades 1013 | ✓ SURVIVED
Gen 25936 | best fit   11.215 | equity $   12379 | sortino 11.22 | trades 1013 | ✓ SURVIVED
Gen 25941 | best fit   11.215 | equity $   12379 | sortino 11.22 | trades 1013 | ✓ SURVIVED
Gen 25946 | best fit   11.215 | equity $   12379 | sortino 11.22 | trades 1013 | ✓ SURVIVED
Gen 25951 | best fit   11.215 | equity $   12379 | sortino 11.22 | trades 1013 | ✓ SURVIVED
Gen 25956 | best fit   11.215 | equity $   12379 | sortino 11.22 | trades 1013 | ✓ SURVIVED
Gen 25961 | best fit   11.215 | equity $   12379 | sortino 11.22 | trades 1013 | ✓ SURVIVED
Gen 25966 | best fit   11.215 | equity $   12379 | sortino 11.22 | trades 1013 | ✓ SURVIVED
Gen 25971 | best fit   11.215 | equity $   12379 | sortino 11.22 | trades 1013 | ✓ SURVIVED
Gen 25976 | best fit   11.215 | equity $   12379 | sortino 11.22 | trades 1013 | ✓ SURVIVED
Gen 25981 | best fit   11.215 | equity $   12379 | sortino 11.22 | trades 1013 | ✓ SURVIVED
Gen 25986 | best fit   11.215 | equity $   12379 | sortino 11.22 | trades 1013 | ✓ SURVIVED
Gen 25991 | best fit   11.215 | equity $   12379 | sortino 11.22 | trades 1013 | ✓ SURVIVED
Gen 25996 | best fit   11.215 | equity $   12379 | sortino 11.22 | trades 1013 | ✓ SURVIVED
Gen 26001 | best fit   11.215 | equity $   12379 | sortino 11.22 | trades 1013 | ✓ SURVIVED
Gen 26006 | best fit   11.215 | equity $   12379 | sortino 11.22 | trades 1013 | ✓ SURVIVED
Gen 26011 | best fit   11.215 | equity $   12379 | sortino 11.22 | trades 1013 | ✓ SURVIVED
Gen 26016 | best fit   11.215 | equity $   12379 | sortino 11.22 | trades 1013 | ✓ SURVIVED
Gen 26021 | best fit   11.215 | equity $   12379 | sortino 11.22 | trades 1013 | ✓ SURVIVED
Gen 26026 | best fit   11.215 | equity $   12379 | sortino 11.22 | trades 1013 | ✓ SURVIVED
Gen 26031 | best fit   11.215 | equity $   12379 | sortino 11.22 | trades 1013 | ✓ SURVIVED
Gen 26036 | best fit   11.215 | equity $   12379 | sortino 11.22 | trades 1013 | ✓ SURVIVED
Gen 26041 | best fit   11.215 | equity $   12379 | sortino 11.22 | trades 1013 | ✓ SURVIVED
Gen 26046 | best fit   11.215 | equity $   12379 | sortino 11.22 | trades 1013 | ✓ SURVIVED
Gen 26051 | best fit   11.215 | equity $   12379 | sortino 11.22 | trades 1013 | ✓ SURVIVED
Gen 26056 | best fit   11.215 | equity $   12379 | sortino 11.22 | trades 1013 | ✓ SURVIVED
Gen 26061 | best fit   11.215 | equity $   12379 | sortino 11.22 | trades 1013 | ✓ SURVIVED
Gen 26066 | best fit   11.215 | equity $   12379 | sortino 11.22 | trades 1013 | ✓ SURVIVED
Gen 26071 | best fit   11.215 | equity $   12379 | sortino 11.22 | trades 1013 | ✓ SURVIVED
Gen 26076 | best fit   11.215 | equity $   12379 | sortino 11.22 | trades 1013 | ✓ SURVIVED
Gen 26081 | best fit   11.215 | equity $   12379 | sortino 11.22 | trades 1013 | ✓ SURVIVED
Gen 26086 | best fit   11.215 | equity $   12379 | sortino 11.22 | trades 1013 | ✓ SURVIVED
Gen 26091 | best fit   11.215 | equity $   12379 | sortino 11.22 | trades 1013 | ✓ SURVIVED
Gen 26096 | best fit   11.215 | equity $   12379 | sortino 11.22 | trades 1013 | ✓ SURVIVED
Gen 26101 | best fit   11.215 | equity $   12379 | sortino 11.22 | trades 1013 | ✓ SURVIVED
Gen 26106 | best fit   11.215 | equity $   12379 | sortino 11.22 | trades 1013 | ✓ SURVIVED
Gen 26111 | best fit   11.215 | equity $   12379 | sortino 11.22 | trades 1013 | ✓ SURVIVED
Gen 26116 | best fit   11.215 | equity $   12379 | sortino 11.22 | trades 1013 | ✓ SURVIVED
Gen 26121 | best fit   11.215 | equity $   12379 | sortino 11.22 | trades 1013 | ✓ SURVIVED
Gen 26126 | best fit   11.215 | equity $   12379 | sortino 11.22 | trades 1013 | ✓ SURVIVED
Gen 26131 | best fit   11.215 | equity $   12379 | sortino 11.22 | trades 1013 | ✓ SURVIVED
Gen 26136 | best fit   11.215 | equity $   12379 | sortino 11.22 | trades 1013 | ✓ SURVIVED
Gen 26141 | best fit   11.215 | equity $   12379 | sortino 11.22 | trades 1013 | ✓ SURVIVED
Gen 26146 | best fit   11.215 | equity $   12379 | sortino 11.22 | trades 1013 | ✓ SURVIVED
Gen 26151 | best fit   11.215 | equity $   12379 | sortino 11.22 | trades 1013 | ✓ SURVIVED
Gen 26156 | best fit   11.215 | equity $   12379 | sortino 11.22 | trades 1013 | ✓ SURVIVED
Gen 26161 | best fit   11.215 | equity $   12379 | sortino 11.22 | trades 1013 | ✓ SURVIVED
Gen 26166 | best fit   11.215 | equity $   12379 | sortino 11.22 | trades 1013 | ✓ SURVIVED
Gen 26171 | best fit   11.215 | equity $   12379 | sortino 11.22 | trades 1013 | ✓ SURVIVED
Gen 26176 | best fit   11.215 | equity $   12379 | sortino 11.22 | trades 1013 | ✓ SURVIVED
Gen 26181 | best fit   11.215 | equity $   12379 | sortino 11.22 | trades 1013 | ✓ SURVIVED
Gen 26186 | best fit   11.215 | equity $   12379 | sortino 11.22 | trades 1013 | ✓ SURVIVED
Gen 26191 | best fit   11.215 | equity $   12379 | sortino 11.22 | trades 1013 | ✓ SURVIVED
Gen 26196 | best fit   11.215 | equity $   12379 | sortino 11.22 | trades 1013 | ✓ SURVIVED
Gen 26201 | best fit   11.215 | equity $   12379 | sortino 11.22 | trades 1013 | ✓ SURVIVED
Gen 26206 | best fit   11.215 | equity $   12379 | sortino 11.22 | trades 1013 | ✓ SURVIVED
Gen 26211 | best fit   11.215 | equity $   12379 | sortino 11.22 | trades 1013 | ✓ SURVIVED
Gen 26216 | best fit   11.215 | equity $   12379 | sortino 11.22 | trades 1013 | ✓ SURVIVED
Gen 26221 | best fit   11.215 | equity $   12379 | sortino 11.22 | trades 1013 | ✓ SURVIVED
Gen 26226 | best fit   11.215 | equity $   12379 | sortino 11.22 | trades 1013 | ✓ SURVIVED
Gen 26231 | best fit   11.215 | equity $   12379 | sortino 11.22 | trades 1013 | ✓ SURVIVED
Gen 26236 | best fit   11.215 | equity $   12379 | sortino 11.22 | trades 1013 | ✓ SURVIVED
Gen 26241 | best fit   11.215 | equity $   12379 | sortino 11.22 | trades 1013 | ✓ SURVIVED
Gen 26246 | best fit   11.215 | equity $   12379 | sortino 11.22 | trades 1013 | ✓ SURVIVED
Gen 26251 | best fit   11.215 | equity $   12379 | sortino 11.22 | trades 1013 | ✓ SURVIVED
Gen 26256 | best fit   11.215 | equity $   12379 | sortino 11.22 | trades 1013 | ✓ SURVIVED
Gen 26261 | best fit   11.215 | equity $   12379 | sortino 11.22 | trades 1013 | ✓ SURVIVED
Gen 26266 | best fit   11.215 | equity $   12379 | sortino 11.22 | trades 1013 | ✓ SURVIVED
Gen 26271 | best fit   11.215 | equity $   12379 | sortino 11.22 | trades 1013 | ✓ SURVIVED
Gen 26276 | best fit   11.215 | equity $   12379 | sortino 11.22 | trades 1013 | ✓ SURVIVED
Gen 26281 | best fit   11.215 | equity $   12379 | sortino 11.22 | trades 1013 | ✓ SURVIVED
Gen 26286 | best fit   11.215 | equity $   12379 | sortino 11.22 | trades 1013 | ✓ SURVIVED
Gen 26291 | best fit   11.215 | equity $   12379 | sortino 11.22 | trades 1013 | ✓ SURVIVED
Gen 26296 | best fit   11.215 | equity $   12379 | sortino 11.22 | trades 1013 | ✓ SURVIVED
Gen 26301 | best fit   11.215 | equity $   12379 | sortino 11.22 | trades 1013 | ✓ SURVIVED
Gen 26306 | best fit   11.215 | equity $   12379 | sortino 11.22 | trades 1013 | ✓ SURVIVED
Gen 26311 | best fit   11.215 | equity $   12379 | sortino 11.22 | trades 1013 | ✓ SURVIVED
Gen 26316 | best fit   11.215 | equity $   12379 | sortino 11.22 | trades 1013 | ✓ SURVIVED
Gen 26321 | best fit   11.215 | equity $   12379 | sortino 11.22 | trades 1013 | ✓ SURVIVED
Gen 26326 | best fit   11.215 | equity $   12379 | sortino 11.22 | trades 1013 | ✓ SURVIVED
Gen 26331 | best fit   11.215 | equity $   12379 | sortino 11.22 | trades 1013 | ✓ SURVIVED
Gen 26336 | best fit   11.215 | equity $   12379 | sortino 11.22 | trades 1013 | ✓ SURVIVED
Gen 26341 | best fit   11.215 | equity $   12379 | sortino 11.22 | trades 1013 | ✓ SURVIVED
Gen 26346 | best fit   11.215 | equity $   12379 | sortino 11.22 | trades 1013 | ✓ SURVIVED
Gen 26351 | best fit   11.215 | equity $   12379 | sortino 11.22 | trades 1013 | ✓ SURVIVED
Gen 26356 | best fit   11.215 | equity $   12379 | sortino 11.22 | trades 1013 | ✓ SURVIVED
Gen 26361 | best fit   11.215 | equity $   12379 | sortino 11.22 | trades 1013 | ✓ SURVIVED
Gen 26366 | best fit   11.215 | equity $   12379 | sortino 11.22 | trades 1013 | ✓ SURVIVED
Gen 26371 | best fit   11.215 | equity $   12379 | sortino 11.22 | trades 1013 | ✓ SURVIVED
Gen 26376 | best fit   11.215 | equity $   12379 | sortino 11.22 | trades 1013 | ✓ SURVIVED
Gen 26381 | best fit   11.215 | equity $   12379 | sortino 11.22 | trades 1013 | ✓ SURVIVED
Gen 26386 | best fit   11.215 | equity $   12379 | sortino 11.22 | trades 1013 | ✓ SURVIVED
Gen 26391 | best fit   11.215 | equity $   12379 | sortino 11.22 | trades 1013 | ✓ SURVIVED
Gen 26396 | best fit   11.215 | equity $   12379 | sortino 11.22 | trades 1013 | ✓ SURVIVED
Gen 26401 | best fit   11.215 | equity $   12379 | sortino 11.22 | trades 1013 | ✓ SURVIVED
Gen 26406 | best fit   11.215 | equity $   12379 | sortino 11.22 | trades 1013 | ✓ SURVIVED
Gen 26411 | best fit   11.215 | equity $   12379 | sortino 11.22 | trades 1013 | ✓ SURVIVED
Gen 26416 | best fit   11.215 | equity $   12379 | sortino 11.22 | trades 1013 | ✓ SURVIVED
Gen 26421 | best fit   11.215 | equity $   12379 | sortino 11.22 | trades 1013 | ✓ SURVIVED
Gen 26426 | best fit   11.215 | equity $   12379 | sortino 11.22 | trades 1013 | ✓ SURVIVED
Gen 26431 | best fit   11.215 | equity $   12379 | sortino 11.22 | trades 1013 | ✓ SURVIVED
Gen 26436 | best fit   11.215 | equity $   12379 | sortino 11.22 | trades 1013 | ✓ SURVIVED
Gen 26441 | best fit   11.215 | equity $   12379 | sortino 11.22 | trades 1013 | ✓ SURVIVED
Gen 26446 | best fit   11.215 | equity $   12379 | sortino 11.22 | trades 1013 | ✓ SURVIVED
Gen 26451 | best fit   11.215 | equity $   12379 | sortino 11.22 | trades 1013 | ✓ SURVIVED
Gen 26456 | best fit   11.215 | equity $   12379 | sortino 11.22 | trades 1013 | ✓ SURVIVED
Gen 26461 | best fit   11.215 | equity $   12379 | sortino 11.22 | trades 1013 | ✓ SURVIVED
Gen 26466 | best fit   11.215 | equity $   12379 | sortino 11.22 | trades 1013 | ✓ SURVIVED
Gen 26471 | best fit   11.215 | equity $   12379 | sortino 11.22 | trades 1013 | ✓ SURVIVED
Gen 26476 | best fit   11.215 | equity $   12379 | sortino 11.22 | trades 1013 | ✓ SURVIVED
Gen 26481 | best fit   11.215 | equity $   12379 | sortino 11.22 | trades 1013 | ✓ SURVIVED
Gen 26486 | best fit   11.215 | equity $   12379 | sortino 11.22 | trades 1013 | ✓ SURVIVED
Gen 26491 | best fit   11.215 | equity $   12379 | sortino 11.22 | trades 1013 | ✓ SURVIVED
Gen 26496 | best fit   11.215 | equity $   12379 | sortino 11.22 | trades 1013 | ✓ SURVIVED
Gen 26501 | best fit   11.215 | equity $   12379 | sortino 11.22 | trades 1013 | ✓ SURVIVED
Gen 26506 | best fit   11.215 | equity $   12379 | sortino 11.22 | trades 1013 | ✓ SURVIVED
Gen 26511 | best fit   11.215 | equity $   12379 | sortino 11.22 | trades 1013 | ✓ SURVIVED
Gen 26516 | best fit   11.215 | equity $   12379 | sortino 11.22 | trades 1013 | ✓ SURVIVED
Gen 26521 | best fit   11.215 | equity $   12379 | sortino 11.22 | trades 1013 | ✓ SURVIVED
Gen 26526 | best fit   11.215 | equity $   12379 | sortino 11.22 | trades 1013 | ✓ SURVIVED
Gen 26531 | best fit   11.215 | equity $   12379 | sortino 11.22 | trades 1013 | ✓ SURVIVED
Gen 26536 | best fit   11.215 | equity $   12379 | sortino 11.22 | trades 1013 | ✓ SURVIVED
Gen 26541 | best fit   11.215 | equity $   12379 | sortino 11.22 | trades 1013 | ✓ SURVIVED
Gen 26546 | best fit   11.215 | equity $   12379 | sortino 11.22 | trades 1013 | ✓ SURVIVED
Gen 26551 | best fit   11.215 | equity $   12379 | sortino 11.22 | trades 1013 | ✓ SURVIVED
Gen 26556 | best fit   11.215 | equity $   12379 | sortino 11.22 | trades 1013 | ✓ SURVIVED
Gen 26561 | best fit   11.215 | equity $   12379 | sortino 11.22 | trades 1013 | ✓ SURVIVED
Gen 26566 | best fit   11.215 | equity $   12379 | sortino 11.22 | trades 1013 | ✓ SURVIVED
Gen 26571 | best fit   11.215 | equity $   12379 | sortino 11.22 | trades 1013 | ✓ SURVIVED
Gen 26576 | best fit   11.215 | equity $   12379 | sortino 11.22 | trades 1013 | ✓ SURVIVED
Gen 26581 | best fit   11.215 | equity $   12379 | sortino 11.22 | trades 1013 | ✓ SURVIVED
Gen 26586 | best fit   11.215 | equity $   12379 | sortino 11.22 | trades 1013 | ✓ SURVIVED
Gen 26591 | best fit   11.215 | equity $   12379 | sortino 11.22 | trades 1013 | ✓ SURVIVED
Gen 26596 | best fit   11.215 | equity $   12379 | sortino 11.22 | trades 1013 | ✓ SURVIVED
Gen 26601 | best fit   11.215 | equity $   12379 | sortino 11.22 | trades 1013 | ✓ SURVIVED
Gen 26606 | best fit   11.215 | equity $   12379 | sortino 11.22 | trades 1013 | ✓ SURVIVED
Gen 26611 | best fit   11.215 | equity $   12379 | sortino 11.22 | trades 1013 | ✓ SURVIVED
Gen 26616 | best fit   11.215 | equity $   12379 | sortino 11.22 | trades 1013 | ✓ SURVIVED
Gen 26621 | best fit   11.215 | equity $   12379 | sortino 11.22 | trades 1013 | ✓ SURVIVED
Gen 26626 | best fit   11.215 | equity $   12379 | sortino 11.22 | trades 1013 | ✓ SURVIVED
Gen 26631 | best fit   11.215 | equity $   12379 | sortino 11.22 | trades 1013 | ✓ SURVIVED
Gen 26636 | best fit   11.215 | equity $   12379 | sortino 11.22 | trades 1013 | ✓ SURVIVED
Gen 26641 | best fit   11.215 | equity $   12379 | sortino 11.22 | trades 1013 | ✓ SURVIVED
Gen 26646 | best fit   11.215 | equity $   12379 | sortino 11.22 | trades 1013 | ✓ SURVIVED
Gen 26651 | best fit   11.215 | equity $   12379 | sortino 11.22 | trades 1013 | ✓ SURVIVED
Gen 26656 | best fit   11.215 | equity $   12379 | sortino 11.22 | trades 1013 | ✓ SURVIVED
Gen 26661 | best fit   11.215 | equity $   12379 | sortino 11.22 | trades 1013 | ✓ SURVIVED
Gen 26666 | best fit   11.215 | equity $   12379 | sortino 11.22 | trades 1013 | ✓ SURVIVED
Gen 26671 | best fit   11.215 | equity $   12379 | sortino 11.22 | trades 1013 | ✓ SURVIVED
Gen 26676 | best fit   11.215 | equity $   12379 | sortino 11.22 | trades 1013 | ✓ SURVIVED
Gen 26681 | best fit   11.215 | equity $   12379 | sortino 11.22 | trades 1013 | ✓ SURVIVED
Gen 26686 | best fit   11.215 | equity $   12379 | sortino 11.22 | trades 1013 | ✓ SURVIVED
Gen 26691 | best fit   11.215 | equity $   12379 | sortino 11.22 | trades 1013 | ✓ SURVIVED
Gen 26696 | best fit   11.215 | equity $   12379 | sortino 11.22 | trades 1013 | ✓ SURVIVED
Gen 26701 | best fit   11.215 | equity $   12379 | sortino 11.22 | trades 1013 | ✓ SURVIVED
Gen 26706 | best fit   11.215 | equity $   12379 | sortino 11.22 | trades 1013 | ✓ SURVIVED
Gen 26711 | best fit   11.215 | equity $   12379 | sortino 11.22 | trades 1013 | ✓ SURVIVED
Gen 26716 | best fit   11.215 | equity $   12379 | sortino 11.22 | trades 1013 | ✓ SURVIVED
Gen 26721 | best fit   11.215 | equity $   12379 | sortino 11.22 | trades 1013 | ✓ SURVIVED
Gen 26726 | best fit   11.215 | equity $   12379 | sortino 11.22 | trades 1013 | ✓ SURVIVED
Gen 26731 | best fit   11.215 | equity $   12379 | sortino 11.22 | trades 1013 | ✓ SURVIVED
Gen 26736 | best fit   11.215 | equity $   12379 | sortino 11.22 | trades 1013 | ✓ SURVIVED
Gen 26741 | best fit   11.215 | equity $   12379 | sortino 11.22 | trades 1013 | ✓ SURVIVED
Gen 26746 | best fit   11.215 | equity $   12379 | sortino 11.22 | trades 1013 | ✓ SURVIVED
Gen 26751 | best fit   11.215 | equity $   12379 | sortino 11.22 | trades 1013 | ✓ SURVIVED
Gen 26756 | best fit   11.215 | equity $   12379 | sortino 11.22 | trades 1013 | ✓ SURVIVED
Gen 26761 | best fit   11.215 | equity $   12379 | sortino 11.22 | trades 1013 | ✓ SURVIVED
Gen 26766 | best fit   11.215 | equity $   12379 | sortino 11.22 | trades 1013 | ✓ SURVIVED
Gen 26771 | best fit   11.215 | equity $   12379 | sortino 11.22 | trades 1013 | ✓ SURVIVED
Gen 26776 | best fit   11.215 | equity $   12379 | sortino 11.22 | trades 1013 | ✓ SURVIVED
Gen 26781 | best fit   11.215 | equity $   12379 | sortino 11.22 | trades 1013 | ✓ SURVIVED
Gen 26786 | best fit   11.215 | equity $   12379 | sortino 11.22 | trades 1013 | ✓ SURVIVED
Gen 26791 | best fit   11.215 | equity $   12379 | sortino 11.22 | trades 1013 | ✓ SURVIVED
Gen 26796 | best fit   11.215 | equity $   12379 | sortino 11.22 | trades 1013 | ✓ SURVIVED
Gen 26801 | best fit   11.215 | equity $   12379 | sortino 11.22 | trades 1013 | ✓ SURVIVED
Gen 26806 | best fit   11.215 | equity $   12379 | sortino 11.22 | trades 1013 | ✓ SURVIVED
Gen 26811 | best fit   11.215 | equity $   12379 | sortino 11.22 | trades 1013 | ✓ SURVIVED
Gen 26816 | best fit   11.215 | equity $   12379 | sortino 11.22 | trades 1013 | ✓ SURVIVED
Gen 26821 | best fit   11.215 | equity $   12379 | sortino 11.22 | trades 1013 | ✓ SURVIVED
Gen 26826 | best fit   11.215 | equity $   12379 | sortino 11.22 | trades 1013 | ✓ SURVIVED
Gen 26831 | best fit   11.215 | equity $   12379 | sortino 11.22 | trades 1013 | ✓ SURVIVED
Gen 26836 | best fit   11.215 | equity $   12379 | sortino 11.22 | trades 1013 | ✓ SURVIVED
Gen 26841 | best fit   11.215 | equity $   12379 | sortino 11.22 | trades 1013 | ✓ SURVIVED
Gen 26846 | best fit   11.215 | equity $   12379 | sortino 11.22 | trades 1013 | ✓ SURVIVED
Gen 26851 | best fit   11.215 | equity $   12379 | sortino 11.22 | trades 1013 | ✓ SURVIVED
Gen 26856 | best fit   11.215 | equity $   12379 | sortino 11.22 | trades 1013 | ✓ SURVIVED
Gen 26861 | best fit   11.215 | equity $   12379 | sortino 11.22 | trades 1013 | ✓ SURVIVED
Gen 26866 | best fit   11.215 | equity $   12379 | sortino 11.22 | trades 1013 | ✓ SURVIVED
Gen 26871 | best fit   11.215 | equity $   12379 | sortino 11.22 | trades 1013 | ✓ SURVIVED
Gen 26876 | best fit   11.215 | equity $   12379 | sortino 11.22 | trades 1013 | ✓ SURVIVED
Gen 26881 | best fit   11.215 | equity $   12379 | sortino 11.22 | trades 1013 | ✓ SURVIVED
Gen 26886 | best fit   11.215 | equity $   12379 | sortino 11.22 | trades 1013 | ✓ SURVIVED
Gen 26891 | best fit   11.215 | equity $   12379 | sortino 11.22 | trades 1013 | ✓ SURVIVED
Gen 26896 | best fit   11.215 | equity $   12379 | sortino 11.22 | trades 1013 | ✓ SURVIVED
Gen 26901 | best fit   11.215 | equity $   12379 | sortino 11.22 | trades 1013 | ✓ SURVIVED
Gen 26906 | best fit   11.215 | equity $   12379 | sortino 11.22 | trades 1013 | ✓ SURVIVED
Gen 26911 | best fit   11.215 | equity $   12379 | sortino 11.22 | trades 1013 | ✓ SURVIVED
Gen 26916 | best fit   11.215 | equity $   12379 | sortino 11.22 | trades 1013 | ✓ SURVIVED
Gen 26921 | best fit   11.215 | equity $   12379 | sortino 11.22 | trades 1013 | ✓ SURVIVED
Gen 26926 | best fit   11.215 | equity $   12379 | sortino 11.22 | trades 1013 | ✓ SURVIVED
Gen 26931 | best fit   11.215 | equity $   12379 | sortino 11.22 | trades 1013 | ✓ SURVIVED
Gen 26936 | best fit   11.215 | equity $   12379 | sortino 11.22 | trades 1013 | ✓ SURVIVED
Gen 26941 | best fit   11.215 | equity $   12379 | sortino 11.22 | trades 1013 | ✓ SURVIVED
Gen 26946 | best fit   11.215 | equity $   12379 | sortino 11.22 | trades 1013 | ✓ SURVIVED
Gen 26951 | best fit   11.215 | equity $   12379 | sortino 11.22 | trades 1013 | ✓ SURVIVED
Gen 26956 | best fit   11.215 | equity $   12379 | sortino 11.22 | trades 1013 | ✓ SURVIVED
Gen 26961 | best fit   11.215 | equity $   12379 | sortino 11.22 | trades 1013 | ✓ SURVIVED
Gen 26966 | best fit   11.215 | equity $   12379 | sortino 11.22 | trades 1013 | ✓ SURVIVED
Gen 26971 | best fit   11.215 | equity $   12379 | sortino 11.22 | trades 1013 | ✓ SURVIVED
Gen 26976 | best fit   11.215 | equity $   12379 | sortino 11.22 | trades 1013 | ✓ SURVIVED
Gen 26981 | best fit   11.215 | equity $   12379 | sortino 11.22 | trades 1013 | ✓ SURVIVED
Gen 26986 | best fit   11.215 | equity $   12379 | sortino 11.22 | trades 1013 | ✓ SURVIVED
Gen 26991 | best fit   11.215 | equity $   12379 | sortino 11.22 | trades 1013 | ✓ SURVIVED
Gen 26996 | best fit   11.215 | equity $   12379 | sortino 11.22 | trades 1013 | ✓ SURVIVED
Gen 27001 | best fit   11.215 | equity $   12379 | sortino 11.22 | trades 1013 | ✓ SURVIVED
Gen 27006 | best fit   11.215 | equity $   12379 | sortino 11.22 | trades 1013 | ✓ SURVIVED
Gen 27011 | best fit   11.215 | equity $   12379 | sortino 11.22 | trades 1013 | ✓ SURVIVED
Gen 27016 | best fit   11.215 | equity $   12379 | sortino 11.22 | trades 1013 | ✓ SURVIVED
Gen 27021 | best fit   11.215 | equity $   12379 | sortino 11.22 | trades 1013 | ✓ SURVIVED
Gen 27026 | best fit   11.215 | equity $   12379 | sortino 11.22 | trades 1013 | ✓ SURVIVED
Gen 27031 | best fit   11.215 | equity $   12379 | sortino 11.22 | trades 1013 | ✓ SURVIVED
Gen 27036 | best fit   11.215 | equity $   12379 | sortino 11.22 | trades 1013 | ✓ SURVIVED
Gen 27041 | best fit   11.215 | equity $   12379 | sortino 11.22 | trades 1013 | ✓ SURVIVED
Gen 27046 | best fit   11.215 | equity $   12379 | sortino 11.22 | trades 1013 | ✓ SURVIVED
Gen 27051 | best fit   11.215 | equity $   12379 | sortino 11.22 | trades 1013 | ✓ SURVIVED
Gen 27056 | best fit   11.215 | equity $   12379 | sortino 11.22 | trades 1013 | ✓ SURVIVED
Gen 27061 | best fit   11.215 | equity $   12379 | sortino 11.22 | trades 1013 | ✓ SURVIVED
Gen 27066 | best fit   11.215 | equity $   12379 | sortino 11.22 | trades 1013 | ✓ SURVIVED
Gen 27071 | best fit   11.215 | equity $   12379 | sortino 11.22 | trades 1013 | ✓ SURVIVED
Gen 27076 | best fit   11.215 | equity $   12379 | sortino 11.22 | trades 1013 | ✓ SURVIVED
Gen 27081 | best fit   11.215 | equity $   12379 | sortino 11.22 | trades 1013 | ✓ SURVIVED
Gen 27086 | best fit   11.215 | equity $   12379 | sortino 11.22 | trades 1013 | ✓ SURVIVED
Gen 27091 | best fit   11.215 | equity $   12379 | sortino 11.22 | trades 1013 | ✓ SURVIVED
Gen 27096 | best fit   11.215 | equity $   12379 | sortino 11.22 | trades 1013 | ✓ SURVIVED
Gen 27101 | best fit   11.215 | equity $   12379 | sortino 11.22 | trades 1013 | ✓ SURVIVED
Gen 27106 | best fit   11.215 | equity $   12379 | sortino 11.22 | trades 1013 | ✓ SURVIVED
Gen 27111 | best fit   11.215 | equity $   12379 | sortino 11.22 | trades 1013 | ✓ SURVIVED
Gen 27116 | best fit   11.215 | equity $   12379 | sortino 11.22 | trades 1013 | ✓ SURVIVED
Gen 27121 | best fit   11.215 | equity $   12379 | sortino 11.22 | trades 1013 | ✓ SURVIVED
Gen 27126 | best fit   11.215 | equity $   12379 | sortino 11.22 | trades 1013 | ✓ SURVIVED
Gen 27131 | best fit   11.215 | equity $   12379 | sortino 11.22 | trades 1013 | ✓ SURVIVED
Gen 27136 | best fit   11.215 | equity $   12379 | sortino 11.22 | trades 1013 | ✓ SURVIVED
Gen 27141 | best fit   11.215 | equity $   12379 | sortino 11.22 | trades 1013 | ✓ SURVIVED
Gen 27146 | best fit   11.215 | equity $   12379 | sortino 11.22 | trades 1013 | ✓ SURVIVED
Gen 27151 | best fit   11.215 | equity $   12379 | sortino 11.22 | trades 1013 | ✓ SURVIVED
Gen 27156 | best fit   11.215 | equity $   12379 | sortino 11.22 | trades 1013 | ✓ SURVIVED
Gen 27161 | best fit   11.215 | equity $   12379 | sortino 11.22 | trades 1013 | ✓ SURVIVED
Gen 27166 | best fit   11.215 | equity $   12379 | sortino 11.22 | trades 1013 | ✓ SURVIVED
Gen 27171 | best fit   11.215 | equity $   12379 | sortino 11.22 | trades 1013 | ✓ SURVIVED
Gen 27176 | best fit   11.215 | equity $   12379 | sortino 11.22 | trades 1013 | ✓ SURVIVED
Gen 27181 | best fit   11.215 | equity $   12379 | sortino 11.22 | trades 1013 | ✓ SURVIVED
Gen 27186 | best fit   11.215 | equity $   12379 | sortino 11.22 | trades 1013 | ✓ SURVIVED
Gen 27191 | best fit   11.215 | equity $   12379 | sortino 11.22 | trades 1013 | ✓ SURVIVED
Gen 27196 | best fit   11.215 | equity $   12379 | sortino 11.22 | trades 1013 | ✓ SURVIVED
Gen 27201 | best fit   11.215 | equity $   12379 | sortino 11.22 | trades 1013 | ✓ SURVIVED
Gen 27206 | best fit   11.215 | equity $   12379 | sortino 11.22 | trades 1013 | ✓ SURVIVED
Gen 27211 | best fit   11.215 | equity $   12379 | sortino 11.22 | trades 1013 | ✓ SURVIVED
Gen 27216 | best fit   11.215 | equity $   12379 | sortino 11.22 | trades 1013 | ✓ SURVIVED
Gen 27221 | best fit   11.215 | equity $   12379 | sortino 11.22 | trades 1013 | ✓ SURVIVED
Gen 27226 | best fit   11.215 | equity $   12379 | sortino 11.22 | trades 1013 | ✓ SURVIVED
Gen 27231 | best fit   11.215 | equity $   12379 | sortino 11.22 | trades 1013 | ✓ SURVIVED
Gen 27236 | best fit   11.215 | equity $   12379 | sortino 11.22 | trades 1013 | ✓ SURVIVED
Gen 27241 | best fit   11.215 | equity $   12379 | sortino 11.22 | trades 1013 | ✓ SURVIVED
Gen 27246 | best fit   11.215 | equity $   12379 | sortino 11.22 | trades 1013 | ✓ SURVIVED
Gen 27251 | best fit   11.215 | equity $   12379 | sortino 11.22 | trades 1013 | ✓ SURVIVED
Gen 27256 | best fit   11.215 | equity $   12379 | sortino 11.22 | trades 1013 | ✓ SURVIVED
Gen 27261 | best fit   11.215 | equity $   12379 | sortino 11.22 | trades 1013 | ✓ SURVIVED
Gen 27266 | best fit   11.215 | equity $   12379 | sortino 11.22 | trades 1013 | ✓ SURVIVED
Gen 27271 | best fit   11.215 | equity $   12379 | sortino 11.22 | trades 1013 | ✓ SURVIVED
Gen 27276 | best fit   11.215 | equity $   12379 | sortino 11.22 | trades 1013 | ✓ SURVIVED
Gen 27281 | best fit   11.215 | equity $   12379 | sortino 11.22 | trades 1013 | ✓ SURVIVED
Gen 27286 | best fit   11.215 | equity $   12379 | sortino 11.22 | trades 1013 | ✓ SURVIVED
Gen 27291 | best fit   11.215 | equity $   12379 | sortino 11.22 | trades 1013 | ✓ SURVIVED
Gen 27296 | best fit   11.215 | equity $   12379 | sortino 11.22 | trades 1013 | ✓ SURVIVED
Gen 27301 | best fit   11.215 | equity $   12379 | sortino 11.22 | trades 1013 | ✓ SURVIVED
Gen 27306 | best fit   11.215 | equity $   12379 | sortino 11.22 | trades 1013 | ✓ SURVIVED
Gen 27311 | best fit   11.215 | equity $   12379 | sortino 11.22 | trades 1013 | ✓ SURVIVED
Gen 27316 | best fit   11.215 | equity $   12379 | sortino 11.22 | trades 1013 | ✓ SURVIVED
Gen 27321 | best fit   11.215 | equity $   12379 | sortino 11.22 | trades 1013 | ✓ SURVIVED
Gen 27326 | best fit   11.215 | equity $   12379 | sortino 11.22 | trades 1013 | ✓ SURVIVED
Gen 27331 | best fit   11.215 | equity $   12379 | sortino 11.22 | trades 1013 | ✓ SURVIVED
Gen 27336 | best fit   11.215 | equity $   12379 | sortino 11.22 | trades 1013 | ✓ SURVIVED
Gen 27341 | best fit   11.215 | equity $   12379 | sortino 11.22 | trades 1013 | ✓ SURVIVED
Gen 27346 | best fit   11.215 | equity $   12379 | sortino 11.22 | trades 1013 | ✓ SURVIVED
Gen 27351 | best fit   11.215 | equity $   12379 | sortino 11.22 | trades 1013 | ✓ SURVIVED
Gen 27356 | best fit   11.215 | equity $   12379 | sortino 11.22 | trades 1013 | ✓ SURVIVED
Gen 27361 | best fit   11.215 | equity $   12379 | sortino 11.22 | trades 1013 | ✓ SURVIVED
Gen 27366 | best fit   11.215 | equity $   12379 | sortino 11.22 | trades 1013 | ✓ SURVIVED
Gen 27371 | best fit   11.215 | equity $   12379 | sortino 11.22 | trades 1013 | ✓ SURVIVED
Gen 27376 | best fit   11.215 | equity $   12379 | sortino 11.22 | trades 1013 | ✓ SURVIVED
Gen 27381 | best fit   11.215 | equity $   12379 | sortino 11.22 | trades 1013 | ✓ SURVIVED
Gen 27386 | best fit   11.215 | equity $   12379 | sortino 11.22 | trades 1013 | ✓ SURVIVED
Gen 27391 | best fit   11.215 | equity $   12379 | sortino 11.22 | trades 1013 | ✓ SURVIVED
Gen 27396 | best fit   11.215 | equity $   12379 | sortino 11.22 | trades 1013 | ✓ SURVIVED
Gen 27401 | best fit   11.215 | equity $   12379 | sortino 11.22 | trades 1013 | ✓ SURVIVED
Gen 27406 | best fit   11.215 | equity $   12379 | sortino 11.22 | trades 1013 | ✓ SURVIVED
Gen 27411 | best fit   11.215 | equity $   12379 | sortino 11.22 | trades 1013 | ✓ SURVIVED
Gen 27416 | best fit   11.215 | equity $   12379 | sortino 11.22 | trades 1013 | ✓ SURVIVED
Gen 27421 | best fit   11.215 | equity $   12379 | sortino 11.22 | trades 1013 | ✓ SURVIVED
Gen 27426 | best fit   11.215 | equity $   12379 | sortino 11.22 | trades 1013 | ✓ SURVIVED
Gen 27431 | best fit   11.215 | equity $   12379 | sortino 11.22 | trades 1013 | ✓ SURVIVED
Gen 27436 | best fit   11.215 | equity $   12379 | sortino 11.22 | trades 1013 | ✓ SURVIVED
Gen 27441 | best fit   11.215 | equity $   12379 | sortino 11.22 | trades 1013 | ✓ SURVIVED
Gen 27446 | best fit   11.215 | equity $   12379 | sortino 11.22 | trades 1013 | ✓ SURVIVED
Gen 27451 | best fit   11.215 | equity $   12379 | sortino 11.22 | trades 1013 | ✓ SURVIVED
Gen 27456 | best fit   11.215 | equity $   12379 | sortino 11.22 | trades 1013 | ✓ SURVIVED
Gen 27461 | best fit   11.215 | equity $   12379 | sortino 11.22 | trades 1013 | ✓ SURVIVED
Gen 27466 | best fit   11.215 | equity $   12379 | sortino 11.22 | trades 1013 | ✓ SURVIVED
Gen 27471 | best fit   11.215 | equity $   12379 | sortino 11.22 | trades 1013 | ✓ SURVIVED
Gen 27476 | best fit   11.215 | equity $   12379 | sortino 11.22 | trades 1013 | ✓ SURVIVED
Gen 27481 | best fit   11.215 | equity $   12379 | sortino 11.22 | trades 1013 | ✓ SURVIVED
Gen 27486 | best fit   11.215 | equity $   12379 | sortino 11.22 | trades 1013 | ✓ SURVIVED
Gen 27491 | best fit   11.215 | equity $   12379 | sortino 11.22 | trades 1013 | ✓ SURVIVED
Gen 27496 | best fit   11.215 | equity $   12379 | sortino 11.22 | trades 1013 | ✓ SURVIVED
Gen 27501 | best fit   11.215 | equity $   12379 | sortino 11.22 | trades 1013 | ✓ SURVIVED
Gen 27506 | best fit   11.215 | equity $   12379 | sortino 11.22 | trades 1013 | ✓ SURVIVED
Gen 27511 | best fit   11.215 | equity $   12379 | sortino 11.22 | trades 1013 | ✓ SURVIVED
Gen 27516 | best fit   11.215 | equity $   12379 | sortino 11.22 | trades 1013 | ✓ SURVIVED
Gen 27521 | best fit   11.215 | equity $   12379 | sortino 11.22 | trades 1013 | ✓ SURVIVED
Gen 27526 | best fit   11.215 | equity $   12379 | sortino 11.22 | trades 1013 | ✓ SURVIVED
Gen 27531 | best fit   11.215 | equity $   12379 | sortino 11.22 | trades 1013 | ✓ SURVIVED
Gen 27536 | best fit   11.215 | equity $   12379 | sortino 11.22 | trades 1013 | ✓ SURVIVED
Gen 27541 | best fit   11.215 | equity $   12379 | sortino 11.22 | trades 1013 | ✓ SURVIVED
Gen 27546 | best fit   11.215 | equity $   12379 | sortino 11.22 | trades 1013 | ✓ SURVIVED
Gen 27551 | best fit   11.215 | equity $   12379 | sortino 11.22 | trades 1013 | ✓ SURVIVED
Gen 27556 | best fit   11.215 | equity $   12379 | sortino 11.22 | trades 1013 | ✓ SURVIVED
Gen 27561 | best fit   11.215 | equity $   12379 | sortino 11.22 | trades 1013 | ✓ SURVIVED
Gen 27566 | best fit   11.215 | equity $   12379 | sortino 11.22 | trades 1013 | ✓ SURVIVED
Gen 27571 | best fit   11.215 | equity $   12379 | sortino 11.22 | trades 1013 | ✓ SURVIVED
Gen 27576 | best fit   11.215 | equity $   12379 | sortino 11.22 | trades 1013 | ✓ SURVIVED
Gen 27581 | best fit   11.215 | equity $   12379 | sortino 11.22 | trades 1013 | ✓ SURVIVED
Gen 27586 | best fit   11.215 | equity $   12379 | sortino 11.22 | trades 1013 | ✓ SURVIVED
Gen 27591 | best fit   11.215 | equity $   12379 | sortino 11.22 | trades 1013 | ✓ SURVIVED
Gen 27596 | best fit   11.215 | equity $   12379 | sortino 11.22 | trades 1013 | ✓ SURVIVED
Gen 27601 | best fit   11.215 | equity $   12379 | sortino 11.22 | trades 1013 | ✓ SURVIVED
Gen 27606 | best fit   11.215 | equity $   12379 | sortino 11.22 | trades 1013 | ✓ SURVIVED
Gen 27611 | best fit   11.215 | equity $   12379 | sortino 11.22 | trades 1013 | ✓ SURVIVED
Gen 27616 | best fit   11.215 | equity $   12379 | sortino 11.22 | trades 1013 | ✓ SURVIVED
Gen 27621 | best fit   11.215 | equity $   12379 | sortino 11.22 | trades 1013 | ✓ SURVIVED
Gen 27626 | best fit   11.215 | equity $   12379 | sortino 11.22 | trades 1013 | ✓ SURVIVED
Gen 27631 | best fit   11.215 | equity $   12379 | sortino 11.22 | trades 1013 | ✓ SURVIVED
Gen 27636 | best fit   11.215 | equity $   12379 | sortino 11.22 | trades 1013 | ✓ SURVIVED
Gen 27641 | best fit   11.215 | equity $   12379 | sortino 11.22 | trades 1013 | ✓ SURVIVED
Gen 27646 | best fit   11.215 | equity $   12379 | sortino 11.22 | trades 1013 | ✓ SURVIVED
Gen 27651 | best fit   11.215 | equity $   12379 | sortino 11.22 | trades 1013 | ✓ SURVIVED
Gen 27656 | best fit   11.215 | equity $   12379 | sortino 11.22 | trades 1013 | ✓ SURVIVED
Gen 27661 | best fit   11.215 | equity $   12379 | sortino 11.22 | trades 1013 | ✓ SURVIVED
Gen 27666 | best fit   11.215 | equity $   12379 | sortino 11.22 | trades 1013 | ✓ SURVIVED
Gen 27671 | best fit   11.215 | equity $   12379 | sortino 11.22 | trades 1013 | ✓ SURVIVED
Gen 27676 | best fit   11.215 | equity $   12379 | sortino 11.22 | trades 1013 | ✓ SURVIVED
Gen 27681 | best fit   11.215 | equity $   12379 | sortino 11.22 | trades 1013 | ✓ SURVIVED
Gen 27686 | best fit   11.215 | equity $   12379 | sortino 11.22 | trades 1013 | ✓ SURVIVED
Gen 27691 | best fit   11.215 | equity $   12379 | sortino 11.22 | trades 1013 | ✓ SURVIVED
Gen 27696 | best fit   11.215 | equity $   12379 | sortino 11.22 | trades 1013 | ✓ SURVIVED
Gen 27701 | best fit   11.215 | equity $   12379 | sortino 11.22 | trades 1013 | ✓ SURVIVED
Gen 27706 | best fit   11.215 | equity $   12379 | sortino 11.22 | trades 1013 | ✓ SURVIVED
Gen 27711 | best fit   11.215 | equity $   12379 | sortino 11.22 | trades 1013 | ✓ SURVIVED
Gen 27716 | best fit   11.215 | equity $   12379 | sortino 11.22 | trades 1013 | ✓ SURVIVED
Gen 27721 | best fit   11.215 | equity $   12379 | sortino 11.22 | trades 1013 | ✓ SURVIVED
Gen 27726 | best fit   11.215 | equity $   12379 | sortino 11.22 | trades 1013 | ✓ SURVIVED
Gen 27731 | best fit   11.215 | equity $   12379 | sortino 11.22 | trades 1013 | ✓ SURVIVED
Gen 27736 | best fit   11.215 | equity $   12379 | sortino 11.22 | trades 1013 | ✓ SURVIVED
Gen 27741 | best fit   11.215 | equity $   12379 | sortino 11.22 | trades 1013 | ✓ SURVIVED
Gen 27746 | best fit   11.215 | equity $   12379 | sortino 11.22 | trades 1013 | ✓ SURVIVED
Gen 27751 | best fit   11.215 | equity $   12379 | sortino 11.22 | trades 1013 | ✓ SURVIVED
Gen 27756 | best fit   11.215 | equity $   12379 | sortino 11.22 | trades 1013 | ✓ SURVIVED
Gen 27761 | best fit   11.215 | equity $   12379 | sortino 11.22 | trades 1013 | ✓ SURVIVED
Gen 27766 | best fit   11.215 | equity $   12379 | sortino 11.22 | trades 1013 | ✓ SURVIVED
Gen 27771 | best fit   11.215 | equity $   12379 | sortino 11.22 | trades 1013 | ✓ SURVIVED
Gen 27776 | best fit   11.215 | equity $   12379 | sortino 11.22 | trades 1013 | ✓ SURVIVED
Gen 27781 | best fit   11.215 | equity $   12379 | sortino 11.22 | trades 1013 | ✓ SURVIVED
Gen 27786 | best fit   11.215 | equity $   12379 | sortino 11.22 | trades 1013 | ✓ SURVIVED
Gen 27791 | best fit   11.215 | equity $   12379 | sortino 11.22 | trades 1013 | ✓ SURVIVED
Gen 27796 | best fit   11.215 | equity $   12379 | sortino 11.22 | trades 1013 | ✓ SURVIVED
Gen 27801 | best fit   11.215 | equity $   12379 | sortino 11.22 | trades 1013 | ✓ SURVIVED
Gen 27806 | best fit   11.215 | equity $   12379 | sortino 11.22 | trades 1013 | ✓ SURVIVED
Gen 27811 | best fit   11.215 | equity $   12379 | sortino 11.22 | trades 1013 | ✓ SURVIVED
Gen 27816 | best fit   11.215 | equity $   12379 | sortino 11.22 | trades 1013 | ✓ SURVIVED
Gen 27821 | best fit   11.215 | equity $   12379 | sortino 11.22 | trades 1013 | ✓ SURVIVED
Gen 27826 | best fit   11.215 | equity $   12379 | sortino 11.22 | trades 1013 | ✓ SURVIVED
Gen 27831 | best fit   11.215 | equity $   12379 | sortino 11.22 | trades 1013 | ✓ SURVIVED
Gen 27836 | best fit   11.215 | equity $   12379 | sortino 11.22 | trades 1013 | ✓ SURVIVED
Gen 27841 | best fit   11.215 | equity $   12379 | sortino 11.22 | trades 1013 | ✓ SURVIVED
Gen 27846 | best fit   11.215 | equity $   12379 | sortino 11.22 | trades 1013 | ✓ SURVIVED
Gen 27851 | best fit   11.215 | equity $   12379 | sortino 11.22 | trades 1013 | ✓ SURVIVED
Gen 27856 | best fit   11.215 | equity $   12379 | sortino 11.22 | trades 1013 | ✓ SURVIVED
Gen 27861 | best fit   11.215 | equity $   12379 | sortino 11.22 | trades 1013 | ✓ SURVIVED
Gen 27866 | best fit   11.215 | equity $   12379 | sortino 11.22 | trades 1013 | ✓ SURVIVED
Gen 27871 | best fit   11.215 | equity $   12379 | sortino 11.22 | trades 1013 | ✓ SURVIVED
Gen 27876 | best fit   11.215 | equity $   12379 | sortino 11.22 | trades 1013 | ✓ SURVIVED
Gen 27881 | best fit   11.215 | equity $   12379 | sortino 11.22 | trades 1013 | ✓ SURVIVED
Gen 27886 | best fit   11.215 | equity $   12379 | sortino 11.22 | trades 1013 | ✓ SURVIVED
Gen 27891 | best fit   11.215 | equity $   12379 | sortino 11.22 | trades 1013 | ✓ SURVIVED
Gen 27896 | best fit   11.215 | equity $   12379 | sortino 11.22 | trades 1013 | ✓ SURVIVED
Gen 27901 | best fit   11.215 | equity $   12379 | sortino 11.22 | trades 1013 | ✓ SURVIVED
Gen 27906 | best fit   11.215 | equity $   12379 | sortino 11.22 | trades 1013 | ✓ SURVIVED
Gen 27911 | best fit   11.215 | equity $   12379 | sortino 11.22 | trades 1013 | ✓ SURVIVED
Gen 27916 | best fit   11.215 | equity $   12379 | sortino 11.22 | trades 1013 | ✓ SURVIVED
Gen 27921 | best fit   11.215 | equity $   12379 | sortino 11.22 | trades 1013 | ✓ SURVIVED
Gen 27926 | best fit   11.215 | equity $   12379 | sortino 11.22 | trades 1013 | ✓ SURVIVED
Gen 27931 | best fit   11.215 | equity $   12379 | sortino 11.22 | trades 1013 | ✓ SURVIVED
Gen 27936 | best fit   11.215 | equity $   12379 | sortino 11.22 | trades 1013 | ✓ SURVIVED
Gen 27941 | best fit   11.215 | equity $   12379 | sortino 11.22 | trades 1013 | ✓ SURVIVED
Gen 27946 | best fit   11.215 | equity $   12379 | sortino 11.22 | trades 1013 | ✓ SURVIVED
Gen 27951 | best fit   11.215 | equity $   12379 | sortino 11.22 | trades 1013 | ✓ SURVIVED
Gen 27956 | best fit   11.215 | equity $   12379 | sortino 11.22 | trades 1013 | ✓ SURVIVED
Gen 27961 | best fit   11.215 | equity $   12379 | sortino 11.22 | trades 1013 | ✓ SURVIVED
Gen 27966 | best fit   11.215 | equity $   12379 | sortino 11.22 | trades 1013 | ✓ SURVIVED
Gen 27971 | best fit   11.215 | equity $   12379 | sortino 11.22 | trades 1013 | ✓ SURVIVED
Gen 27976 | best fit   11.215 | equity $   12379 | sortino 11.22 | trades 1013 | ✓ SURVIVED
Gen 27981 | best fit   11.215 | equity $   12379 | sortino 11.22 | trades 1013 | ✓ SURVIVED
Gen 27986 | best fit   11.215 | equity $   12379 | sortino 11.22 | trades 1013 | ✓ SURVIVED
Gen 27991 | best fit   11.215 | equity $   12379 | sortino 11.22 | trades 1013 | ✓ SURVIVED
Gen 27996 | best fit   11.215 | equity $   12379 | sortino 11.22 | trades 1013 | ✓ SURVIVED
Gen 28001 | best fit   11.215 | equity $   12379 | sortino 11.22 | trades 1013 | ✓ SURVIVED
Gen 28006 | best fit   11.215 | equity $   12379 | sortino 11.22 | trades 1013 | ✓ SURVIVED
Gen 28011 | best fit   11.215 | equity $   12379 | sortino 11.22 | trades 1013 | ✓ SURVIVED
Gen 28016 | best fit   11.215 | equity $   12379 | sortino 11.22 | trades 1013 | ✓ SURVIVED
Gen 28021 | best fit   11.215 | equity $   12379 | sortino 11.22 | trades 1013 | ✓ SURVIVED
Gen 28026 | best fit   11.215 | equity $   12379 | sortino 11.22 | trades 1013 | ✓ SURVIVED
Gen 28031 | best fit   11.215 | equity $   12379 | sortino 11.22 | trades 1013 | ✓ SURVIVED
Gen 28036 | best fit   11.215 | equity $   12379 | sortino 11.22 | trades 1013 | ✓ SURVIVED
Gen 28041 | best fit   11.215 | equity $   12379 | sortino 11.22 | trades 1013 | ✓ SURVIVED
Gen 28046 | best fit   11.215 | equity $   12379 | sortino 11.22 | trades 1013 | ✓ SURVIVED
Gen 28051 | best fit   11.215 | equity $   12379 | sortino 11.22 | trades 1013 | ✓ SURVIVED
Gen 28056 | best fit   11.215 | equity $   12379 | sortino 11.22 | trades 1013 | ✓ SURVIVED
Gen 28061 | best fit   11.215 | equity $   12379 | sortino 11.22 | trades 1013 | ✓ SURVIVED
Gen 28066 | best fit   11.215 | equity $   12379 | sortino 11.22 | trades 1013 | ✓ SURVIVED
Gen 28071 | best fit   11.215 | equity $   12379 | sortino 11.22 | trades 1013 | ✓ SURVIVED
Gen 28076 | best fit   11.215 | equity $   12379 | sortino 11.22 | trades 1013 | ✓ SURVIVED
Gen 28081 | best fit   11.215 | equity $   12379 | sortino 11.22 | trades 1013 | ✓ SURVIVED
Gen 28086 | best fit   11.215 | equity $   12379 | sortino 11.22 | trades 1013 | ✓ SURVIVED
Gen 28091 | best fit   11.215 | equity $   12379 | sortino 11.22 | trades 1013 | ✓ SURVIVED
Gen 28096 | best fit   11.215 | equity $   12379 | sortino 11.22 | trades 1013 | ✓ SURVIVED
Gen 28101 | best fit   11.215 | equity $   12379 | sortino 11.22 | trades 1013 | ✓ SURVIVED
Gen 28106 | best fit   11.215 | equity $   12379 | sortino 11.22 | trades 1013 | ✓ SURVIVED
Gen 28111 | best fit   11.215 | equity $   12379 | sortino 11.22 | trades 1013 | ✓ SURVIVED
Gen 28116 | best fit   11.215 | equity $   12379 | sortino 11.22 | trades 1013 | ✓ SURVIVED
Gen 28121 | best fit   11.215 | equity $   12379 | sortino 11.22 | trades 1013 | ✓ SURVIVED
Gen 28126 | best fit   11.215 | equity $   12379 | sortino 11.22 | trades 1013 | ✓ SURVIVED
Gen 28131 | best fit   11.215 | equity $   12379 | sortino 11.22 | trades 1013 | ✓ SURVIVED
Gen 28136 | best fit   11.215 | equity $   12379 | sortino 11.22 | trades 1013 | ✓ SURVIVED
Gen 28141 | best fit   11.215 | equity $   12379 | sortino 11.22 | trades 1013 | ✓ SURVIVED
Gen 28146 | best fit   11.215 | equity $   12379 | sortino 11.22 | trades 1013 | ✓ SURVIVED
Gen 28151 | best fit   11.215 | equity $   12379 | sortino 11.22 | trades 1013 | ✓ SURVIVED
Gen 28156 | best fit   11.215 | equity $   12379 | sortino 11.22 | trades 1013 | ✓ SURVIVED
Gen 28161 | best fit   11.215 | equity $   12379 | sortino 11.22 | trades 1013 | ✓ SURVIVED
Gen 28166 | best fit   11.215 | equity $   12379 | sortino 11.22 | trades 1013 | ✓ SURVIVED
Gen 28171 | best fit   11.215 | equity $   12379 | sortino 11.22 | trades 1013 | ✓ SURVIVED
Gen 28176 | best fit   11.215 | equity $   12379 | sortino 11.22 | trades 1013 | ✓ SURVIVED
Gen 28181 | best fit   11.215 | equity $   12379 | sortino 11.22 | trades 1013 | ✓ SURVIVED
Gen 28186 | best fit   11.215 | equity $   12379 | sortino 11.22 | trades 1013 | ✓ SURVIVED
Gen 28191 | best fit   11.215 | equity $   12379 | sortino 11.22 | trades 1013 | ✓ SURVIVED
Gen 28196 | best fit   11.215 | equity $   12379 | sortino 11.22 | trades 1013 | ✓ SURVIVED
Gen 28201 | best fit   11.215 | equity $   12379 | sortino 11.22 | trades 1013 | ✓ SURVIVED
Gen 28206 | best fit   11.215 | equity $   12379 | sortino 11.22 | trades 1013 | ✓ SURVIVED
Gen 28211 | best fit   11.215 | equity $   12379 | sortino 11.22 | trades 1013 | ✓ SURVIVED
Gen 28216 | best fit   11.215 | equity $   12379 | sortino 11.22 | trades 1013 | ✓ SURVIVED
Gen 28221 | best fit   11.215 | equity $   12379 | sortino 11.22 | trades 1013 | ✓ SURVIVED
Gen 28226 | best fit   11.215 | equity $   12379 | sortino 11.22 | trades 1013 | ✓ SURVIVED
Gen 28231 | best fit   11.215 | equity $   12379 | sortino 11.22 | trades 1013 | ✓ SURVIVED
Gen 28236 | best fit   11.215 | equity $   12379 | sortino 11.22 | trades 1013 | ✓ SURVIVED
Gen 28241 | best fit   11.215 | equity $   12379 | sortino 11.22 | trades 1013 | ✓ SURVIVED
Gen 28246 | best fit   11.215 | equity $   12379 | sortino 11.22 | trades 1013 | ✓ SURVIVED
Gen 28251 | best fit   11.215 | equity $   12379 | sortino 11.22 | trades 1013 | ✓ SURVIVED
Gen 28256 | best fit   11.215 | equity $   12379 | sortino 11.22 | trades 1013 | ✓ SURVIVED
Gen 28261 | best fit   11.215 | equity $   12379 | sortino 11.22 | trades 1013 | ✓ SURVIVED
Gen 28266 | best fit   11.215 | equity $   12379 | sortino 11.22 | trades 1013 | ✓ SURVIVED
Gen 28271 | best fit   11.215 | equity $   12379 | sortino 11.22 | trades 1013 | ✓ SURVIVED
Gen 28276 | best fit   11.215 | equity $   12379 | sortino 11.22 | trades 1013 | ✓ SURVIVED
Gen 28281 | best fit   11.215 | equity $   12379 | sortino 11.22 | trades 1013 | ✓ SURVIVED
Gen 28286 | best fit   11.215 | equity $   12379 | sortino 11.22 | trades 1013 | ✓ SURVIVED
Gen 28291 | best fit   11.215 | equity $   12379 | sortino 11.22 | trades 1013 | ✓ SURVIVED
Gen 28296 | best fit   11.215 | equity $   12379 | sortino 11.22 | trades 1013 | ✓ SURVIVED
Gen 28301 | best fit   11.215 | equity $   12379 | sortino 11.22 | trades 1013 | ✓ SURVIVED
Gen 28306 | best fit   11.215 | equity $   12379 | sortino 11.22 | trades 1013 | ✓ SURVIVED
Gen 28311 | best fit   11.215 | equity $   12379 | sortino 11.22 | trades 1013 | ✓ SURVIVED
Gen 28316 | best fit   11.215 | equity $   12379 | sortino 11.22 | trades 1013 | ✓ SURVIVED
Gen 28321 | best fit   11.215 | equity $   12379 | sortino 11.22 | trades 1013 | ✓ SURVIVED
Gen 28326 | best fit   11.215 | equity $   12379 | sortino 11.22 | trades 1013 | ✓ SURVIVED
Gen 28331 | best fit   11.215 | equity $   12379 | sortino 11.22 | trades 1013 | ✓ SURVIVED
Gen 28336 | best fit   11.215 | equity $   12379 | sortino 11.22 | trades 1013 | ✓ SURVIVED
Gen 28341 | best fit   11.215 | equity $   12379 | sortino 11.22 | trades 1013 | ✓ SURVIVED
Gen 28346 | best fit   11.215 | equity $   12379 | sortino 11.22 | trades 1013 | ✓ SURVIVED
Gen 28351 | best fit   11.215 | equity $   12379 | sortino 11.22 | trades 1013 | ✓ SURVIVED
Gen 28356 | best fit   11.215 | equity $   12379 | sortino 11.22 | trades 1013 | ✓ SURVIVED
Gen 28361 | best fit   11.215 | equity $   12379 | sortino 11.22 | trades 1013 | ✓ SURVIVED
Gen 28366 | best fit   11.215 | equity $   12379 | sortino 11.22 | trades 1013 | ✓ SURVIVED
Gen 28371 | best fit   11.215 | equity $   12379 | sortino 11.22 | trades 1013 | ✓ SURVIVED
Gen 28376 | best fit   11.215 | equity $   12379 | sortino 11.22 | trades 1013 | ✓ SURVIVED
Gen 28381 | best fit   11.215 | equity $   12379 | sortino 11.22 | trades 1013 | ✓ SURVIVED
Gen 28386 | best fit   11.215 | equity $   12379 | sortino 11.22 | trades 1013 | ✓ SURVIVED
Gen 28391 | best fit   11.215 | equity $   12379 | sortino 11.22 | trades 1013 | ✓ SURVIVED
Gen 28396 | best fit   11.215 | equity $   12379 | sortino 11.22 | trades 1013 | ✓ SURVIVED
Gen 28401 | best fit   11.215 | equity $   12379 | sortino 11.22 | trades 1013 | ✓ SURVIVED
Gen 28406 | best fit   11.215 | equity $   12379 | sortino 11.22 | trades 1013 | ✓ SURVIVED
Gen 28411 | best fit   11.215 | equity $   12379 | sortino 11.22 | trades 1013 | ✓ SURVIVED
Gen 28416 | best fit   11.215 | equity $   12379 | sortino 11.22 | trades 1013 | ✓ SURVIVED
Gen 28421 | best fit   11.215 | equity $   12379 | sortino 11.22 | trades 1013 | ✓ SURVIVED
Gen 28426 | best fit   11.215 | equity $   12379 | sortino 11.22 | trades 1013 | ✓ SURVIVED
Gen 28431 | best fit   11.215 | equity $   12379 | sortino 11.22 | trades 1013 | ✓ SURVIVED
Gen 28436 | best fit   11.215 | equity $   12379 | sortino 11.22 | trades 1013 | ✓ SURVIVED
Gen 28441 | best fit   11.215 | equity $   12379 | sortino 11.22 | trades 1013 | ✓ SURVIVED
Gen 28446 | best fit   11.215 | equity $   12379 | sortino 11.22 | trades 1013 | ✓ SURVIVED
Gen 28451 | best fit   11.215 | equity $   12379 | sortino 11.22 | trades 1013 | ✓ SURVIVED
Gen 28456 | best fit   11.215 | equity $   12379 | sortino 11.22 | trades 1013 | ✓ SURVIVED
Gen 28461 | best fit   11.215 | equity $   12379 | sortino 11.22 | trades 1013 | ✓ SURVIVED
Gen 28466 | best fit   11.215 | equity $   12379 | sortino 11.22 | trades 1013 | ✓ SURVIVED
Gen 28471 | best fit   11.215 | equity $   12379 | sortino 11.22 | trades 1013 | ✓ SURVIVED
Gen 28476 | best fit   11.215 | equity $   12379 | sortino 11.22 | trades 1013 | ✓ SURVIVED
Gen 28481 | best fit   11.215 | equity $   12379 | sortino 11.22 | trades 1013 | ✓ SURVIVED
Gen 28486 | best fit   11.215 | equity $   12379 | sortino 11.22 | trades 1013 | ✓ SURVIVED
Gen 28491 | best fit   11.215 | equity $   12379 | sortino 11.22 | trades 1013 | ✓ SURVIVED
Gen 28496 | best fit   11.215 | equity $   12379 | sortino 11.22 | trades 1013 | ✓ SURVIVED
Gen 28501 | best fit   11.215 | equity $   12379 | sortino 11.22 | trades 1013 | ✓ SURVIVED
Gen 28506 | best fit   11.215 | equity $   12379 | sortino 11.22 | trades 1013 | ✓ SURVIVED
Gen 28511 | best fit   11.215 | equity $   12379 | sortino 11.22 | trades 1013 | ✓ SURVIVED
Gen 28516 | best fit   11.215 | equity $   12379 | sortino 11.22 | trades 1013 | ✓ SURVIVED
Gen 28521 | best fit   11.215 | equity $   12379 | sortino 11.22 | trades 1013 | ✓ SURVIVED
Gen 28526 | best fit   11.215 | equity $   12379 | sortino 11.22 | trades 1013 | ✓ SURVIVED
Gen 28531 | best fit   11.215 | equity $   12379 | sortino 11.22 | trades 1013 | ✓ SURVIVED
Gen 28536 | best fit   11.215 | equity $   12379 | sortino 11.22 | trades 1013 | ✓ SURVIVED
Gen 28541 | best fit   11.215 | equity $   12379 | sortino 11.22 | trades 1013 | ✓ SURVIVED
Gen 28546 | best fit   11.215 | equity $   12379 | sortino 11.22 | trades 1013 | ✓ SURVIVED
Gen 28551 | best fit   11.215 | equity $   12379 | sortino 11.22 | trades 1013 | ✓ SURVIVED
Gen 28556 | best fit   11.215 | equity $   12379 | sortino 11.22 | trades 1013 | ✓ SURVIVED
Gen 28561 | best fit   11.215 | equity $   12379 | sortino 11.22 | trades 1013 | ✓ SURVIVED
Gen 28566 | best fit   11.215 | equity $   12379 | sortino 11.22 | trades 1013 | ✓ SURVIVED
Gen 28571 | best fit   11.215 | equity $   12379 | sortino 11.22 | trades 1013 | ✓ SURVIVED
Gen 28576 | best fit   11.215 | equity $   12379 | sortino 11.22 | trades 1013 | ✓ SURVIVED
Gen 28581 | best fit   11.215 | equity $   12379 | sortino 11.22 | trades 1013 | ✓ SURVIVED
Gen 28586 | best fit   11.215 | equity $   12379 | sortino 11.22 | trades 1013 | ✓ SURVIVED
Gen 28591 | best fit   11.215 | equity $   12379 | sortino 11.22 | trades 1013 | ✓ SURVIVED
Gen 28596 | best fit   11.215 | equity $   12379 | sortino 11.22 | trades 1013 | ✓ SURVIVED
Gen 28601 | best fit   11.215 | equity $   12379 | sortino 11.22 | trades 1013 | ✓ SURVIVED
Gen 28606 | best fit   11.215 | equity $   12379 | sortino 11.22 | trades 1013 | ✓ SURVIVED
Gen 28611 | best fit   11.215 | equity $   12379 | sortino 11.22 | trades 1013 | ✓ SURVIVED
Gen 28616 | best fit   11.215 | equity $   12379 | sortino 11.22 | trades 1013 | ✓ SURVIVED
Gen 28621 | best fit   11.215 | equity $   12379 | sortino 11.22 | trades 1013 | ✓ SURVIVED
Gen 28626 | best fit   11.215 | equity $   12379 | sortino 11.22 | trades 1013 | ✓ SURVIVED
Gen 28631 | best fit   11.215 | equity $   12379 | sortino 11.22 | trades 1013 | ✓ SURVIVED
Gen 28636 | best fit   11.215 | equity $   12379 | sortino 11.22 | trades 1013 | ✓ SURVIVED
Gen 28641 | best fit   11.215 | equity $   12379 | sortino 11.22 | trades 1013 | ✓ SURVIVED
Gen 28646 | best fit   11.215 | equity $   12379 | sortino 11.22 | trades 1013 | ✓ SURVIVED
Gen 28651 | best fit   11.215 | equity $   12379 | sortino 11.22 | trades 1013 | ✓ SURVIVED
Gen 28656 | best fit   11.215 | equity $   12379 | sortino 11.22 | trades 1013 | ✓ SURVIVED
Gen 28661 | best fit   11.215 | equity $   12379 | sortino 11.22 | trades 1013 | ✓ SURVIVED
Gen 28666 | best fit   11.215 | equity $   12379 | sortino 11.22 | trades 1013 | ✓ SURVIVED
Gen 28671 | best fit   11.215 | equity $   12379 | sortino 11.22 | trades 1013 | ✓ SURVIVED
Gen 28676 | best fit   11.215 | equity $   12379 | sortino 11.22 | trades 1013 | ✓ SURVIVED
Gen 28681 | best fit   11.215 | equity $   12379 | sortino 11.22 | trades 1013 | ✓ SURVIVED
Gen 28686 | best fit   11.215 | equity $   12379 | sortino 11.22 | trades 1013 | ✓ SURVIVED
Gen 28691 | best fit   11.215 | equity $   12379 | sortino 11.22 | trades 1013 | ✓ SURVIVED
Gen 28696 | best fit   11.215 | equity $   12379 | sortino 11.22 | trades 1013 | ✓ SURVIVED
Gen 28701 | best fit   11.215 | equity $   12379 | sortino 11.22 | trades 1013 | ✓ SURVIVED
Gen 28706 | best fit   11.215 | equity $   12379 | sortino 11.22 | trades 1013 | ✓ SURVIVED
Gen 28711 | best fit   11.215 | equity $   12379 | sortino 11.22 | trades 1013 | ✓ SURVIVED
Gen 28716 | best fit   11.215 | equity $   12379 | sortino 11.22 | trades 1013 | ✓ SURVIVED
Gen 28721 | best fit   11.215 | equity $   12379 | sortino 11.22 | trades 1013 | ✓ SURVIVED
Gen 28726 | best fit   11.215 | equity $   12379 | sortino 11.22 | trades 1013 | ✓ SURVIVED
Gen 28731 | best fit   11.215 | equity $   12379 | sortino 11.22 | trades 1013 | ✓ SURVIVED
Gen 28736 | best fit   11.215 | equity $   12379 | sortino 11.22 | trades 1013 | ✓ SURVIVED
Gen 28741 | best fit   11.215 | equity $   12379 | sortino 11.22 | trades 1013 | ✓ SURVIVED
Gen 28746 | best fit   11.215 | equity $   12379 | sortino 11.22 | trades 1013 | ✓ SURVIVED
Gen 28751 | best fit   11.215 | equity $   12379 | sortino 11.22 | trades 1013 | ✓ SURVIVED
Gen 28756 | best fit   11.215 | equity $   12379 | sortino 11.22 | trades 1013 | ✓ SURVIVED
Gen 28761 | best fit   11.215 | equity $   12379 | sortino 11.22 | trades 1013 | ✓ SURVIVED
Gen 28766 | best fit   11.215 | equity $   12379 | sortino 11.22 | trades 1013 | ✓ SURVIVED
Gen 28771 | best fit   11.215 | equity $   12379 | sortino 11.22 | trades 1013 | ✓ SURVIVED
Gen 28776 | best fit   11.215 | equity $   12379 | sortino 11.22 | trades 1013 | ✓ SURVIVED
Gen 28781 | best fit   11.215 | equity $   12379 | sortino 11.22 | trades 1013 | ✓ SURVIVED
Gen 28786 | best fit   11.215 | equity $   12379 | sortino 11.22 | trades 1013 | ✓ SURVIVED
Gen 28791 | best fit   11.215 | equity $   12379 | sortino 11.22 | trades 1013 | ✓ SURVIVED
Gen 28796 | best fit   11.215 | equity $   12379 | sortino 11.22 | trades 1013 | ✓ SURVIVED
Gen 28801 | best fit   11.215 | equity $   12379 | sortino 11.22 | trades 1013 | ✓ SURVIVED
Gen 28806 | best fit   11.215 | equity $   12379 | sortino 11.22 | trades 1013 | ✓ SURVIVED
Gen 28811 | best fit   11.215 | equity $   12379 | sortino 11.22 | trades 1013 | ✓ SURVIVED
Gen 28816 | best fit   11.215 | equity $   12379 | sortino 11.22 | trades 1013 | ✓ SURVIVED
Gen 28821 | best fit   11.215 | equity $   12379 | sortino 11.22 | trades 1013 | ✓ SURVIVED
Gen 28826 | best fit   11.215 | equity $   12379 | sortino 11.22 | trades 1013 | ✓ SURVIVED
Gen 28831 | best fit   11.215 | equity $   12379 | sortino 11.22 | trades 1013 | ✓ SURVIVED
Gen 28836 | best fit   11.215 | equity $   12379 | sortino 11.22 | trades 1013 | ✓ SURVIVED
Gen 28841 | best fit   11.215 | equity $   12379 | sortino 11.22 | trades 1013 | ✓ SURVIVED
Gen 28846 | best fit   11.215 | equity $   12379 | sortino 11.22 | trades 1013 | ✓ SURVIVED
Gen 28851 | best fit   11.215 | equity $   12379 | sortino 11.22 | trades 1013 | ✓ SURVIVED
Gen 28856 | best fit   11.215 | equity $   12379 | sortino 11.22 | trades 1013 | ✓ SURVIVED
Gen 28861 | best fit   11.215 | equity $   12379 | sortino 11.22 | trades 1013 | ✓ SURVIVED
Gen 28866 | best fit   11.215 | equity $   12379 | sortino 11.22 | trades 1013 | ✓ SURVIVED
Gen 28871 | best fit   11.215 | equity $   12379 | sortino 11.22 | trades 1013 | ✓ SURVIVED
Gen 28876 | best fit   11.215 | equity $   12379 | sortino 11.22 | trades 1013 | ✓ SURVIVED
Gen 28881 | best fit   11.215 | equity $   12379 | sortino 11.22 | trades 1013 | ✓ SURVIVED
Gen 28886 | best fit   11.215 | equity $   12379 | sortino 11.22 | trades 1013 | ✓ SURVIVED
Gen 28891 | best fit   11.215 | equity $   12379 | sortino 11.22 | trades 1013 | ✓ SURVIVED
Gen 28896 | best fit   11.215 | equity $   12379 | sortino 11.22 | trades 1013 | ✓ SURVIVED
Gen 28901 | best fit   11.215 | equity $   12379 | sortino 11.22 | trades 1013 | ✓ SURVIVED
Gen 28906 | best fit   11.215 | equity $   12379 | sortino 11.22 | trades 1013 | ✓ SURVIVED
Gen 28911 | best fit   11.215 | equity $   12379 | sortino 11.22 | trades 1013 | ✓ SURVIVED
Gen 28916 | best fit   11.215 | equity $   12379 | sortino 11.22 | trades 1013 | ✓ SURVIVED
Gen 28921 | best fit   11.215 | equity $   12379 | sortino 11.22 | trades 1013 | ✓ SURVIVED
Gen 28926 | best fit   11.215 | equity $   12379 | sortino 11.22 | trades 1013 | ✓ SURVIVED
Gen 28931 | best fit   11.215 | equity $   12379 | sortino 11.22 | trades 1013 | ✓ SURVIVED
Gen 28936 | best fit   11.215 | equity $   12379 | sortino 11.22 | trades 1013 | ✓ SURVIVED
Gen 28941 | best fit   11.215 | equity $   12379 | sortino 11.22 | trades 1013 | ✓ SURVIVED
Gen 28946 | best fit   11.215 | equity $   12379 | sortino 11.22 | trades 1013 | ✓ SURVIVED
Gen 28951 | best fit   11.215 | equity $   12379 | sortino 11.22 | trades 1013 | ✓ SURVIVED
Gen 28956 | best fit   11.215 | equity $   12379 | sortino 11.22 | trades 1013 | ✓ SURVIVED
Gen 28961 | best fit   11.215 | equity $   12379 | sortino 11.22 | trades 1013 | ✓ SURVIVED
Gen 28966 | best fit   11.215 | equity $   12379 | sortino 11.22 | trades 1013 | ✓ SURVIVED
Gen 28971 | best fit   11.215 | equity $   12379 | sortino 11.22 | trades 1013 | ✓ SURVIVED
Gen 28976 | best fit   11.215 | equity $   12379 | sortino 11.22 | trades 1013 | ✓ SURVIVED
Gen 28981 | best fit   11.215 | equity $   12379 | sortino 11.22 | trades 1013 | ✓ SURVIVED
Gen 28986 | best fit   11.215 | equity $   12379 | sortino 11.22 | trades 1013 | ✓ SURVIVED
Gen 28991 | best fit   11.215 | equity $   12379 | sortino 11.22 | trades 1013 | ✓ SURVIVED
Gen 28996 | best fit   11.215 | equity $   12379 | sortino 11.22 | trades 1013 | ✓ SURVIVED
Gen 29001 | best fit   11.215 | equity $   12379 | sortino 11.22 | trades 1013 | ✓ SURVIVED
Gen 29006 | best fit   11.215 | equity $   12379 | sortino 11.22 | trades 1013 | ✓ SURVIVED
Gen 29011 | best fit   11.215 | equity $   12379 | sortino 11.22 | trades 1013 | ✓ SURVIVED
Gen 29016 | best fit   11.215 | equity $   12379 | sortino 11.22 | trades 1013 | ✓ SURVIVED
Gen 29021 | best fit   11.215 | equity $   12379 | sortino 11.22 | trades 1013 | ✓ SURVIVED
Gen 29026 | best fit   11.215 | equity $   12379 | sortino 11.22 | trades 1013 | ✓ SURVIVED
Gen 29031 | best fit   11.215 | equity $   12379 | sortino 11.22 | trades 1013 | ✓ SURVIVED
Gen 29036 | best fit   11.215 | equity $   12379 | sortino 11.22 | trades 1013 | ✓ SURVIVED
Gen 29041 | best fit   11.215 | equity $   12379 | sortino 11.22 | trades 1013 | ✓ SURVIVED
Gen 29046 | best fit   11.215 | equity $   12379 | sortino 11.22 | trades 1013 | ✓ SURVIVED
Gen 29051 | best fit   11.215 | equity $   12379 | sortino 11.22 | trades 1013 | ✓ SURVIVED
Gen 29056 | best fit   11.215 | equity $   12379 | sortino 11.22 | trades 1013 | ✓ SURVIVED
Gen 29061 | best fit   11.215 | equity $   12379 | sortino 11.22 | trades 1013 | ✓ SURVIVED
Gen 29066 | best fit   11.215 | equity $   12379 | sortino 11.22 | trades 1013 | ✓ SURVIVED
Gen 29071 | best fit   11.215 | equity $   12379 | sortino 11.22 | trades 1013 | ✓ SURVIVED
Gen 29076 | best fit   11.215 | equity $   12379 | sortino 11.22 | trades 1013 | ✓ SURVIVED
Gen 29081 | best fit   11.215 | equity $   12379 | sortino 11.22 | trades 1013 | ✓ SURVIVED
Gen 29086 | best fit   11.215 | equity $   12379 | sortino 11.22 | trades 1013 | ✓ SURVIVED
Gen 29091 | best fit   11.215 | equity $   12379 | sortino 11.22 | trades 1013 | ✓ SURVIVED
Gen 29096 | best fit   11.215 | equity $   12379 | sortino 11.22 | trades 1013 | ✓ SURVIVED
Gen 29101 | best fit   11.215 | equity $   12379 | sortino 11.22 | trades 1013 | ✓ SURVIVED
Gen 29106 | best fit   11.215 | equity $   12379 | sortino 11.22 | trades 1013 | ✓ SURVIVED
Gen 29111 | best fit   11.215 | equity $   12379 | sortino 11.22 | trades 1013 | ✓ SURVIVED
Gen 29116 | best fit   11.215 | equity $   12379 | sortino 11.22 | trades 1013 | ✓ SURVIVED
Gen 29121 | best fit   11.215 | equity $   12379 | sortino 11.22 | trades 1013 | ✓ SURVIVED
Gen 29126 | best fit   11.215 | equity $   12379 | sortino 11.22 | trades 1013 | ✓ SURVIVED
Gen 29131 | best fit   11.215 | equity $   12379 | sortino 11.22 | trades 1013 | ✓ SURVIVED
Gen 29136 | best fit   11.215 | equity $   12379 | sortino 11.22 | trades 1013 | ✓ SURVIVED
Gen 29141 | best fit   11.215 | equity $   12379 | sortino 11.22 | trades 1013 | ✓ SURVIVED
Gen 29146 | best fit   11.215 | equity $   12379 | sortino 11.22 | trades 1013 | ✓ SURVIVED
Gen 29151 | best fit   11.215 | equity $   12379 | sortino 11.22 | trades 1013 | ✓ SURVIVED
Gen 29156 | best fit   11.215 | equity $   12379 | sortino 11.22 | trades 1013 | ✓ SURVIVED
Gen 29161 | best fit   11.215 | equity $   12379 | sortino 11.22 | trades 1013 | ✓ SURVIVED
Gen 29166 | best fit   11.215 | equity $   12379 | sortino 11.22 | trades 1013 | ✓ SURVIVED
Gen 29171 | best fit   11.215 | equity $   12379 | sortino 11.22 | trades 1013 | ✓ SURVIVED
Gen 29176 | best fit   11.215 | equity $   12379 | sortino 11.22 | trades 1013 | ✓ SURVIVED
Gen 29181 | best fit   11.215 | equity $   12379 | sortino 11.22 | trades 1013 | ✓ SURVIVED
Gen 29186 | best fit   11.215 | equity $   12379 | sortino 11.22 | trades 1013 | ✓ SURVIVED
Gen 29191 | best fit   11.215 | equity $   12379 | sortino 11.22 | trades 1013 | ✓ SURVIVED
Gen 29196 | best fit   11.215 | equity $   12379 | sortino 11.22 | trades 1013 | ✓ SURVIVED
Gen 29201 | best fit   11.215 | equity $   12379 | sortino 11.22 | trades 1013 | ✓ SURVIVED
Gen 29206 | best fit   11.215 | equity $   12379 | sortino 11.22 | trades 1013 | ✓ SURVIVED
Gen 29211 | best fit   11.215 | equity $   12379 | sortino 11.22 | trades 1013 | ✓ SURVIVED
Gen 29216 | best fit   11.215 | equity $   12379 | sortino 11.22 | trades 1013 | ✓ SURVIVED
Gen 29221 | best fit   11.215 | equity $   12379 | sortino 11.22 | trades 1013 | ✓ SURVIVED
Gen 29226 | best fit   11.215 | equity $   12379 | sortino 11.22 | trades 1013 | ✓ SURVIVED
Gen 29231 | best fit   11.215 | equity $   12379 | sortino 11.22 | trades 1013 | ✓ SURVIVED
Gen 29236 | best fit   11.215 | equity $   12379 | sortino 11.22 | trades 1013 | ✓ SURVIVED
Gen 29241 | best fit   11.215 | equity $   12379 | sortino 11.22 | trades 1013 | ✓ SURVIVED
Gen 29246 | best fit   11.215 | equity $   12379 | sortino 11.22 | trades 1013 | ✓ SURVIVED
Gen 29251 | best fit   11.215 | equity $   12379 | sortino 11.22 | trades 1013 | ✓ SURVIVED
Gen 29256 | best fit   11.215 | equity $   12379 | sortino 11.22 | trades 1013 | ✓ SURVIVED
Gen 29261 | best fit   11.215 | equity $   12379 | sortino 11.22 | trades 1013 | ✓ SURVIVED
Gen 29266 | best fit   11.215 | equity $   12379 | sortino 11.22 | trades 1013 | ✓ SURVIVED
Gen 29271 | best fit   11.215 | equity $   12379 | sortino 11.22 | trades 1013 | ✓ SURVIVED
Gen 29276 | best fit   11.215 | equity $   12379 | sortino 11.22 | trades 1013 | ✓ SURVIVED
Gen 29281 | best fit   11.215 | equity $   12379 | sortino 11.22 | trades 1013 | ✓ SURVIVED
Gen 29286 | best fit   11.215 | equity $   12379 | sortino 11.22 | trades 1013 | ✓ SURVIVED
Gen 29291 | best fit   11.215 | equity $   12379 | sortino 11.22 | trades 1013 | ✓ SURVIVED
Gen 29296 | best fit   11.215 | equity $   12379 | sortino 11.22 | trades 1013 | ✓ SURVIVED
Gen 29301 | best fit   11.215 | equity $   12379 | sortino 11.22 | trades 1013 | ✓ SURVIVED
Gen 29306 | best fit   11.215 | equity $   12379 | sortino 11.22 | trades 1013 | ✓ SURVIVED
Gen 29311 | best fit   11.215 | equity $   12379 | sortino 11.22 | trades 1013 | ✓ SURVIVED
Gen 29316 | best fit   11.215 | equity $   12379 | sortino 11.22 | trades 1013 | ✓ SURVIVED
Gen 29321 | best fit   11.215 | equity $   12379 | sortino 11.22 | trades 1013 | ✓ SURVIVED
Gen 29326 | best fit   11.215 | equity $   12379 | sortino 11.22 | trades 1013 | ✓ SURVIVED
Gen 29331 | best fit   11.215 | equity $   12379 | sortino 11.22 | trades 1013 | ✓ SURVIVED
Gen 29336 | best fit   11.215 | equity $   12379 | sortino 11.22 | trades 1013 | ✓ SURVIVED
Gen 29341 | best fit   11.215 | equity $   12379 | sortino 11.22 | trades 1013 | ✓ SURVIVED
Gen 29346 | best fit   11.215 | equity $   12379 | sortino 11.22 | trades 1013 | ✓ SURVIVED
Gen 29351 | best fit   11.215 | equity $   12379 | sortino 11.22 | trades 1013 | ✓ SURVIVED
Gen 29356 | best fit   11.215 | equity $   12379 | sortino 11.22 | trades 1013 | ✓ SURVIVED
Gen 29361 | best fit   11.215 | equity $   12379 | sortino 11.22 | trades 1013 | ✓ SURVIVED
Gen 29366 | best fit   11.215 | equity $   12379 | sortino 11.22 | trades 1013 | ✓ SURVIVED
Gen 29371 | best fit   11.215 | equity $   12379 | sortino 11.22 | trades 1013 | ✓ SURVIVED
Gen 29376 | best fit   11.215 | equity $   12379 | sortino 11.22 | trades 1013 | ✓ SURVIVED
Gen 29381 | best fit   11.215 | equity $   12379 | sortino 11.22 | trades 1013 | ✓ SURVIVED
Gen 29386 | best fit   11.215 | equity $   12379 | sortino 11.22 | trades 1013 | ✓ SURVIVED
Gen 29391 | best fit   11.215 | equity $   12379 | sortino 11.22 | trades 1013 | ✓ SURVIVED
Gen 29396 | best fit   11.215 | equity $   12379 | sortino 11.22 | trades 1013 | ✓ SURVIVED
Gen 29401 | best fit   11.215 | equity $   12379 | sortino 11.22 | trades 1013 | ✓ SURVIVED
Gen 29406 | best fit   11.215 | equity $   12379 | sortino 11.22 | trades 1013 | ✓ SURVIVED
Gen 29411 | best fit   11.215 | equity $   12379 | sortino 11.22 | trades 1013 | ✓ SURVIVED
Gen 29416 | best fit   11.215 | equity $   12379 | sortino 11.22 | trades 1013 | ✓ SURVIVED
Gen 29421 | best fit   11.215 | equity $   12379 | sortino 11.22 | trades 1013 | ✓ SURVIVED
Gen 29426 | best fit   11.215 | equity $   12379 | sortino 11.22 | trades 1013 | ✓ SURVIVED
Gen 29431 | best fit   11.215 | equity $   12379 | sortino 11.22 | trades 1013 | ✓ SURVIVED
Gen 29436 | best fit   11.215 | equity $   12379 | sortino 11.22 | trades 1013 | ✓ SURVIVED
Gen 29441 | best fit   11.215 | equity $   12379 | sortino 11.22 | trades 1013 | ✓ SURVIVED
Gen 29446 | best fit   11.215 | equity $   12379 | sortino 11.22 | trades 1013 | ✓ SURVIVED
Gen 29451 | best fit   11.215 | equity $   12379 | sortino 11.22 | trades 1013 | ✓ SURVIVED
Gen 29456 | best fit   11.215 | equity $   12379 | sortino 11.22 | trades 1013 | ✓ SURVIVED
Gen 29461 | best fit   11.215 | equity $   12379 | sortino 11.22 | trades 1013 | ✓ SURVIVED
Gen 29466 | best fit   11.215 | equity $   12379 | sortino 11.22 | trades 1013 | ✓ SURVIVED
Gen 29471 | best fit   11.215 | equity $   12379 | sortino 11.22 | trades 1013 | ✓ SURVIVED
Gen 29476 | best fit   11.215 | equity $   12379 | sortino 11.22 | trades 1013 | ✓ SURVIVED
Gen 29481 | best fit   11.215 | equity $   12379 | sortino 11.22 | trades 1013 | ✓ SURVIVED
Gen 29486 | best fit   11.215 | equity $   12379 | sortino 11.22 | trades 1013 | ✓ SURVIVED
Gen 29491 | best fit   11.215 | equity $   12379 | sortino 11.22 | trades 1013 | ✓ SURVIVED
Gen 29496 | best fit   11.215 | equity $   12379 | sortino 11.22 | trades 1013 | ✓ SURVIVED
Gen 29501 | best fit   11.215 | equity $   12379 | sortino 11.22 | trades 1013 | ✓ SURVIVED
Gen 29506 | best fit   11.215 | equity $   12379 | sortino 11.22 | trades 1013 | ✓ SURVIVED
Gen 29511 | best fit   11.215 | equity $   12379 | sortino 11.22 | trades 1013 | ✓ SURVIVED
Gen 29516 | best fit   11.215 | equity $   12379 | sortino 11.22 | trades 1013 | ✓ SURVIVED
Gen 29521 | best fit   11.215 | equity $   12379 | sortino 11.22 | trades 1013 | ✓ SURVIVED
Gen 29526 | best fit   11.215 | equity $   12379 | sortino 11.22 | trades 1013 | ✓ SURVIVED
Gen 29531 | best fit   11.215 | equity $   12379 | sortino 11.22 | trades 1013 | ✓ SURVIVED
Gen 29536 | best fit   11.215 | equity $   12379 | sortino 11.22 | trades 1013 | ✓ SURVIVED
Gen 29541 | best fit   11.215 | equity $   12379 | sortino 11.22 | trades 1013 | ✓ SURVIVED
Gen 29546 | best fit   11.215 | equity $   12379 | sortino 11.22 | trades 1013 | ✓ SURVIVED
Gen 29551 | best fit   11.215 | equity $   12379 | sortino 11.22 | trades 1013 | ✓ SURVIVED
Gen 29556 | best fit   11.215 | equity $   12379 | sortino 11.22 | trades 1013 | ✓ SURVIVED
Gen 29561 | best fit   11.215 | equity $   12379 | sortino 11.22 | trades 1013 | ✓ SURVIVED
Gen 29566 | best fit   11.215 | equity $   12379 | sortino 11.22 | trades 1013 | ✓ SURVIVED
Gen 29571 | best fit   11.215 | equity $   12379 | sortino 11.22 | trades 1013 | ✓ SURVIVED
Gen 29576 | best fit   11.215 | equity $   12379 | sortino 11.22 | trades 1013 | ✓ SURVIVED
Gen 29581 | best fit   11.215 | equity $   12379 | sortino 11.22 | trades 1013 | ✓ SURVIVED
Gen 29586 | best fit   11.215 | equity $   12379 | sortino 11.22 | trades 1013 | ✓ SURVIVED
Gen 29591 | best fit   11.215 | equity $   12379 | sortino 11.22 | trades 1013 | ✓ SURVIVED
Gen 29596 | best fit   11.215 | equity $   12379 | sortino 11.22 | trades 1013 | ✓ SURVIVED
Gen 29601 | best fit   11.215 | equity $   12379 | sortino 11.22 | trades 1013 | ✓ SURVIVED
Gen 29606 | best fit   11.215 | equity $   12379 | sortino 11.22 | trades 1013 | ✓ SURVIVED
Gen 29611 | best fit   11.215 | equity $   12379 | sortino 11.22 | trades 1013 | ✓ SURVIVED
Gen 29616 | best fit   11.215 | equity $   12379 | sortino 11.22 | trades 1013 | ✓ SURVIVED
Gen 29621 | best fit   11.215 | equity $   12379 | sortino 11.22 | trades 1013 | ✓ SURVIVED
Gen 29626 | best fit   11.215 | equity $   12379 | sortino 11.22 | trades 1013 | ✓ SURVIVED
Gen 29631 | best fit   11.215 | equity $   12379 | sortino 11.22 | trades 1013 | ✓ SURVIVED
Gen 29636 | best fit   11.215 | equity $   12379 | sortino 11.22 | trades 1013 | ✓ SURVIVED
Gen 29641 | best fit   11.215 | equity $   12379 | sortino 11.22 | trades 1013 | ✓ SURVIVED
Gen 29646 | best fit   11.215 | equity $   12379 | sortino 11.22 | trades 1013 | ✓ SURVIVED
Gen 29651 | best fit   11.215 | equity $   12379 | sortino 11.22 | trades 1013 | ✓ SURVIVED
Gen 29656 | best fit   11.215 | equity $   12379 | sortino 11.22 | trades 1013 | ✓ SURVIVED
Gen 29661 | best fit   11.215 | equity $   12379 | sortino 11.22 | trades 1013 | ✓ SURVIVED
Gen 29666 | best fit   11.215 | equity $   12379 | sortino 11.22 | trades 1013 | ✓ SURVIVED
Gen 29671 | best fit   11.215 | equity $   12379 | sortino 11.22 | trades 1013 | ✓ SURVIVED
Gen 29676 | best fit   11.215 | equity $   12379 | sortino 11.22 | trades 1013 | ✓ SURVIVED
Gen 29681 | best fit   11.215 | equity $   12379 | sortino 11.22 | trades 1013 | ✓ SURVIVED
Gen 29686 | best fit   11.215 | equity $   12379 | sortino 11.22 | trades 1013 | ✓ SURVIVED
Gen 29691 | best fit   11.215 | equity $   12379 | sortino 11.22 | trades 1013 | ✓ SURVIVED
Gen 29696 | best fit   11.215 | equity $   12379 | sortino 11.22 | trades 1013 | ✓ SURVIVED
Gen 29701 | best fit   11.215 | equity $   12379 | sortino 11.22 | trades 1013 | ✓ SURVIVED
Gen 29706 | best fit   11.215 | equity $   12379 | sortino 11.22 | trades 1013 | ✓ SURVIVED
Gen 29711 | best fit   11.215 | equity $   12379 | sortino 11.22 | trades 1013 | ✓ SURVIVED
Gen 29716 | best fit   11.215 | equity $   12379 | sortino 11.22 | trades 1013 | ✓ SURVIVED
Gen 29721 | best fit   11.215 | equity $   12379 | sortino 11.22 | trades 1013 | ✓ SURVIVED
Gen 29726 | best fit   11.215 | equity $   12379 | sortino 11.22 | trades 1013 | ✓ SURVIVED
Gen 29731 | best fit   11.215 | equity $   12379 | sortino 11.22 | trades 1013 | ✓ SURVIVED
Gen 29736 | best fit   11.215 | equity $   12379 | sortino 11.22 | trades 1013 | ✓ SURVIVED
Gen 29741 | best fit   11.215 | equity $   12379 | sortino 11.22 | trades 1013 | ✓ SURVIVED
Gen 29746 | best fit   11.215 | equity $   12379 | sortino 11.22 | trades 1013 | ✓ SURVIVED
Gen 29751 | best fit   11.215 | equity $   12379 | sortino 11.22 | trades 1013 | ✓ SURVIVED
Gen 29756 | best fit   11.215 | equity $   12379 | sortino 11.22 | trades 1013 | ✓ SURVIVED
Gen 29761 | best fit   11.215 | equity $   12379 | sortino 11.22 | trades 1013 | ✓ SURVIVED
Gen 29766 | best fit   11.215 | equity $   12379 | sortino 11.22 | trades 1013 | ✓ SURVIVED
Gen 29771 | best fit   11.215 | equity $   12379 | sortino 11.22 | trades 1013 | ✓ SURVIVED
Gen 29776 | best fit   11.215 | equity $   12379 | sortino 11.22 | trades 1013 | ✓ SURVIVED
Gen 29781 | best fit   11.215 | equity $   12379 | sortino 11.22 | trades 1013 | ✓ SURVIVED
Gen 29786 | best fit   11.215 | equity $   12379 | sortino 11.22 | trades 1013 | ✓ SURVIVED
Gen 29791 | best fit   11.215 | equity $   12379 | sortino 11.22 | trades 1013 | ✓ SURVIVED
Gen 29796 | best fit   11.215 | equity $   12379 | sortino 11.22 | trades 1013 | ✓ SURVIVED
Gen 29801 | best fit   11.215 | equity $   12379 | sortino 11.22 | trades 1013 | ✓ SURVIVED
Gen 29806 | best fit   11.215 | equity $   12379 | sortino 11.22 | trades 1013 | ✓ SURVIVED
Gen 29811 | best fit   11.215 | equity $   12379 | sortino 11.22 | trades 1013 | ✓ SURVIVED
Gen 29816 | best fit   11.215 | equity $   12379 | sortino 11.22 | trades 1013 | ✓ SURVIVED
Gen 29821 | best fit   11.215 | equity $   12379 | sortino 11.22 | trades 1013 | ✓ SURVIVED
Gen 29826 | best fit   11.215 | equity $   12379 | sortino 11.22 | trades 1013 | ✓ SURVIVED
Gen 29831 | best fit   11.215 | equity $   12379 | sortino 11.22 | trades 1013 | ✓ SURVIVED
Gen 29836 | best fit   11.215 | equity $   12379 | sortino 11.22 | trades 1013 | ✓ SURVIVED
Gen 29841 | best fit   11.215 | equity $   12379 | sortino 11.22 | trades 1013 | ✓ SURVIVED
Gen 29846 | best fit   11.215 | equity $   12379 | sortino 11.22 | trades 1013 | ✓ SURVIVED
Gen 29851 | best fit   11.215 | equity $   12379 | sortino 11.22 | trades 1013 | ✓ SURVIVED
Gen 29856 | best fit   11.215 | equity $   12379 | sortino 11.22 | trades 1013 | ✓ SURVIVED
Gen 29861 | best fit   11.215 | equity $   12379 | sortino 11.22 | trades 1013 | ✓ SURVIVED
Gen 29866 | best fit   11.215 | equity $   12379 | sortino 11.22 | trades 1013 | ✓ SURVIVED
Gen 29871 | best fit   11.215 | equity $   12379 | sortino 11.22 | trades 1013 | ✓ SURVIVED
Gen 29876 | best fit   11.215 | equity $   12379 | sortino 11.22 | trades 1013 | ✓ SURVIVED
Gen 29881 | best fit   11.215 | equity $   12379 | sortino 11.22 | trades 1013 | ✓ SURVIVED
Gen 29886 | best fit   11.215 | equity $   12379 | sortino 11.22 | trades 1013 | ✓ SURVIVED
Gen 29891 | best fit   11.215 | equity $   12379 | sortino 11.22 | trades 1013 | ✓ SURVIVED
Gen 29896 | best fit   11.215 | equity $   12379 | sortino 11.22 | trades 1013 | ✓ SURVIVED
Gen 29901 | best fit   11.215 | equity $   12379 | sortino 11.22 | trades 1013 | ✓ SURVIVED
Gen 29906 | best fit   11.215 | equity $   12379 | sortino 11.22 | trades 1013 | ✓ SURVIVED
Gen 29911 | best fit   11.215 | equity $   12379 | sortino 11.22 | trades 1013 | ✓ SURVIVED
Gen 29916 | best fit   11.215 | equity $   12379 | sortino 11.22 | trades 1013 | ✓ SURVIVED
Gen 29921 | best fit   11.215 | equity $   12379 | sortino 11.22 | trades 1013 | ✓ SURVIVED
Gen 29926 | best fit   11.215 | equity $   12379 | sortino 11.22 | trades 1013 | ✓ SURVIVED
Gen 29931 | best fit   11.215 | equity $   12379 | sortino 11.22 | trades 1013 | ✓ SURVIVED
Gen 29936 | best fit   11.215 | equity $   12379 | sortino 11.22 | trades 1013 | ✓ SURVIVED
Gen 29941 | best fit   11.215 | equity $   12379 | sortino 11.22 | trades 1013 | ✓ SURVIVED
Gen 29946 | best fit   11.215 | equity $   12379 | sortino 11.22 | trades 1013 | ✓ SURVIVED
Gen 29951 | best fit   11.215 | equity $   12379 | sortino 11.22 | trades 1013 | ✓ SURVIVED
Gen 29956 | best fit   11.215 | equity $   12379 | sortino 11.22 | trades 1013 | ✓ SURVIVED
Gen 29961 | best fit   11.215 | equity $   12379 | sortino 11.22 | trades 1013 | ✓ SURVIVED
Gen 29966 | best fit   11.215 | equity $   12379 | sortino 11.22 | trades 1013 | ✓ SURVIVED
Gen 29971 | best fit   11.215 | equity $   12379 | sortino 11.22 | trades 1013 | ✓ SURVIVED
Gen 29976 | best fit   11.215 | equity $   12379 | sortino 11.22 | trades 1013 | ✓ SURVIVED
Gen 29981 | best fit   11.215 | equity $   12379 | sortino 11.22 | trades 1013 | ✓ SURVIVED
Gen 29986 | best fit   11.215 | equity $   12379 | sortino 11.22 | trades 1013 | ✓ SURVIVED
Gen 29991 | best fit   11.215 | equity $   12379 | sortino 11.22 | trades 1013 | ✓ SURVIVED
Gen 29996 | best fit   11.215 | equity $   12379 | sortino 11.22 | trades 1013 | ✓ SURVIVED
Gen 30001 | best fit   11.215 | equity $   12379 | sortino 11.22 | trades 1013 | ✓ SURVIVED
Gen 30006 | best fit   11.215 | equity $   12379 | sortino 11.22 | trades 1013 | ✓ SURVIVED
Gen 30011 | best fit   11.215 | equity $   12379 | sortino 11.22 | trades 1013 | ✓ SURVIVED
Gen 30016 | best fit   11.215 | equity $   12379 | sortino 11.22 | trades 1013 | ✓ SURVIVED
Gen 30021 | best fit   11.215 | equity $   12379 | sortino 11.22 | trades 1013 | ✓ SURVIVED
Gen 30026 | best fit   11.215 | equity $   12379 | sortino 11.22 | trades 1013 | ✓ SURVIVED
Gen 30031 | best fit   11.215 | equity $   12379 | sortino 11.22 | trades 1013 | ✓ SURVIVED
Gen 30036 | best fit   11.215 | equity $   12379 | sortino 11.22 | trades 1013 | ✓ SURVIVED
Gen 30041 | best fit   11.215 | equity $   12379 | sortino 11.22 | trades 1013 | ✓ SURVIVED
Gen 30046 | best fit   11.215 | equity $   12379 | sortino 11.22 | trades 1013 | ✓ SURVIVED
Gen 30051 | best fit   11.215 | equity $   12379 | sortino 11.22 | trades 1013 | ✓ SURVIVED
Gen 30056 | best fit   11.215 | equity $   12379 | sortino 11.22 | trades 1013 | ✓ SURVIVED
Gen 30061 | best fit   11.215 | equity $   12379 | sortino 11.22 | trades 1013 | ✓ SURVIVED
Gen 30066 | best fit   11.215 | equity $   12379 | sortino 11.22 | trades 1013 | ✓ SURVIVED
Gen 30071 | best fit   11.215 | equity $   12379 | sortino 11.22 | trades 1013 | ✓ SURVIVED
Gen 30076 | best fit   11.215 | equity $   12379 | sortino 11.22 | trades 1013 | ✓ SURVIVED
Gen 30081 | best fit   11.215 | equity $   12379 | sortino 11.22 | trades 1013 | ✓ SURVIVED
Gen 30086 | best fit   11.215 | equity $   12379 | sortino 11.22 | trades 1013 | ✓ SURVIVED
Gen 30091 | best fit   11.215 | equity $   12379 | sortino 11.22 | trades 1013 | ✓ SURVIVED
Gen 30096 | best fit   11.215 | equity $   12379 | sortino 11.22 | trades 1013 | ✓ SURVIVED
Gen 30101 | best fit   11.215 | equity $   12379 | sortino 11.22 | trades 1013 | ✓ SURVIVED
Gen 30106 | best fit   11.215 | equity $   12379 | sortino 11.22 | trades 1013 | ✓ SURVIVED
Gen 30111 | best fit   11.215 | equity $   12379 | sortino 11.22 | trades 1013 | ✓ SURVIVED
Gen 30116 | best fit   11.215 | equity $   12379 | sortino 11.22 | trades 1013 | ✓ SURVIVED
Gen 30121 | best fit   11.215 | equity $   12379 | sortino 11.22 | trades 1013 | ✓ SURVIVED
Gen 30126 | best fit   11.215 | equity $   12379 | sortino 11.22 | trades 1013 | ✓ SURVIVED
Gen 30131 | best fit   11.215 | equity $   12379 | sortino 11.22 | trades 1013 | ✓ SURVIVED
Gen 30136 | best fit   11.215 | equity $   12379 | sortino 11.22 | trades 1013 | ✓ SURVIVED
Gen 30141 | best fit   11.215 | equity $   12379 | sortino 11.22 | trades 1013 | ✓ SURVIVED
Gen 30146 | best fit   11.215 | equity $   12379 | sortino 11.22 | trades 1013 | ✓ SURVIVED
Gen 30151 | best fit   11.215 | equity $   12379 | sortino 11.22 | trades 1013 | ✓ SURVIVED
Gen 30156 | best fit   11.215 | equity $   12379 | sortino 11.22 | trades 1013 | ✓ SURVIVED
Gen 30161 | best fit   11.215 | equity $   12379 | sortino 11.22 | trades 1013 | ✓ SURVIVED
Gen 30166 | best fit   11.215 | equity $   12379 | sortino 11.22 | trades 1013 | ✓ SURVIVED
Gen 30171 | best fit   11.215 | equity $   12379 | sortino 11.22 | trades 1013 | ✓ SURVIVED
Gen 30176 | best fit   11.215 | equity $   12379 | sortino 11.22 | trades 1013 | ✓ SURVIVED
Gen 30181 | best fit   11.215 | equity $   12379 | sortino 11.22 | trades 1013 | ✓ SURVIVED
Gen 30186 | best fit   11.215 | equity $   12379 | sortino 11.22 | trades 1013 | ✓ SURVIVED
Gen 30191 | best fit   11.215 | equity $   12379 | sortino 11.22 | trades 1013 | ✓ SURVIVED
Gen 30196 | best fit   11.215 | equity $   12379 | sortino 11.22 | trades 1013 | ✓ SURVIVED
Gen 30201 | best fit   11.215 | equity $   12379 | sortino 11.22 | trades 1013 | ✓ SURVIVED
Gen 30206 | best fit   11.215 | equity $   12379 | sortino 11.22 | trades 1013 | ✓ SURVIVED
Gen 30211 | best fit   11.215 | equity $   12379 | sortino 11.22 | trades 1013 | ✓ SURVIVED
Gen 30216 | best fit   11.215 | equity $   12379 | sortino 11.22 | trades 1013 | ✓ SURVIVED
Gen 30221 | best fit   11.215 | equity $   12379 | sortino 11.22 | trades 1013 | ✓ SURVIVED
Gen 30226 | best fit   11.215 | equity $   12379 | sortino 11.22 | trades 1013 | ✓ SURVIVED
Gen 30231 | best fit   11.215 | equity $   12379 | sortino 11.22 | trades 1013 | ✓ SURVIVED
Gen 30236 | best fit   11.215 | equity $   12379 | sortino 11.22 | trades 1013 | ✓ SURVIVED
Gen 30241 | best fit   11.215 | equity $   12379 | sortino 11.22 | trades 1013 | ✓ SURVIVED
Gen 30246 | best fit   11.215 | equity $   12379 | sortino 11.22 | trades 1013 | ✓ SURVIVED
Gen 30251 | best fit   11.215 | equity $   12379 | sortino 11.22 | trades 1013 | ✓ SURVIVED
Gen 30256 | best fit   11.215 | equity $   12379 | sortino 11.22 | trades 1013 | ✓ SURVIVED
Gen 30261 | best fit   11.215 | equity $   12379 | sortino 11.22 | trades 1013 | ✓ SURVIVED
Gen 30266 | best fit   11.215 | equity $   12379 | sortino 11.22 | trades 1013 | ✓ SURVIVED
Gen 30271 | best fit   11.215 | equity $   12379 | sortino 11.22 | trades 1013 | ✓ SURVIVED
Gen 30276 | best fit   11.215 | equity $   12379 | sortino 11.22 | trades 1013 | ✓ SURVIVED
Gen 30281 | best fit   11.215 | equity $   12379 | sortino 11.22 | trades 1013 | ✓ SURVIVED
Gen 30286 | best fit   11.215 | equity $   12379 | sortino 11.22 | trades 1013 | ✓ SURVIVED
Gen 30291 | best fit   11.215 | equity $   12379 | sortino 11.22 | trades 1013 | ✓ SURVIVED
Gen 30296 | best fit   11.215 | equity $   12379 | sortino 11.22 | trades 1013 | ✓ SURVIVED
Gen 30301 | best fit   11.215 | equity $   12379 | sortino 11.22 | trades 1013 | ✓ SURVIVED
Gen 30306 | best fit   11.215 | equity $   12379 | sortino 11.22 | trades 1013 | ✓ SURVIVED
Gen 30311 | best fit   11.215 | equity $   12379 | sortino 11.22 | trades 1013 | ✓ SURVIVED
Gen 30316 | best fit   11.215 | equity $   12379 | sortino 11.22 | trades 1013 | ✓ SURVIVED
Gen 30321 | best fit   11.215 | equity $   12379 | sortino 11.22 | trades 1013 | ✓ SURVIVED
Gen 30326 | best fit   11.215 | equity $   12379 | sortino 11.22 | trades 1013 | ✓ SURVIVED
Gen 30331 | best fit   11.215 | equity $   12379 | sortino 11.22 | trades 1013 | ✓ SURVIVED
Gen 30336 | best fit   11.215 | equity $   12379 | sortino 11.22 | trades 1013 | ✓ SURVIVED
Gen 30341 | best fit   11.215 | equity $   12379 | sortino 11.22 | trades 1013 | ✓ SURVIVED
Gen 30346 | best fit   11.215 | equity $   12379 | sortino 11.22 | trades 1013 | ✓ SURVIVED
Gen 30351 | best fit   11.215 | equity $   12379 | sortino 11.22 | trades 1013 | ✓ SURVIVED
Gen 30356 | best fit   11.215 | equity $   12379 | sortino 11.22 | trades 1013 | ✓ SURVIVED
Gen 30361 | best fit   11.215 | equity $   12379 | sortino 11.22 | trades 1013 | ✓ SURVIVED
Gen 30366 | best fit   11.215 | equity $   12379 | sortino 11.22 | trades 1013 | ✓ SURVIVED
Gen 30371 | best fit   11.215 | equity $   12379 | sortino 11.22 | trades 1013 | ✓ SURVIVED
Gen 30376 | best fit   11.215 | equity $   12379 | sortino 11.22 | trades 1013 | ✓ SURVIVED
Gen 30381 | best fit   11.215 | equity $   12379 | sortino 11.22 | trades 1013 | ✓ SURVIVED
Gen 30386 | best fit   11.215 | equity $   12379 | sortino 11.22 | trades 1013 | ✓ SURVIVED
Gen 30391 | best fit   11.215 | equity $   12379 | sortino 11.22 | trades 1013 | ✓ SURVIVED
Gen 30396 | best fit   11.215 | equity $   12379 | sortino 11.22 | trades 1013 | ✓ SURVIVED
Gen 30401 | best fit   11.215 | equity $   12379 | sortino 11.22 | trades 1013 | ✓ SURVIVED
Gen 30406 | best fit   11.215 | equity $   12379 | sortino 11.22 | trades 1013 | ✓ SURVIVED
Gen 30411 | best fit   11.215 | equity $   12379 | sortino 11.22 | trades 1013 | ✓ SURVIVED
Gen 30416 | best fit   11.215 | equity $   12379 | sortino 11.22 | trades 1013 | ✓ SURVIVED
Gen 30421 | best fit   11.215 | equity $   12379 | sortino 11.22 | trades 1013 | ✓ SURVIVED
Gen 30426 | best fit   11.215 | equity $   12379 | sortino 11.22 | trades 1013 | ✓ SURVIVED
Gen 30431 | best fit   11.215 | equity $   12379 | sortino 11.22 | trades 1013 | ✓ SURVIVED
Gen 30436 | best fit   11.215 | equity $   12379 | sortino 11.22 | trades 1013 | ✓ SURVIVED
Gen 30441 | best fit   11.215 | equity $   12379 | sortino 11.22 | trades 1013 | ✓ SURVIVED
Gen 30446 | best fit   11.215 | equity $   12379 | sortino 11.22 | trades 1013 | ✓ SURVIVED
Gen 30451 | best fit   11.215 | equity $   12379 | sortino 11.22 | trades 1013 | ✓ SURVIVED
Gen 30456 | best fit   11.215 | equity $   12379 | sortino 11.22 | trades 1013 | ✓ SURVIVED
Gen 30461 | best fit   11.215 | equity $   12379 | sortino 11.22 | trades 1013 | ✓ SURVIVED
Gen 30466 | best fit   11.215 | equity $   12379 | sortino 11.22 | trades 1013 | ✓ SURVIVED
Gen 30471 | best fit   11.215 | equity $   12379 | sortino 11.22 | trades 1013 | ✓ SURVIVED
Gen 30476 | best fit   11.215 | equity $   12379 | sortino 11.22 | trades 1013 | ✓ SURVIVED
Gen 30481 | best fit   11.215 | equity $   12379 | sortino 11.22 | trades 1013 | ✓ SURVIVED
Gen 30486 | best fit   11.215 | equity $   12379 | sortino 11.22 | trades 1013 | ✓ SURVIVED
Gen 30491 | best fit   11.215 | equity $   12379 | sortino 11.22 | trades 1013 | ✓ SURVIVED
Gen 30496 | best fit   11.215 | equity $   12379 | sortino 11.22 | trades 1013 | ✓ SURVIVED
Gen 30501 | best fit   11.215 | equity $   12379 | sortino 11.22 | trades 1013 | ✓ SURVIVED
Gen 30506 | best fit   11.215 | equity $   12379 | sortino 11.22 | trades 1013 | ✓ SURVIVED
Gen 30511 | best fit   11.215 | equity $   12379 | sortino 11.22 | trades 1013 | ✓ SURVIVED
Gen 30516 | best fit   11.215 | equity $   12379 | sortino 11.22 | trades 1013 | ✓ SURVIVED
Gen 30521 | best fit   11.215 | equity $   12379 | sortino 11.22 | trades 1013 | ✓ SURVIVED
Gen 30526 | best fit   11.215 | equity $   12379 | sortino 11.22 | trades 1013 | ✓ SURVIVED
Gen 30531 | best fit   11.215 | equity $   12379 | sortino 11.22 | trades 1013 | ✓ SURVIVED
Gen 30536 | best fit   11.215 | equity $   12379 | sortino 11.22 | trades 1013 | ✓ SURVIVED
Gen 30541 | best fit   11.215 | equity $   12379 | sortino 11.22 | trades 1013 | ✓ SURVIVED
Gen 30546 | best fit   11.215 | equity $   12379 | sortino 11.22 | trades 1013 | ✓ SURVIVED
Gen 30551 | best fit   11.215 | equity $   12379 | sortino 11.22 | trades 1013 | ✓ SURVIVED
Gen 30556 | best fit   11.215 | equity $   12379 | sortino 11.22 | trades 1013 | ✓ SURVIVED
Gen 30561 | best fit   11.215 | equity $   12379 | sortino 11.22 | trades 1013 | ✓ SURVIVED
Gen 30566 | best fit   11.215 | equity $   12379 | sortino 11.22 | trades 1013 | ✓ SURVIVED
Gen 30571 | best fit   11.215 | equity $   12379 | sortino 11.22 | trades 1013 | ✓ SURVIVED
Gen 30576 | best fit   11.215 | equity $   12379 | sortino 11.22 | trades 1013 | ✓ SURVIVED
Gen 30581 | best fit   11.215 | equity $   12379 | sortino 11.22 | trades 1013 | ✓ SURVIVED
Gen 30586 | best fit   11.215 | equity $   12379 | sortino 11.22 | trades 1013 | ✓ SURVIVED
Gen 30591 | best fit   11.215 | equity $   12379 | sortino 11.22 | trades 1013 | ✓ SURVIVED
Gen 30596 | best fit   11.215 | equity $   12379 | sortino 11.22 | trades 1013 | ✓ SURVIVED
Gen 30601 | best fit   11.215 | equity $   12379 | sortino 11.22 | trades 1013 | ✓ SURVIVED
Gen 30606 | best fit   11.215 | equity $   12379 | sortino 11.22 | trades 1013 | ✓ SURVIVED
Gen 30611 | best fit   11.215 | equity $   12379 | sortino 11.22 | trades 1013 | ✓ SURVIVED
Gen 30616 | best fit   11.215 | equity $   12379 | sortino 11.22 | trades 1013 | ✓ SURVIVED
Gen 30621 | best fit   11.215 | equity $   12379 | sortino 11.22 | trades 1013 | ✓ SURVIVED
Gen 30626 | best fit   11.215 | equity $   12379 | sortino 11.22 | trades 1013 | ✓ SURVIVED
Gen 30631 | best fit   11.215 | equity $   12379 | sortino 11.22 | trades 1013 | ✓ SURVIVED
Gen 30636 | best fit   11.215 | equity $   12379 | sortino 11.22 | trades 1013 | ✓ SURVIVED
Gen 30641 | best fit   11.215 | equity $   12379 | sortino 11.22 | trades 1013 | ✓ SURVIVED
Gen 30646 | best fit   11.215 | equity $   12379 | sortino 11.22 | trades 1013 | ✓ SURVIVED
Gen 30651 | best fit   11.215 | equity $   12379 | sortino 11.22 | trades 1013 | ✓ SURVIVED
Gen 30656 | best fit   11.215 | equity $   12379 | sortino 11.22 | trades 1013 | ✓ SURVIVED
Gen 30661 | best fit   11.215 | equity $   12379 | sortino 11.22 | trades 1013 | ✓ SURVIVED
Gen 30666 | best fit   11.215 | equity $   12379 | sortino 11.22 | trades 1013 | ✓ SURVIVED
Gen 30671 | best fit   11.215 | equity $   12379 | sortino 11.22 | trades 1013 | ✓ SURVIVED
Gen 30676 | best fit   11.215 | equity $   12379 | sortino 11.22 | trades 1013 | ✓ SURVIVED
Gen 30681 | best fit   11.215 | equity $   12379 | sortino 11.22 | trades 1013 | ✓ SURVIVED
Gen 30686 | best fit   11.215 | equity $   12379 | sortino 11.22 | trades 1013 | ✓ SURVIVED
Gen 30691 | best fit   11.215 | equity $   12379 | sortino 11.22 | trades 1013 | ✓ SURVIVED
Gen 30696 | best fit   11.215 | equity $   12379 | sortino 11.22 | trades 1013 | ✓ SURVIVED
Gen 30701 | best fit   11.215 | equity $   12379 | sortino 11.22 | trades 1013 | ✓ SURVIVED
Gen 30706 | best fit   11.215 | equity $   12379 | sortino 11.22 | trades 1013 | ✓ SURVIVED
Gen 30711 | best fit   11.215 | equity $   12379 | sortino 11.22 | trades 1013 | ✓ SURVIVED
Gen 30716 | best fit   11.215 | equity $   12379 | sortino 11.22 | trades 1013 | ✓ SURVIVED
Gen 30721 | best fit   11.215 | equity $   12379 | sortino 11.22 | trades 1013 | ✓ SURVIVED
Gen 30726 | best fit   11.215 | equity $   12379 | sortino 11.22 | trades 1013 | ✓ SURVIVED
Gen 30731 | best fit   11.215 | equity $   12379 | sortino 11.22 | trades 1013 | ✓ SURVIVED
Gen 30736 | best fit   11.215 | equity $   12379 | sortino 11.22 | trades 1013 | ✓ SURVIVED
Gen 30741 | best fit   11.215 | equity $   12379 | sortino 11.22 | trades 1013 | ✓ SURVIVED
Gen 30746 | best fit   11.215 | equity $   12379 | sortino 11.22 | trades 1013 | ✓ SURVIVED
Gen 30751 | best fit   11.215 | equity $   12379 | sortino 11.22 | trades 1013 | ✓ SURVIVED
Gen 30756 | best fit   11.215 | equity $   12379 | sortino 11.22 | trades 1013 | ✓ SURVIVED
Gen 30761 | best fit   11.215 | equity $   12379 | sortino 11.22 | trades 1013 | ✓ SURVIVED
Gen 30766 | best fit   11.215 | equity $   12379 | sortino 11.22 | trades 1013 | ✓ SURVIVED
Gen 30771 | best fit   11.215 | equity $   12379 | sortino 11.22 | trades 1013 | ✓ SURVIVED
Gen 30776 | best fit   11.215 | equity $   12379 | sortino 11.22 | trades 1013 | ✓ SURVIVED
Gen 30781 | best fit   11.215 | equity $   12379 | sortino 11.22 | trades 1013 | ✓ SURVIVED
Gen 30786 | best fit   11.215 | equity $   12379 | sortino 11.22 | trades 1013 | ✓ SURVIVED
Gen 30791 | best fit   11.215 | equity $   12379 | sortino 11.22 | trades 1013 | ✓ SURVIVED
Gen 30796 | best fit   11.215 | equity $   12379 | sortino 11.22 | trades 1013 | ✓ SURVIVED
Gen 30801 | best fit   11.215 | equity $   12379 | sortino 11.22 | trades 1013 | ✓ SURVIVED
Gen 30806 | best fit   11.215 | equity $   12379 | sortino 11.22 | trades 1013 | ✓ SURVIVED
Gen 30811 | best fit   11.215 | equity $   12379 | sortino 11.22 | trades 1013 | ✓ SURVIVED
Gen 30816 | best fit   11.215 | equity $   12379 | sortino 11.22 | trades 1013 | ✓ SURVIVED
Gen 30821 | best fit   11.215 | equity $   12379 | sortino 11.22 | trades 1013 | ✓ SURVIVED
Gen 30826 | best fit   11.215 | equity $   12379 | sortino 11.22 | trades 1013 | ✓ SURVIVED
Gen 30831 | best fit   11.215 | equity $   12379 | sortino 11.22 | trades 1013 | ✓ SURVIVED
Gen 30836 | best fit   11.215 | equity $   12379 | sortino 11.22 | trades 1013 | ✓ SURVIVED
Gen 30841 | best fit   11.215 | equity $   12379 | sortino 11.22 | trades 1013 | ✓ SURVIVED
Gen 30846 | best fit   11.215 | equity $   12379 | sortino 11.22 | trades 1013 | ✓ SURVIVED
Gen 30851 | best fit   11.215 | equity $   12379 | sortino 11.22 | trades 1013 | ✓ SURVIVED
Gen 30856 | best fit   11.215 | equity $   12379 | sortino 11.22 | trades 1013 | ✓ SURVIVED
Gen 30861 | best fit   11.215 | equity $   12379 | sortino 11.22 | trades 1013 | ✓ SURVIVED
Gen 30866 | best fit   11.215 | equity $   12379 | sortino 11.22 | trades 1013 | ✓ SURVIVED
Gen 30871 | best fit   11.215 | equity $   12379 | sortino 11.22 | trades 1013 | ✓ SURVIVED
Gen 30876 | best fit   11.215 | equity $   12379 | sortino 11.22 | trades 1013 | ✓ SURVIVED
Gen 30881 | best fit   11.215 | equity $   12379 | sortino 11.22 | trades 1013 | ✓ SURVIVED
Gen 30886 | best fit   11.215 | equity $   12379 | sortino 11.22 | trades 1013 | ✓ SURVIVED
Gen 30891 | best fit   11.215 | equity $   12379 | sortino 11.22 | trades 1013 | ✓ SURVIVED
Gen 30896 | best fit   11.215 | equity $   12379 | sortino 11.22 | trades 1013 | ✓ SURVIVED
Gen 30901 | best fit   11.215 | equity $   12379 | sortino 11.22 | trades 1013 | ✓ SURVIVED
Gen 30906 | best fit   11.215 | equity $   12379 | sortino 11.22 | trades 1013 | ✓ SURVIVED
Gen 30911 | best fit   11.215 | equity $   12379 | sortino 11.22 | trades 1013 | ✓ SURVIVED
Gen 30916 | best fit   11.215 | equity $   12379 | sortino 11.22 | trades 1013 | ✓ SURVIVED
Gen 30921 | best fit   11.215 | equity $   12379 | sortino 11.22 | trades 1013 | ✓ SURVIVED
Gen 30926 | best fit   11.215 | equity $   12379 | sortino 11.22 | trades 1013 | ✓ SURVIVED
Gen 30931 | best fit   11.215 | equity $   12379 | sortino 11.22 | trades 1013 | ✓ SURVIVED
Gen 30936 | best fit   11.215 | equity $   12379 | sortino 11.22 | trades 1013 | ✓ SURVIVED
Gen 30941 | best fit   11.215 | equity $   12379 | sortino 11.22 | trades 1013 | ✓ SURVIVED
Gen 30946 | best fit   11.215 | equity $   12379 | sortino 11.22 | trades 1013 | ✓ SURVIVED
Gen 30951 | best fit   11.215 | equity $   12379 | sortino 11.22 | trades 1013 | ✓ SURVIVED
Gen 30956 | best fit   11.215 | equity $   12379 | sortino 11.22 | trades 1013 | ✓ SURVIVED
Gen 30961 | best fit   11.215 | equity $   12379 | sortino 11.22 | trades 1013 | ✓ SURVIVED
Gen 30966 | best fit   11.215 | equity $   12379 | sortino 11.22 | trades 1013 | ✓ SURVIVED
Gen 30971 | best fit   11.215 | equity $   12379 | sortino 11.22 | trades 1013 | ✓ SURVIVED
Gen 30976 | best fit   11.215 | equity $   12379 | sortino 11.22 | trades 1013 | ✓ SURVIVED
Gen 30981 | best fit   11.215 | equity $   12379 | sortino 11.22 | trades 1013 | ✓ SURVIVED
Gen 30986 | best fit   11.215 | equity $   12379 | sortino 11.22 | trades 1013 | ✓ SURVIVED
Gen 30991 | best fit   11.215 | equity $   12379 | sortino 11.22 | trades 1013 | ✓ SURVIVED
Gen 30996 | best fit   11.215 | equity $   12379 | sortino 11.22 | trades 1013 | ✓ SURVIVED
Gen 31001 | best fit   11.215 | equity $   12379 | sortino 11.22 | trades 1013 | ✓ SURVIVED
Gen 31006 | best fit   11.215 | equity $   12379 | sortino 11.22 | trades 1013 | ✓ SURVIVED
Gen 31011 | best fit   11.215 | equity $   12379 | sortino 11.22 | trades 1013 | ✓ SURVIVED
Gen 31016 | best fit   11.215 | equity $   12379 | sortino 11.22 | trades 1013 | ✓ SURVIVED
Gen 31021 | best fit   11.215 | equity $   12379 | sortino 11.22 | trades 1013 | ✓ SURVIVED
Gen 31026 | best fit   11.215 | equity $   12379 | sortino 11.22 | trades 1013 | ✓ SURVIVED
Gen 31031 | best fit   11.215 | equity $   12379 | sortino 11.22 | trades 1013 | ✓ SURVIVED
Gen 31036 | best fit   11.215 | equity $   12379 | sortino 11.22 | trades 1013 | ✓ SURVIVED
Gen 31041 | best fit   11.215 | equity $   12379 | sortino 11.22 | trades 1013 | ✓ SURVIVED
Gen 31046 | best fit   11.215 | equity $   12379 | sortino 11.22 | trades 1013 | ✓ SURVIVED
Gen 31051 | best fit   11.215 | equity $   12379 | sortino 11.22 | trades 1013 | ✓ SURVIVED
Gen 31056 | best fit   11.215 | equity $   12379 | sortino 11.22 | trades 1013 | ✓ SURVIVED
Gen 31061 | best fit   11.215 | equity $   12379 | sortino 11.22 | trades 1013 | ✓ SURVIVED
Gen 31066 | best fit   11.215 | equity $   12379 | sortino 11.22 | trades 1013 | ✓ SURVIVED
Gen 31071 | best fit   11.215 | equity $   12379 | sortino 11.22 | trades 1013 | ✓ SURVIVED
Gen 31076 | best fit   11.215 | equity $   12379 | sortino 11.22 | trades 1013 | ✓ SURVIVED
Gen 31081 | best fit   11.215 | equity $   12379 | sortino 11.22 | trades 1013 | ✓ SURVIVED
Gen 31086 | best fit   11.215 | equity $   12379 | sortino 11.22 | trades 1013 | ✓ SURVIVED
Gen 31091 | best fit   11.215 | equity $   12379 | sortino 11.22 | trades 1013 | ✓ SURVIVED
Gen 31096 | best fit   11.215 | equity $   12379 | sortino 11.22 | trades 1013 | ✓ SURVIVED
Gen 31101 | best fit   11.215 | equity $   12379 | sortino 11.22 | trades 1013 | ✓ SURVIVED
Gen 31106 | best fit   11.215 | equity $   12379 | sortino 11.22 | trades 1013 | ✓ SURVIVED
Gen 31111 | best fit   11.215 | equity $   12379 | sortino 11.22 | trades 1013 | ✓ SURVIVED
Gen 31116 | best fit   11.215 | equity $   12379 | sortino 11.22 | trades 1013 | ✓ SURVIVED
Gen 31121 | best fit   11.215 | equity $   12379 | sortino 11.22 | trades 1013 | ✓ SURVIVED
Gen 31126 | best fit   11.215 | equity $   12379 | sortino 11.22 | trades 1013 | ✓ SURVIVED
Gen 31131 | best fit   11.215 | equity $   12379 | sortino 11.22 | trades 1013 | ✓ SURVIVED
Gen 31136 | best fit   11.215 | equity $   12379 | sortino 11.22 | trades 1013 | ✓ SURVIVED
Gen 31141 | best fit   11.215 | equity $   12379 | sortino 11.22 | trades 1013 | ✓ SURVIVED
Gen 31146 | best fit   11.215 | equity $   12379 | sortino 11.22 | trades 1013 | ✓ SURVIVED
Gen 31151 | best fit   11.215 | equity $   12379 | sortino 11.22 | trades 1013 | ✓ SURVIVED
Gen 31156 | best fit   11.215 | equity $   12379 | sortino 11.22 | trades 1013 | ✓ SURVIVED
Gen 31161 | best fit   11.215 | equity $   12379 | sortino 11.22 | trades 1013 | ✓ SURVIVED
Gen 31166 | best fit   11.215 | equity $   12379 | sortino 11.22 | trades 1013 | ✓ SURVIVED
Gen 31171 | best fit   11.215 | equity $   12379 | sortino 11.22 | trades 1013 | ✓ SURVIVED
Gen 31176 | best fit   11.215 | equity $   12379 | sortino 11.22 | trades 1013 | ✓ SURVIVED
Gen 31181 | best fit   11.215 | equity $   12379 | sortino 11.22 | trades 1013 | ✓ SURVIVED
Gen 31186 | best fit   11.215 | equity $   12379 | sortino 11.22 | trades 1013 | ✓ SURVIVED
Gen 31191 | best fit   11.215 | equity $   12379 | sortino 11.22 | trades 1013 | ✓ SURVIVED
Gen 31196 | best fit   11.215 | equity $   12379 | sortino 11.22 | trades 1013 | ✓ SURVIVED
Gen 31201 | best fit   11.215 | equity $   12379 | sortino 11.22 | trades 1013 | ✓ SURVIVED
Gen 31206 | best fit   11.215 | equity $   12379 | sortino 11.22 | trades 1013 | ✓ SURVIVED
Gen 31211 | best fit   11.215 | equity $   12379 | sortino 11.22 | trades 1013 | ✓ SURVIVED
Gen 31216 | best fit   11.215 | equity $   12379 | sortino 11.22 | trades 1013 | ✓ SURVIVED
Gen 31221 | best fit   11.215 | equity $   12379 | sortino 11.22 | trades 1013 | ✓ SURVIVED
Gen 31226 | best fit   11.215 | equity $   12379 | sortino 11.22 | trades 1013 | ✓ SURVIVED
Gen 31231 | best fit   11.215 | equity $   12379 | sortino 11.22 | trades 1013 | ✓ SURVIVED
Gen 31236 | best fit   11.215 | equity $   12379 | sortino 11.22 | trades 1013 | ✓ SURVIVED
Gen 31241 | best fit   11.215 | equity $   12379 | sortino 11.22 | trades 1013 | ✓ SURVIVED
Gen 31246 | best fit   11.215 | equity $   12379 | sortino 11.22 | trades 1013 | ✓ SURVIVED
Gen 31251 | best fit   11.215 | equity $   12379 | sortino 11.22 | trades 1013 | ✓ SURVIVED
Gen 31256 | best fit   11.215 | equity $   12379 | sortino 11.22 | trades 1013 | ✓ SURVIVED
Gen 31261 | best fit   11.215 | equity $   12379 | sortino 11.22 | trades 1013 | ✓ SURVIVED
Gen 31266 | best fit   11.215 | equity $   12379 | sortino 11.22 | trades 1013 | ✓ SURVIVED
Gen 31271 | best fit   11.215 | equity $   12379 | sortino 11.22 | trades 1013 | ✓ SURVIVED
Gen 31276 | best fit   11.215 | equity $   12379 | sortino 11.22 | trades 1013 | ✓ SURVIVED
Gen 31281 | best fit   11.215 | equity $   12379 | sortino 11.22 | trades 1013 | ✓ SURVIVED
Gen 31286 | best fit   11.215 | equity $   12379 | sortino 11.22 | trades 1013 | ✓ SURVIVED
Gen 31291 | best fit   11.215 | equity $   12379 | sortino 11.22 | trades 1013 | ✓ SURVIVED
Gen 31296 | best fit   11.215 | equity $   12379 | sortino 11.22 | trades 1013 | ✓ SURVIVED
Gen 31301 | best fit   11.215 | equity $   12379 | sortino 11.22 | trades 1013 | ✓ SURVIVED
Gen 31306 | best fit   11.215 | equity $   12379 | sortino 11.22 | trades 1013 | ✓ SURVIVED
Gen 31311 | best fit   11.215 | equity $   12379 | sortino 11.22 | trades 1013 | ✓ SURVIVED
Gen 31316 | best fit   11.215 | equity $   12379 | sortino 11.22 | trades 1013 | ✓ SURVIVED
Gen 31321 | best fit   11.215 | equity $   12379 | sortino 11.22 | trades 1013 | ✓ SURVIVED
Gen 31326 | best fit   11.215 | equity $   12379 | sortino 11.22 | trades 1013 | ✓ SURVIVED
Gen 31331 | best fit   11.215 | equity $   12379 | sortino 11.22 | trades 1013 | ✓ SURVIVED
Gen 31336 | best fit   11.215 | equity $   12379 | sortino 11.22 | trades 1013 | ✓ SURVIVED
Gen 31341 | best fit   11.215 | equity $   12379 | sortino 11.22 | trades 1013 | ✓ SURVIVED
Gen 31346 | best fit   11.215 | equity $   12379 | sortino 11.22 | trades 1013 | ✓ SURVIVED
Gen 31351 | best fit   11.215 | equity $   12379 | sortino 11.22 | trades 1013 | ✓ SURVIVED
Gen 31356 | best fit   11.215 | equity $   12379 | sortino 11.22 | trades 1013 | ✓ SURVIVED
Gen 31361 | best fit   11.215 | equity $   12379 | sortino 11.22 | trades 1013 | ✓ SURVIVED
Gen 31366 | best fit   11.215 | equity $   12379 | sortino 11.22 | trades 1013 | ✓ SURVIVED
Gen 31371 | best fit   11.215 | equity $   12379 | sortino 11.22 | trades 1013 | ✓ SURVIVED
Gen 31376 | best fit   11.215 | equity $   12379 | sortino 11.22 | trades 1013 | ✓ SURVIVED
Gen 31381 | best fit   11.215 | equity $   12379 | sortino 11.22 | trades 1013 | ✓ SURVIVED
Gen 31386 | best fit   11.215 | equity $   12379 | sortino 11.22 | trades 1013 | ✓ SURVIVED
Gen 31391 | best fit   11.215 | equity $   12379 | sortino 11.22 | trades 1013 | ✓ SURVIVED
Gen 31396 | best fit   11.215 | equity $   12379 | sortino 11.22 | trades 1013 | ✓ SURVIVED
Gen 31401 | best fit   11.215 | equity $   12379 | sortino 11.22 | trades 1013 | ✓ SURVIVED
Gen 31406 | best fit   11.215 | equity $   12379 | sortino 11.22 | trades 1013 | ✓ SURVIVED
Gen 31411 | best fit   11.215 | equity $   12379 | sortino 11.22 | trades 1013 | ✓ SURVIVED
Gen 31416 | best fit   11.215 | equity $   12379 | sortino 11.22 | trades 1013 | ✓ SURVIVED
Gen 31421 | best fit   11.215 | equity $   12379 | sortino 11.22 | trades 1013 | ✓ SURVIVED
Gen 31426 | best fit   11.215 | equity $   12379 | sortino 11.22 | trades 1013 | ✓ SURVIVED
Gen 31431 | best fit   11.215 | equity $   12379 | sortino 11.22 | trades 1013 | ✓ SURVIVED
Gen 31436 | best fit   11.215 | equity $   12379 | sortino 11.22 | trades 1013 | ✓ SURVIVED
Gen 31441 | best fit   11.215 | equity $   12379 | sortino 11.22 | trades 1013 | ✓ SURVIVED
Gen 31446 | best fit   11.215 | equity $   12379 | sortino 11.22 | trades 1013 | ✓ SURVIVED
Gen 31451 | best fit   11.215 | equity $   12379 | sortino 11.22 | trades 1013 | ✓ SURVIVED
Gen 31456 | best fit   11.215 | equity $   12379 | sortino 11.22 | trades 1013 | ✓ SURVIVED
Gen 31461 | best fit   11.215 | equity $   12379 | sortino 11.22 | trades 1013 | ✓ SURVIVED
Gen 31466 | best fit   11.215 | equity $   12379 | sortino 11.22 | trades 1013 | ✓ SURVIVED
Gen 31471 | best fit   11.215 | equity $   12379 | sortino 11.22 | trades 1013 | ✓ SURVIVED
Gen 31476 | best fit   11.215 | equity $   12379 | sortino 11.22 | trades 1013 | ✓ SURVIVED
Gen 31481 | best fit   11.215 | equity $   12379 | sortino 11.22 | trades 1013 | ✓ SURVIVED
Gen 31486 | best fit   11.215 | equity $   12379 | sortino 11.22 | trades 1013 | ✓ SURVIVED
Gen 31491 | best fit   11.215 | equity $   12379 | sortino 11.22 | trades 1013 | ✓ SURVIVED
Gen 31496 | best fit   11.215 | equity $   12379 | sortino 11.22 | trades 1013 | ✓ SURVIVED
Gen 31501 | best fit   11.215 | equity $   12379 | sortino 11.22 | trades 1013 | ✓ SURVIVED
Gen 31506 | best fit   11.215 | equity $   12379 | sortino 11.22 | trades 1013 | ✓ SURVIVED
Gen 31511 | best fit   11.215 | equity $   12379 | sortino 11.22 | trades 1013 | ✓ SURVIVED
Gen 31516 | best fit   11.215 | equity $   12379 | sortino 11.22 | trades 1013 | ✓ SURVIVED
Gen 31521 | best fit   11.215 | equity $   12379 | sortino 11.22 | trades 1013 | ✓ SURVIVED
Gen 31526 | best fit   11.215 | equity $   12379 | sortino 11.22 | trades 1013 | ✓ SURVIVED
Gen 31531 | best fit   11.215 | equity $   12379 | sortino 11.22 | trades 1013 | ✓ SURVIVED
Gen 31536 | best fit   11.215 | equity $   12379 | sortino 11.22 | trades 1013 | ✓ SURVIVED
Gen 31541 | best fit   11.215 | equity $   12379 | sortino 11.22 | trades 1013 | ✓ SURVIVED
Gen 31546 | best fit   11.215 | equity $   12379 | sortino 11.22 | trades 1013 | ✓ SURVIVED
Gen 31551 | best fit   11.215 | equity $   12379 | sortino 11.22 | trades 1013 | ✓ SURVIVED
Gen 31556 | best fit   11.215 | equity $   12379 | sortino 11.22 | trades 1013 | ✓ SURVIVED
Gen 31561 | best fit   11.215 | equity $   12379 | sortino 11.22 | trades 1013 | ✓ SURVIVED
Gen 31566 | best fit   11.215 | equity $   12379 | sortino 11.22 | trades 1013 | ✓ SURVIVED
Gen 31571 | best fit   11.215 | equity $   12379 | sortino 11.22 | trades 1013 | ✓ SURVIVED
Gen 31576 | best fit   11.215 | equity $   12379 | sortino 11.22 | trades 1013 | ✓ SURVIVED
Gen 31581 | best fit   11.215 | equity $   12379 | sortino 11.22 | trades 1013 | ✓ SURVIVED
Gen 31586 | best fit   11.215 | equity $   12379 | sortino 11.22 | trades 1013 | ✓ SURVIVED
Gen 31591 | best fit   11.215 | equity $   12379 | sortino 11.22 | trades 1013 | ✓ SURVIVED
Gen 31596 | best fit   11.215 | equity $   12379 | sortino 11.22 | trades 1013 | ✓ SURVIVED
Gen 31601 | best fit   11.215 | equity $   12379 | sortino 11.22 | trades 1013 | ✓ SURVIVED
Gen 31606 | best fit   11.215 | equity $   12379 | sortino 11.22 | trades 1013 | ✓ SURVIVED
Gen 31611 | best fit   11.215 | equity $   12379 | sortino 11.22 | trades 1013 | ✓ SURVIVED
Gen 31616 | best fit   11.215 | equity $   12379 | sortino 11.22 | trades 1013 | ✓ SURVIVED
Gen 31621 | best fit   11.215 | equity $   12379 | sortino 11.22 | trades 1013 | ✓ SURVIVED
Gen 31626 | best fit   11.215 | equity $   12379 | sortino 11.22 | trades 1013 | ✓ SURVIVED
Gen 31631 | best fit   11.215 | equity $   12379 | sortino 11.22 | trades 1013 | ✓ SURVIVED
Gen 31636 | best fit   11.215 | equity $   12379 | sortino 11.22 | trades 1013 | ✓ SURVIVED
Gen 31641 | best fit   11.215 | equity $   12379 | sortino 11.22 | trades 1013 | ✓ SURVIVED
Gen 31646 | best fit   11.215 | equity $   12379 | sortino 11.22 | trades 1013 | ✓ SURVIVED
Gen 31651 | best fit   11.215 | equity $   12379 | sortino 11.22 | trades 1013 | ✓ SURVIVED
Gen 31656 | best fit   11.215 | equity $   12379 | sortino 11.22 | trades 1013 | ✓ SURVIVED
Gen 31661 | best fit   11.215 | equity $   12379 | sortino 11.22 | trades 1013 | ✓ SURVIVED
Gen 31666 | best fit   11.215 | equity $   12379 | sortino 11.22 | trades 1013 | ✓ SURVIVED
Gen 31671 | best fit   11.215 | equity $   12379 | sortino 11.22 | trades 1013 | ✓ SURVIVED
Gen 31676 | best fit   11.215 | equity $   12379 | sortino 11.22 | trades 1013 | ✓ SURVIVED
Gen 31681 | best fit   11.215 | equity $   12379 | sortino 11.22 | trades 1013 | ✓ SURVIVED
Gen 31686 | best fit   11.215 | equity $   12379 | sortino 11.22 | trades 1013 | ✓ SURVIVED
Gen 31691 | best fit   11.215 | equity $   12379 | sortino 11.22 | trades 1013 | ✓ SURVIVED
Gen 31696 | best fit   11.215 | equity $   12379 | sortino 11.22 | trades 1013 | ✓ SURVIVED
Gen 31701 | best fit   11.215 | equity $   12379 | sortino 11.22 | trades 1013 | ✓ SURVIVED
Gen 31706 | best fit   11.215 | equity $   12379 | sortino 11.22 | trades 1013 | ✓ SURVIVED
Gen 31711 | best fit   11.215 | equity $   12379 | sortino 11.22 | trades 1013 | ✓ SURVIVED
Gen 31716 | best fit   11.215 | equity $   12379 | sortino 11.22 | trades 1013 | ✓ SURVIVED
Gen 31721 | best fit   11.215 | equity $   12379 | sortino 11.22 | trades 1013 | ✓ SURVIVED
Gen 31726 | best fit   11.215 | equity $   12379 | sortino 11.22 | trades 1013 | ✓ SURVIVED
Gen 31731 | best fit   11.215 | equity $   12379 | sortino 11.22 | trades 1013 | ✓ SURVIVED
Gen 31736 | best fit   11.215 | equity $   12379 | sortino 11.22 | trades 1013 | ✓ SURVIVED
Gen 31741 | best fit   11.215 | equity $   12379 | sortino 11.22 | trades 1013 | ✓ SURVIVED
Gen 31746 | best fit   11.215 | equity $   12379 | sortino 11.22 | trades 1013 | ✓ SURVIVED
Gen 31751 | best fit   11.215 | equity $   12379 | sortino 11.22 | trades 1013 | ✓ SURVIVED
Gen 31756 | best fit   11.215 | equity $   12379 | sortino 11.22 | trades 1013 | ✓ SURVIVED
Gen 31761 | best fit   11.215 | equity $   12379 | sortino 11.22 | trades 1013 | ✓ SURVIVED
Gen 31766 | best fit   11.215 | equity $   12379 | sortino 11.22 | trades 1013 | ✓ SURVIVED
Gen 31771 | best fit   11.215 | equity $   12379 | sortino 11.22 | trades 1013 | ✓ SURVIVED
Gen 31776 | best fit   11.215 | equity $   12379 | sortino 11.22 | trades 1013 | ✓ SURVIVED
Gen 31781 | best fit   11.215 | equity $   12379 | sortino 11.22 | trades 1013 | ✓ SURVIVED
Gen 31786 | best fit   11.215 | equity $   12379 | sortino 11.22 | trades 1013 | ✓ SURVIVED
Gen 31791 | best fit   11.215 | equity $   12379 | sortino 11.22 | trades 1013 | ✓ SURVIVED
Gen 31796 | best fit   11.215 | equity $   12379 | sortino 11.22 | trades 1013 | ✓ SURVIVED
Gen 31801 | best fit   11.215 | equity $   12379 | sortino 11.22 | trades 1013 | ✓ SURVIVED
Gen 31806 | best fit   11.215 | equity $   12379 | sortino 11.22 | trades 1013 | ✓ SURVIVED
Gen 31811 | best fit   11.215 | equity $   12379 | sortino 11.22 | trades 1013 | ✓ SURVIVED
Gen 31816 | best fit   11.215 | equity $   12379 | sortino 11.22 | trades 1013 | ✓ SURVIVED
Gen 31821 | best fit   11.215 | equity $   12379 | sortino 11.22 | trades 1013 | ✓ SURVIVED
Gen 31826 | best fit   11.215 | equity $   12379 | sortino 11.22 | trades 1013 | ✓ SURVIVED
Gen 31831 | best fit   11.215 | equity $   12379 | sortino 11.22 | trades 1013 | ✓ SURVIVED
Gen 31836 | best fit   11.215 | equity $   12379 | sortino 11.22 | trades 1013 | ✓ SURVIVED
Gen 31841 | best fit   11.215 | equity $   12379 | sortino 11.22 | trades 1013 | ✓ SURVIVED
Gen 31846 | best fit   11.215 | equity $   12379 | sortino 11.22 | trades 1013 | ✓ SURVIVED
Gen 31851 | best fit   11.215 | equity $   12379 | sortino 11.22 | trades 1013 | ✓ SURVIVED
Gen 31856 | best fit   11.215 | equity $   12379 | sortino 11.22 | trades 1013 | ✓ SURVIVED
Gen 31861 | best fit   11.215 | equity $   12379 | sortino 11.22 | trades 1013 | ✓ SURVIVED
Gen 31866 | best fit   11.215 | equity $   12379 | sortino 11.22 | trades 1013 | ✓ SURVIVED
Gen 31871 | best fit   11.215 | equity $   12379 | sortino 11.22 | trades 1013 | ✓ SURVIVED
Gen 31876 | best fit   11.215 | equity $   12379 | sortino 11.22 | trades 1013 | ✓ SURVIVED
Gen 31881 | best fit   11.215 | equity $   12379 | sortino 11.22 | trades 1013 | ✓ SURVIVED
Gen 31886 | best fit   11.215 | equity $   12379 | sortino 11.22 | trades 1013 | ✓ SURVIVED
Gen 31891 | best fit   11.215 | equity $   12379 | sortino 11.22 | trades 1013 | ✓ SURVIVED
Gen 31896 | best fit   11.215 | equity $   12379 | sortino 11.22 | trades 1013 | ✓ SURVIVED
Gen 31901 | best fit   11.215 | equity $   12379 | sortino 11.22 | trades 1013 | ✓ SURVIVED
Gen 31906 | best fit   11.215 | equity $   12379 | sortino 11.22 | trades 1013 | ✓ SURVIVED
Gen 31911 | best fit   11.215 | equity $   12379 | sortino 11.22 | trades 1013 | ✓ SURVIVED
Gen 31916 | best fit   11.215 | equity $   12379 | sortino 11.22 | trades 1013 | ✓ SURVIVED
Gen 31921 | best fit   11.215 | equity $   12379 | sortino 11.22 | trades 1013 | ✓ SURVIVED
Gen 31926 | best fit   11.215 | equity $   12379 | sortino 11.22 | trades 1013 | ✓ SURVIVED
Gen 31931 | best fit   11.215 | equity $   12379 | sortino 11.22 | trades 1013 | ✓ SURVIVED
Gen 31936 | best fit   11.215 | equity $   12379 | sortino 11.22 | trades 1013 | ✓ SURVIVED
Gen 31941 | best fit   11.215 | equity $   12379 | sortino 11.22 | trades 1013 | ✓ SURVIVED
Gen 31946 | best fit   11.215 | equity $   12379 | sortino 11.22 | trades 1013 | ✓ SURVIVED
Gen 31951 | best fit   11.215 | equity $   12379 | sortino 11.22 | trades 1013 | ✓ SURVIVED
Gen 31956 | best fit   11.215 | equity $   12379 | sortino 11.22 | trades 1013 | ✓ SURVIVED
Gen 31961 | best fit   11.215 | equity $   12379 | sortino 11.22 | trades 1013 | ✓ SURVIVED
Gen 31966 | best fit   11.215 | equity $   12379 | sortino 11.22 | trades 1013 | ✓ SURVIVED
Gen 31971 | best fit   11.215 | equity $   12379 | sortino 11.22 | trades 1013 | ✓ SURVIVED
Gen 31976 | best fit   11.215 | equity $   12379 | sortino 11.22 | trades 1013 | ✓ SURVIVED
Gen 31981 | best fit   11.215 | equity $   12379 | sortino 11.22 | trades 1013 | ✓ SURVIVED
Gen 31986 | best fit   11.215 | equity $   12379 | sortino 11.22 | trades 1013 | ✓ SURVIVED
Gen 31991 | best fit   11.215 | equity $   12379 | sortino 11.22 | trades 1013 | ✓ SURVIVED
Gen 31996 | best fit   11.215 | equity $   12379 | sortino 11.22 | trades 1013 | ✓ SURVIVED
Gen 32001 | best fit   11.215 | equity $   12379 | sortino 11.22 | trades 1013 | ✓ SURVIVED
Gen 32006 | best fit   11.215 | equity $   12379 | sortino 11.22 | trades 1013 | ✓ SURVIVED
Gen 32011 | best fit   11.215 | equity $   12379 | sortino 11.22 | trades 1013 | ✓ SURVIVED
Gen 32016 | best fit   11.215 | equity $   12379 | sortino 11.22 | trades 1013 | ✓ SURVIVED
Gen 32021 | best fit   11.215 | equity $   12379 | sortino 11.22 | trades 1013 | ✓ SURVIVED
Gen 32026 | best fit   11.215 | equity $   12379 | sortino 11.22 | trades 1013 | ✓ SURVIVED
Gen 32031 | best fit   11.215 | equity $   12379 | sortino 11.22 | trades 1013 | ✓ SURVIVED
Gen 32036 | best fit   11.215 | equity $   12379 | sortino 11.22 | trades 1013 | ✓ SURVIVED
Gen 32041 | best fit   11.215 | equity $   12379 | sortino 11.22 | trades 1013 | ✓ SURVIVED
Gen 32046 | best fit   11.215 | equity $   12379 | sortino 11.22 | trades 1013 | ✓ SURVIVED
Gen 32051 | best fit   11.215 | equity $   12379 | sortino 11.22 | trades 1013 | ✓ SURVIVED
Gen 32056 | best fit   11.215 | equity $   12379 | sortino 11.22 | trades 1013 | ✓ SURVIVED
Gen 32061 | best fit   11.215 | equity $   12379 | sortino 11.22 | trades 1013 | ✓ SURVIVED
Gen 32066 | best fit   11.215 | equity $   12379 | sortino 11.22 | trades 1013 | ✓ SURVIVED
Gen 32071 | best fit   11.215 | equity $   12379 | sortino 11.22 | trades 1013 | ✓ SURVIVED
Gen 32076 | best fit   11.215 | equity $   12379 | sortino 11.22 | trades 1013 | ✓ SURVIVED
Gen 32081 | best fit   11.215 | equity $   12379 | sortino 11.22 | trades 1013 | ✓ SURVIVED
Gen 32086 | best fit   11.215 | equity $   12379 | sortino 11.22 | trades 1013 | ✓ SURVIVED
Gen 32091 | best fit   11.215 | equity $   12379 | sortino 11.22 | trades 1013 | ✓ SURVIVED
Gen 32096 | best fit   11.215 | equity $   12379 | sortino 11.22 | trades 1013 | ✓ SURVIVED
Gen 32101 | best fit   11.215 | equity $   12379 | sortino 11.22 | trades 1013 | ✓ SURVIVED
Gen 32106 | best fit   11.215 | equity $   12379 | sortino 11.22 | trades 1013 | ✓ SURVIVED
Gen 32111 | best fit   11.215 | equity $   12379 | sortino 11.22 | trades 1013 | ✓ SURVIVED
Gen 32116 | best fit   11.215 | equity $   12379 | sortino 11.22 | trades 1013 | ✓ SURVIVED
Gen 32121 | best fit   11.215 | equity $   12379 | sortino 11.22 | trades 1013 | ✓ SURVIVED
Gen 32126 | best fit   11.215 | equity $   12379 | sortino 11.22 | trades 1013 | ✓ SURVIVED
Gen 32131 | best fit   11.215 | equity $   12379 | sortino 11.22 | trades 1013 | ✓ SURVIVED
Gen 32136 | best fit   11.215 | equity $   12379 | sortino 11.22 | trades 1013 | ✓ SURVIVED
Gen 32141 | best fit   11.215 | equity $   12379 | sortino 11.22 | trades 1013 | ✓ SURVIVED
Gen 32146 | best fit   11.215 | equity $   12379 | sortino 11.22 | trades 1013 | ✓ SURVIVED
Gen 32151 | best fit   11.215 | equity $   12379 | sortino 11.22 | trades 1013 | ✓ SURVIVED
Gen 32156 | best fit   11.215 | equity $   12379 | sortino 11.22 | trades 1013 | ✓ SURVIVED
Gen 32161 | best fit   11.215 | equity $   12379 | sortino 11.22 | trades 1013 | ✓ SURVIVED
Gen 32166 | best fit   11.215 | equity $   12379 | sortino 11.22 | trades 1013 | ✓ SURVIVED
Gen 32171 | best fit   11.215 | equity $   12379 | sortino 11.22 | trades 1013 | ✓ SURVIVED
Gen 32176 | best fit   11.215 | equity $   12379 | sortino 11.22 | trades 1013 | ✓ SURVIVED
Gen 32181 | best fit   11.215 | equity $   12379 | sortino 11.22 | trades 1013 | ✓ SURVIVED
Gen 32186 | best fit   11.215 | equity $   12379 | sortino 11.22 | trades 1013 | ✓ SURVIVED
Gen 32191 | best fit   11.215 | equity $   12379 | sortino 11.22 | trades 1013 | ✓ SURVIVED
Gen 32196 | best fit   11.215 | equity $   12379 | sortino 11.22 | trades 1013 | ✓ SURVIVED
Gen 32201 | best fit   11.215 | equity $   12379 | sortino 11.22 | trades 1013 | ✓ SURVIVED
Gen 32206 | best fit   11.215 | equity $   12379 | sortino 11.22 | trades 1013 | ✓ SURVIVED
Gen 32211 | best fit   11.215 | equity $   12379 | sortino 11.22 | trades 1013 | ✓ SURVIVED
Gen 32216 | best fit   11.215 | equity $   12379 | sortino 11.22 | trades 1013 | ✓ SURVIVED
Gen 32221 | best fit   11.215 | equity $   12379 | sortino 11.22 | trades 1013 | ✓ SURVIVED
Gen 32226 | best fit   11.215 | equity $   12379 | sortino 11.22 | trades 1013 | ✓ SURVIVED
Gen 32231 | best fit   11.215 | equity $   12379 | sortino 11.22 | trades 1013 | ✓ SURVIVED
Gen 32236 | best fit   11.215 | equity $   12379 | sortino 11.22 | trades 1013 | ✓ SURVIVED
Gen 32241 | best fit   11.215 | equity $   12379 | sortino 11.22 | trades 1013 | ✓ SURVIVED
Gen 32246 | best fit   11.215 | equity $   12379 | sortino 11.22 | trades 1013 | ✓ SURVIVED
Gen 32251 | best fit   11.215 | equity $   12379 | sortino 11.22 | trades 1013 | ✓ SURVIVED
Gen 32256 | best fit   11.215 | equity $   12379 | sortino 11.22 | trades 1013 | ✓ SURVIVED
Gen 32261 | best fit   11.215 | equity $   12379 | sortino 11.22 | trades 1013 | ✓ SURVIVED
Gen 32266 | best fit   11.215 | equity $   12379 | sortino 11.22 | trades 1013 | ✓ SURVIVED
Gen 32271 | best fit   11.215 | equity $   12379 | sortino 11.22 | trades 1013 | ✓ SURVIVED
Gen 32276 | best fit   11.215 | equity $   12379 | sortino 11.22 | trades 1013 | ✓ SURVIVED
Gen 32281 | best fit   11.215 | equity $   12379 | sortino 11.22 | trades 1013 | ✓ SURVIVED
Gen 32286 | best fit   11.215 | equity $   12379 | sortino 11.22 | trades 1013 | ✓ SURVIVED
Gen 32291 | best fit   11.215 | equity $   12379 | sortino 11.22 | trades 1013 | ✓ SURVIVED
Gen 32296 | best fit   11.215 | equity $   12379 | sortino 11.22 | trades 1013 | ✓ SURVIVED
Gen 32301 | best fit   11.215 | equity $   12379 | sortino 11.22 | trades 1013 | ✓ SURVIVED
Gen 32306 | best fit   11.215 | equity $   12379 | sortino 11.22 | trades 1013 | ✓ SURVIVED
Gen 32311 | best fit   11.215 | equity $   12379 | sortino 11.22 | trades 1013 | ✓ SURVIVED
Gen 32316 | best fit   11.215 | equity $   12379 | sortino 11.22 | trades 1013 | ✓ SURVIVED
Gen 32321 | best fit   11.215 | equity $   12379 | sortino 11.22 | trades 1013 | ✓ SURVIVED
Gen 32326 | best fit   11.215 | equity $   12379 | sortino 11.22 | trades 1013 | ✓ SURVIVED
Gen 32331 | best fit   11.215 | equity $   12379 | sortino 11.22 | trades 1013 | ✓ SURVIVED
Gen 32336 | best fit   11.215 | equity $   12379 | sortino 11.22 | trades 1013 | ✓ SURVIVED
Gen 32341 | best fit   11.215 | equity $   12379 | sortino 11.22 | trades 1013 | ✓ SURVIVED
Gen 32346 | best fit   11.215 | equity $   12379 | sortino 11.22 | trades 1013 | ✓ SURVIVED
Gen 32351 | best fit   11.215 | equity $   12379 | sortino 11.22 | trades 1013 | ✓ SURVIVED
Gen 32356 | best fit   11.215 | equity $   12379 | sortino 11.22 | trades 1013 | ✓ SURVIVED
Gen 32361 | best fit   11.215 | equity $   12379 | sortino 11.22 | trades 1013 | ✓ SURVIVED
Gen 32366 | best fit   11.215 | equity $   12379 | sortino 11.22 | trades 1013 | ✓ SURVIVED
Gen 32371 | best fit   11.215 | equity $   12379 | sortino 11.22 | trades 1013 | ✓ SURVIVED
Gen 32376 | best fit   11.215 | equity $   12379 | sortino 11.22 | trades 1013 | ✓ SURVIVED
Gen 32381 | best fit   11.215 | equity $   12379 | sortino 11.22 | trades 1013 | ✓ SURVIVED
Gen 32386 | best fit   11.215 | equity $   12379 | sortino 11.22 | trades 1013 | ✓ SURVIVED
Gen 32391 | best fit   11.215 | equity $   12379 | sortino 11.22 | trades 1013 | ✓ SURVIVED
Gen 32396 | best fit   11.215 | equity $   12379 | sortino 11.22 | trades 1013 | ✓ SURVIVED
Gen 32401 | best fit   11.215 | equity $   12379 | sortino 11.22 | trades 1013 | ✓ SURVIVED
Gen 32406 | best fit   11.215 | equity $   12379 | sortino 11.22 | trades 1013 | ✓ SURVIVED
Gen 32411 | best fit   11.215 | equity $   12379 | sortino 11.22 | trades 1013 | ✓ SURVIVED
Gen 32416 | best fit   11.215 | equity $   12379 | sortino 11.22 | trades 1013 | ✓ SURVIVED
Gen 32421 | best fit   11.215 | equity $   12379 | sortino 11.22 | trades 1013 | ✓ SURVIVED
Gen 32426 | best fit   11.215 | equity $   12379 | sortino 11.22 | trades 1013 | ✓ SURVIVED
Gen 32431 | best fit   11.215 | equity $   12379 | sortino 11.22 | trades 1013 | ✓ SURVIVED
Gen 32436 | best fit   11.215 | equity $   12379 | sortino 11.22 | trades 1013 | ✓ SURVIVED
Gen 32441 | best fit   11.215 | equity $   12379 | sortino 11.22 | trades 1013 | ✓ SURVIVED
Gen 32446 | best fit   11.215 | equity $   12379 | sortino 11.22 | trades 1013 | ✓ SURVIVED
Gen 32451 | best fit   11.215 | equity $   12379 | sortino 11.22 | trades 1013 | ✓ SURVIVED
Gen 32456 | best fit   11.215 | equity $   12379 | sortino 11.22 | trades 1013 | ✓ SURVIVED
Gen 32461 | best fit   11.215 | equity $   12379 | sortino 11.22 | trades 1013 | ✓ SURVIVED
Gen 32466 | best fit   11.215 | equity $   12379 | sortino 11.22 | trades 1013 | ✓ SURVIVED
Gen 32471 | best fit   11.215 | equity $   12379 | sortino 11.22 | trades 1013 | ✓ SURVIVED
Gen 32476 | best fit   11.215 | equity $   12379 | sortino 11.22 | trades 1013 | ✓ SURVIVED
Gen 32481 | best fit   11.215 | equity $   12379 | sortino 11.22 | trades 1013 | ✓ SURVIVED
Gen 32486 | best fit   11.215 | equity $   12379 | sortino 11.22 | trades 1013 | ✓ SURVIVED
Gen 32491 | best fit   11.215 | equity $   12379 | sortino 11.22 | trades 1013 | ✓ SURVIVED
Gen 32496 | best fit   11.215 | equity $   12379 | sortino 11.22 | trades 1013 | ✓ SURVIVED
Gen 32501 | best fit   11.215 | equity $   12379 | sortino 11.22 | trades 1013 | ✓ SURVIVED
Gen 32506 | best fit   11.215 | equity $   12379 | sortino 11.22 | trades 1013 | ✓ SURVIVED
Gen 32511 | best fit   11.215 | equity $   12379 | sortino 11.22 | trades 1013 | ✓ SURVIVED
Gen 32516 | best fit   11.215 | equity $   12379 | sortino 11.22 | trades 1013 | ✓ SURVIVED
Gen 32521 | best fit   11.215 | equity $   12379 | sortino 11.22 | trades 1013 | ✓ SURVIVED
Gen 32526 | best fit   11.215 | equity $   12379 | sortino 11.22 | trades 1013 | ✓ SURVIVED
Gen 32531 | best fit   11.215 | equity $   12379 | sortino 11.22 | trades 1013 | ✓ SURVIVED
Gen 32536 | best fit   11.215 | equity $   12379 | sortino 11.22 | trades 1013 | ✓ SURVIVED
Gen 32541 | best fit   11.215 | equity $   12379 | sortino 11.22 | trades 1013 | ✓ SURVIVED
Gen 32546 | best fit   11.215 | equity $   12379 | sortino 11.22 | trades 1013 | ✓ SURVIVED
Gen 32551 | best fit   11.215 | equity $   12379 | sortino 11.22 | trades 1013 | ✓ SURVIVED
Gen 32556 | best fit   11.215 | equity $   12379 | sortino 11.22 | trades 1013 | ✓ SURVIVED
Gen 32561 | best fit   11.215 | equity $   12379 | sortino 11.22 | trades 1013 | ✓ SURVIVED
Gen 32566 | best fit   11.215 | equity $   12379 | sortino 11.22 | trades 1013 | ✓ SURVIVED
Gen 32571 | best fit   11.215 | equity $   12379 | sortino 11.22 | trades 1013 | ✓ SURVIVED
Gen 32576 | best fit   11.215 | equity $   12379 | sortino 11.22 | trades 1013 | ✓ SURVIVED
Gen 32581 | best fit   11.215 | equity $   12379 | sortino 11.22 | trades 1013 | ✓ SURVIVED
Gen 32586 | best fit   11.215 | equity $   12379 | sortino 11.22 | trades 1013 | ✓ SURVIVED
Gen 32591 | best fit   11.215 | equity $   12379 | sortino 11.22 | trades 1013 | ✓ SURVIVED
Gen 32596 | best fit   11.215 | equity $   12379 | sortino 11.22 | trades 1013 | ✓ SURVIVED
Gen 32601 | best fit   11.215 | equity $   12379 | sortino 11.22 | trades 1013 | ✓ SURVIVED
Gen 32606 | best fit   11.215 | equity $   12379 | sortino 11.22 | trades 1013 | ✓ SURVIVED
Gen 32611 | best fit   11.215 | equity $   12379 | sortino 11.22 | trades 1013 | ✓ SURVIVED
Gen 32616 | best fit   11.215 | equity $   12379 | sortino 11.22 | trades 1013 | ✓ SURVIVED
Gen 32621 | best fit   11.215 | equity $   12379 | sortino 11.22 | trades 1013 | ✓ SURVIVED
Gen 32626 | best fit   11.215 | equity $   12379 | sortino 11.22 | trades 1013 | ✓ SURVIVED
Gen 32631 | best fit   11.215 | equity $   12379 | sortino 11.22 | trades 1013 | ✓ SURVIVED
Gen 32636 | best fit   11.215 | equity $   12379 | sortino 11.22 | trades 1013 | ✓ SURVIVED
Gen 32641 | best fit   11.215 | equity $   12379 | sortino 11.22 | trades 1013 | ✓ SURVIVED
Gen 32646 | best fit   11.215 | equity $   12379 | sortino 11.22 | trades 1013 | ✓ SURVIVED
Gen 32651 | best fit   11.215 | equity $   12379 | sortino 11.22 | trades 1013 | ✓ SURVIVED
Gen 32656 | best fit   11.215 | equity $   12379 | sortino 11.22 | trades 1013 | ✓ SURVIVED
Gen 32661 | best fit   11.215 | equity $   12379 | sortino 11.22 | trades 1013 | ✓ SURVIVED
Gen 32666 | best fit   11.215 | equity $   12379 | sortino 11.22 | trades 1013 | ✓ SURVIVED
Gen 32671 | best fit   11.215 | equity $   12379 | sortino 11.22 | trades 1013 | ✓ SURVIVED
Gen 32676 | best fit   11.215 | equity $   12379 | sortino 11.22 | trades 1013 | ✓ SURVIVED
Gen 32681 | best fit   11.215 | equity $   12379 | sortino 11.22 | trades 1013 | ✓ SURVIVED
Gen 32686 | best fit   11.215 | equity $   12379 | sortino 11.22 | trades 1013 | ✓ SURVIVED
Gen 32691 | best fit   11.215 | equity $   12379 | sortino 11.22 | trades 1013 | ✓ SURVIVED
Gen 32696 | best fit   11.215 | equity $   12379 | sortino 11.22 | trades 1013 | ✓ SURVIVED
Gen 32701 | best fit   11.215 | equity $   12379 | sortino 11.22 | trades 1013 | ✓ SURVIVED
Gen 32706 | best fit   11.215 | equity $   12379 | sortino 11.22 | trades 1013 | ✓ SURVIVED
Gen 32711 | best fit   11.215 | equity $   12379 | sortino 11.22 | trades 1013 | ✓ SURVIVED
Gen 32716 | best fit   11.215 | equity $   12379 | sortino 11.22 | trades 1013 | ✓ SURVIVED
Gen 32721 | best fit   11.215 | equity $   12379 | sortino 11.22 | trades 1013 | ✓ SURVIVED
Gen 32726 | best fit   11.215 | equity $   12379 | sortino 11.22 | trades 1013 | ✓ SURVIVED
Gen 32731 | best fit   11.215 | equity $   12379 | sortino 11.22 | trades 1013 | ✓ SURVIVED
Gen 32736 | best fit   11.215 | equity $   12379 | sortino 11.22 | trades 1013 | ✓ SURVIVED
Gen 32741 | best fit   11.215 | equity $   12379 | sortino 11.22 | trades 1013 | ✓ SURVIVED
Gen 32746 | best fit   11.215 | equity $   12379 | sortino 11.22 | trades 1013 | ✓ SURVIVED
Gen 32751 | best fit   11.215 | equity $   12379 | sortino 11.22 | trades 1013 | ✓ SURVIVED
Gen 32756 | best fit   11.215 | equity $   12379 | sortino 11.22 | trades 1013 | ✓ SURVIVED
Gen 32761 | best fit   11.215 | equity $   12379 | sortino 11.22 | trades 1013 | ✓ SURVIVED
Gen 32766 | best fit   11.215 | equity $   12379 | sortino 11.22 | trades 1013 | ✓ SURVIVED
Gen 32771 | best fit   11.215 | equity $   12379 | sortino 11.22 | trades 1013 | ✓ SURVIVED
Gen 32776 | best fit   11.215 | equity $   12379 | sortino 11.22 | trades 1013 | ✓ SURVIVED
Gen 32781 | best fit   11.215 | equity $   12379 | sortino 11.22 | trades 1013 | ✓ SURVIVED
Gen 32786 | best fit   11.215 | equity $   12379 | sortino 11.22 | trades 1013 | ✓ SURVIVED
Gen 32791 | best fit   11.215 | equity $   12379 | sortino 11.22 | trades 1013 | ✓ SURVIVED
Gen 32796 | best fit   11.215 | equity $   12379 | sortino 11.22 | trades 1013 | ✓ SURVIVED
Gen 32801 | best fit   11.215 | equity $   12379 | sortino 11.22 | trades 1013 | ✓ SURVIVED
Gen 32806 | best fit   11.215 | equity $   12379 | sortino 11.22 | trades 1013 | ✓ SURVIVED
Gen 32811 | best fit   11.215 | equity $   12379 | sortino 11.22 | trades 1013 | ✓ SURVIVED
Gen 32816 | best fit   11.215 | equity $   12379 | sortino 11.22 | trades 1013 | ✓ SURVIVED
Gen 32821 | best fit   11.215 | equity $   12379 | sortino 11.22 | trades 1013 | ✓ SURVIVED
Gen 32826 | best fit   11.215 | equity $   12379 | sortino 11.22 | trades 1013 | ✓ SURVIVED
Gen 32831 | best fit   11.215 | equity $   12379 | sortino 11.22 | trades 1013 | ✓ SURVIVED
Gen 32836 | best fit   11.215 | equity $   12379 | sortino 11.22 | trades 1013 | ✓ SURVIVED
Gen 32841 | best fit   11.215 | equity $   12379 | sortino 11.22 | trades 1013 | ✓ SURVIVED
Gen 32846 | best fit   11.215 | equity $   12379 | sortino 11.22 | trades 1013 | ✓ SURVIVED
Gen 32851 | best fit   11.215 | equity $   12379 | sortino 11.22 | trades 1013 | ✓ SURVIVED
Gen 32856 | best fit   11.215 | equity $   12379 | sortino 11.22 | trades 1013 | ✓ SURVIVED
Gen 32861 | best fit   11.215 | equity $   12379 | sortino 11.22 | trades 1013 | ✓ SURVIVED
Gen 32866 | best fit   11.215 | equity $   12379 | sortino 11.22 | trades 1013 | ✓ SURVIVED
Gen 32871 | best fit   11.215 | equity $   12379 | sortino 11.22 | trades 1013 | ✓ SURVIVED
Gen 32876 | best fit   11.215 | equity $   12379 | sortino 11.22 | trades 1013 | ✓ SURVIVED
Gen 32881 | best fit   11.215 | equity $   12379 | sortino 11.22 | trades 1013 | ✓ SURVIVED
Gen 32886 | best fit   11.215 | equity $   12379 | sortino 11.22 | trades 1013 | ✓ SURVIVED
Gen 32891 | best fit   11.215 | equity $   12379 | sortino 11.22 | trades 1013 | ✓ SURVIVED
Gen 32896 | best fit   11.215 | equity $   12379 | sortino 11.22 | trades 1013 | ✓ SURVIVED
Gen 32901 | best fit   11.215 | equity $   12379 | sortino 11.22 | trades 1013 | ✓ SURVIVED
Gen 32906 | best fit   11.215 | equity $   12379 | sortino 11.22 | trades 1013 | ✓ SURVIVED
Gen 32911 | best fit   11.215 | equity $   12379 | sortino 11.22 | trades 1013 | ✓ SURVIVED
Gen 32916 | best fit   11.215 | equity $   12379 | sortino 11.22 | trades 1013 | ✓ SURVIVED
Gen 32921 | best fit   11.215 | equity $   12379 | sortino 11.22 | trades 1013 | ✓ SURVIVED
Gen 32926 | best fit   11.215 | equity $   12379 | sortino 11.22 | trades 1013 | ✓ SURVIVED
Gen 32931 | best fit   11.215 | equity $   12379 | sortino 11.22 | trades 1013 | ✓ SURVIVED
Gen 32936 | best fit   11.215 | equity $   12379 | sortino 11.22 | trades 1013 | ✓ SURVIVED
Gen 32941 | best fit   11.215 | equity $   12379 | sortino 11.22 | trades 1013 | ✓ SURVIVED
Gen 32946 | best fit   11.215 | equity $   12379 | sortino 11.22 | trades 1013 | ✓ SURVIVED
Gen 32951 | best fit   11.215 | equity $   12379 | sortino 11.22 | trades 1013 | ✓ SURVIVED
Gen 32956 | best fit   11.215 | equity $   12379 | sortino 11.22 | trades 1013 | ✓ SURVIVED
Gen 32961 | best fit   11.215 | equity $   12379 | sortino 11.22 | trades 1013 | ✓ SURVIVED
Gen 32966 | best fit   11.215 | equity $   12379 | sortino 11.22 | trades 1013 | ✓ SURVIVED
Gen 32971 | best fit   11.215 | equity $   12379 | sortino 11.22 | trades 1013 | ✓ SURVIVED
Gen 32976 | best fit   11.215 | equity $   12379 | sortino 11.22 | trades 1013 | ✓ SURVIVED
Gen 32981 | best fit   11.215 | equity $   12379 | sortino 11.22 | trades 1013 | ✓ SURVIVED
Gen 32986 | best fit   11.215 | equity $   12379 | sortino 11.22 | trades 1013 | ✓ SURVIVED
Gen 32991 | best fit   11.215 | equity $   12379 | sortino 11.22 | trades 1013 | ✓ SURVIVED
Gen 32996 | best fit   11.215 | equity $   12379 | sortino 11.22 | trades 1013 | ✓ SURVIVED
Gen 33001 | best fit   11.215 | equity $   12379 | sortino 11.22 | trades 1013 | ✓ SURVIVED
Gen 33006 | best fit   11.215 | equity $   12379 | sortino 11.22 | trades 1013 | ✓ SURVIVED
Gen 33011 | best fit   11.215 | equity $   12379 | sortino 11.22 | trades 1013 | ✓ SURVIVED
Gen 33016 | best fit   11.215 | equity $   12379 | sortino 11.22 | trades 1013 | ✓ SURVIVED
Gen 33021 | best fit   11.215 | equity $   12379 | sortino 11.22 | trades 1013 | ✓ SURVIVED
Gen 33026 | best fit   11.215 | equity $   12379 | sortino 11.22 | trades 1013 | ✓ SURVIVED
Gen 33031 | best fit   11.215 | equity $   12379 | sortino 11.22 | trades 1013 | ✓ SURVIVED
Gen 33036 | best fit   11.215 | equity $   12379 | sortino 11.22 | trades 1013 | ✓ SURVIVED
Gen 33041 | best fit   11.215 | equity $   12379 | sortino 11.22 | trades 1013 | ✓ SURVIVED
Gen 33046 | best fit   11.215 | equity $   12379 | sortino 11.22 | trades 1013 | ✓ SURVIVED
Gen 33051 | best fit   11.215 | equity $   12379 | sortino 11.22 | trades 1013 | ✓ SURVIVED
Gen 33056 | best fit   11.215 | equity $   12379 | sortino 11.22 | trades 1013 | ✓ SURVIVED
Gen 33061 | best fit   11.215 | equity $   12379 | sortino 11.22 | trades 1013 | ✓ SURVIVED
Gen 33066 | best fit   11.215 | equity $   12379 | sortino 11.22 | trades 1013 | ✓ SURVIVED
Gen 33071 | best fit   11.215 | equity $   12379 | sortino 11.22 | trades 1013 | ✓ SURVIVED
Gen 33076 | best fit   11.215 | equity $   12379 | sortino 11.22 | trades 1013 | ✓ SURVIVED
Gen 33081 | best fit   11.215 | equity $   12379 | sortino 11.22 | trades 1013 | ✓ SURVIVED
Gen 33086 | best fit   11.215 | equity $   12379 | sortino 11.22 | trades 1013 | ✓ SURVIVED
Gen 33091 | best fit   11.215 | equity $   12379 | sortino 11.22 | trades 1013 | ✓ SURVIVED
Gen 33096 | best fit   11.215 | equity $   12379 | sortino 11.22 | trades 1013 | ✓ SURVIVED
Gen 33101 | best fit   11.215 | equity $   12379 | sortino 11.22 | trades 1013 | ✓ SURVIVED
Gen 33106 | best fit   11.215 | equity $   12379 | sortino 11.22 | trades 1013 | ✓ SURVIVED
Gen 33111 | best fit   11.215 | equity $   12379 | sortino 11.22 | trades 1013 | ✓ SURVIVED
Gen 33116 | best fit   11.215 | equity $   12379 | sortino 11.22 | trades 1013 | ✓ SURVIVED
Gen 33121 | best fit   11.215 | equity $   12379 | sortino 11.22 | trades 1013 | ✓ SURVIVED
Gen 33126 | best fit   11.215 | equity $   12379 | sortino 11.22 | trades 1013 | ✓ SURVIVED
Gen 33131 | best fit   11.215 | equity $   12379 | sortino 11.22 | trades 1013 | ✓ SURVIVED
Gen 33136 | best fit   11.215 | equity $   12379 | sortino 11.22 | trades 1013 | ✓ SURVIVED
Gen 33141 | best fit   11.215 | equity $   12379 | sortino 11.22 | trades 1013 | ✓ SURVIVED
Gen 33146 | best fit   11.215 | equity $   12379 | sortino 11.22 | trades 1013 | ✓ SURVIVED
Gen 33151 | best fit   11.215 | equity $   12379 | sortino 11.22 | trades 1013 | ✓ SURVIVED
Gen 33156 | best fit   11.215 | equity $   12379 | sortino 11.22 | trades 1013 | ✓ SURVIVED
Gen 33161 | best fit   11.215 | equity $   12379 | sortino 11.22 | trades 1013 | ✓ SURVIVED
Gen 33166 | best fit   11.215 | equity $   12379 | sortino 11.22 | trades 1013 | ✓ SURVIVED
Gen 33171 | best fit   11.215 | equity $   12379 | sortino 11.22 | trades 1013 | ✓ SURVIVED
Gen 33176 | best fit   11.215 | equity $   12379 | sortino 11.22 | trades 1013 | ✓ SURVIVED
Gen 33181 | best fit   11.215 | equity $   12379 | sortino 11.22 | trades 1013 | ✓ SURVIVED
Gen 33186 | best fit   11.215 | equity $   12379 | sortino 11.22 | trades 1013 | ✓ SURVIVED
Gen 33191 | best fit   11.215 | equity $   12379 | sortino 11.22 | trades 1013 | ✓ SURVIVED
Gen 33196 | best fit   11.215 | equity $   12379 | sortino 11.22 | trades 1013 | ✓ SURVIVED
Gen 33201 | best fit   11.215 | equity $   12379 | sortino 11.22 | trades 1013 | ✓ SURVIVED
Gen 33206 | best fit   11.215 | equity $   12379 | sortino 11.22 | trades 1013 | ✓ SURVIVED
Gen 33211 | best fit   11.215 | equity $   12379 | sortino 11.22 | trades 1013 | ✓ SURVIVED
Gen 33216 | best fit   11.215 | equity $   12379 | sortino 11.22 | trades 1013 | ✓ SURVIVED
Gen 33221 | best fit   11.215 | equity $   12379 | sortino 11.22 | trades 1013 | ✓ SURVIVED
Gen 33226 | best fit   11.215 | equity $   12379 | sortino 11.22 | trades 1013 | ✓ SURVIVED
Gen 33231 | best fit   11.215 | equity $   12379 | sortino 11.22 | trades 1013 | ✓ SURVIVED
Gen 33236 | best fit   11.215 | equity $   12379 | sortino 11.22 | trades 1013 | ✓ SURVIVED
Gen 33241 | best fit   11.215 | equity $   12379 | sortino 11.22 | trades 1013 | ✓ SURVIVED
Gen 33246 | best fit   11.215 | equity $   12379 | sortino 11.22 | trades 1013 | ✓ SURVIVED
Gen 33251 | best fit   11.215 | equity $   12379 | sortino 11.22 | trades 1013 | ✓ SURVIVED
Gen 33256 | best fit   11.215 | equity $   12379 | sortino 11.22 | trades 1013 | ✓ SURVIVED
Gen 33261 | best fit   11.215 | equity $   12379 | sortino 11.22 | trades 1013 | ✓ SURVIVED
Gen 33266 | best fit   11.215 | equity $   12379 | sortino 11.22 | trades 1013 | ✓ SURVIVED
Gen 33271 | best fit   11.215 | equity $   12379 | sortino 11.22 | trades 1013 | ✓ SURVIVED
Gen 33276 | best fit   11.215 | equity $   12379 | sortino 11.22 | trades 1013 | ✓ SURVIVED
Gen 33281 | best fit   11.215 | equity $   12379 | sortino 11.22 | trades 1013 | ✓ SURVIVED
Gen 33286 | best fit   11.215 | equity $   12379 | sortino 11.22 | trades 1013 | ✓ SURVIVED
Gen 33291 | best fit   11.215 | equity $   12379 | sortino 11.22 | trades 1013 | ✓ SURVIVED
Gen 33296 | best fit   11.215 | equity $   12379 | sortino 11.22 | trades 1013 | ✓ SURVIVED
Gen 33301 | best fit   11.215 | equity $   12379 | sortino 11.22 | trades 1013 | ✓ SURVIVED
Gen 33306 | best fit   11.215 | equity $   12379 | sortino 11.22 | trades 1013 | ✓ SURVIVED
Gen 33311 | best fit   11.215 | equity $   12379 | sortino 11.22 | trades 1013 | ✓ SURVIVED
Gen 33316 | best fit   11.215 | equity $   12379 | sortino 11.22 | trades 1013 | ✓ SURVIVED
Gen 33321 | best fit   11.215 | equity $   12379 | sortino 11.22 | trades 1013 | ✓ SURVIVED
Gen 33326 | best fit   11.215 | equity $   12379 | sortino 11.22 | trades 1013 | ✓ SURVIVED
Gen 33331 | best fit   11.215 | equity $   12379 | sortino 11.22 | trades 1013 | ✓ SURVIVED
Gen 33336 | best fit   11.215 | equity $   12379 | sortino 11.22 | trades 1013 | ✓ SURVIVED
Gen 33341 | best fit   11.215 | equity $   12379 | sortino 11.22 | trades 1013 | ✓ SURVIVED
Gen 33346 | best fit   11.215 | equity $   12379 | sortino 11.22 | trades 1013 | ✓ SURVIVED
Gen 33351 | best fit   11.215 | equity $   12379 | sortino 11.22 | trades 1013 | ✓ SURVIVED
Gen 33356 | best fit   11.215 | equity $   12379 | sortino 11.22 | trades 1013 | ✓ SURVIVED
Gen 33361 | best fit   11.215 | equity $   12379 | sortino 11.22 | trades 1013 | ✓ SURVIVED
Gen 33366 | best fit   11.215 | equity $   12379 | sortino 11.22 | trades 1013 | ✓ SURVIVED
Gen 33371 | best fit   11.215 | equity $   12379 | sortino 11.22 | trades 1013 | ✓ SURVIVED
Gen 33376 | best fit   11.215 | equity $   12379 | sortino 11.22 | trades 1013 | ✓ SURVIVED
Gen 33381 | best fit   11.215 | equity $   12379 | sortino 11.22 | trades 1013 | ✓ SURVIVED
Gen 33386 | best fit   11.215 | equity $   12379 | sortino 11.22 | trades 1013 | ✓ SURVIVED
Gen 33391 | best fit   11.215 | equity $   12379 | sortino 11.22 | trades 1013 | ✓ SURVIVED
Gen 33396 | best fit   11.215 | equity $   12379 | sortino 11.22 | trades 1013 | ✓ SURVIVED
Gen 33401 | best fit   11.215 | equity $   12379 | sortino 11.22 | trades 1013 | ✓ SURVIVED
Gen 33406 | best fit   11.215 | equity $   12379 | sortino 11.22 | trades 1013 | ✓ SURVIVED
Gen 33411 | best fit   11.215 | equity $   12379 | sortino 11.22 | trades 1013 | ✓ SURVIVED
Gen 33416 | best fit   11.215 | equity $   12379 | sortino 11.22 | trades 1013 | ✓ SURVIVED
Gen 33421 | best fit   11.215 | equity $   12379 | sortino 11.22 | trades 1013 | ✓ SURVIVED
Gen 33426 | best fit   11.215 | equity $   12379 | sortino 11.22 | trades 1013 | ✓ SURVIVED
Gen 33431 | best fit   11.215 | equity $   12379 | sortino 11.22 | trades 1013 | ✓ SURVIVED
Gen 33436 | best fit   11.215 | equity $   12379 | sortino 11.22 | trades 1013 | ✓ SURVIVED
Gen 33441 | best fit   11.215 | equity $   12379 | sortino 11.22 | trades 1013 | ✓ SURVIVED
Gen 33446 | best fit   11.215 | equity $   12379 | sortino 11.22 | trades 1013 | ✓ SURVIVED
Gen 33451 | best fit   11.215 | equity $   12379 | sortino 11.22 | trades 1013 | ✓ SURVIVED
Gen 33456 | best fit   11.215 | equity $   12379 | sortino 11.22 | trades 1013 | ✓ SURVIVED
Gen 33461 | best fit   11.215 | equity $   12379 | sortino 11.22 | trades 1013 | ✓ SURVIVED
Gen 33466 | best fit   11.215 | equity $   12379 | sortino 11.22 | trades 1013 | ✓ SURVIVED
Gen 33471 | best fit   11.215 | equity $   12379 | sortino 11.22 | trades 1013 | ✓ SURVIVED
Gen 33476 | best fit   11.215 | equity $   12379 | sortino 11.22 | trades 1013 | ✓ SURVIVED
Gen 33481 | best fit   11.215 | equity $   12379 | sortino 11.22 | trades 1013 | ✓ SURVIVED
Gen 33486 | best fit   11.215 | equity $   12379 | sortino 11.22 | trades 1013 | ✓ SURVIVED
Gen 33491 | best fit   11.215 | equity $   12379 | sortino 11.22 | trades 1013 | ✓ SURVIVED
Gen 33496 | best fit   11.215 | equity $   12379 | sortino 11.22 | trades 1013 | ✓ SURVIVED
Gen 33501 | best fit   11.215 | equity $   12379 | sortino 11.22 | trades 1013 | ✓ SURVIVED
Gen 33506 | best fit   11.215 | equity $   12379 | sortino 11.22 | trades 1013 | ✓ SURVIVED
Gen 33511 | best fit   11.215 | equity $   12379 | sortino 11.22 | trades 1013 | ✓ SURVIVED
Gen 33516 | best fit   11.215 | equity $   12379 | sortino 11.22 | trades 1013 | ✓ SURVIVED
Gen 33521 | best fit   11.215 | equity $   12379 | sortino 11.22 | trades 1013 | ✓ SURVIVED
Gen 33526 | best fit   11.215 | equity $   12379 | sortino 11.22 | trades 1013 | ✓ SURVIVED
Gen 33531 | best fit   11.215 | equity $   12379 | sortino 11.22 | trades 1013 | ✓ SURVIVED
Gen 33536 | best fit   11.215 | equity $   12379 | sortino 11.22 | trades 1013 | ✓ SURVIVED
Gen 33541 | best fit   11.215 | equity $   12379 | sortino 11.22 | trades 1013 | ✓ SURVIVED
Gen 33546 | best fit   11.215 | equity $   12379 | sortino 11.22 | trades 1013 | ✓ SURVIVED
Gen 33551 | best fit   11.215 | equity $   12379 | sortino 11.22 | trades 1013 | ✓ SURVIVED
Gen 33556 | best fit   11.215 | equity $   12379 | sortino 11.22 | trades 1013 | ✓ SURVIVED
Gen 33561 | best fit   11.215 | equity $   12379 | sortino 11.22 | trades 1013 | ✓ SURVIVED
Gen 33566 | best fit   11.215 | equity $   12379 | sortino 11.22 | trades 1013 | ✓ SURVIVED
Gen 33571 | best fit   11.215 | equity $   12379 | sortino 11.22 | trades 1013 | ✓ SURVIVED
Gen 33576 | best fit   11.215 | equity $   12379 | sortino 11.22 | trades 1013 | ✓ SURVIVED
Gen 33581 | best fit   11.215 | equity $   12379 | sortino 11.22 | trades 1013 | ✓ SURVIVED
Gen 33586 | best fit   11.215 | equity $   12379 | sortino 11.22 | trades 1013 | ✓ SURVIVED
Gen 33591 | best fit   11.215 | equity $   12379 | sortino 11.22 | trades 1013 | ✓ SURVIVED
Gen 33596 | best fit   11.215 | equity $   12379 | sortino 11.22 | trades 1013 | ✓ SURVIVED
Gen 33601 | best fit   11.215 | equity $   12379 | sortino 11.22 | trades 1013 | ✓ SURVIVED
Gen 33606 | best fit   11.215 | equity $   12379 | sortino 11.22 | trades 1013 | ✓ SURVIVED
Gen 33611 | best fit   11.215 | equity $   12379 | sortino 11.22 | trades 1013 | ✓ SURVIVED
Gen 33616 | best fit   11.215 | equity $   12379 | sortino 11.22 | trades 1013 | ✓ SURVIVED
Gen 33621 | best fit   11.215 | equity $   12379 | sortino 11.22 | trades 1013 | ✓ SURVIVED
Gen 33626 | best fit   11.215 | equity $   12379 | sortino 11.22 | trades 1013 | ✓ SURVIVED
Gen 33631 | best fit   11.215 | equity $   12379 | sortino 11.22 | trades 1013 | ✓ SURVIVED
Gen 33636 | best fit   11.215 | equity $   12379 | sortino 11.22 | trades 1013 | ✓ SURVIVED
Gen 33641 | best fit   11.215 | equity $   12379 | sortino 11.22 | trades 1013 | ✓ SURVIVED
Gen 33646 | best fit   11.215 | equity $   12379 | sortino 11.22 | trades 1013 | ✓ SURVIVED
Gen 33651 | best fit   11.215 | equity $   12379 | sortino 11.22 | trades 1013 | ✓ SURVIVED
Gen 33656 | best fit   11.215 | equity $   12379 | sortino 11.22 | trades 1013 | ✓ SURVIVED
Gen 33661 | best fit   11.215 | equity $   12379 | sortino 11.22 | trades 1013 | ✓ SURVIVED
Gen 33666 | best fit   11.215 | equity $   12379 | sortino 11.22 | trades 1013 | ✓ SURVIVED
Gen 33671 | best fit   11.215 | equity $   12379 | sortino 11.22 | trades 1013 | ✓ SURVIVED
Gen 33676 | best fit   11.215 | equity $   12379 | sortino 11.22 | trades 1013 | ✓ SURVIVED
Gen 33681 | best fit   11.215 | equity $   12379 | sortino 11.22 | trades 1013 | ✓ SURVIVED
Gen 33686 | best fit   11.215 | equity $   12379 | sortino 11.22 | trades 1013 | ✓ SURVIVED
Gen 33691 | best fit   11.215 | equity $   12379 | sortino 11.22 | trades 1013 | ✓ SURVIVED
Gen 33696 | best fit   11.215 | equity $   12379 | sortino 11.22 | trades 1013 | ✓ SURVIVED
Gen 33701 | best fit   11.215 | equity $   12379 | sortino 11.22 | trades 1013 | ✓ SURVIVED
Gen 33706 | best fit   11.215 | equity $   12379 | sortino 11.22 | trades 1013 | ✓ SURVIVED
Gen 33711 | best fit   11.215 | equity $   12379 | sortino 11.22 | trades 1013 | ✓ SURVIVED
Gen 33716 | best fit   11.215 | equity $   12379 | sortino 11.22 | trades 1013 | ✓ SURVIVED
Gen 33721 | best fit   11.215 | equity $   12379 | sortino 11.22 | trades 1013 | ✓ SURVIVED
Gen 33726 | best fit   11.215 | equity $   12379 | sortino 11.22 | trades 1013 | ✓ SURVIVED
Gen 33731 | best fit   11.215 | equity $   12379 | sortino 11.22 | trades 1013 | ✓ SURVIVED
Gen 33736 | best fit   11.215 | equity $   12379 | sortino 11.22 | trades 1013 | ✓ SURVIVED
Gen 33741 | best fit   11.215 | equity $   12379 | sortino 11.22 | trades 1013 | ✓ SURVIVED
Gen 33746 | best fit   11.215 | equity $   12379 | sortino 11.22 | trades 1013 | ✓ SURVIVED
Gen 33751 | best fit   11.215 | equity $   12379 | sortino 11.22 | trades 1013 | ✓ SURVIVED
Gen 33756 | best fit   11.215 | equity $   12379 | sortino 11.22 | trades 1013 | ✓ SURVIVED
Gen 33761 | best fit   11.215 | equity $   12379 | sortino 11.22 | trades 1013 | ✓ SURVIVED
Gen 33766 | best fit   11.215 | equity $   12379 | sortino 11.22 | trades 1013 | ✓ SURVIVED
Gen 33771 | best fit   11.215 | equity $   12379 | sortino 11.22 | trades 1013 | ✓ SURVIVED
Gen 33776 | best fit   11.215 | equity $   12379 | sortino 11.22 | trades 1013 | ✓ SURVIVED
Gen 33781 | best fit   11.215 | equity $   12379 | sortino 11.22 | trades 1013 | ✓ SURVIVED
Gen 33786 | best fit   11.215 | equity $   12379 | sortino 11.22 | trades 1013 | ✓ SURVIVED
Gen 33791 | best fit   11.215 | equity $   12379 | sortino 11.22 | trades 1013 | ✓ SURVIVED
Gen 33796 | best fit   11.215 | equity $   12379 | sortino 11.22 | trades 1013 | ✓ SURVIVED
Gen 33801 | best fit   11.215 | equity $   12379 | sortino 11.22 | trades 1013 | ✓ SURVIVED
Gen 33806 | best fit   11.215 | equity $   12379 | sortino 11.22 | trades 1013 | ✓ SURVIVED
Gen 33811 | best fit   11.215 | equity $   12379 | sortino 11.22 | trades 1013 | ✓ SURVIVED
Gen 33816 | best fit   11.215 | equity $   12379 | sortino 11.22 | trades 1013 | ✓ SURVIVED
Gen 33821 | best fit   11.215 | equity $   12379 | sortino 11.22 | trades 1013 | ✓ SURVIVED
Gen 33826 | best fit   11.215 | equity $   12379 | sortino 11.22 | trades 1013 | ✓ SURVIVED
Gen 33831 | best fit   11.215 | equity $   12379 | sortino 11.22 | trades 1013 | ✓ SURVIVED
Gen 33836 | best fit   11.215 | equity $   12379 | sortino 11.22 | trades 1013 | ✓ SURVIVED
Gen 33841 | best fit   11.215 | equity $   12379 | sortino 11.22 | trades 1013 | ✓ SURVIVED
Gen 33846 | best fit   11.215 | equity $   12379 | sortino 11.22 | trades 1013 | ✓ SURVIVED
Gen 33851 | best fit   11.215 | equity $   12379 | sortino 11.22 | trades 1013 | ✓ SURVIVED
Gen 33856 | best fit   11.215 | equity $   12379 | sortino 11.22 | trades 1013 | ✓ SURVIVED
Gen 33861 | best fit   11.215 | equity $   12379 | sortino 11.22 | trades 1013 | ✓ SURVIVED
Gen 33866 | best fit   11.215 | equity $   12379 | sortino 11.22 | trades 1013 | ✓ SURVIVED
Gen 33871 | best fit   11.215 | equity $   12379 | sortino 11.22 | trades 1013 | ✓ SURVIVED
Gen 33876 | best fit   11.215 | equity $   12379 | sortino 11.22 | trades 1013 | ✓ SURVIVED
Gen 33881 | best fit   11.215 | equity $   12379 | sortino 11.22 | trades 1013 | ✓ SURVIVED
Gen 33886 | best fit   11.215 | equity $   12379 | sortino 11.22 | trades 1013 | ✓ SURVIVED
Gen 33891 | best fit   11.215 | equity $   12379 | sortino 11.22 | trades 1013 | ✓ SURVIVED
Gen 33896 | best fit   11.215 | equity $   12379 | sortino 11.22 | trades 1013 | ✓ SURVIVED
Gen 33901 | best fit   11.215 | equity $   12379 | sortino 11.22 | trades 1013 | ✓ SURVIVED
Gen 33906 | best fit   11.215 | equity $   12379 | sortino 11.22 | trades 1013 | ✓ SURVIVED
Gen 33911 | best fit   11.215 | equity $   12379 | sortino 11.22 | trades 1013 | ✓ SURVIVED
Gen 33916 | best fit   11.215 | equity $   12379 | sortino 11.22 | trades 1013 | ✓ SURVIVED
Gen 33921 | best fit   11.215 | equity $   12379 | sortino 11.22 | trades 1013 | ✓ SURVIVED
Gen 33926 | best fit   11.215 | equity $   12379 | sortino 11.22 | trades 1013 | ✓ SURVIVED
Gen 33931 | best fit   11.215 | equity $   12379 | sortino 11.22 | trades 1013 | ✓ SURVIVED
Gen 33936 | best fit   11.215 | equity $   12379 | sortino 11.22 | trades 1013 | ✓ SURVIVED
Gen 33941 | best fit   11.215 | equity $   12379 | sortino 11.22 | trades 1013 | ✓ SURVIVED
Gen 33946 | best fit   11.215 | equity $   12379 | sortino 11.22 | trades 1013 | ✓ SURVIVED
Gen 33951 | best fit   11.215 | equity $   12379 | sortino 11.22 | trades 1013 | ✓ SURVIVED
Gen 33956 | best fit   11.215 | equity $   12379 | sortino 11.22 | trades 1013 | ✓ SURVIVED
Gen 33961 | best fit   11.215 | equity $   12379 | sortino 11.22 | trades 1013 | ✓ SURVIVED
Gen 33966 | best fit   11.215 | equity $   12379 | sortino 11.22 | trades 1013 | ✓ SURVIVED
Gen 33971 | best fit   11.215 | equity $   12379 | sortino 11.22 | trades 1013 | ✓ SURVIVED
Gen 33976 | best fit   11.215 | equity $   12379 | sortino 11.22 | trades 1013 | ✓ SURVIVED
Gen 33981 | best fit   11.215 | equity $   12379 | sortino 11.22 | trades 1013 | ✓ SURVIVED
Gen 33986 | best fit   11.215 | equity $   12379 | sortino 11.22 | trades 1013 | ✓ SURVIVED
Gen 33991 | best fit   11.215 | equity $   12379 | sortino 11.22 | trades 1013 | ✓ SURVIVED
Gen 33996 | best fit   11.215 | equity $   12379 | sortino 11.22 | trades 1013 | ✓ SURVIVED
Gen 34001 | best fit   11.215 | equity $   12379 | sortino 11.22 | trades 1013 | ✓ SURVIVED
Gen 34006 | best fit   11.215 | equity $   12379 | sortino 11.22 | trades 1013 | ✓ SURVIVED
Gen 34011 | best fit   11.215 | equity $   12379 | sortino 11.22 | trades 1013 | ✓ SURVIVED
Gen 34016 | best fit   11.215 | equity $   12379 | sortino 11.22 | trades 1013 | ✓ SURVIVED
Gen 34021 | best fit   11.215 | equity $   12379 | sortino 11.22 | trades 1013 | ✓ SURVIVED
Gen 34026 | best fit   11.215 | equity $   12379 | sortino 11.22 | trades 1013 | ✓ SURVIVED
Gen 34031 | best fit   11.215 | equity $   12379 | sortino 11.22 | trades 1013 | ✓ SURVIVED
Gen 34036 | best fit   11.215 | equity $   12379 | sortino 11.22 | trades 1013 | ✓ SURVIVED
Gen 34041 | best fit   11.215 | equity $   12379 | sortino 11.22 | trades 1013 | ✓ SURVIVED
Gen 34046 | best fit   11.215 | equity $   12379 | sortino 11.22 | trades 1013 | ✓ SURVIVED
Gen 34051 | best fit   11.215 | equity $   12379 | sortino 11.22 | trades 1013 | ✓ SURVIVED
Gen 34056 | best fit   11.215 | equity $   12379 | sortino 11.22 | trades 1013 | ✓ SURVIVED
Gen 34061 | best fit   11.215 | equity $   12379 | sortino 11.22 | trades 1013 | ✓ SURVIVED
Gen 34066 | best fit   11.215 | equity $   12379 | sortino 11.22 | trades 1013 | ✓ SURVIVED
Gen 34071 | best fit   11.215 | equity $   12379 | sortino 11.22 | trades 1013 | ✓ SURVIVED
Gen 34076 | best fit   11.215 | equity $   12379 | sortino 11.22 | trades 1013 | ✓ SURVIVED
Gen 34081 | best fit   11.215 | equity $   12379 | sortino 11.22 | trades 1013 | ✓ SURVIVED
Gen 34086 | best fit   11.215 | equity $   12379 | sortino 11.22 | trades 1013 | ✓ SURVIVED
Gen 34091 | best fit   11.215 | equity $   12379 | sortino 11.22 | trades 1013 | ✓ SURVIVED
Gen 34096 | best fit   11.215 | equity $   12379 | sortino 11.22 | trades 1013 | ✓ SURVIVED
Gen 34101 | best fit   11.215 | equity $   12379 | sortino 11.22 | trades 1013 | ✓ SURVIVED
Gen 34106 | best fit   11.215 | equity $   12379 | sortino 11.22 | trades 1013 | ✓ SURVIVED
Gen 34111 | best fit   11.215 | equity $   12379 | sortino 11.22 | trades 1013 | ✓ SURVIVED
Gen 34116 | best fit   11.215 | equity $   12379 | sortino 11.22 | trades 1013 | ✓ SURVIVED
Gen 34121 | best fit   11.215 | equity $   12379 | sortino 11.22 | trades 1013 | ✓ SURVIVED
Gen 34126 | best fit   11.215 | equity $   12379 | sortino 11.22 | trades 1013 | ✓ SURVIVED
Gen 34131 | best fit   11.215 | equity $   12379 | sortino 11.22 | trades 1013 | ✓ SURVIVED
Gen 34136 | best fit   11.215 | equity $   12379 | sortino 11.22 | trades 1013 | ✓ SURVIVED
Gen 34141 | best fit   11.215 | equity $   12379 | sortino 11.22 | trades 1013 | ✓ SURVIVED
Gen 34146 | best fit   11.215 | equity $   12379 | sortino 11.22 | trades 1013 | ✓ SURVIVED
Gen 34151 | best fit   11.215 | equity $   12379 | sortino 11.22 | trades 1013 | ✓ SURVIVED
Gen 34156 | best fit   11.215 | equity $   12379 | sortino 11.22 | trades 1013 | ✓ SURVIVED
Gen 34161 | best fit   11.215 | equity $   12379 | sortino 11.22 | trades 1013 | ✓ SURVIVED
Gen 34166 | best fit   11.215 | equity $   12379 | sortino 11.22 | trades 1013 | ✓ SURVIVED
Gen 34171 | best fit   11.215 | equity $   12379 | sortino 11.22 | trades 1013 | ✓ SURVIVED
Gen 34176 | best fit   11.215 | equity $   12379 | sortino 11.22 | trades 1013 | ✓ SURVIVED
Gen 34181 | best fit   11.215 | equity $   12379 | sortino 11.22 | trades 1013 | ✓ SURVIVED
Gen 34186 | best fit   11.215 | equity $   12379 | sortino 11.22 | trades 1013 | ✓ SURVIVED
Gen 34191 | best fit   11.215 | equity $   12379 | sortino 11.22 | trades 1013 | ✓ SURVIVED
Gen 34196 | best fit   11.215 | equity $   12379 | sortino 11.22 | trades 1013 | ✓ SURVIVED
Gen 34201 | best fit   11.215 | equity $   12379 | sortino 11.22 | trades 1013 | ✓ SURVIVED
Gen 34206 | best fit   11.215 | equity $   12379 | sortino 11.22 | trades 1013 | ✓ SURVIVED
Gen 34211 | best fit   11.215 | equity $   12379 | sortino 11.22 | trades 1013 | ✓ SURVIVED
Gen 34216 | best fit   11.215 | equity $   12379 | sortino 11.22 | trades 1013 | ✓ SURVIVED
Gen 34221 | best fit   11.215 | equity $   12379 | sortino 11.22 | trades 1013 | ✓ SURVIVED
Gen 34226 | best fit   11.215 | equity $   12379 | sortino 11.22 | trades 1013 | ✓ SURVIVED
Gen 34231 | best fit   11.215 | equity $   12379 | sortino 11.22 | trades 1013 | ✓ SURVIVED
Gen 34236 | best fit   11.215 | equity $   12379 | sortino 11.22 | trades 1013 | ✓ SURVIVED
Gen 34241 | best fit   11.215 | equity $   12379 | sortino 11.22 | trades 1013 | ✓ SURVIVED
Gen 34246 | best fit   11.215 | equity $   12379 | sortino 11.22 | trades 1013 | ✓ SURVIVED
Gen 34251 | best fit   11.215 | equity $   12379 | sortino 11.22 | trades 1013 | ✓ SURVIVED
Gen 34256 | best fit   11.215 | equity $   12379 | sortino 11.22 | trades 1013 | ✓ SURVIVED
Gen 34261 | best fit   11.215 | equity $   12379 | sortino 11.22 | trades 1013 | ✓ SURVIVED
Gen 34266 | best fit   11.215 | equity $   12379 | sortino 11.22 | trades 1013 | ✓ SURVIVED
Gen 34271 | best fit   11.215 | equity $   12379 | sortino 11.22 | trades 1013 | ✓ SURVIVED
Gen 34276 | best fit   11.215 | equity $   12379 | sortino 11.22 | trades 1013 | ✓ SURVIVED
Gen 34281 | best fit   11.215 | equity $   12379 | sortino 11.22 | trades 1013 | ✓ SURVIVED
Gen 34286 | best fit   11.215 | equity $   12379 | sortino 11.22 | trades 1013 | ✓ SURVIVED
Gen 34291 | best fit   11.215 | equity $   12379 | sortino 11.22 | trades 1013 | ✓ SURVIVED
Gen 34296 | best fit   11.215 | equity $   12379 | sortino 11.22 | trades 1013 | ✓ SURVIVED
Gen 34301 | best fit   11.215 | equity $   12379 | sortino 11.22 | trades 1013 | ✓ SURVIVED
Gen 34306 | best fit   11.215 | equity $   12379 | sortino 11.22 | trades 1013 | ✓ SURVIVED
Gen 34311 | best fit   11.215 | equity $   12379 | sortino 11.22 | trades 1013 | ✓ SURVIVED
Gen 34316 | best fit   11.215 | equity $   12379 | sortino 11.22 | trades 1013 | ✓ SURVIVED
Gen 34321 | best fit   11.215 | equity $   12379 | sortino 11.22 | trades 1013 | ✓ SURVIVED
Gen 34326 | best fit   11.215 | equity $   12379 | sortino 11.22 | trades 1013 | ✓ SURVIVED
Gen 34331 | best fit   11.215 | equity $   12379 | sortino 11.22 | trades 1013 | ✓ SURVIVED
Gen 34336 | best fit   11.215 | equity $   12379 | sortino 11.22 | trades 1013 | ✓ SURVIVED
Gen 34341 | best fit   11.215 | equity $   12379 | sortino 11.22 | trades 1013 | ✓ SURVIVED
Gen 34346 | best fit   11.215 | equity $   12379 | sortino 11.22 | trades 1013 | ✓ SURVIVED
Gen 34351 | best fit   11.215 | equity $   12379 | sortino 11.22 | trades 1013 | ✓ SURVIVED
Gen 34356 | best fit   11.215 | equity $   12379 | sortino 11.22 | trades 1013 | ✓ SURVIVED
Gen 34361 | best fit   11.215 | equity $   12379 | sortino 11.22 | trades 1013 | ✓ SURVIVED
Gen 34366 | best fit   11.215 | equity $   12379 | sortino 11.22 | trades 1013 | ✓ SURVIVED
Gen 34371 | best fit   11.215 | equity $   12379 | sortino 11.22 | trades 1013 | ✓ SURVIVED
Gen 34376 | best fit   11.215 | equity $   12379 | sortino 11.22 | trades 1013 | ✓ SURVIVED
Gen 34381 | best fit   11.215 | equity $   12379 | sortino 11.22 | trades 1013 | ✓ SURVIVED
Gen 34386 | best fit   11.215 | equity $   12379 | sortino 11.22 | trades 1013 | ✓ SURVIVED
Gen 34391 | best fit   11.215 | equity $   12379 | sortino 11.22 | trades 1013 | ✓ SURVIVED
Gen 34396 | best fit   11.215 | equity $   12379 | sortino 11.22 | trades 1013 | ✓ SURVIVED
Gen 34401 | best fit   11.215 | equity $   12379 | sortino 11.22 | trades 1013 | ✓ SURVIVED
Gen 34406 | best fit   11.215 | equity $   12379 | sortino 11.22 | trades 1013 | ✓ SURVIVED
Gen 34411 | best fit   11.215 | equity $   12379 | sortino 11.22 | trades 1013 | ✓ SURVIVED
Gen 34416 | best fit   11.215 | equity $   12379 | sortino 11.22 | trades 1013 | ✓ SURVIVED
Gen 34421 | best fit   11.215 | equity $   12379 | sortino 11.22 | trades 1013 | ✓ SURVIVED
Gen 34426 | best fit   11.215 | equity $   12379 | sortino 11.22 | trades 1013 | ✓ SURVIVED
Gen 34431 | best fit   11.215 | equity $   12379 | sortino 11.22 | trades 1013 | ✓ SURVIVED
Gen 34436 | best fit   11.215 | equity $   12379 | sortino 11.22 | trades 1013 | ✓ SURVIVED
Gen 34441 | best fit   11.215 | equity $   12379 | sortino 11.22 | trades 1013 | ✓ SURVIVED
Gen 34446 | best fit   11.215 | equity $   12379 | sortino 11.22 | trades 1013 | ✓ SURVIVED
Gen 34451 | best fit   11.215 | equity $   12379 | sortino 11.22 | trades 1013 | ✓ SURVIVED
Gen 34456 | best fit   11.215 | equity $   12379 | sortino 11.22 | trades 1013 | ✓ SURVIVED
Gen 34461 | best fit   11.215 | equity $   12379 | sortino 11.22 | trades 1013 | ✓ SURVIVED
Gen 34466 | best fit   11.215 | equity $   12379 | sortino 11.22 | trades 1013 | ✓ SURVIVED
Gen 34471 | best fit   11.215 | equity $   12379 | sortino 11.22 | trades 1013 | ✓ SURVIVED
Gen 34476 | best fit   11.215 | equity $   12379 | sortino 11.22 | trades 1013 | ✓ SURVIVED
Gen 34481 | best fit   11.215 | equity $   12379 | sortino 11.22 | trades 1013 | ✓ SURVIVED
Gen 34486 | best fit   11.215 | equity $   12379 | sortino 11.22 | trades 1013 | ✓ SURVIVED
Gen 34491 | best fit   11.215 | equity $   12379 | sortino 11.22 | trades 1013 | ✓ SURVIVED
Gen 34496 | best fit   11.215 | equity $   12379 | sortino 11.22 | trades 1013 | ✓ SURVIVED
Gen 34501 | best fit   11.215 | equity $   12379 | sortino 11.22 | trades 1013 | ✓ SURVIVED
Gen 34506 | best fit   11.215 | equity $   12379 | sortino 11.22 | trades 1013 | ✓ SURVIVED
Gen 34511 | best fit   11.215 | equity $   12379 | sortino 11.22 | trades 1013 | ✓ SURVIVED
Gen 34516 | best fit   11.215 | equity $   12379 | sortino 11.22 | trades 1013 | ✓ SURVIVED
Gen 34521 | best fit   11.215 | equity $   12379 | sortino 11.22 | trades 1013 | ✓ SURVIVED
Gen 34526 | best fit   11.215 | equity $   12379 | sortino 11.22 | trades 1013 | ✓ SURVIVED
Gen 34531 | best fit   11.215 | equity $   12379 | sortino 11.22 | trades 1013 | ✓ SURVIVED
Gen 34536 | best fit   11.215 | equity $   12379 | sortino 11.22 | trades 1013 | ✓ SURVIVED
Gen 34541 | best fit   11.215 | equity $   12379 | sortino 11.22 | trades 1013 | ✓ SURVIVED
Gen 34546 | best fit   11.215 | equity $   12379 | sortino 11.22 | trades 1013 | ✓ SURVIVED
Gen 34551 | best fit   11.215 | equity $   12379 | sortino 11.22 | trades 1013 | ✓ SURVIVED
Gen 34556 | best fit   11.215 | equity $   12379 | sortino 11.22 | trades 1013 | ✓ SURVIVED
Gen 34561 | best fit   11.215 | equity $   12379 | sortino 11.22 | trades 1013 | ✓ SURVIVED
Gen 34566 | best fit   11.215 | equity $   12379 | sortino 11.22 | trades 1013 | ✓ SURVIVED
Gen 34571 | best fit   11.215 | equity $   12379 | sortino 11.22 | trades 1013 | ✓ SURVIVED
Gen 34576 | best fit   11.215 | equity $   12379 | sortino 11.22 | trades 1013 | ✓ SURVIVED
Gen 34581 | best fit   11.215 | equity $   12379 | sortino 11.22 | trades 1013 | ✓ SURVIVED
Gen 34586 | best fit   11.215 | equity $   12379 | sortino 11.22 | trades 1013 | ✓ SURVIVED
Gen 34591 | best fit   11.215 | equity $   12379 | sortino 11.22 | trades 1013 | ✓ SURVIVED
Gen 34596 | best fit   11.215 | equity $   12379 | sortino 11.22 | trades 1013 | ✓ SURVIVED
Gen 34601 | best fit   11.215 | equity $   12379 | sortino 11.22 | trades 1013 | ✓ SURVIVED
Gen 34606 | best fit   11.215 | equity $   12379 | sortino 11.22 | trades 1013 | ✓ SURVIVED
Gen 34611 | best fit   11.215 | equity $   12379 | sortino 11.22 | trades 1013 | ✓ SURVIVED
Gen 34616 | best fit   11.215 | equity $   12379 | sortino 11.22 | trades 1013 | ✓ SURVIVED
Gen 34621 | best fit   11.215 | equity $   12379 | sortino 11.22 | trades 1013 | ✓ SURVIVED
Gen 34626 | best fit   11.215 | equity $   12379 | sortino 11.22 | trades 1013 | ✓ SURVIVED
Gen 34631 | best fit   11.215 | equity $   12379 | sortino 11.22 | trades 1013 | ✓ SURVIVED
Gen 34636 | best fit   11.215 | equity $   12379 | sortino 11.22 | trades 1013 | ✓ SURVIVED
Gen 34641 | best fit   11.215 | equity $   12379 | sortino 11.22 | trades 1013 | ✓ SURVIVED
Gen 34646 | best fit   11.215 | equity $   12379 | sortino 11.22 | trades 1013 | ✓ SURVIVED
Gen 34651 | best fit   11.215 | equity $   12379 | sortino 11.22 | trades 1013 | ✓ SURVIVED
Gen 34656 | best fit   11.215 | equity $   12379 | sortino 11.22 | trades 1013 | ✓ SURVIVED
Gen 34661 | best fit   11.215 | equity $   12379 | sortino 11.22 | trades 1013 | ✓ SURVIVED
Gen 34666 | best fit   11.215 | equity $   12379 | sortino 11.22 | trades 1013 | ✓ SURVIVED
Gen 34671 | best fit   11.215 | equity $   12379 | sortino 11.22 | trades 1013 | ✓ SURVIVED
Gen 34676 | best fit   11.215 | equity $   12379 | sortino 11.22 | trades 1013 | ✓ SURVIVED
Gen 34681 | best fit   11.215 | equity $   12379 | sortino 11.22 | trades 1013 | ✓ SURVIVED
Gen 34686 | best fit   11.215 | equity $   12379 | sortino 11.22 | trades 1013 | ✓ SURVIVED
Gen 34691 | best fit   11.215 | equity $   12379 | sortino 11.22 | trades 1013 | ✓ SURVIVED
Gen 34696 | best fit   11.215 | equity $   12379 | sortino 11.22 | trades 1013 | ✓ SURVIVED
Gen 34701 | best fit   11.215 | equity $   12379 | sortino 11.22 | trades 1013 | ✓ SURVIVED
Gen 34706 | best fit   11.215 | equity $   12379 | sortino 11.22 | trades 1013 | ✓ SURVIVED
Gen 34711 | best fit   11.215 | equity $   12379 | sortino 11.22 | trades 1013 | ✓ SURVIVED
Gen 34716 | best fit   11.215 | equity $   12379 | sortino 11.22 | trades 1013 | ✓ SURVIVED
Gen 34721 | best fit   11.215 | equity $   12379 | sortino 11.22 | trades 1013 | ✓ SURVIVED
Gen 34726 | best fit   11.215 | equity $   12379 | sortino 11.22 | trades 1013 | ✓ SURVIVED
Gen 34731 | best fit   11.215 | equity $   12379 | sortino 11.22 | trades 1013 | ✓ SURVIVED
Gen 34736 | best fit   11.215 | equity $   12379 | sortino 11.22 | trades 1013 | ✓ SURVIVED
Gen 34741 | best fit   11.215 | equity $   12379 | sortino 11.22 | trades 1013 | ✓ SURVIVED
Gen 34746 | best fit   11.215 | equity $   12379 | sortino 11.22 | trades 1013 | ✓ SURVIVED
Gen 34751 | best fit   11.215 | equity $   12379 | sortino 11.22 | trades 1013 | ✓ SURVIVED
Gen 34756 | best fit   11.215 | equity $   12379 | sortino 11.22 | trades 1013 | ✓ SURVIVED
Gen 34761 | best fit   11.215 | equity $   12379 | sortino 11.22 | trades 1013 | ✓ SURVIVED
Gen 34766 | best fit   11.215 | equity $   12379 | sortino 11.22 | trades 1013 | ✓ SURVIVED
Gen 34771 | best fit   11.215 | equity $   12379 | sortino 11.22 | trades 1013 | ✓ SURVIVED
Gen 34776 | best fit   11.215 | equity $   12379 | sortino 11.22 | trades 1013 | ✓ SURVIVED
Gen 34781 | best fit   11.215 | equity $   12379 | sortino 11.22 | trades 1013 | ✓ SURVIVED
Gen 34786 | best fit   11.215 | equity $   12379 | sortino 11.22 | trades 1013 | ✓ SURVIVED
Gen 34791 | best fit   11.215 | equity $   12379 | sortino 11.22 | trades 1013 | ✓ SURVIVED
Gen 34796 | best fit   11.215 | equity $   12379 | sortino 11.22 | trades 1013 | ✓ SURVIVED
Gen 34801 | best fit   11.215 | equity $   12379 | sortino 11.22 | trades 1013 | ✓ SURVIVED
Gen 34806 | best fit   11.215 | equity $   12379 | sortino 11.22 | trades 1013 | ✓ SURVIVED
Gen 34811 | best fit   11.215 | equity $   12379 | sortino 11.22 | trades 1013 | ✓ SURVIVED
Gen 34816 | best fit   11.215 | equity $   12379 | sortino 11.22 | trades 1013 | ✓ SURVIVED
Gen 34821 | best fit   11.215 | equity $   12379 | sortino 11.22 | trades 1013 | ✓ SURVIVED
Gen 34826 | best fit   11.215 | equity $   12379 | sortino 11.22 | trades 1013 | ✓ SURVIVED
Gen 34831 | best fit   11.215 | equity $   12379 | sortino 11.22 | trades 1013 | ✓ SURVIVED
Gen 34836 | best fit   11.215 | equity $   12379 | sortino 11.22 | trades 1013 | ✓ SURVIVED
Gen 34841 | best fit   11.215 | equity $   12379 | sortino 11.22 | trades 1013 | ✓ SURVIVED
Gen 34846 | best fit   11.215 | equity $   12379 | sortino 11.22 | trades 1013 | ✓ SURVIVED
Gen 34851 | best fit   11.215 | equity $   12379 | sortino 11.22 | trades 1013 | ✓ SURVIVED
Gen 34856 | best fit   11.215 | equity $   12379 | sortino 11.22 | trades 1013 | ✓ SURVIVED
Gen 34861 | best fit   11.215 | equity $   12379 | sortino 11.22 | trades 1013 | ✓ SURVIVED
Gen 34866 | best fit   11.215 | equity $   12379 | sortino 11.22 | trades 1013 | ✓ SURVIVED
Gen 34871 | best fit   11.215 | equity $   12379 | sortino 11.22 | trades 1013 | ✓ SURVIVED
Gen 34876 | best fit   11.215 | equity $   12379 | sortino 11.22 | trades 1013 | ✓ SURVIVED
Gen 34881 | best fit   11.215 | equity $   12379 | sortino 11.22 | trades 1013 | ✓ SURVIVED
Gen 34886 | best fit   11.215 | equity $   12379 | sortino 11.22 | trades 1013 | ✓ SURVIVED
Gen 34891 | best fit   11.215 | equity $   12379 | sortino 11.22 | trades 1013 | ✓ SURVIVED
Gen 34896 | best fit   11.215 | equity $   12379 | sortino 11.22 | trades 1013 | ✓ SURVIVED
Gen 34901 | best fit   11.215 | equity $   12379 | sortino 11.22 | trades 1013 | ✓ SURVIVED
Gen 34906 | best fit   11.215 | equity $   12379 | sortino 11.22 | trades 1013 | ✓ SURVIVED
Gen 34911 | best fit   11.215 | equity $   12379 | sortino 11.22 | trades 1013 | ✓ SURVIVED
Gen 34916 | best fit   11.215 | equity $   12379 | sortino 11.22 | trades 1013 | ✓ SURVIVED
Gen 34921 | best fit   11.215 | equity $   12379 | sortino 11.22 | trades 1013 | ✓ SURVIVED
Gen 34926 | best fit   11.215 | equity $   12379 | sortino 11.22 | trades 1013 | ✓ SURVIVED
Gen 34931 | best fit   11.215 | equity $   12379 | sortino 11.22 | trades 1013 | ✓ SURVIVED
Gen 34936 | best fit   11.215 | equity $   12379 | sortino 11.22 | trades 1013 | ✓ SURVIVED
Gen 34941 | best fit   11.215 | equity $   12379 | sortino 11.22 | trades 1013 | ✓ SURVIVED
Gen 34946 | best fit   11.215 | equity $   12379 | sortino 11.22 | trades 1013 | ✓ SURVIVED
Gen 34951 | best fit   11.215 | equity $   12379 | sortino 11.22 | trades 1013 | ✓ SURVIVED
Gen 34956 | best fit   11.215 | equity $   12379 | sortino 11.22 | trades 1013 | ✓ SURVIVED
Gen 34961 | best fit   11.215 | equity $   12379 | sortino 11.22 | trades 1013 | ✓ SURVIVED
Gen 34966 | best fit   11.215 | equity $   12379 | sortino 11.22 | trades 1013 | ✓ SURVIVED
Gen 34971 | best fit   11.215 | equity $   12379 | sortino 11.22 | trades 1013 | ✓ SURVIVED
Gen 34976 | best fit   11.215 | equity $   12379 | sortino 11.22 | trades 1013 | ✓ SURVIVED
Gen 34981 | best fit   11.215 | equity $   12379 | sortino 11.22 | trades 1013 | ✓ SURVIVED
Gen 34986 | best fit   11.215 | equity $   12379 | sortino 11.22 | trades 1013 | ✓ SURVIVED
Gen 34991 | best fit   11.215 | equity $   12379 | sortino 11.22 | trades 1013 | ✓ SURVIVED
Gen 34996 | best fit   11.215 | equity $   12379 | sortino 11.22 | trades 1013 | ✓ SURVIVED
Gen 35001 | best fit   11.215 | equity $   12379 | sortino 11.22 | trades 1013 | ✓ SURVIVED
Gen 35006 | best fit   11.215 | equity $   12379 | sortino 11.22 | trades 1013 | ✓ SURVIVED
Gen 35011 | best fit   11.215 | equity $   12379 | sortino 11.22 | trades 1013 | ✓ SURVIVED
Gen 35016 | best fit   11.215 | equity $   12379 | sortino 11.22 | trades 1013 | ✓ SURVIVED
Gen 35021 | best fit   11.215 | equity $   12379 | sortino 11.22 | trades 1013 | ✓ SURVIVED
Gen 35026 | best fit   11.215 | equity $   12379 | sortino 11.22 | trades 1013 | ✓ SURVIVED
Gen 35031 | best fit   11.215 | equity $   12379 | sortino 11.22 | trades 1013 | ✓ SURVIVED
Gen 35036 | best fit   11.215 | equity $   12379 | sortino 11.22 | trades 1013 | ✓ SURVIVED
Gen 35041 | best fit   11.215 | equity $   12379 | sortino 11.22 | trades 1013 | ✓ SURVIVED
Gen 35046 | best fit   11.215 | equity $   12379 | sortino 11.22 | trades 1013 | ✓ SURVIVED
Gen 35051 | best fit   11.215 | equity $   12379 | sortino 11.22 | trades 1013 | ✓ SURVIVED
Gen 35056 | best fit   11.215 | equity $   12379 | sortino 11.22 | trades 1013 | ✓ SURVIVED
Gen 35061 | best fit   11.215 | equity $   12379 | sortino 11.22 | trades 1013 | ✓ SURVIVED
Gen 35066 | best fit   11.215 | equity $   12379 | sortino 11.22 | trades 1013 | ✓ SURVIVED
Gen 35071 | best fit   11.215 | equity $   12379 | sortino 11.22 | trades 1013 | ✓ SURVIVED
Gen 35076 | best fit   11.215 | equity $   12379 | sortino 11.22 | trades 1013 | ✓ SURVIVED
Gen 35081 | best fit   11.215 | equity $   12379 | sortino 11.22 | trades 1013 | ✓ SURVIVED
Gen 35086 | best fit   11.215 | equity $   12379 | sortino 11.22 | trades 1013 | ✓ SURVIVED
Gen 35091 | best fit   11.215 | equity $   12379 | sortino 11.22 | trades 1013 | ✓ SURVIVED
Gen 35096 | best fit   11.215 | equity $   12379 | sortino 11.22 | trades 1013 | ✓ SURVIVED
Gen 35101 | best fit   11.215 | equity $   12379 | sortino 11.22 | trades 1013 | ✓ SURVIVED
Gen 35106 | best fit   11.215 | equity $   12379 | sortino 11.22 | trades 1013 | ✓ SURVIVED
Gen 35111 | best fit   11.215 | equity $   12379 | sortino 11.22 | trades 1013 | ✓ SURVIVED
Gen 35116 | best fit   11.215 | equity $   12379 | sortino 11.22 | trades 1013 | ✓ SURVIVED
Gen 35121 | best fit   11.215 | equity $   12379 | sortino 11.22 | trades 1013 | ✓ SURVIVED
Gen 35126 | best fit   11.215 | equity $   12379 | sortino 11.22 | trades 1013 | ✓ SURVIVED
Gen 35131 | best fit   11.215 | equity $   12379 | sortino 11.22 | trades 1013 | ✓ SURVIVED
Gen 35136 | best fit   11.215 | equity $   12379 | sortino 11.22 | trades 1013 | ✓ SURVIVED
Gen 35141 | best fit   11.215 | equity $   12379 | sortino 11.22 | trades 1013 | ✓ SURVIVED
Gen 35146 | best fit   11.215 | equity $   12379 | sortino 11.22 | trades 1013 | ✓ SURVIVED
Gen 35151 | best fit   11.215 | equity $   12379 | sortino 11.22 | trades 1013 | ✓ SURVIVED
Gen 35156 | best fit   11.215 | equity $   12379 | sortino 11.22 | trades 1013 | ✓ SURVIVED
Gen 35161 | best fit   11.215 | equity $   12379 | sortino 11.22 | trades 1013 | ✓ SURVIVED
Gen 35166 | best fit   11.215 | equity $   12379 | sortino 11.22 | trades 1013 | ✓ SURVIVED
Gen 35171 | best fit   11.215 | equity $   12379 | sortino 11.22 | trades 1013 | ✓ SURVIVED
Gen 35176 | best fit   11.215 | equity $   12379 | sortino 11.22 | trades 1013 | ✓ SURVIVED
Gen 35181 | best fit   11.215 | equity $   12379 | sortino 11.22 | trades 1013 | ✓ SURVIVED
Gen 35186 | best fit   11.215 | equity $   12379 | sortino 11.22 | trades 1013 | ✓ SURVIVED
Gen 35191 | best fit   11.215 | equity $   12379 | sortino 11.22 | trades 1013 | ✓ SURVIVED
Gen 35196 | best fit   11.215 | equity $   12379 | sortino 11.22 | trades 1013 | ✓ SURVIVED
Gen 35201 | best fit   11.215 | equity $   12379 | sortino 11.22 | trades 1013 | ✓ SURVIVED
Gen 35206 | best fit   11.215 | equity $   12379 | sortino 11.22 | trades 1013 | ✓ SURVIVED
Gen 35211 | best fit   11.215 | equity $   12379 | sortino 11.22 | trades 1013 | ✓ SURVIVED
Gen 35216 | best fit   11.215 | equity $   12379 | sortino 11.22 | trades 1013 | ✓ SURVIVED
Gen 35221 | best fit   11.215 | equity $   12379 | sortino 11.22 | trades 1013 | ✓ SURVIVED
Gen 35226 | best fit   11.215 | equity $   12379 | sortino 11.22 | trades 1013 | ✓ SURVIVED
Gen 35231 | best fit   11.215 | equity $   12379 | sortino 11.22 | trades 1013 | ✓ SURVIVED
Gen 35236 | best fit   11.215 | equity $   12379 | sortino 11.22 | trades 1013 | ✓ SURVIVED
Gen 35241 | best fit   11.215 | equity $   12379 | sortino 11.22 | trades 1013 | ✓ SURVIVED
Gen 35246 | best fit   11.215 | equity $   12379 | sortino 11.22 | trades 1013 | ✓ SURVIVED
Gen 35251 | best fit   11.215 | equity $   12379 | sortino 11.22 | trades 1013 | ✓ SURVIVED
Gen 35256 | best fit   11.215 | equity $   12379 | sortino 11.22 | trades 1013 | ✓ SURVIVED
Gen 35261 | best fit   11.215 | equity $   12379 | sortino 11.22 | trades 1013 | ✓ SURVIVED
Gen 35266 | best fit   11.215 | equity $   12379 | sortino 11.22 | trades 1013 | ✓ SURVIVED
Gen 35271 | best fit   11.215 | equity $   12379 | sortino 11.22 | trades 1013 | ✓ SURVIVED
Gen 35276 | best fit   11.215 | equity $   12379 | sortino 11.22 | trades 1013 | ✓ SURVIVED
Gen 35281 | best fit   11.215 | equity $   12379 | sortino 11.22 | trades 1013 | ✓ SURVIVED
Gen 35286 | best fit   11.215 | equity $   12379 | sortino 11.22 | trades 1013 | ✓ SURVIVED
Gen 35291 | best fit   11.215 | equity $   12379 | sortino 11.22 | trades 1013 | ✓ SURVIVED
Gen 35296 | best fit   11.215 | equity $   12379 | sortino 11.22 | trades 1013 | ✓ SURVIVED
Gen 35301 | best fit   11.215 | equity $   12379 | sortino 11.22 | trades 1013 | ✓ SURVIVED
Gen 35306 | best fit   11.215 | equity $   12379 | sortino 11.22 | trades 1013 | ✓ SURVIVED
Gen 35311 | best fit   11.215 | equity $   12379 | sortino 11.22 | trades 1013 | ✓ SURVIVED
Gen 35316 | best fit   11.215 | equity $   12379 | sortino 11.22 | trades 1013 | ✓ SURVIVED
Gen 35321 | best fit   11.215 | equity $   12379 | sortino 11.22 | trades 1013 | ✓ SURVIVED
Gen 35326 | best fit   11.215 | equity $   12379 | sortino 11.22 | trades 1013 | ✓ SURVIVED
Gen 35331 | best fit   11.215 | equity $   12379 | sortino 11.22 | trades 1013 | ✓ SURVIVED
Gen 35336 | best fit   11.215 | equity $   12379 | sortino 11.22 | trades 1013 | ✓ SURVIVED
Gen 35341 | best fit   11.215 | equity $   12379 | sortino 11.22 | trades 1013 | ✓ SURVIVED
Gen 35346 | best fit   11.215 | equity $   12379 | sortino 11.22 | trades 1013 | ✓ SURVIVED
Gen 35351 | best fit   11.215 | equity $   12379 | sortino 11.22 | trades 1013 | ✓ SURVIVED
Gen 35356 | best fit   11.215 | equity $   12379 | sortino 11.22 | trades 1013 | ✓ SURVIVED
Gen 35361 | best fit   11.215 | equity $   12379 | sortino 11.22 | trades 1013 | ✓ SURVIVED
Gen 35366 | best fit   11.215 | equity $   12379 | sortino 11.22 | trades 1013 | ✓ SURVIVED
Gen 35371 | best fit   11.215 | equity $   12379 | sortino 11.22 | trades 1013 | ✓ SURVIVED
Gen 35376 | best fit   11.215 | equity $   12379 | sortino 11.22 | trades 1013 | ✓ SURVIVED
Gen 35381 | best fit   11.215 | equity $   12379 | sortino 11.22 | trades 1013 | ✓ SURVIVED
Gen 35386 | best fit   11.215 | equity $   12379 | sortino 11.22 | trades 1013 | ✓ SURVIVED
Gen 35391 | best fit   11.215 | equity $   12379 | sortino 11.22 | trades 1013 | ✓ SURVIVED
Gen 35396 | best fit   11.215 | equity $   12379 | sortino 11.22 | trades 1013 | ✓ SURVIVED
Gen 35401 | best fit   11.215 | equity $   12379 | sortino 11.22 | trades 1013 | ✓ SURVIVED
Gen 35406 | best fit   11.215 | equity $   12379 | sortino 11.22 | trades 1013 | ✓ SURVIVED
Gen 35411 | best fit   11.215 | equity $   12379 | sortino 11.22 | trades 1013 | ✓ SURVIVED
Gen 35416 | best fit   11.215 | equity $   12379 | sortino 11.22 | trades 1013 | ✓ SURVIVED
Gen 35421 | best fit   11.215 | equity $   12379 | sortino 11.22 | trades 1013 | ✓ SURVIVED
Gen 35426 | best fit   11.215 | equity $   12379 | sortino 11.22 | trades 1013 | ✓ SURVIVED
Gen 35431 | best fit   11.215 | equity $   12379 | sortino 11.22 | trades 1013 | ✓ SURVIVED
Gen 35436 | best fit   11.215 | equity $   12379 | sortino 11.22 | trades 1013 | ✓ SURVIVED
Gen 35441 | best fit   11.215 | equity $   12379 | sortino 11.22 | trades 1013 | ✓ SURVIVED
Gen 35446 | best fit   11.215 | equity $   12379 | sortino 11.22 | trades 1013 | ✓ SURVIVED
Gen 35451 | best fit   11.215 | equity $   12379 | sortino 11.22 | trades 1013 | ✓ SURVIVED
Gen 35456 | best fit   11.215 | equity $   12379 | sortino 11.22 | trades 1013 | ✓ SURVIVED
Gen 35461 | best fit   11.215 | equity $   12379 | sortino 11.22 | trades 1013 | ✓ SURVIVED
Gen 35466 | best fit   11.215 | equity $   12379 | sortino 11.22 | trades 1013 | ✓ SURVIVED
Gen 35471 | best fit   11.215 | equity $   12379 | sortino 11.22 | trades 1013 | ✓ SURVIVED
Gen 35476 | best fit   11.215 | equity $   12379 | sortino 11.22 | trades 1013 | ✓ SURVIVED
Gen 35481 | best fit   11.215 | equity $   12379 | sortino 11.22 | trades 1013 | ✓ SURVIVED
Gen 35486 | best fit   11.215 | equity $   12379 | sortino 11.22 | trades 1013 | ✓ SURVIVED
Gen 35491 | best fit   11.215 | equity $   12379 | sortino 11.22 | trades 1013 | ✓ SURVIVED
Gen 35496 | best fit   11.215 | equity $   12379 | sortino 11.22 | trades 1013 | ✓ SURVIVED
Gen 35501 | best fit   11.215 | equity $   12379 | sortino 11.22 | trades 1013 | ✓ SURVIVED
Gen 35506 | best fit   11.215 | equity $   12379 | sortino 11.22 | trades 1013 | ✓ SURVIVED
Gen 35511 | best fit   11.215 | equity $   12379 | sortino 11.22 | trades 1013 | ✓ SURVIVED
Gen 35516 | best fit   11.215 | equity $   12379 | sortino 11.22 | trades 1013 | ✓ SURVIVED
Gen 35521 | best fit   11.215 | equity $   12379 | sortino 11.22 | trades 1013 | ✓ SURVIVED
Gen 35526 | best fit   11.215 | equity $   12379 | sortino 11.22 | trades 1013 | ✓ SURVIVED
Gen 35531 | best fit   11.215 | equity $   12379 | sortino 11.22 | trades 1013 | ✓ SURVIVED
Gen 35536 | best fit   11.215 | equity $   12379 | sortino 11.22 | trades 1013 | ✓ SURVIVED
Gen 35541 | best fit   11.215 | equity $   12379 | sortino 11.22 | trades 1013 | ✓ SURVIVED
Gen 35546 | best fit   11.215 | equity $   12379 | sortino 11.22 | trades 1013 | ✓ SURVIVED
Gen 35551 | best fit   11.215 | equity $   12379 | sortino 11.22 | trades 1013 | ✓ SURVIVED
Gen 35556 | best fit   11.215 | equity $   12379 | sortino 11.22 | trades 1013 | ✓ SURVIVED
Gen 35561 | best fit   11.215 | equity $   12379 | sortino 11.22 | trades 1013 | ✓ SURVIVED
Gen 35566 | best fit   11.215 | equity $   12379 | sortino 11.22 | trades 1013 | ✓ SURVIVED
Gen 35571 | best fit   11.215 | equity $   12379 | sortino 11.22 | trades 1013 | ✓ SURVIVED
Gen 35576 | best fit   11.215 | equity $   12379 | sortino 11.22 | trades 1013 | ✓ SURVIVED
Gen 35581 | best fit   11.215 | equity $   12379 | sortino 11.22 | trades 1013 | ✓ SURVIVED
Gen 35586 | best fit   11.215 | equity $   12379 | sortino 11.22 | trades 1013 | ✓ SURVIVED
Gen 35591 | best fit   11.215 | equity $   12379 | sortino 11.22 | trades 1013 | ✓ SURVIVED
Gen 35596 | best fit   11.215 | equity $   12379 | sortino 11.22 | trades 1013 | ✓ SURVIVED
Gen 35601 | best fit   11.215 | equity $   12379 | sortino 11.22 | trades 1013 | ✓ SURVIVED
Gen 35606 | best fit   11.215 | equity $   12379 | sortino 11.22 | trades 1013 | ✓ SURVIVED
Gen 35611 | best fit   11.215 | equity $   12379 | sortino 11.22 | trades 1013 | ✓ SURVIVED
Gen 35616 | best fit   11.215 | equity $   12379 | sortino 11.22 | trades 1013 | ✓ SURVIVED
Gen 35621 | best fit   11.215 | equity $   12379 | sortino 11.22 | trades 1013 | ✓ SURVIVED
Gen 35626 | best fit   11.215 | equity $   12379 | sortino 11.22 | trades 1013 | ✓ SURVIVED
Gen 35631 | best fit   11.215 | equity $   12379 | sortino 11.22 | trades 1013 | ✓ SURVIVED
Gen 35636 | best fit   11.215 | equity $   12379 | sortino 11.22 | trades 1013 | ✓ SURVIVED
Gen 35641 | best fit   11.215 | equity $   12379 | sortino 11.22 | trades 1013 | ✓ SURVIVED
Gen 35646 | best fit   11.215 | equity $   12379 | sortino 11.22 | trades 1013 | ✓ SURVIVED
Gen 35651 | best fit   11.215 | equity $   12379 | sortino 11.22 | trades 1013 | ✓ SURVIVED
Gen 35656 | best fit   11.215 | equity $   12379 | sortino 11.22 | trades 1013 | ✓ SURVIVED
Gen 35661 | best fit   11.215 | equity $   12379 | sortino 11.22 | trades 1013 | ✓ SURVIVED
Gen 35666 | best fit   11.215 | equity $   12379 | sortino 11.22 | trades 1013 | ✓ SURVIVED
Gen 35671 | best fit   11.215 | equity $   12379 | sortino 11.22 | trades 1013 | ✓ SURVIVED
Gen 35676 | best fit   11.215 | equity $   12379 | sortino 11.22 | trades 1013 | ✓ SURVIVED
Gen 35681 | best fit   11.215 | equity $   12379 | sortino 11.22 | trades 1013 | ✓ SURVIVED
Gen 35686 | best fit   11.215 | equity $   12379 | sortino 11.22 | trades 1013 | ✓ SURVIVED
Gen 35691 | best fit   11.215 | equity $   12379 | sortino 11.22 | trades 1013 | ✓ SURVIVED
Gen 35696 | best fit   11.215 | equity $   12379 | sortino 11.22 | trades 1013 | ✓ SURVIVED
Gen 35701 | best fit   11.215 | equity $   12379 | sortino 11.22 | trades 1013 | ✓ SURVIVED
Gen 35706 | best fit   11.215 | equity $   12379 | sortino 11.22 | trades 1013 | ✓ SURVIVED
Gen 35711 | best fit   11.215 | equity $   12379 | sortino 11.22 | trades 1013 | ✓ SURVIVED
Gen 35716 | best fit   11.215 | equity $   12379 | sortino 11.22 | trades 1013 | ✓ SURVIVED
Gen 35721 | best fit   11.215 | equity $   12379 | sortino 11.22 | trades 1013 | ✓ SURVIVED
Gen 35726 | best fit   11.215 | equity $   12379 | sortino 11.22 | trades 1013 | ✓ SURVIVED
Gen 35731 | best fit   11.215 | equity $   12379 | sortino 11.22 | trades 1013 | ✓ SURVIVED
Gen 35736 | best fit   11.215 | equity $   12379 | sortino 11.22 | trades 1013 | ✓ SURVIVED
Gen 35741 | best fit   11.215 | equity $   12379 | sortino 11.22 | trades 1013 | ✓ SURVIVED
Gen 35746 | best fit   11.215 | equity $   12379 | sortino 11.22 | trades 1013 | ✓ SURVIVED
Gen 35751 | best fit   11.215 | equity $   12379 | sortino 11.22 | trades 1013 | ✓ SURVIVED
Gen 35756 | best fit   11.215 | equity $   12379 | sortino 11.22 | trades 1013 | ✓ SURVIVED
Gen 35761 | best fit   11.215 | equity $   12379 | sortino 11.22 | trades 1013 | ✓ SURVIVED
Gen 35766 | best fit   11.215 | equity $   12379 | sortino 11.22 | trades 1013 | ✓ SURVIVED
Gen 35771 | best fit   11.215 | equity $   12379 | sortino 11.22 | trades 1013 | ✓ SURVIVED
Gen 35776 | best fit   11.215 | equity $   12379 | sortino 11.22 | trades 1013 | ✓ SURVIVED
Gen 35781 | best fit   11.215 | equity $   12379 | sortino 11.22 | trades 1013 | ✓ SURVIVED
Gen 35786 | best fit   11.215 | equity $   12379 | sortino 11.22 | trades 1013 | ✓ SURVIVED
Gen 35791 | best fit   11.215 | equity $   12379 | sortino 11.22 | trades 1013 | ✓ SURVIVED
Gen 35796 | best fit   11.215 | equity $   12379 | sortino 11.22 | trades 1013 | ✓ SURVIVED
Gen 35801 | best fit   11.215 | equity $   12379 | sortino 11.22 | trades 1013 | ✓ SURVIVED
Gen 35806 | best fit   11.215 | equity $   12379 | sortino 11.22 | trades 1013 | ✓ SURVIVED
Gen 35811 | best fit   11.215 | equity $   12379 | sortino 11.22 | trades 1013 | ✓ SURVIVED
Gen 35816 | best fit   11.215 | equity $   12379 | sortino 11.22 | trades 1013 | ✓ SURVIVED
Gen 35821 | best fit   11.215 | equity $   12379 | sortino 11.22 | trades 1013 | ✓ SURVIVED
Gen 35826 | best fit   11.215 | equity $   12379 | sortino 11.22 | trades 1013 | ✓ SURVIVED
Gen 35831 | best fit   11.215 | equity $   12379 | sortino 11.22 | trades 1013 | ✓ SURVIVED
Gen 35836 | best fit   11.215 | equity $   12379 | sortino 11.22 | trades 1013 | ✓ SURVIVED
Gen 35841 | best fit   11.215 | equity $   12379 | sortino 11.22 | trades 1013 | ✓ SURVIVED
Gen 35846 | best fit   11.215 | equity $   12379 | sortino 11.22 | trades 1013 | ✓ SURVIVED
Gen 35851 | best fit   11.215 | equity $   12379 | sortino 11.22 | trades 1013 | ✓ SURVIVED
Gen 35856 | best fit   11.215 | equity $   12379 | sortino 11.22 | trades 1013 | ✓ SURVIVED
Gen 35861 | best fit   11.215 | equity $   12379 | sortino 11.22 | trades 1013 | ✓ SURVIVED
Gen 35866 | best fit   11.215 | equity $   12379 | sortino 11.22 | trades 1013 | ✓ SURVIVED
Gen 35871 | best fit   11.215 | equity $   12379 | sortino 11.22 | trades 1013 | ✓ SURVIVED
Gen 35876 | best fit   11.215 | equity $   12379 | sortino 11.22 | trades 1013 | ✓ SURVIVED
Gen 35881 | best fit   11.215 | equity $   12379 | sortino 11.22 | trades 1013 | ✓ SURVIVED
Gen 35886 | best fit   11.215 | equity $   12379 | sortino 11.22 | trades 1013 | ✓ SURVIVED
Gen 35891 | best fit   11.215 | equity $   12379 | sortino 11.22 | trades 1013 | ✓ SURVIVED
Gen 35896 | best fit   11.215 | equity $   12379 | sortino 11.22 | trades 1013 | ✓ SURVIVED
Gen 35901 | best fit   11.215 | equity $   12379 | sortino 11.22 | trades 1013 | ✓ SURVIVED
Gen 35906 | best fit   11.215 | equity $   12379 | sortino 11.22 | trades 1013 | ✓ SURVIVED
Gen 35911 | best fit   11.215 | equity $   12379 | sortino 11.22 | trades 1013 | ✓ SURVIVED
Gen 35916 | best fit   11.215 | equity $   12379 | sortino 11.22 | trades 1013 | ✓ SURVIVED
Gen 35921 | best fit   11.215 | equity $   12379 | sortino 11.22 | trades 1013 | ✓ SURVIVED
Gen 35926 | best fit   11.215 | equity $   12379 | sortino 11.22 | trades 1013 | ✓ SURVIVED
Gen 35931 | best fit   11.215 | equity $   12379 | sortino 11.22 | trades 1013 | ✓ SURVIVED
Gen 35936 | best fit   11.215 | equity $   12379 | sortino 11.22 | trades 1013 | ✓ SURVIVED
Gen 35941 | best fit   11.215 | equity $   12379 | sortino 11.22 | trades 1013 | ✓ SURVIVED
Gen 35946 | best fit   11.215 | equity $   12379 | sortino 11.22 | trades 1013 | ✓ SURVIVED
Gen 35951 | best fit   11.215 | equity $   12379 | sortino 11.22 | trades 1013 | ✓ SURVIVED
Gen 35956 | best fit   11.215 | equity $   12379 | sortino 11.22 | trades 1013 | ✓ SURVIVED
Gen 35961 | best fit   11.215 | equity $   12379 | sortino 11.22 | trades 1013 | ✓ SURVIVED
Gen 35966 | best fit   11.215 | equity $   12379 | sortino 11.22 | trades 1013 | ✓ SURVIVED
Gen 35971 | best fit   11.215 | equity $   12379 | sortino 11.22 | trades 1013 | ✓ SURVIVED
Gen 35976 | best fit   11.215 | equity $   12379 | sortino 11.22 | trades 1013 | ✓ SURVIVED
Gen 35981 | best fit   11.215 | equity $   12379 | sortino 11.22 | trades 1013 | ✓ SURVIVED
Gen 35986 | best fit   11.215 | equity $   12379 | sortino 11.22 | trades 1013 | ✓ SURVIVED
Gen 35991 | best fit   11.215 | equity $   12379 | sortino 11.22 | trades 1013 | ✓ SURVIVED
Gen 35996 | best fit   11.215 | equity $   12379 | sortino 11.22 | trades 1013 | ✓ SURVIVED
Gen 36001 | best fit   11.215 | equity $   12379 | sortino 11.22 | trades 1013 | ✓ SURVIVED
Gen 36006 | best fit   11.215 | equity $   12379 | sortino 11.22 | trades 1013 | ✓ SURVIVED
Gen 36011 | best fit   11.215 | equity $   12379 | sortino 11.22 | trades 1013 | ✓ SURVIVED
Gen 36016 | best fit   11.215 | equity $   12379 | sortino 11.22 | trades 1013 | ✓ SURVIVED
Gen 36021 | best fit   11.215 | equity $   12379 | sortino 11.22 | trades 1013 | ✓ SURVIVED
Gen 36026 | best fit   11.215 | equity $   12379 | sortino 11.22 | trades 1013 | ✓ SURVIVED
Gen 36031 | best fit   11.215 | equity $   12379 | sortino 11.22 | trades 1013 | ✓ SURVIVED
Gen 36036 | best fit   11.215 | equity $   12379 | sortino 11.22 | trades 1013 | ✓ SURVIVED
Gen 36041 | best fit   11.215 | equity $   12379 | sortino 11.22 | trades 1013 | ✓ SURVIVED
Gen 36046 | best fit   11.215 | equity $   12379 | sortino 11.22 | trades 1013 | ✓ SURVIVED
Gen 36051 | best fit   11.215 | equity $   12379 | sortino 11.22 | trades 1013 | ✓ SURVIVED
Gen 36056 | best fit   11.215 | equity $   12379 | sortino 11.22 | trades 1013 | ✓ SURVIVED
Gen 36061 | best fit   11.215 | equity $   12379 | sortino 11.22 | trades 1013 | ✓ SURVIVED
Gen 36066 | best fit   11.215 | equity $   12379 | sortino 11.22 | trades 1013 | ✓ SURVIVED
Gen 36071 | best fit   11.215 | equity $   12379 | sortino 11.22 | trades 1013 | ✓ SURVIVED
Gen 36076 | best fit   11.215 | equity $   12379 | sortino 11.22 | trades 1013 | ✓ SURVIVED
Gen 36081 | best fit   11.215 | equity $   12379 | sortino 11.22 | trades 1013 | ✓ SURVIVED
Gen 36086 | best fit   11.215 | equity $   12379 | sortino 11.22 | trades 1013 | ✓ SURVIVED
Gen 36091 | best fit   11.215 | equity $   12379 | sortino 11.22 | trades 1013 | ✓ SURVIVED
Gen 36096 | best fit   11.215 | equity $   12379 | sortino 11.22 | trades 1013 | ✓ SURVIVED
Gen 36101 | best fit   11.215 | equity $   12379 | sortino 11.22 | trades 1013 | ✓ SURVIVED
Gen 36106 | best fit   11.215 | equity $   12379 | sortino 11.22 | trades 1013 | ✓ SURVIVED
Gen 36111 | best fit   11.215 | equity $   12379 | sortino 11.22 | trades 1013 | ✓ SURVIVED
Gen 36116 | best fit   11.215 | equity $   12379 | sortino 11.22 | trades 1013 | ✓ SURVIVED
Gen 36121 | best fit   11.215 | equity $   12379 | sortino 11.22 | trades 1013 | ✓ SURVIVED
Gen 36126 | best fit   11.215 | equity $   12379 | sortino 11.22 | trades 1013 | ✓ SURVIVED
Gen 36131 | best fit   11.215 | equity $   12379 | sortino 11.22 | trades 1013 | ✓ SURVIVED
Gen 36136 | best fit   11.215 | equity $   12379 | sortino 11.22 | trades 1013 | ✓ SURVIVED
Gen 36141 | best fit   11.215 | equity $   12379 | sortino 11.22 | trades 1013 | ✓ SURVIVED
Gen 36146 | best fit   11.215 | equity $   12379 | sortino 11.22 | trades 1013 | ✓ SURVIVED
Gen 36151 | best fit   11.215 | equity $   12379 | sortino 11.22 | trades 1013 | ✓ SURVIVED
Gen 36156 | best fit   11.215 | equity $   12379 | sortino 11.22 | trades 1013 | ✓ SURVIVED
Gen 36161 | best fit   11.215 | equity $   12379 | sortino 11.22 | trades 1013 | ✓ SURVIVED
Gen 36166 | best fit   11.215 | equity $   12379 | sortino 11.22 | trades 1013 | ✓ SURVIVED
Gen 36171 | best fit   11.215 | equity $   12379 | sortino 11.22 | trades 1013 | ✓ SURVIVED
Gen 36176 | best fit   11.215 | equity $   12379 | sortino 11.22 | trades 1013 | ✓ SURVIVED
Gen 36181 | best fit   11.215 | equity $   12379 | sortino 11.22 | trades 1013 | ✓ SURVIVED
Gen 36186 | best fit   11.215 | equity $   12379 | sortino 11.22 | trades 1013 | ✓ SURVIVED
Gen 36191 | best fit   11.215 | equity $   12379 | sortino 11.22 | trades 1013 | ✓ SURVIVED
Gen 36196 | best fit   11.215 | equity $   12379 | sortino 11.22 | trades 1013 | ✓ SURVIVED
Gen 36201 | best fit   11.215 | equity $   12379 | sortino 11.22 | trades 1013 | ✓ SURVIVED
Gen 36206 | best fit   11.215 | equity $   12379 | sortino 11.22 | trades 1013 | ✓ SURVIVED
Gen 36211 | best fit   11.215 | equity $   12379 | sortino 11.22 | trades 1013 | ✓ SURVIVED
Gen 36216 | best fit   11.215 | equity $   12379 | sortino 11.22 | trades 1013 | ✓ SURVIVED
Gen 36221 | best fit   11.215 | equity $   12379 | sortino 11.22 | trades 1013 | ✓ SURVIVED
Gen 36226 | best fit   11.215 | equity $   12379 | sortino 11.22 | trades 1013 | ✓ SURVIVED
Gen 36231 | best fit   11.215 | equity $   12379 | sortino 11.22 | trades 1013 | ✓ SURVIVED
Gen 36236 | best fit   11.215 | equity $   12379 | sortino 11.22 | trades 1013 | ✓ SURVIVED
Gen 36241 | best fit   11.215 | equity $   12379 | sortino 11.22 | trades 1013 | ✓ SURVIVED
Gen 36246 | best fit   11.215 | equity $   12379 | sortino 11.22 | trades 1013 | ✓ SURVIVED
Gen 36251 | best fit   11.215 | equity $   12379 | sortino 11.22 | trades 1013 | ✓ SURVIVED
Gen 36256 | best fit   11.215 | equity $   12379 | sortino 11.22 | trades 1013 | ✓ SURVIVED
Gen 36261 | best fit   11.215 | equity $   12379 | sortino 11.22 | trades 1013 | ✓ SURVIVED
Gen 36266 | best fit   11.215 | equity $   12379 | sortino 11.22 | trades 1013 | ✓ SURVIVED
Gen 36271 | best fit   11.215 | equity $   12379 | sortino 11.22 | trades 1013 | ✓ SURVIVED
Gen 36276 | best fit   11.215 | equity $   12379 | sortino 11.22 | trades 1013 | ✓ SURVIVED
Gen 36281 | best fit   11.215 | equity $   12379 | sortino 11.22 | trades 1013 | ✓ SURVIVED
Gen 36286 | best fit   11.215 | equity $   12379 | sortino 11.22 | trades 1013 | ✓ SURVIVED
Gen 36291 | best fit   11.215 | equity $   12379 | sortino 11.22 | trades 1013 | ✓ SURVIVED
Gen 36296 | best fit   11.215 | equity $   12379 | sortino 11.22 | trades 1013 | ✓ SURVIVED
Gen 36301 | best fit   11.215 | equity $   12379 | sortino 11.22 | trades 1013 | ✓ SURVIVED
Gen 36306 | best fit   11.215 | equity $   12379 | sortino 11.22 | trades 1013 | ✓ SURVIVED
Gen 36311 | best fit   11.215 | equity $   12379 | sortino 11.22 | trades 1013 | ✓ SURVIVED
Gen 36316 | best fit   11.215 | equity $   12379 | sortino 11.22 | trades 1013 | ✓ SURVIVED
Gen 36321 | best fit   11.215 | equity $   12379 | sortino 11.22 | trades 1013 | ✓ SURVIVED
Gen 36326 | best fit   11.215 | equity $   12379 | sortino 11.22 | trades 1013 | ✓ SURVIVED
Gen 36331 | best fit   11.215 | equity $   12379 | sortino 11.22 | trades 1013 | ✓ SURVIVED
Gen 36336 | best fit   11.215 | equity $   12379 | sortino 11.22 | trades 1013 | ✓ SURVIVED
Gen 36341 | best fit   11.215 | equity $   12379 | sortino 11.22 | trades 1013 | ✓ SURVIVED
Gen 36346 | best fit   11.215 | equity $   12379 | sortino 11.22 | trades 1013 | ✓ SURVIVED
Gen 36351 | best fit   11.215 | equity $   12379 | sortino 11.22 | trades 1013 | ✓ SURVIVED
Gen 36356 | best fit   11.215 | equity $   12379 | sortino 11.22 | trades 1013 | ✓ SURVIVED
Gen 36361 | best fit   11.215 | equity $   12379 | sortino 11.22 | trades 1013 | ✓ SURVIVED
Gen 36366 | best fit   11.215 | equity $   12379 | sortino 11.22 | trades 1013 | ✓ SURVIVED
Gen 36371 | best fit   11.215 | equity $   12379 | sortino 11.22 | trades 1013 | ✓ SURVIVED
Gen 36376 | best fit   11.215 | equity $   12379 | sortino 11.22 | trades 1013 | ✓ SURVIVED
Gen 36381 | best fit   11.215 | equity $   12379 | sortino 11.22 | trades 1013 | ✓ SURVIVED
Gen 36386 | best fit   11.215 | equity $   12379 | sortino 11.22 | trades 1013 | ✓ SURVIVED
Gen 36391 | best fit   11.215 | equity $   12379 | sortino 11.22 | trades 1013 | ✓ SURVIVED
Gen 36396 | best fit   11.215 | equity $   12379 | sortino 11.22 | trades 1013 | ✓ SURVIVED
Gen 36401 | best fit   11.215 | equity $   12379 | sortino 11.22 | trades 1013 | ✓ SURVIVED
Gen 36406 | best fit   11.215 | equity $   12379 | sortino 11.22 | trades 1013 | ✓ SURVIVED
Gen 36411 | best fit   11.215 | equity $   12379 | sortino 11.22 | trades 1013 | ✓ SURVIVED
Gen 36416 | best fit   11.215 | equity $   12379 | sortino 11.22 | trades 1013 | ✓ SURVIVED
Gen 36421 | best fit   11.215 | equity $   12379 | sortino 11.22 | trades 1013 | ✓ SURVIVED
Gen 36426 | best fit   11.215 | equity $   12379 | sortino 11.22 | trades 1013 | ✓ SURVIVED
Gen 36431 | best fit   11.215 | equity $   12379 | sortino 11.22 | trades 1013 | ✓ SURVIVED
Gen 36436 | best fit   11.215 | equity $   12379 | sortino 11.22 | trades 1013 | ✓ SURVIVED
Gen 36441 | best fit   11.215 | equity $   12379 | sortino 11.22 | trades 1013 | ✓ SURVIVED
Gen 36446 | best fit   11.215 | equity $   12379 | sortino 11.22 | trades 1013 | ✓ SURVIVED
Gen 36451 | best fit   11.215 | equity $   12379 | sortino 11.22 | trades 1013 | ✓ SURVIVED
Gen 36456 | best fit   11.215 | equity $   12379 | sortino 11.22 | trades 1013 | ✓ SURVIVED
Gen 36461 | best fit   11.215 | equity $   12379 | sortino 11.22 | trades 1013 | ✓ SURVIVED
Gen 36466 | best fit   11.215 | equity $   12379 | sortino 11.22 | trades 1013 | ✓ SURVIVED
Gen 36471 | best fit   11.215 | equity $   12379 | sortino 11.22 | trades 1013 | ✓ SURVIVED
Gen 36476 | best fit   11.215 | equity $   12379 | sortino 11.22 | trades 1013 | ✓ SURVIVED
Gen 36481 | best fit   11.215 | equity $   12379 | sortino 11.22 | trades 1013 | ✓ SURVIVED
Gen 36486 | best fit   11.215 | equity $   12379 | sortino 11.22 | trades 1013 | ✓ SURVIVED
Gen 36491 | best fit   11.215 | equity $   12379 | sortino 11.22 | trades 1013 | ✓ SURVIVED
Gen 36496 | best fit   11.215 | equity $   12379 | sortino 11.22 | trades 1013 | ✓ SURVIVED
Gen 36501 | best fit   11.215 | equity $   12379 | sortino 11.22 | trades 1013 | ✓ SURVIVED
Gen 36506 | best fit   11.215 | equity $   12379 | sortino 11.22 | trades 1013 | ✓ SURVIVED
Gen 36511 | best fit   11.215 | equity $   12379 | sortino 11.22 | trades 1013 | ✓ SURVIVED
Gen 36516 | best fit   11.215 | equity $   12379 | sortino 11.22 | trades 1013 | ✓ SURVIVED
Gen 36521 | best fit   11.215 | equity $   12379 | sortino 11.22 | trades 1013 | ✓ SURVIVED
Gen 36526 | best fit   11.215 | equity $   12379 | sortino 11.22 | trades 1013 | ✓ SURVIVED
Gen 36531 | best fit   11.215 | equity $   12379 | sortino 11.22 | trades 1013 | ✓ SURVIVED
Gen 36536 | best fit   11.215 | equity $   12379 | sortino 11.22 | trades 1013 | ✓ SURVIVED
Gen 36541 | best fit   11.215 | equity $   12379 | sortino 11.22 | trades 1013 | ✓ SURVIVED
Gen 36546 | best fit   11.215 | equity $   12379 | sortino 11.22 | trades 1013 | ✓ SURVIVED
Gen 36551 | best fit   11.215 | equity $   12379 | sortino 11.22 | trades 1013 | ✓ SURVIVED
Gen 36556 | best fit   11.215 | equity $   12379 | sortino 11.22 | trades 1013 | ✓ SURVIVED
Gen 36561 | best fit   11.215 | equity $   12379 | sortino 11.22 | trades 1013 | ✓ SURVIVED
Gen 36566 | best fit   11.215 | equity $   12379 | sortino 11.22 | trades 1013 | ✓ SURVIVED
Gen 36571 | best fit   11.215 | equity $   12379 | sortino 11.22 | trades 1013 | ✓ SURVIVED
Gen 36576 | best fit   11.215 | equity $   12379 | sortino 11.22 | trades 1013 | ✓ SURVIVED
Gen 36581 | best fit   11.215 | equity $   12379 | sortino 11.22 | trades 1013 | ✓ SURVIVED
Gen 36586 | best fit   11.215 | equity $   12379 | sortino 11.22 | trades 1013 | ✓ SURVIVED
Gen 36591 | best fit   11.215 | equity $   12379 | sortino 11.22 | trades 1013 | ✓ SURVIVED
Gen 36596 | best fit   11.215 | equity $   12379 | sortino 11.22 | trades 1013 | ✓ SURVIVED
Gen 36601 | best fit   11.215 | equity $   12379 | sortino 11.22 | trades 1013 | ✓ SURVIVED
Gen 36606 | best fit   11.215 | equity $   12379 | sortino 11.22 | trades 1013 | ✓ SURVIVED
Gen 36611 | best fit   11.215 | equity $   12379 | sortino 11.22 | trades 1013 | ✓ SURVIVED
Gen 36616 | best fit   11.215 | equity $   12379 | sortino 11.22 | trades 1013 | ✓ SURVIVED
Gen 36621 | best fit   11.215 | equity $   12379 | sortino 11.22 | trades 1013 | ✓ SURVIVED
Gen 36626 | best fit   11.215 | equity $   12379 | sortino 11.22 | trades 1013 | ✓ SURVIVED
Gen 36631 | best fit   11.215 | equity $   12379 | sortino 11.22 | trades 1013 | ✓ SURVIVED
Gen 36636 | best fit   11.215 | equity $   12379 | sortino 11.22 | trades 1013 | ✓ SURVIVED
Gen 36641 | best fit   11.215 | equity $   12379 | sortino 11.22 | trades 1013 | ✓ SURVIVED
Gen 36646 | best fit   11.215 | equity $   12379 | sortino 11.22 | trades 1013 | ✓ SURVIVED
Gen 36651 | best fit   11.215 | equity $   12379 | sortino 11.22 | trades 1013 | ✓ SURVIVED
Gen 36656 | best fit   11.215 | equity $   12379 | sortino 11.22 | trades 1013 | ✓ SURVIVED
Gen 36661 | best fit   11.215 | equity $   12379 | sortino 11.22 | trades 1013 | ✓ SURVIVED
Gen 36666 | best fit   11.215 | equity $   12379 | sortino 11.22 | trades 1013 | ✓ SURVIVED
Gen 36671 | best fit   11.215 | equity $   12379 | sortino 11.22 | trades 1013 | ✓ SURVIVED
Gen 36676 | best fit   11.215 | equity $   12379 | sortino 11.22 | trades 1013 | ✓ SURVIVED
Gen 36681 | best fit   11.215 | equity $   12379 | sortino 11.22 | trades 1013 | ✓ SURVIVED
Gen 36686 | best fit   11.215 | equity $   12379 | sortino 11.22 | trades 1013 | ✓ SURVIVED
Gen 36691 | best fit   11.215 | equity $   12379 | sortino 11.22 | trades 1013 | ✓ SURVIVED
Gen 36696 | best fit   11.215 | equity $   12379 | sortino 11.22 | trades 1013 | ✓ SURVIVED
Gen 36701 | best fit   11.215 | equity $   12379 | sortino 11.22 | trades 1013 | ✓ SURVIVED
Gen 36706 | best fit   11.215 | equity $   12379 | sortino 11.22 | trades 1013 | ✓ SURVIVED
Gen 36711 | best fit   11.215 | equity $   12379 | sortino 11.22 | trades 1013 | ✓ SURVIVED
Gen 36716 | best fit   11.215 | equity $   12379 | sortino 11.22 | trades 1013 | ✓ SURVIVED
Gen 36721 | best fit   11.215 | equity $   12379 | sortino 11.22 | trades 1013 | ✓ SURVIVED
Gen 36726 | best fit   11.215 | equity $   12379 | sortino 11.22 | trades 1013 | ✓ SURVIVED
Gen 36731 | best fit   11.215 | equity $   12379 | sortino 11.22 | trades 1013 | ✓ SURVIVED
Gen 36736 | best fit   11.215 | equity $   12379 | sortino 11.22 | trades 1013 | ✓ SURVIVED
Gen 36741 | best fit   11.215 | equity $   12379 | sortino 11.22 | trades 1013 | ✓ SURVIVED
Gen 36746 | best fit   11.215 | equity $   12379 | sortino 11.22 | trades 1013 | ✓ SURVIVED
Gen 36751 | best fit   11.215 | equity $   12379 | sortino 11.22 | trades 1013 | ✓ SURVIVED
Gen 36756 | best fit   11.215 | equity $   12379 | sortino 11.22 | trades 1013 | ✓ SURVIVED
Gen 36761 | best fit   11.215 | equity $   12379 | sortino 11.22 | trades 1013 | ✓ SURVIVED
Gen 36766 | best fit   11.215 | equity $   12379 | sortino 11.22 | trades 1013 | ✓ SURVIVED
Gen 36771 | best fit   11.215 | equity $   12379 | sortino 11.22 | trades 1013 | ✓ SURVIVED
Gen 36776 | best fit   11.215 | equity $   12379 | sortino 11.22 | trades 1013 | ✓ SURVIVED
Gen 36781 | best fit   11.215 | equity $   12379 | sortino 11.22 | trades 1013 | ✓ SURVIVED
Gen 36786 | best fit   11.215 | equity $   12379 | sortino 11.22 | trades 1013 | ✓ SURVIVED
Gen 36791 | best fit   11.215 | equity $   12379 | sortino 11.22 | trades 1013 | ✓ SURVIVED
Gen 36796 | best fit   11.215 | equity $   12379 | sortino 11.22 | trades 1013 | ✓ SURVIVED
Gen 36801 | best fit   11.215 | equity $   12379 | sortino 11.22 | trades 1013 | ✓ SURVIVED
Gen 36806 | best fit   11.215 | equity $   12379 | sortino 11.22 | trades 1013 | ✓ SURVIVED
Gen 36811 | best fit   11.215 | equity $   12379 | sortino 11.22 | trades 1013 | ✓ SURVIVED
Gen 36816 | best fit   11.215 | equity $   12379 | sortino 11.22 | trades 1013 | ✓ SURVIVED
Gen 36821 | best fit   11.215 | equity $   12379 | sortino 11.22 | trades 1013 | ✓ SURVIVED
Gen 36826 | best fit   11.215 | equity $   12379 | sortino 11.22 | trades 1013 | ✓ SURVIVED
Gen 36831 | best fit   11.215 | equity $   12379 | sortino 11.22 | trades 1013 | ✓ SURVIVED
Gen 36836 | best fit   11.215 | equity $   12379 | sortino 11.22 | trades 1013 | ✓ SURVIVED
Gen 36841 | best fit   11.215 | equity $   12379 | sortino 11.22 | trades 1013 | ✓ SURVIVED
Gen 36846 | best fit   11.215 | equity $   12379 | sortino 11.22 | trades 1013 | ✓ SURVIVED
Gen 36851 | best fit   11.215 | equity $   12379 | sortino 11.22 | trades 1013 | ✓ SURVIVED
Gen 36856 | best fit   11.215 | equity $   12379 | sortino 11.22 | trades 1013 | ✓ SURVIVED
Gen 36861 | best fit   11.215 | equity $   12379 | sortino 11.22 | trades 1013 | ✓ SURVIVED
Gen 36866 | best fit   11.215 | equity $   12379 | sortino 11.22 | trades 1013 | ✓ SURVIVED
Gen 36871 | best fit   11.215 | equity $   12379 | sortino 11.22 | trades 1013 | ✓ SURVIVED
Gen 36876 | best fit   11.215 | equity $   12379 | sortino 11.22 | trades 1013 | ✓ SURVIVED
Gen 36881 | best fit   11.215 | equity $   12379 | sortino 11.22 | trades 1013 | ✓ SURVIVED
Gen 36886 | best fit   11.215 | equity $   12379 | sortino 11.22 | trades 1013 | ✓ SURVIVED
Gen 36891 | best fit   11.215 | equity $   12379 | sortino 11.22 | trades 1013 | ✓ SURVIVED
Gen 36896 | best fit   11.215 | equity $   12379 | sortino 11.22 | trades 1013 | ✓ SURVIVED
Gen 36901 | best fit   11.215 | equity $   12379 | sortino 11.22 | trades 1013 | ✓ SURVIVED
Gen 36906 | best fit   11.215 | equity $   12379 | sortino 11.22 | trades 1013 | ✓ SURVIVED
Gen 36911 | best fit   11.215 | equity $   12379 | sortino 11.22 | trades 1013 | ✓ SURVIVED
Gen 36916 | best fit   11.215 | equity $   12379 | sortino 11.22 | trades 1013 | ✓ SURVIVED
Gen 36921 | best fit   11.215 | equity $   12379 | sortino 11.22 | trades 1013 | ✓ SURVIVED
Gen 36926 | best fit   11.215 | equity $   12379 | sortino 11.22 | trades 1013 | ✓ SURVIVED
Gen 36931 | best fit   11.215 | equity $   12379 | sortino 11.22 | trades 1013 | ✓ SURVIVED
Gen 36936 | best fit   11.215 | equity $   12379 | sortino 11.22 | trades 1013 | ✓ SURVIVED
Gen 36941 | best fit   11.215 | equity $   12379 | sortino 11.22 | trades 1013 | ✓ SURVIVED
Gen 36946 | best fit   11.215 | equity $   12379 | sortino 11.22 | trades 1013 | ✓ SURVIVED
Gen 36951 | best fit   11.215 | equity $   12379 | sortino 11.22 | trades 1013 | ✓ SURVIVED
Gen 36956 | best fit   11.215 | equity $   12379 | sortino 11.22 | trades 1013 | ✓ SURVIVED
Gen 36961 | best fit   11.215 | equity $   12379 | sortino 11.22 | trades 1013 | ✓ SURVIVED
Gen 36966 | best fit   11.215 | equity $   12379 | sortino 11.22 | trades 1013 | ✓ SURVIVED
Gen 36971 | best fit   11.215 | equity $   12379 | sortino 11.22 | trades 1013 | ✓ SURVIVED
Gen 36976 | best fit   11.215 | equity $   12379 | sortino 11.22 | trades 1013 | ✓ SURVIVED
Gen 36981 | best fit   11.215 | equity $   12379 | sortino 11.22 | trades 1013 | ✓ SURVIVED
Gen 36986 | best fit   11.215 | equity $   12379 | sortino 11.22 | trades 1013 | ✓ SURVIVED
Gen 36991 | best fit   11.215 | equity $   12379 | sortino 11.22 | trades 1013 | ✓ SURVIVED
Gen 36996 | best fit   11.215 | equity $   12379 | sortino 11.22 | trades 1013 | ✓ SURVIVED
Gen 37001 | best fit   11.215 | equity $   12379 | sortino 11.22 | trades 1013 | ✓ SURVIVED
Gen 37006 | best fit   11.215 | equity $   12379 | sortino 11.22 | trades 1013 | ✓ SURVIVED
Gen 37011 | best fit   11.215 | equity $   12379 | sortino 11.22 | trades 1013 | ✓ SURVIVED
Gen 37016 | best fit   11.215 | equity $   12379 | sortino 11.22 | trades 1013 | ✓ SURVIVED
Gen 37021 | best fit   11.215 | equity $   12379 | sortino 11.22 | trades 1013 | ✓ SURVIVED
Gen 37026 | best fit   11.215 | equity $   12379 | sortino 11.22 | trades 1013 | ✓ SURVIVED
Gen 37031 | best fit   11.215 | equity $   12379 | sortino 11.22 | trades 1013 | ✓ SURVIVED
Gen 37036 | best fit   11.215 | equity $   12379 | sortino 11.22 | trades 1013 | ✓ SURVIVED
Gen 37041 | best fit   11.215 | equity $   12379 | sortino 11.22 | trades 1013 | ✓ SURVIVED
Gen 37046 | best fit   11.215 | equity $   12379 | sortino 11.22 | trades 1013 | ✓ SURVIVED
Gen 37051 | best fit   11.215 | equity $   12379 | sortino 11.22 | trades 1013 | ✓ SURVIVED
Gen 37056 | best fit   11.215 | equity $   12379 | sortino 11.22 | trades 1013 | ✓ SURVIVED
Gen 37061 | best fit   11.215 | equity $   12379 | sortino 11.22 | trades 1013 | ✓ SURVIVED
Gen 37066 | best fit   11.215 | equity $   12379 | sortino 11.22 | trades 1013 | ✓ SURVIVED
Gen 37071 | best fit   11.215 | equity $   12379 | sortino 11.22 | trades 1013 | ✓ SURVIVED
Gen 37076 | best fit   11.215 | equity $   12379 | sortino 11.22 | trades 1013 | ✓ SURVIVED
Gen 37081 | best fit   11.215 | equity $   12379 | sortino 11.22 | trades 1013 | ✓ SURVIVED
Gen 37086 | best fit   11.215 | equity $   12379 | sortino 11.22 | trades 1013 | ✓ SURVIVED
Gen 37091 | best fit   11.215 | equity $   12379 | sortino 11.22 | trades 1013 | ✓ SURVIVED
Gen 37096 | best fit   11.215 | equity $   12379 | sortino 11.22 | trades 1013 | ✓ SURVIVED
Gen 37101 | best fit   11.215 | equity $   12379 | sortino 11.22 | trades 1013 | ✓ SURVIVED
Gen 37106 | best fit   11.215 | equity $   12379 | sortino 11.22 | trades 1013 | ✓ SURVIVED
Gen 37111 | best fit   11.215 | equity $   12379 | sortino 11.22 | trades 1013 | ✓ SURVIVED
Gen 37116 | best fit   11.215 | equity $   12379 | sortino 11.22 | trades 1013 | ✓ SURVIVED
Gen 37121 | best fit   11.215 | equity $   12379 | sortino 11.22 | trades 1013 | ✓ SURVIVED
Gen 37126 | best fit   11.215 | equity $   12379 | sortino 11.22 | trades 1013 | ✓ SURVIVED
Gen 37131 | best fit   11.215 | equity $   12379 | sortino 11.22 | trades 1013 | ✓ SURVIVED
Gen 37136 | best fit   11.215 | equity $   12379 | sortino 11.22 | trades 1013 | ✓ SURVIVED
Gen 37141 | best fit   11.215 | equity $   12379 | sortino 11.22 | trades 1013 | ✓ SURVIVED
Gen 37146 | best fit   11.215 | equity $   12379 | sortino 11.22 | trades 1013 | ✓ SURVIVED
Gen 37151 | best fit   11.215 | equity $   12379 | sortino 11.22 | trades 1013 | ✓ SURVIVED
Gen 37156 | best fit   11.215 | equity $   12379 | sortino 11.22 | trades 1013 | ✓ SURVIVED
Gen 37161 | best fit   11.215 | equity $   12379 | sortino 11.22 | trades 1013 | ✓ SURVIVED
Gen 37166 | best fit   11.215 | equity $   12379 | sortino 11.22 | trades 1013 | ✓ SURVIVED
Gen 37171 | best fit   11.215 | equity $   12379 | sortino 11.22 | trades 1013 | ✓ SURVIVED
Gen 37176 | best fit   11.215 | equity $   12379 | sortino 11.22 | trades 1013 | ✓ SURVIVED
Gen 37181 | best fit   11.215 | equity $   12379 | sortino 11.22 | trades 1013 | ✓ SURVIVED
Gen 37186 | best fit   11.215 | equity $   12379 | sortino 11.22 | trades 1013 | ✓ SURVIVED
Gen 37191 | best fit   11.215 | equity $   12379 | sortino 11.22 | trades 1013 | ✓ SURVIVED
Gen 37196 | best fit   11.215 | equity $   12379 | sortino 11.22 | trades 1013 | ✓ SURVIVED
Gen 37201 | best fit   11.215 | equity $   12379 | sortino 11.22 | trades 1013 | ✓ SURVIVED
Gen 37206 | best fit   11.215 | equity $   12379 | sortino 11.22 | trades 1013 | ✓ SURVIVED
Gen 37211 | best fit   11.215 | equity $   12379 | sortino 11.22 | trades 1013 | ✓ SURVIVED
Gen 37216 | best fit   11.215 | equity $   12379 | sortino 11.22 | trades 1013 | ✓ SURVIVED
Gen 37221 | best fit   11.215 | equity $   12379 | sortino 11.22 | trades 1013 | ✓ SURVIVED
Gen 37226 | best fit   11.215 | equity $   12379 | sortino 11.22 | trades 1013 | ✓ SURVIVED
Gen 37231 | best fit   11.215 | equity $   12379 | sortino 11.22 | trades 1013 | ✓ SURVIVED
Gen 37236 | best fit   11.215 | equity $   12379 | sortino 11.22 | trades 1013 | ✓ SURVIVED
Gen 37241 | best fit   11.215 | equity $   12379 | sortino 11.22 | trades 1013 | ✓ SURVIVED
Gen 37246 | best fit   11.215 | equity $   12379 | sortino 11.22 | trades 1013 | ✓ SURVIVED
Gen 37251 | best fit   11.215 | equity $   12379 | sortino 11.22 | trades 1013 | ✓ SURVIVED
Gen 37256 | best fit   11.215 | equity $   12379 | sortino 11.22 | trades 1013 | ✓ SURVIVED
Gen 37261 | best fit   11.215 | equity $   12379 | sortino 11.22 | trades 1013 | ✓ SURVIVED
Gen 37266 | best fit   11.215 | equity $   12379 | sortino 11.22 | trades 1013 | ✓ SURVIVED
Gen 37271 | best fit   11.215 | equity $   12379 | sortino 11.22 | trades 1013 | ✓ SURVIVED
Gen 37276 | best fit   11.215 | equity $   12379 | sortino 11.22 | trades 1013 | ✓ SURVIVED
Gen 37281 | best fit   11.215 | equity $   12379 | sortino 11.22 | trades 1013 | ✓ SURVIVED
Gen 37286 | best fit   11.215 | equity $   12379 | sortino 11.22 | trades 1013 | ✓ SURVIVED
Gen 37291 | best fit   11.215 | equity $   12379 | sortino 11.22 | trades 1013 | ✓ SURVIVED
Gen 37296 | best fit   11.215 | equity $   12379 | sortino 11.22 | trades 1013 | ✓ SURVIVED
Gen 37301 | best fit   11.215 | equity $   12379 | sortino 11.22 | trades 1013 | ✓ SURVIVED
Gen 37306 | best fit   11.215 | equity $   12379 | sortino 11.22 | trades 1013 | ✓ SURVIVED
Gen 37311 | best fit   11.215 | equity $   12379 | sortino 11.22 | trades 1013 | ✓ SURVIVED
Gen 37316 | best fit   11.215 | equity $   12379 | sortino 11.22 | trades 1013 | ✓ SURVIVED
Gen 37321 | best fit   11.215 | equity $   12379 | sortino 11.22 | trades 1013 | ✓ SURVIVED
Gen 37326 | best fit   11.215 | equity $   12379 | sortino 11.22 | trades 1013 | ✓ SURVIVED
Gen 37331 | best fit   11.215 | equity $   12379 | sortino 11.22 | trades 1013 | ✓ SURVIVED
Gen 37336 | best fit   11.215 | equity $   12379 | sortino 11.22 | trades 1013 | ✓ SURVIVED
Gen 37341 | best fit   11.215 | equity $   12379 | sortino 11.22 | trades 1013 | ✓ SURVIVED
Gen 37346 | best fit   11.215 | equity $   12379 | sortino 11.22 | trades 1013 | ✓ SURVIVED
Gen 37351 | best fit   11.215 | equity $   12379 | sortino 11.22 | trades 1013 | ✓ SURVIVED
Gen 37356 | best fit   11.215 | equity $   12379 | sortino 11.22 | trades 1013 | ✓ SURVIVED
Gen 37361 | best fit   11.215 | equity $   12379 | sortino 11.22 | trades 1013 | ✓ SURVIVED
Gen 37366 | best fit   11.215 | equity $   12379 | sortino 11.22 | trades 1013 | ✓ SURVIVED
Gen 37371 | best fit   11.215 | equity $   12379 | sortino 11.22 | trades 1013 | ✓ SURVIVED
Gen 37376 | best fit   11.215 | equity $   12379 | sortino 11.22 | trades 1013 | ✓ SURVIVED
Gen 37381 | best fit   11.215 | equity $   12379 | sortino 11.22 | trades 1013 | ✓ SURVIVED
Gen 37386 | best fit   11.215 | equity $   12379 | sortino 11.22 | trades 1013 | ✓ SURVIVED
Gen 37391 | best fit   11.215 | equity $   12379 | sortino 11.22 | trades 1013 | ✓ SURVIVED
Gen 37396 | best fit   11.215 | equity $   12379 | sortino 11.22 | trades 1013 | ✓ SURVIVED
Gen 37401 | best fit   11.215 | equity $   12379 | sortino 11.22 | trades 1013 | ✓ SURVIVED
Gen 37406 | best fit   11.215 | equity $   12379 | sortino 11.22 | trades 1013 | ✓ SURVIVED
Gen 37411 | best fit   11.215 | equity $   12379 | sortino 11.22 | trades 1013 | ✓ SURVIVED
Gen 37416 | best fit   11.215 | equity $   12379 | sortino 11.22 | trades 1013 | ✓ SURVIVED
Gen 37421 | best fit   11.215 | equity $   12379 | sortino 11.22 | trades 1013 | ✓ SURVIVED
Gen 37426 | best fit   11.215 | equity $   12379 | sortino 11.22 | trades 1013 | ✓ SURVIVED
Gen 37431 | best fit   11.215 | equity $   12379 | sortino 11.22 | trades 1013 | ✓ SURVIVED
Gen 37436 | best fit   11.215 | equity $   12379 | sortino 11.22 | trades 1013 | ✓ SURVIVED
Gen 37441 | best fit   11.215 | equity $   12379 | sortino 11.22 | trades 1013 | ✓ SURVIVED
Gen 37446 | best fit   11.215 | equity $   12379 | sortino 11.22 | trades 1013 | ✓ SURVIVED
Gen 37451 | best fit   11.215 | equity $   12379 | sortino 11.22 | trades 1013 | ✓ SURVIVED
Gen 37456 | best fit   11.215 | equity $   12379 | sortino 11.22 | trades 1013 | ✓ SURVIVED
Gen 37461 | best fit   11.215 | equity $   12379 | sortino 11.22 | trades 1013 | ✓ SURVIVED
Gen 37466 | best fit   11.215 | equity $   12379 | sortino 11.22 | trades 1013 | ✓ SURVIVED
Gen 37471 | best fit   11.215 | equity $   12379 | sortino 11.22 | trades 1013 | ✓ SURVIVED
Gen 37476 | best fit   11.215 | equity $   12379 | sortino 11.22 | trades 1013 | ✓ SURVIVED
Gen 37481 | best fit   11.215 | equity $   12379 | sortino 11.22 | trades 1013 | ✓ SURVIVED
Gen 37486 | best fit   11.215 | equity $   12379 | sortino 11.22 | trades 1013 | ✓ SURVIVED
Gen 37491 | best fit   11.215 | equity $   12379 | sortino 11.22 | trades 1013 | ✓ SURVIVED
Gen 37496 | best fit   11.215 | equity $   12379 | sortino 11.22 | trades 1013 | ✓ SURVIVED
Gen 37501 | best fit   11.215 | equity $   12379 | sortino 11.22 | trades 1013 | ✓ SURVIVED
Gen 37506 | best fit   11.215 | equity $   12379 | sortino 11.22 | trades 1013 | ✓ SURVIVED
Gen 37511 | best fit   11.215 | equity $   12379 | sortino 11.22 | trades 1013 | ✓ SURVIVED
Gen 37516 | best fit   11.215 | equity $   12379 | sortino 11.22 | trades 1013 | ✓ SURVIVED
Gen 37521 | best fit   11.215 | equity $   12379 | sortino 11.22 | trades 1013 | ✓ SURVIVED
Gen 37526 | best fit   11.215 | equity $   12379 | sortino 11.22 | trades 1013 | ✓ SURVIVED
Gen 37531 | best fit   11.215 | equity $   12379 | sortino 11.22 | trades 1013 | ✓ SURVIVED
Gen 37536 | best fit   11.215 | equity $   12379 | sortino 11.22 | trades 1013 | ✓ SURVIVED
Gen 37541 | best fit   11.215 | equity $   12379 | sortino 11.22 | trades 1013 | ✓ SURVIVED
Gen 37546 | best fit   11.215 | equity $   12379 | sortino 11.22 | trades 1013 | ✓ SURVIVED
Gen 37551 | best fit   11.215 | equity $   12379 | sortino 11.22 | trades 1013 | ✓ SURVIVED
Gen 37556 | best fit   11.215 | equity $   12379 | sortino 11.22 | trades 1013 | ✓ SURVIVED
Gen 37561 | best fit   11.215 | equity $   12379 | sortino 11.22 | trades 1013 | ✓ SURVIVED
Gen 37566 | best fit   11.215 | equity $   12379 | sortino 11.22 | trades 1013 | ✓ SURVIVED
Gen 37571 | best fit   11.215 | equity $   12379 | sortino 11.22 | trades 1013 | ✓ SURVIVED
Gen 37576 | best fit   11.215 | equity $   12379 | sortino 11.22 | trades 1013 | ✓ SURVIVED
Gen 37581 | best fit   11.215 | equity $   12379 | sortino 11.22 | trades 1013 | ✓ SURVIVED
Gen 37586 | best fit   11.215 | equity $   12379 | sortino 11.22 | trades 1013 | ✓ SURVIVED
Gen 37591 | best fit   11.215 | equity $   12379 | sortino 11.22 | trades 1013 | ✓ SURVIVED
Gen 37596 | best fit   11.215 | equity $   12379 | sortino 11.22 | trades 1013 | ✓ SURVIVED
Gen 37601 | best fit   11.215 | equity $   12379 | sortino 11.22 | trades 1013 | ✓ SURVIVED
Gen 37606 | best fit   11.215 | equity $   12379 | sortino 11.22 | trades 1013 | ✓ SURVIVED
Gen 37611 | best fit   11.215 | equity $   12379 | sortino 11.22 | trades 1013 | ✓ SURVIVED
Gen 37616 | best fit   11.215 | equity $   12379 | sortino 11.22 | trades 1013 | ✓ SURVIVED
Gen 37621 | best fit   11.215 | equity $   12379 | sortino 11.22 | trades 1013 | ✓ SURVIVED
Gen 37626 | best fit   11.215 | equity $   12379 | sortino 11.22 | trades 1013 | ✓ SURVIVED
Gen 37631 | best fit   11.215 | equity $   12379 | sortino 11.22 | trades 1013 | ✓ SURVIVED
Gen 37636 | best fit   11.215 | equity $   12379 | sortino 11.22 | trades 1013 | ✓ SURVIVED
Gen 37641 | best fit   11.215 | equity $   12379 | sortino 11.22 | trades 1013 | ✓ SURVIVED
Gen 37646 | best fit   11.215 | equity $   12379 | sortino 11.22 | trades 1013 | ✓ SURVIVED
Gen 37651 | best fit   11.215 | equity $   12379 | sortino 11.22 | trades 1013 | ✓ SURVIVED
Gen 37656 | best fit   11.215 | equity $   12379 | sortino 11.22 | trades 1013 | ✓ SURVIVED
Gen 37661 | best fit   11.215 | equity $   12379 | sortino 11.22 | trades 1013 | ✓ SURVIVED
Gen 37666 | best fit   11.215 | equity $   12379 | sortino 11.22 | trades 1013 | ✓ SURVIVED
Gen 37671 | best fit   11.215 | equity $   12379 | sortino 11.22 | trades 1013 | ✓ SURVIVED
Gen 37676 | best fit   11.215 | equity $   12379 | sortino 11.22 | trades 1013 | ✓ SURVIVED
Gen 37681 | best fit   11.215 | equity $   12379 | sortino 11.22 | trades 1013 | ✓ SURVIVED
Gen 37686 | best fit   11.215 | equity $   12379 | sortino 11.22 | trades 1013 | ✓ SURVIVED
Gen 37691 | best fit   11.215 | equity $   12379 | sortino 11.22 | trades 1013 | ✓ SURVIVED
Gen 37696 | best fit   11.215 | equity $   12379 | sortino 11.22 | trades 1013 | ✓ SURVIVED
Gen 37701 | best fit   11.215 | equity $   12379 | sortino 11.22 | trades 1013 | ✓ SURVIVED
Gen 37706 | best fit   11.215 | equity $   12379 | sortino 11.22 | trades 1013 | ✓ SURVIVED
Gen 37711 | best fit   11.215 | equity $   12379 | sortino 11.22 | trades 1013 | ✓ SURVIVED
Gen 37716 | best fit   11.215 | equity $   12379 | sortino 11.22 | trades 1013 | ✓ SURVIVED
Gen 37721 | best fit   11.215 | equity $   12379 | sortino 11.22 | trades 1013 | ✓ SURVIVED
Gen 37726 | best fit   11.215 | equity $   12379 | sortino 11.22 | trades 1013 | ✓ SURVIVED
Gen 37731 | best fit   11.215 | equity $   12379 | sortino 11.22 | trades 1013 | ✓ SURVIVED
Gen 37736 | best fit   11.215 | equity $   12379 | sortino 11.22 | trades 1013 | ✓ SURVIVED
Gen 37741 | best fit   11.215 | equity $   12379 | sortino 11.22 | trades 1013 | ✓ SURVIVED
Gen 37746 | best fit   11.215 | equity $   12379 | sortino 11.22 | trades 1013 | ✓ SURVIVED
Gen 37751 | best fit   11.215 | equity $   12379 | sortino 11.22 | trades 1013 | ✓ SURVIVED
Gen 37756 | best fit   11.215 | equity $   12379 | sortino 11.22 | trades 1013 | ✓ SURVIVED
Gen 37761 | best fit   11.215 | equity $   12379 | sortino 11.22 | trades 1013 | ✓ SURVIVED
Gen 37766 | best fit   11.215 | equity $   12379 | sortino 11.22 | trades 1013 | ✓ SURVIVED
Gen 37771 | best fit   11.215 | equity $   12379 | sortino 11.22 | trades 1013 | ✓ SURVIVED
Gen 37776 | best fit   11.215 | equity $   12379 | sortino 11.22 | trades 1013 | ✓ SURVIVED
Gen 37781 | best fit   11.215 | equity $   12379 | sortino 11.22 | trades 1013 | ✓ SURVIVED
Gen 37786 | best fit   11.215 | equity $   12379 | sortino 11.22 | trades 1013 | ✓ SURVIVED
Gen 37791 | best fit   11.215 | equity $   12379 | sortino 11.22 | trades 1013 | ✓ SURVIVED
Gen 37796 | best fit   11.215 | equity $   12379 | sortino 11.22 | trades 1013 | ✓ SURVIVED
Gen 37801 | best fit   11.215 | equity $   12379 | sortino 11.22 | trades 1013 | ✓ SURVIVED
Gen 37806 | best fit   11.215 | equity $   12379 | sortino 11.22 | trades 1013 | ✓ SURVIVED
Gen 37811 | best fit   11.215 | equity $   12379 | sortino 11.22 | trades 1013 | ✓ SURVIVED
Gen 37816 | best fit   11.215 | equity $   12379 | sortino 11.22 | trades 1013 | ✓ SURVIVED
Gen 37821 | best fit   11.215 | equity $   12379 | sortino 11.22 | trades 1013 | ✓ SURVIVED
Gen 37826 | best fit   11.215 | equity $   12379 | sortino 11.22 | trades 1013 | ✓ SURVIVED
Gen 37831 | best fit   11.215 | equity $   12379 | sortino 11.22 | trades 1013 | ✓ SURVIVED
Gen 37836 | best fit   11.215 | equity $   12379 | sortino 11.22 | trades 1013 | ✓ SURVIVED
Gen 37841 | best fit   11.215 | equity $   12379 | sortino 11.22 | trades 1013 | ✓ SURVIVED
Gen 37846 | best fit   11.215 | equity $   12379 | sortino 11.22 | trades 1013 | ✓ SURVIVED
Gen 37851 | best fit   11.215 | equity $   12379 | sortino 11.22 | trades 1013 | ✓ SURVIVED
Gen 37856 | best fit   11.215 | equity $   12379 | sortino 11.22 | trades 1013 | ✓ SURVIVED
Gen 37861 | best fit   11.215 | equity $   12379 | sortino 11.22 | trades 1013 | ✓ SURVIVED
Gen 37866 | best fit   11.215 | equity $   12379 | sortino 11.22 | trades 1013 | ✓ SURVIVED
Gen 37871 | best fit   11.215 | equity $   12379 | sortino 11.22 | trades 1013 | ✓ SURVIVED
Gen 37876 | best fit   11.215 | equity $   12379 | sortino 11.22 | trades 1013 | ✓ SURVIVED
Gen 37881 | best fit   11.215 | equity $   12379 | sortino 11.22 | trades 1013 | ✓ SURVIVED
Gen 37886 | best fit   11.215 | equity $   12379 | sortino 11.22 | trades 1013 | ✓ SURVIVED
Gen 37891 | best fit   11.215 | equity $   12379 | sortino 11.22 | trades 1013 | ✓ SURVIVED
Gen 37896 | best fit   11.215 | equity $   12379 | sortino 11.22 | trades 1013 | ✓ SURVIVED
Gen 37901 | best fit   11.215 | equity $   12379 | sortino 11.22 | trades 1013 | ✓ SURVIVED
Gen 37906 | best fit   11.215 | equity $   12379 | sortino 11.22 | trades 1013 | ✓ SURVIVED
Gen 37911 | best fit   11.215 | equity $   12379 | sortino 11.22 | trades 1013 | ✓ SURVIVED
Gen 37916 | best fit   11.215 | equity $   12379 | sortino 11.22 | trades 1013 | ✓ SURVIVED
Gen 37921 | best fit   11.215 | equity $   12379 | sortino 11.22 | trades 1013 | ✓ SURVIVED
Gen 37926 | best fit   11.215 | equity $   12379 | sortino 11.22 | trades 1013 | ✓ SURVIVED
Gen 37931 | best fit   11.215 | equity $   12379 | sortino 11.22 | trades 1013 | ✓ SURVIVED
Gen 37936 | best fit   11.215 | equity $   12379 | sortino 11.22 | trades 1013 | ✓ SURVIVED
Gen 37941 | best fit   11.215 | equity $   12379 | sortino 11.22 | trades 1013 | ✓ SURVIVED
Gen 37946 | best fit   11.215 | equity $   12379 | sortino 11.22 | trades 1013 | ✓ SURVIVED
Gen 37951 | best fit   11.215 | equity $   12379 | sortino 11.22 | trades 1013 | ✓ SURVIVED
Gen 37956 | best fit   11.215 | equity $   12379 | sortino 11.22 | trades 1013 | ✓ SURVIVED
Gen 37961 | best fit   11.215 | equity $   12379 | sortino 11.22 | trades 1013 | ✓ SURVIVED
Gen 37966 | best fit   11.215 | equity $   12379 | sortino 11.22 | trades 1013 | ✓ SURVIVED
Gen 37971 | best fit   11.215 | equity $   12379 | sortino 11.22 | trades 1013 | ✓ SURVIVED
Gen 37976 | best fit   11.215 | equity $   12379 | sortino 11.22 | trades 1013 | ✓ SURVIVED
Gen 37981 | best fit   11.215 | equity $   12379 | sortino 11.22 | trades 1013 | ✓ SURVIVED
Gen 37986 | best fit   11.215 | equity $   12379 | sortino 11.22 | trades 1013 | ✓ SURVIVED
Gen 37991 | best fit   11.215 | equity $   12379 | sortino 11.22 | trades 1013 | ✓ SURVIVED
Gen 37996 | best fit   11.215 | equity $   12379 | sortino 11.22 | trades 1013 | ✓ SURVIVED
Gen 38001 | best fit   11.215 | equity $   12379 | sortino 11.22 | trades 1013 | ✓ SURVIVED
Gen 38006 | best fit   11.215 | equity $   12379 | sortino 11.22 | trades 1013 | ✓ SURVIVED
Gen 38011 | best fit   11.215 | equity $   12379 | sortino 11.22 | trades 1013 | ✓ SURVIVED
Gen 38016 | best fit   11.215 | equity $   12379 | sortino 11.22 | trades 1013 | ✓ SURVIVED
Gen 38021 | best fit   11.215 | equity $   12379 | sortino 11.22 | trades 1013 | ✓ SURVIVED
Gen 38026 | best fit   11.215 | equity $   12379 | sortino 11.22 | trades 1013 | ✓ SURVIVED
Gen 38031 | best fit   11.215 | equity $   12379 | sortino 11.22 | trades 1013 | ✓ SURVIVED
Gen 38036 | best fit   11.215 | equity $   12379 | sortino 11.22 | trades 1013 | ✓ SURVIVED
Gen 38041 | best fit   11.215 | equity $   12379 | sortino 11.22 | trades 1013 | ✓ SURVIVED
Gen 38046 | best fit   11.215 | equity $   12379 | sortino 11.22 | trades 1013 | ✓ SURVIVED
Gen 38051 | best fit   11.215 | equity $   12379 | sortino 11.22 | trades 1013 | ✓ SURVIVED
Gen 38056 | best fit   11.215 | equity $   12379 | sortino 11.22 | trades 1013 | ✓ SURVIVED
Gen 38061 | best fit   11.215 | equity $   12379 | sortino 11.22 | trades 1013 | ✓ SURVIVED
Gen 38066 | best fit   11.215 | equity $   12379 | sortino 11.22 | trades 1013 | ✓ SURVIVED
Gen 38071 | best fit   11.215 | equity $   12379 | sortino 11.22 | trades 1013 | ✓ SURVIVED
Gen 38076 | best fit   11.215 | equity $   12379 | sortino 11.22 | trades 1013 | ✓ SURVIVED
Gen 38081 | best fit   11.215 | equity $   12379 | sortino 11.22 | trades 1013 | ✓ SURVIVED
Gen 38086 | best fit   11.215 | equity $   12379 | sortino 11.22 | trades 1013 | ✓ SURVIVED
Gen 38091 | best fit   11.215 | equity $   12379 | sortino 11.22 | trades 1013 | ✓ SURVIVED
Gen 38096 | best fit   11.215 | equity $   12379 | sortino 11.22 | trades 1013 | ✓ SURVIVED
Gen 38101 | best fit   11.215 | equity $   12379 | sortino 11.22 | trades 1013 | ✓ SURVIVED
Gen 38106 | best fit   11.215 | equity $   12379 | sortino 11.22 | trades 1013 | ✓ SURVIVED
Gen 38111 | best fit   11.215 | equity $   12379 | sortino 11.22 | trades 1013 | ✓ SURVIVED
Gen 38116 | best fit   11.215 | equity $   12379 | sortino 11.22 | trades 1013 | ✓ SURVIVED
Gen 38121 | best fit   11.215 | equity $   12379 | sortino 11.22 | trades 1013 | ✓ SURVIVED
Gen 38126 | best fit   11.215 | equity $   12379 | sortino 11.22 | trades 1013 | ✓ SURVIVED
Gen 38131 | best fit   11.215 | equity $   12379 | sortino 11.22 | trades 1013 | ✓ SURVIVED
Gen 38136 | best fit   11.215 | equity $   12379 | sortino 11.22 | trades 1013 | ✓ SURVIVED
Gen 38141 | best fit   11.215 | equity $   12379 | sortino 11.22 | trades 1013 | ✓ SURVIVED
Gen 38146 | best fit   11.215 | equity $   12379 | sortino 11.22 | trades 1013 | ✓ SURVIVED
Gen 38151 | best fit   11.215 | equity $   12379 | sortino 11.22 | trades 1013 | ✓ SURVIVED
Gen 38156 | best fit   11.215 | equity $   12379 | sortino 11.22 | trades 1013 | ✓ SURVIVED
Gen 38161 | best fit   11.215 | equity $   12379 | sortino 11.22 | trades 1013 | ✓ SURVIVED
Gen 38166 | best fit   11.215 | equity $   12379 | sortino 11.22 | trades 1013 | ✓ SURVIVED
Gen 38171 | best fit   11.215 | equity $   12379 | sortino 11.22 | trades 1013 | ✓ SURVIVED
Gen 38176 | best fit   11.215 | equity $   12379 | sortino 11.22 | trades 1013 | ✓ SURVIVED
Gen 38181 | best fit   11.215 | equity $   12379 | sortino 11.22 | trades 1013 | ✓ SURVIVED
Gen 38186 | best fit   11.215 | equity $   12379 | sortino 11.22 | trades 1013 | ✓ SURVIVED
Gen 38191 | best fit   11.215 | equity $   12379 | sortino 11.22 | trades 1013 | ✓ SURVIVED
Gen 38196 | best fit   11.215 | equity $   12379 | sortino 11.22 | trades 1013 | ✓ SURVIVED
Gen 38201 | best fit   11.215 | equity $   12379 | sortino 11.22 | trades 1013 | ✓ SURVIVED
Gen 38206 | best fit   11.215 | equity $   12379 | sortino 11.22 | trades 1013 | ✓ SURVIVED
Gen 38211 | best fit   11.215 | equity $   12379 | sortino 11.22 | trades 1013 | ✓ SURVIVED
Gen 38216 | best fit   11.215 | equity $   12379 | sortino 11.22 | trades 1013 | ✓ SURVIVED
Gen 38221 | best fit   11.215 | equity $   12379 | sortino 11.22 | trades 1013 | ✓ SURVIVED
Gen 38226 | best fit   11.215 | equity $   12379 | sortino 11.22 | trades 1013 | ✓ SURVIVED
Gen 38231 | best fit   11.215 | equity $   12379 | sortino 11.22 | trades 1013 | ✓ SURVIVED
Gen 38236 | best fit   11.215 | equity $   12379 | sortino 11.22 | trades 1013 | ✓ SURVIVED
Gen 38241 | best fit   11.215 | equity $   12379 | sortino 11.22 | trades 1013 | ✓ SURVIVED
Gen 38246 | best fit   11.215 | equity $   12379 | sortino 11.22 | trades 1013 | ✓ SURVIVED
Gen 38251 | best fit   11.215 | equity $   12379 | sortino 11.22 | trades 1013 | ✓ SURVIVED
Gen 38256 | best fit   11.215 | equity $   12379 | sortino 11.22 | trades 1013 | ✓ SURVIVED
Gen 38261 | best fit   11.215 | equity $   12379 | sortino 11.22 | trades 1013 | ✓ SURVIVED
Gen 38266 | best fit   11.215 | equity $   12379 | sortino 11.22 | trades 1013 | ✓ SURVIVED
Gen 38271 | best fit   11.215 | equity $   12379 | sortino 11.22 | trades 1013 | ✓ SURVIVED
Gen 38276 | best fit   11.215 | equity $   12379 | sortino 11.22 | trades 1013 | ✓ SURVIVED
Gen 38281 | best fit   11.215 | equity $   12379 | sortino 11.22 | trades 1013 | ✓ SURVIVED
Gen 38286 | best fit   11.215 | equity $   12379 | sortino 11.22 | trades 1013 | ✓ SURVIVED
Gen 38291 | best fit   11.215 | equity $   12379 | sortino 11.22 | trades 1013 | ✓ SURVIVED
Gen 38296 | best fit   11.215 | equity $   12379 | sortino 11.22 | trades 1013 | ✓ SURVIVED
Gen 38301 | best fit   11.215 | equity $   12379 | sortino 11.22 | trades 1013 | ✓ SURVIVED
Gen 38306 | best fit   11.215 | equity $   12379 | sortino 11.22 | trades 1013 | ✓ SURVIVED
Gen 38311 | best fit   11.215 | equity $   12379 | sortino 11.22 | trades 1013 | ✓ SURVIVED
Gen 38316 | best fit   11.215 | equity $   12379 | sortino 11.22 | trades 1013 | ✓ SURVIVED
Gen 38321 | best fit   11.215 | equity $   12379 | sortino 11.22 | trades 1013 | ✓ SURVIVED
Gen 38326 | best fit   11.215 | equity $   12379 | sortino 11.22 | trades 1013 | ✓ SURVIVED
Gen 38331 | best fit   11.215 | equity $   12379 | sortino 11.22 | trades 1013 | ✓ SURVIVED
Gen 38336 | best fit   11.215 | equity $   12379 | sortino 11.22 | trades 1013 | ✓ SURVIVED
Gen 38341 | best fit   11.215 | equity $   12379 | sortino 11.22 | trades 1013 | ✓ SURVIVED
Gen 38346 | best fit   11.215 | equity $   12379 | sortino 11.22 | trades 1013 | ✓ SURVIVED
Gen 38351 | best fit   11.215 | equity $   12379 | sortino 11.22 | trades 1013 | ✓ SURVIVED
Gen 38356 | best fit   11.215 | equity $   12379 | sortino 11.22 | trades 1013 | ✓ SURVIVED
Gen 38361 | best fit   11.215 | equity $   12379 | sortino 11.22 | trades 1013 | ✓ SURVIVED
Gen 38366 | best fit   11.215 | equity $   12379 | sortino 11.22 | trades 1013 | ✓ SURVIVED
Gen 38371 | best fit   11.215 | equity $   12379 | sortino 11.22 | trades 1013 | ✓ SURVIVED
Gen 38376 | best fit   11.215 | equity $   12379 | sortino 11.22 | trades 1013 | ✓ SURVIVED
Gen 38381 | best fit   11.215 | equity $   12379 | sortino 11.22 | trades 1013 | ✓ SURVIVED
Gen 38386 | best fit   11.215 | equity $   12379 | sortino 11.22 | trades 1013 | ✓ SURVIVED
Gen 38391 | best fit   11.215 | equity $   12379 | sortino 11.22 | trades 1013 | ✓ SURVIVED
Gen 38396 | best fit   11.215 | equity $   12379 | sortino 11.22 | trades 1013 | ✓ SURVIVED
Gen 38401 | best fit   11.215 | equity $   12379 | sortino 11.22 | trades 1013 | ✓ SURVIVED
Gen 38406 | best fit   11.215 | equity $   12379 | sortino 11.22 | trades 1013 | ✓ SURVIVED
Gen 38411 | best fit   11.215 | equity $   12379 | sortino 11.22 | trades 1013 | ✓ SURVIVED
Gen 38416 | best fit   11.215 | equity $   12379 | sortino 11.22 | trades 1013 | ✓ SURVIVED
Gen 38421 | best fit   11.215 | equity $   12379 | sortino 11.22 | trades 1013 | ✓ SURVIVED
Gen 38426 | best fit   11.215 | equity $   12379 | sortino 11.22 | trades 1013 | ✓ SURVIVED
Gen 38431 | best fit   11.215 | equity $   12379 | sortino 11.22 | trades 1013 | ✓ SURVIVED
Gen 38436 | best fit   11.215 | equity $   12379 | sortino 11.22 | trades 1013 | ✓ SURVIVED
Gen 38441 | best fit   11.215 | equity $   12379 | sortino 11.22 | trades 1013 | ✓ SURVIVED
Gen 38446 | best fit   11.215 | equity $   12379 | sortino 11.22 | trades 1013 | ✓ SURVIVED
Gen 38451 | best fit   11.215 | equity $   12379 | sortino 11.22 | trades 1013 | ✓ SURVIVED
Gen 38456 | best fit   11.215 | equity $   12379 | sortino 11.22 | trades 1013 | ✓ SURVIVED
Gen 38461 | best fit   11.215 | equity $   12379 | sortino 11.22 | trades 1013 | ✓ SURVIVED
Gen 38466 | best fit   11.215 | equity $   12379 | sortino 11.22 | trades 1013 | ✓ SURVIVED
Gen 38471 | best fit   11.215 | equity $   12379 | sortino 11.22 | trades 1013 | ✓ SURVIVED
Gen 38476 | best fit   11.215 | equity $   12379 | sortino 11.22 | trades 1013 | ✓ SURVIVED
Gen 38481 | best fit   11.215 | equity $   12379 | sortino 11.22 | trades 1013 | ✓ SURVIVED
Gen 38486 | best fit   11.215 | equity $   12379 | sortino 11.22 | trades 1013 | ✓ SURVIVED
Gen 38491 | best fit   11.215 | equity $   12379 | sortino 11.22 | trades 1013 | ✓ SURVIVED
Gen 38496 | best fit   11.215 | equity $   12379 | sortino 11.22 | trades 1013 | ✓ SURVIVED
Gen 38501 | best fit   11.215 | equity $   12379 | sortino 11.22 | trades 1013 | ✓ SURVIVED
Gen 38506 | best fit   11.215 | equity $   12379 | sortino 11.22 | trades 1013 | ✓ SURVIVED
Gen 38511 | best fit   11.215 | equity $   12379 | sortino 11.22 | trades 1013 | ✓ SURVIVED
Gen 38516 | best fit   11.215 | equity $   12379 | sortino 11.22 | trades 1013 | ✓ SURVIVED
Gen 38521 | best fit   11.215 | equity $   12379 | sortino 11.22 | trades 1013 | ✓ SURVIVED
Gen 38526 | best fit   11.215 | equity $   12379 | sortino 11.22 | trades 1013 | ✓ SURVIVED
Gen 38531 | best fit   11.215 | equity $   12379 | sortino 11.22 | trades 1013 | ✓ SURVIVED
Gen 38536 | best fit   11.215 | equity $   12379 | sortino 11.22 | trades 1013 | ✓ SURVIVED
Gen 38541 | best fit   11.215 | equity $   12379 | sortino 11.22 | trades 1013 | ✓ SURVIVED
Gen 38546 | best fit   11.215 | equity $   12379 | sortino 11.22 | trades 1013 | ✓ SURVIVED
Gen 38551 | best fit   11.215 | equity $   12379 | sortino 11.22 | trades 1013 | ✓ SURVIVED
Gen 38556 | best fit   11.215 | equity $   12379 | sortino 11.22 | trades 1013 | ✓ SURVIVED
Gen 38561 | best fit   11.215 | equity $   12379 | sortino 11.22 | trades 1013 | ✓ SURVIVED
Gen 38566 | best fit   11.215 | equity $   12379 | sortino 11.22 | trades 1013 | ✓ SURVIVED
Gen 38571 | best fit   11.215 | equity $   12379 | sortino 11.22 | trades 1013 | ✓ SURVIVED
Gen 38576 | best fit   11.215 | equity $   12379 | sortino 11.22 | trades 1013 | ✓ SURVIVED
Gen 38581 | best fit   11.215 | equity $   12379 | sortino 11.22 | trades 1013 | ✓ SURVIVED
Gen 38586 | best fit   11.215 | equity $   12379 | sortino 11.22 | trades 1013 | ✓ SURVIVED
Gen 38591 | best fit   11.215 | equity $   12379 | sortino 11.22 | trades 1013 | ✓ SURVIVED
Gen 38596 | best fit   11.215 | equity $   12379 | sortino 11.22 | trades 1013 | ✓ SURVIVED
Gen 38601 | best fit   11.215 | equity $   12379 | sortino 11.22 | trades 1013 | ✓ SURVIVED
Gen 38606 | best fit   11.215 | equity $   12379 | sortino 11.22 | trades 1013 | ✓ SURVIVED
Gen 38611 | best fit   11.215 | equity $   12379 | sortino 11.22 | trades 1013 | ✓ SURVIVED
Gen 38616 | best fit   11.215 | equity $   12379 | sortino 11.22 | trades 1013 | ✓ SURVIVED
Gen 38621 | best fit   11.215 | equity $   12379 | sortino 11.22 | trades 1013 | ✓ SURVIVED
Gen 38626 | best fit   11.215 | equity $   12379 | sortino 11.22 | trades 1013 | ✓ SURVIVED
Gen 38631 | best fit   11.215 | equity $   12379 | sortino 11.22 | trades 1013 | ✓ SURVIVED
Gen 38636 | best fit   11.215 | equity $   12379 | sortino 11.22 | trades 1013 | ✓ SURVIVED
Gen 38641 | best fit   11.215 | equity $   12379 | sortino 11.22 | trades 1013 | ✓ SURVIVED
Gen 38646 | best fit   11.215 | equity $   12379 | sortino 11.22 | trades 1013 | ✓ SURVIVED
Gen 38651 | best fit   11.215 | equity $   12379 | sortino 11.22 | trades 1013 | ✓ SURVIVED
Gen 38656 | best fit   11.215 | equity $   12379 | sortino 11.22 | trades 1013 | ✓ SURVIVED
Gen 38661 | best fit   11.215 | equity $   12379 | sortino 11.22 | trades 1013 | ✓ SURVIVED
Gen 38666 | best fit   11.215 | equity $   12379 | sortino 11.22 | trades 1013 | ✓ SURVIVED
Gen 38671 | best fit   11.215 | equity $   12379 | sortino 11.22 | trades 1013 | ✓ SURVIVED
Gen 38676 | best fit   11.215 | equity $   12379 | sortino 11.22 | trades 1013 | ✓ SURVIVED
Gen 38681 | best fit   11.215 | equity $   12379 | sortino 11.22 | trades 1013 | ✓ SURVIVED
Gen 38686 | best fit   11.215 | equity $   12379 | sortino 11.22 | trades 1013 | ✓ SURVIVED
Gen 38691 | best fit   11.215 | equity $   12379 | sortino 11.22 | trades 1013 | ✓ SURVIVED
Gen 38696 | best fit   11.215 | equity $   12379 | sortino 11.22 | trades 1013 | ✓ SURVIVED
Gen 38701 | best fit   11.215 | equity $   12379 | sortino 11.22 | trades 1013 | ✓ SURVIVED
Gen 38706 | best fit   11.215 | equity $   12379 | sortino 11.22 | trades 1013 | ✓ SURVIVED
Gen 38711 | best fit   11.215 | equity $   12379 | sortino 11.22 | trades 1013 | ✓ SURVIVED
Gen 38716 | best fit   11.215 | equity $   12379 | sortino 11.22 | trades 1013 | ✓ SURVIVED
Gen 38721 | best fit   11.215 | equity $   12379 | sortino 11.22 | trades 1013 | ✓ SURVIVED
Gen 38726 | best fit   11.215 | equity $   12379 | sortino 11.22 | trades 1013 | ✓ SURVIVED
Gen 38731 | best fit   11.215 | equity $   12379 | sortino 11.22 | trades 1013 | ✓ SURVIVED
Gen 38736 | best fit   11.215 | equity $   12379 | sortino 11.22 | trades 1013 | ✓ SURVIVED
Gen 38741 | best fit   11.215 | equity $   12379 | sortino 11.22 | trades 1013 | ✓ SURVIVED
Gen 38746 | best fit   11.215 | equity $   12379 | sortino 11.22 | trades 1013 | ✓ SURVIVED
Gen 38751 | best fit   11.215 | equity $   12379 | sortino 11.22 | trades 1013 | ✓ SURVIVED
Gen 38756 | best fit   11.215 | equity $   12379 | sortino 11.22 | trades 1013 | ✓ SURVIVED
Gen 38761 | best fit   11.215 | equity $   12379 | sortino 11.22 | trades 1013 | ✓ SURVIVED
Gen 38766 | best fit   11.215 | equity $   12379 | sortino 11.22 | trades 1013 | ✓ SURVIVED
Gen 38771 | best fit   11.215 | equity $   12379 | sortino 11.22 | trades 1013 | ✓ SURVIVED
Gen 38776 | best fit   11.215 | equity $   12379 | sortino 11.22 | trades 1013 | ✓ SURVIVED
Gen 38781 | best fit   11.215 | equity $   12379 | sortino 11.22 | trades 1013 | ✓ SURVIVED
Gen 38786 | best fit   11.215 | equity $   12379 | sortino 11.22 | trades 1013 | ✓ SURVIVED
Gen 38791 | best fit   11.215 | equity $   12379 | sortino 11.22 | trades 1013 | ✓ SURVIVED
Gen 38796 | best fit   11.215 | equity $   12379 | sortino 11.22 | trades 1013 | ✓ SURVIVED
Gen 38801 | best fit   11.215 | equity $   12379 | sortino 11.22 | trades 1013 | ✓ SURVIVED
Gen 38806 | best fit   11.215 | equity $   12379 | sortino 11.22 | trades 1013 | ✓ SURVIVED
Gen 38811 | best fit   11.215 | equity $   12379 | sortino 11.22 | trades 1013 | ✓ SURVIVED
Gen 38816 | best fit   11.215 | equity $   12379 | sortino 11.22 | trades 1013 | ✓ SURVIVED
Gen 38821 | best fit   11.215 | equity $   12379 | sortino 11.22 | trades 1013 | ✓ SURVIVED
Gen 38826 | best fit   11.215 | equity $   12379 | sortino 11.22 | trades 1013 | ✓ SURVIVED
Gen 38831 | best fit   11.215 | equity $   12379 | sortino 11.22 | trades 1013 | ✓ SURVIVED
Gen 38836 | best fit   11.215 | equity $   12379 | sortino 11.22 | trades 1013 | ✓ SURVIVED
Gen 38841 | best fit   11.215 | equity $   12379 | sortino 11.22 | trades 1013 | ✓ SURVIVED
Gen 38846 | best fit   11.215 | equity $   12379 | sortino 11.22 | trades 1013 | ✓ SURVIVED
Gen 38851 | best fit   11.215 | equity $   12379 | sortino 11.22 | trades 1013 | ✓ SURVIVED
Gen 38856 | best fit   11.215 | equity $   12379 | sortino 11.22 | trades 1013 | ✓ SURVIVED
Gen 38861 | best fit   11.215 | equity $   12379 | sortino 11.22 | trades 1013 | ✓ SURVIVED
Gen 38866 | best fit   11.215 | equity $   12379 | sortino 11.22 | trades 1013 | ✓ SURVIVED
Gen 38871 | best fit   11.215 | equity $   12379 | sortino 11.22 | trades 1013 | ✓ SURVIVED
Gen 38876 | best fit   11.215 | equity $   12379 | sortino 11.22 | trades 1013 | ✓ SURVIVED
Gen 38881 | best fit   11.215 | equity $   12379 | sortino 11.22 | trades 1013 | ✓ SURVIVED
Gen 38886 | best fit   11.215 | equity $   12379 | sortino 11.22 | trades 1013 | ✓ SURVIVED
Gen 38891 | best fit   11.215 | equity $   12379 | sortino 11.22 | trades 1013 | ✓ SURVIVED
Gen 38896 | best fit   11.215 | equity $   12379 | sortino 11.22 | trades 1013 | ✓ SURVIVED
Gen 38901 | best fit   11.215 | equity $   12379 | sortino 11.22 | trades 1013 | ✓ SURVIVED
Gen 38906 | best fit   11.215 | equity $   12379 | sortino 11.22 | trades 1013 | ✓ SURVIVED
Gen 38911 | best fit   11.215 | equity $   12379 | sortino 11.22 | trades 1013 | ✓ SURVIVED
Gen 38916 | best fit   11.215 | equity $   12379 | sortino 11.22 | trades 1013 | ✓ SURVIVED
Gen 38921 | best fit   11.215 | equity $   12379 | sortino 11.22 | trades 1013 | ✓ SURVIVED
Gen 38926 | best fit   11.215 | equity $   12379 | sortino 11.22 | trades 1013 | ✓ SURVIVED
Gen 38931 | best fit   11.215 | equity $   12379 | sortino 11.22 | trades 1013 | ✓ SURVIVED
Gen 38936 | best fit   11.215 | equity $   12379 | sortino 11.22 | trades 1013 | ✓ SURVIVED
Gen 38941 | best fit   11.215 | equity $   12379 | sortino 11.22 | trades 1013 | ✓ SURVIVED
Gen 38946 | best fit   11.215 | equity $   12379 | sortino 11.22 | trades 1013 | ✓ SURVIVED
Gen 38951 | best fit   11.215 | equity $   12379 | sortino 11.22 | trades 1013 | ✓ SURVIVED
Gen 38956 | best fit   11.215 | equity $   12379 | sortino 11.22 | trades 1013 | ✓ SURVIVED
Gen 38961 | best fit   11.215 | equity $   12379 | sortino 11.22 | trades 1013 | ✓ SURVIVED
Gen 38966 | best fit   11.215 | equity $   12379 | sortino 11.22 | trades 1013 | ✓ SURVIVED
Gen 38971 | best fit   11.215 | equity $   12379 | sortino 11.22 | trades 1013 | ✓ SURVIVED
Gen 38976 | best fit   11.215 | equity $   12379 | sortino 11.22 | trades 1013 | ✓ SURVIVED
Gen 38981 | best fit   11.215 | equity $   12379 | sortino 11.22 | trades 1013 | ✓ SURVIVED
Gen 38986 | best fit   11.215 | equity $   12379 | sortino 11.22 | trades 1013 | ✓ SURVIVED
Gen 38991 | best fit   11.215 | equity $   12379 | sortino 11.22 | trades 1013 | ✓ SURVIVED
Gen 38996 | best fit   11.215 | equity $   12379 | sortino 11.22 | trades 1013 | ✓ SURVIVED
Gen 39001 | best fit   11.215 | equity $   12379 | sortino 11.22 | trades 1013 | ✓ SURVIVED
Gen 39006 | best fit   11.215 | equity $   12379 | sortino 11.22 | trades 1013 | ✓ SURVIVED
Gen 39011 | best fit   11.215 | equity $   12379 | sortino 11.22 | trades 1013 | ✓ SURVIVED
Gen 39016 | best fit   11.215 | equity $   12379 | sortino 11.22 | trades 1013 | ✓ SURVIVED
Gen 39021 | best fit   11.215 | equity $   12379 | sortino 11.22 | trades 1013 | ✓ SURVIVED
Gen 39026 | best fit   11.215 | equity $   12379 | sortino 11.22 | trades 1013 | ✓ SURVIVED
Gen 39031 | best fit   11.215 | equity $   12379 | sortino 11.22 | trades 1013 | ✓ SURVIVED
Gen 39036 | best fit   11.215 | equity $   12379 | sortino 11.22 | trades 1013 | ✓ SURVIVED
Gen 39041 | best fit   11.215 | equity $   12379 | sortino 11.22 | trades 1013 | ✓ SURVIVED
Gen 39046 | best fit   11.215 | equity $   12379 | sortino 11.22 | trades 1013 | ✓ SURVIVED
Gen 39051 | best fit   11.215 | equity $   12379 | sortino 11.22 | trades 1013 | ✓ SURVIVED
Gen 39056 | best fit   11.215 | equity $   12379 | sortino 11.22 | trades 1013 | ✓ SURVIVED
Gen 39061 | best fit   11.215 | equity $   12379 | sortino 11.22 | trades 1013 | ✓ SURVIVED
Gen 39066 | best fit   11.215 | equity $   12379 | sortino 11.22 | trades 1013 | ✓ SURVIVED
Gen 39071 | best fit   11.215 | equity $   12379 | sortino 11.22 | trades 1013 | ✓ SURVIVED
Gen 39076 | best fit   11.215 | equity $   12379 | sortino 11.22 | trades 1013 | ✓ SURVIVED
Gen 39081 | best fit   11.215 | equity $   12379 | sortino 11.22 | trades 1013 | ✓ SURVIVED
Gen 39086 | best fit   11.215 | equity $   12379 | sortino 11.22 | trades 1013 | ✓ SURVIVED
Gen 39091 | best fit   11.215 | equity $   12379 | sortino 11.22 | trades 1013 | ✓ SURVIVED
Gen 39096 | best fit   11.215 | equity $   12379 | sortino 11.22 | trades 1013 | ✓ SURVIVED

Evolution complete: 39099 generations, 45.0 min

================================================================================
BEST BOT EVOLVED
================================================================================
Fitness: 11.2153
Final equity: $12379 (+1138%)
Peak equity: $38345
Max drawdown: 69.3%
Sortino ratio (annualized): 11.22
Survival: 3951/3951 days (100%)
Trades executed: 1013
Buy-and-hold comparison: $1116200000
Bot vs buy-hold: BUY-HOLD WINS
Liquidated: NO

Evolved parameters:
  RSI oversold: 35.7, overbought: 60.0
  MA fast: 3d, slow: 85d, trend: 280d
  Entry confidence threshold: 0.37
  Base position size: 100%
  Stop loss: 2.0%, take profit: 100%
  Max hold: 5 days, cooldown: 2 days
  Signal weights: trend 0.14, RSI 0.33, momentum 0.68

Wrote C:\dev\FarACtionRadar\v16build\web-btc-bot-sim\btc-bot-sim\results\v1-best-bot.json
