Argus v3 evolution (17-gene reduced) — run v3, budget 5 min, seed 42

Data: 3951 bars, 71 curated events
Train: 2010-08-18 → 2022-12-31 (2602 bars, 7.1yr)
Test:  2023-01-01 → 2026-09-10 (1349 bars, 3.7yr)
Indicators + event-state precomputed

Buy-hold train: $1000 → $236320000
Buy-hold test:  $1000 → $4702

Gen    1 | fit   2.083 | CAGR   72.3% | DD  34.7% | Calmar   2.08 | trades   84 | ✓
Gen    2 | fit   2.083 | CAGR   72.3% | DD  34.7% | Calmar   2.08 | trades   84 | ✓
Gen    6 | fit   3.902 | CAGR  123.5% | DD  31.6% | Calmar   3.90 | trades  224 | ✓
Gen   11 | fit   4.182 | CAGR  133.1% | DD  31.8% | Calmar   4.18 | trades  118 | ✓
Gen   16 | fit   4.618 | CAGR  150.8% | DD  32.7% | Calmar   4.62 | trades  110 | ✓
Gen   21 | fit   6.190 | CAGR  110.8% | DD  17.9% | Calmar   6.19 | trades   94 | ✓
Gen   26 | fit   7.265 | CAGR  153.7% | DD  21.2% | Calmar   7.26 | trades   92 | ✓
Gen   31 | fit   8.120 | CAGR  170.7% | DD  21.0% | Calmar   8.12 | trades   96 | ✓
Gen   36 | fit   9.170 | CAGR  140.6% | DD  15.3% | Calmar   9.17 | trades   84 | ✓
Gen   41 | fit  10.481 | CAGR  191.6% | DD  18.3% | Calmar  10.48 | trades   88 | ✓
Gen   46 | fit  11.110 | CAGR  174.9% | DD  15.7% | Calmar  11.11 | trades   92 | ✓
Gen   51 | fit  11.433 | CAGR  179.7% | DD  15.7% | Calmar  11.43 | trades   88 | ✓
Gen   56 | fit  11.593 | CAGR  180.0% | DD  15.5% | Calmar  11.59 | trades   86 | ✓
Gen   61 | fit  11.847 | CAGR  187.0% | DD  15.8% | Calmar  11.85 | trades   86 | ✓
Gen   66 | fit  12.179 | CAGR  192.2% | DD  15.8% | Calmar  12.18 | trades   88 | ✓
Gen   71 | fit  12.282 | CAGR  194.5% | DD  15.8% | Calmar  12.28 | trades   86 | ✓
Gen   76 | fit  12.851 | CAGR  202.4% | DD  15.7% | Calmar  12.85 | trades   86 | ✓
Gen   81 | fit  12.902 | CAGR  203.2% | DD  15.7% | Calmar  12.90 | trades   86 | ✓
Gen   86 | fit  12.954 | CAGR  204.0% | DD  15.7% | Calmar  12.95 | trades   86 | ✓
Gen   91 | fit  13.013 | CAGR  205.8% | DD  15.8% | Calmar  13.01 | trades   86 | ✓
Gen   96 | fit  13.084 | CAGR  206.9% | DD  15.8% | Calmar  13.08 | trades   84 | ✓
Gen  101 | fit  13.104 | CAGR  207.2% | DD  15.8% | Calmar  13.10 | trades   84 | ✓
Gen  106 | fit  13.204 | CAGR  208.8% | DD  15.8% | Calmar  13.20 | trades   84 | ✓
Gen  111 | fit  13.363 | CAGR  211.3% | DD  15.8% | Calmar  13.36 | trades   84 | ✓
Gen  116 | fit  13.391 | CAGR  212.8% | DD  15.9% | Calmar  13.39 | trades   84 | ✓
Gen  121 | fit  13.523 | CAGR  214.5% | DD  15.9% | Calmar  13.52 | trades   84 | ✓
Gen  126 | fit  13.594 | CAGR  218.2% | DD  16.1% | Calmar  13.59 | trades   84 | ✓
Gen  131 | fit  13.598 | CAGR  218.3% | DD  16.1% | Calmar  13.60 | trades   84 | ✓
Gen  136 | fit  13.606 | CAGR  218.4% | DD  16.1% | Calmar  13.61 | trades   84 | ✓
Gen  141 | fit  13.645 | CAGR  220.6% | DD  16.2% | Calmar  13.64 | trades   84 | ✓
Gen  146 | fit  13.664 | CAGR  221.0% | DD  16.2% | Calmar  13.66 | trades   84 | ✓
Gen  151 | fit  13.670 | CAGR  221.1% | DD  16.2% | Calmar  13.67 | trades   84 | ✓
Gen  156 | fit  13.676 | CAGR  221.2% | DD  16.2% | Calmar  13.68 | trades   84 | ✓
Gen  161 | fit  13.682 | CAGR  221.2% | DD  16.2% | Calmar  13.68 | trades   84 | ✓
Gen  166 | fit  13.694 | CAGR  221.4% | DD  16.2% | Calmar  13.69 | trades   82 | ✓
Gen  171 | fit  13.699 | CAGR  221.5% | DD  16.2% | Calmar  13.70 | trades   82 | ✓
Gen  176 | fit  13.717 | CAGR  221.8% | DD  16.2% | Calmar  13.72 | trades   82 | ✓
Gen  181 | fit  13.722 | CAGR  221.9% | DD  16.2% | Calmar  13.72 | trades   82 | ✓
Gen  186 | fit  13.734 | CAGR  222.1% | DD  16.2% | Calmar  13.73 | trades   82 | ✓
Gen  191 | fit  13.735 | CAGR  222.1% | DD  16.2% | Calmar  13.74 | trades   82 | ✓
Gen  196 | fit  13.735 | CAGR  222.1% | DD  16.2% | Calmar  13.74 | trades   82 | ✓
Gen  201 | fit  13.735 | CAGR  222.1% | DD  16.2% | Calmar  13.74 | trades   82 | ✓
Gen  206 | fit  13.735 | CAGR  222.1% | DD  16.2% | Calmar  13.74 | trades   82 | ✓
Gen  211 | fit  13.735 | CAGR  222.1% | DD  16.2% | Calmar  13.74 | trades   82 | ✓
Gen  216 | fit  13.738 | CAGR  222.2% | DD  16.2% | Calmar  13.74 | trades   82 | ✓
Gen  221 | fit  13.738 | CAGR  222.2% | DD  16.2% | Calmar  13.74 | trades   82 | ✓
Gen  226 | fit  13.738 | CAGR  222.2% | DD  16.2% | Calmar  13.74 | trades   82 | ✓
Gen  231 | fit  13.738 | CAGR  222.2% | DD  16.2% | Calmar  13.74 | trades   82 | ✓
Gen  236 | fit  13.738 | CAGR  222.2% | DD  16.2% | Calmar  13.74 | trades   82 | ✓
Gen  241 | fit  13.738 | CAGR  222.2% | DD  16.2% | Calmar  13.74 | trades   82 | ✓
Gen  246 | fit  13.738 | CAGR  222.2% | DD  16.2% | Calmar  13.74 | trades   82 | ✓
Gen  251 | fit  13.755 | CAGR  222.4% | DD  16.2% | Calmar  13.75 | trades   82 | ✓
Gen  256 | fit  13.755 | CAGR  222.4% | DD  16.2% | Calmar  13.75 | trades   82 | ✓
Gen  261 | fit  13.755 | CAGR  222.4% | DD  16.2% | Calmar  13.75 | trades   82 | ✓
Gen  266 | fit  13.755 | CAGR  222.4% | DD  16.2% | Calmar  13.75 | trades   82 | ✓
Gen  271 | fit  13.755 | CAGR  222.4% | DD  16.2% | Calmar  13.75 | trades   82 | ✓
Gen  276 | fit  13.755 | CAGR  222.4% | DD  16.2% | Calmar  13.75 | trades   82 | ✓
Gen  281 | fit  13.755 | CAGR  222.4% | DD  16.2% | Calmar  13.75 | trades   82 | ✓
Gen  286 | fit  13.755 | CAGR  222.4% | DD  16.2% | Calmar  13.75 | trades   82 | ✓
Gen  291 | fit  13.755 | CAGR  222.4% | DD  16.2% | Calmar  13.75 | trades   82 | ✓
Gen  296 | fit  13.755 | CAGR  222.4% | DD  16.2% | Calmar  13.75 | trades   82 | ✓
Gen  301 | fit  13.755 | CAGR  222.4% | DD  16.2% | Calmar  13.75 | trades   82 | ✓
Gen  306 | fit  13.755 | CAGR  222.4% | DD  16.2% | Calmar  13.75 | trades   82 | ✓
Gen  311 | fit  13.755 | CAGR  222.4% | DD  16.2% | Calmar  13.75 | trades   82 | ✓
Gen  316 | fit  13.770 | CAGR  222.7% | DD  16.2% | Calmar  13.77 | trades   82 | ✓
Gen  321 | fit  13.770 | CAGR  222.7% | DD  16.2% | Calmar  13.77 | trades   82 | ✓
Gen  326 | fit  13.770 | CAGR  222.7% | DD  16.2% | Calmar  13.77 | trades   82 | ✓
Gen  331 | fit  13.770 | CAGR  222.7% | DD  16.2% | Calmar  13.77 | trades   82 | ✓
Gen  336 | fit  13.770 | CAGR  222.7% | DD  16.2% | Calmar  13.77 | trades   82 | ✓
Gen  341 | fit  13.770 | CAGR  222.7% | DD  16.2% | Calmar  13.77 | trades   82 | ✓
Gen  346 | fit  13.770 | CAGR  222.7% | DD  16.2% | Calmar  13.77 | trades   82 | ✓
Gen  351 | fit  13.770 | CAGR  222.7% | DD  16.2% | Calmar  13.77 | trades   82 | ✓
Gen  356 | fit  13.770 | CAGR  222.7% | DD  16.2% | Calmar  13.77 | trades   82 | ✓
Gen  361 | fit  13.770 | CAGR  222.7% | DD  16.2% | Calmar  13.77 | trades   82 | ✓
Gen  366 | fit  13.770 | CAGR  222.7% | DD  16.2% | Calmar  13.77 | trades   82 | ✓
Gen  371 | fit  13.770 | CAGR  222.7% | DD  16.2% | Calmar  13.77 | trades   82 | ✓
Gen  376 | fit  13.770 | CAGR  222.7% | DD  16.2% | Calmar  13.77 | trades   82 | ✓
Gen  381 | fit  13.770 | CAGR  222.7% | DD  16.2% | Calmar  13.77 | trades   82 | ✓
Gen  386 | fit  13.770 | CAGR  222.7% | DD  16.2% | Calmar  13.77 | trades   82 | ✓
Gen  391 | fit  13.770 | CAGR  222.7% | DD  16.2% | Calmar  13.77 | trades   82 | ✓
Gen  396 | fit  13.770 | CAGR  222.7% | DD  16.2% | Calmar  13.77 | trades   82 | ✓
Gen  401 | fit  13.770 | CAGR  222.7% | DD  16.2% | Calmar  13.77 | trades   82 | ✓
Gen  406 | fit  13.770 | CAGR  222.7% | DD  16.2% | Calmar  13.77 | trades   82 | ✓
Gen  411 | fit  13.770 | CAGR  222.7% | DD  16.2% | Calmar  13.77 | trades   82 | ✓
Gen  416 | fit  13.770 | CAGR  222.7% | DD  16.2% | Calmar  13.77 | trades   82 | ✓
Gen  421 | fit  13.770 | CAGR  222.7% | DD  16.2% | Calmar  13.77 | trades   82 | ✓
Gen  426 | fit  13.770 | CAGR  222.7% | DD  16.2% | Calmar  13.77 | trades   82 | ✓
Gen  431 | fit  13.770 | CAGR  222.7% | DD  16.2% | Calmar  13.77 | trades   82 | ✓
Gen  436 | fit  13.770 | CAGR  222.7% | DD  16.2% | Calmar  13.77 | trades   82 | ✓
Gen  441 | fit  13.770 | CAGR  222.7% | DD  16.2% | Calmar  13.77 | trades   82 | ✓
Gen  446 | fit  13.770 | CAGR  222.7% | DD  16.2% | Calmar  13.77 | trades   82 | ✓
Gen  451 | fit  13.770 | CAGR  222.7% | DD  16.2% | Calmar  13.77 | trades   82 | ✓
Gen  456 | fit  13.770 | CAGR  222.7% | DD  16.2% | Calmar  13.77 | trades   82 | ✓
Gen  461 | fit  13.770 | CAGR  222.7% | DD  16.2% | Calmar  13.77 | trades   82 | ✓
Gen  466 | fit  13.770 | CAGR  222.7% | DD  16.2% | Calmar  13.77 | trades   82 | ✓
Gen  471 | fit  13.770 | CAGR  222.7% | DD  16.2% | Calmar  13.77 | trades   82 | ✓
Gen  476 | fit  13.770 | CAGR  222.7% | DD  16.2% | Calmar  13.77 | trades   82 | ✓
Gen  481 | fit  13.770 | CAGR  222.7% | DD  16.2% | Calmar  13.77 | trades   82 | ✓
Gen  486 | fit  13.770 | CAGR  222.7% | DD  16.2% | Calmar  13.77 | trades   82 | ✓
Gen  491 | fit  13.770 | CAGR  222.7% | DD  16.2% | Calmar  13.77 | trades   82 | ✓
Gen  496 | fit  13.770 | CAGR  222.7% | DD  16.2% | Calmar  13.77 | trades   82 | ✓
Gen  501 | fit  13.770 | CAGR  222.7% | DD  16.2% | Calmar  13.77 | trades   82 | ✓
Gen  506 | fit  13.770 | CAGR  222.7% | DD  16.2% | Calmar  13.77 | trades   82 | ✓
Gen  511 | fit  13.770 | CAGR  222.7% | DD  16.2% | Calmar  13.77 | trades   82 | ✓
Gen  516 | fit  13.770 | CAGR  222.7% | DD  16.2% | Calmar  13.77 | trades   82 | ✓
Gen  521 | fit  13.770 | CAGR  222.7% | DD  16.2% | Calmar  13.77 | trades   82 | ✓
Gen  526 | fit  13.770 | CAGR  222.7% | DD  16.2% | Calmar  13.77 | trades   82 | ✓
Gen  531 | fit  13.770 | CAGR  222.7% | DD  16.2% | Calmar  13.77 | trades   82 | ✓
Gen  536 | fit  13.770 | CAGR  222.7% | DD  16.2% | Calmar  13.77 | trades   82 | ✓
Gen  541 | fit  13.770 | CAGR  222.7% | DD  16.2% | Calmar  13.77 | trades   82 | ✓
Gen  546 | fit  13.770 | CAGR  222.7% | DD  16.2% | Calmar  13.77 | trades   82 | ✓
Gen  551 | fit  13.770 | CAGR  222.7% | DD  16.2% | Calmar  13.77 | trades   82 | ✓
Gen  556 | fit  13.770 | CAGR  222.7% | DD  16.2% | Calmar  13.77 | trades   82 | ✓
Gen  561 | fit  13.770 | CAGR  222.7% | DD  16.2% | Calmar  13.77 | trades   82 | ✓
Gen  566 | fit  13.770 | CAGR  222.7% | DD  16.2% | Calmar  13.77 | trades   82 | ✓
Gen  571 | fit  13.770 | CAGR  222.7% | DD  16.2% | Calmar  13.77 | trades   82 | ✓
Gen  576 | fit  13.770 | CAGR  222.7% | DD  16.2% | Calmar  13.77 | trades   82 | ✓
Gen  581 | fit  13.770 | CAGR  222.7% | DD  16.2% | Calmar  13.77 | trades   82 | ✓
Gen  586 | fit  13.770 | CAGR  222.7% | DD  16.2% | Calmar  13.77 | trades   82 | ✓
Gen  591 | fit  13.770 | CAGR  222.7% | DD  16.2% | Calmar  13.77 | trades   82 | ✓
Gen  596 | fit  13.770 | CAGR  222.7% | DD  16.2% | Calmar  13.77 | trades   82 | ✓
Gen  601 | fit  13.770 | CAGR  222.7% | DD  16.2% | Calmar  13.77 | trades   82 | ✓
Gen  606 | fit  13.770 | CAGR  222.7% | DD  16.2% | Calmar  13.77 | trades   82 | ✓
Gen  611 | fit  13.770 | CAGR  222.7% | DD  16.2% | Calmar  13.77 | trades   82 | ✓
Gen  616 | fit  13.770 | CAGR  222.7% | DD  16.2% | Calmar  13.77 | trades   82 | ✓
Gen  621 | fit  13.770 | CAGR  222.7% | DD  16.2% | Calmar  13.77 | trades   82 | ✓
Gen  626 | fit  13.770 | CAGR  222.7% | DD  16.2% | Calmar  13.77 | trades   82 | ✓
Gen  631 | fit  13.770 | CAGR  222.7% | DD  16.2% | Calmar  13.77 | trades   82 | ✓
Gen  636 | fit  13.770 | CAGR  222.7% | DD  16.2% | Calmar  13.77 | trades   82 | ✓
Gen  641 | fit  13.775 | CAGR  222.8% | DD  16.2% | Calmar  13.78 | trades   82 | ✓
Gen  646 | fit  13.775 | CAGR  222.8% | DD  16.2% | Calmar  13.78 | trades   82 | ✓
Gen  651 | fit  13.775 | CAGR  222.8% | DD  16.2% | Calmar  13.78 | trades   82 | ✓
Gen  656 | fit  13.775 | CAGR  222.8% | DD  16.2% | Calmar  13.78 | trades   82 | ✓
Gen  661 | fit  13.775 | CAGR  222.8% | DD  16.2% | Calmar  13.78 | trades   82 | ✓
Gen  666 | fit  13.775 | CAGR  222.8% | DD  16.2% | Calmar  13.78 | trades   82 | ✓
Gen  671 | fit  13.775 | CAGR  222.8% | DD  16.2% | Calmar  13.78 | trades   82 | ✓
Gen  676 | fit  13.775 | CAGR  222.8% | DD  16.2% | Calmar  13.78 | trades   82 | ✓
Gen  681 | fit  13.775 | CAGR  222.8% | DD  16.2% | Calmar  13.78 | trades   82 | ✓
Gen  686 | fit  13.775 | CAGR  222.8% | DD  16.2% | Calmar  13.78 | trades   82 | ✓
Gen  691 | fit  13.775 | CAGR  222.8% | DD  16.2% | Calmar  13.78 | trades   82 | ✓
Gen  696 | fit  13.775 | CAGR  222.8% | DD  16.2% | Calmar  13.78 | trades   82 | ✓
Gen  701 | fit  13.775 | CAGR  222.8% | DD  16.2% | Calmar  13.78 | trades   82 | ✓
Gen  706 | fit  13.775 | CAGR  222.8% | DD  16.2% | Calmar  13.78 | trades   82 | ✓
Gen  711 | fit  13.775 | CAGR  222.8% | DD  16.2% | Calmar  13.78 | trades   82 | ✓
Gen  716 | fit  13.775 | CAGR  222.8% | DD  16.2% | Calmar  13.78 | trades   82 | ✓
Gen  721 | fit  13.775 | CAGR  222.8% | DD  16.2% | Calmar  13.78 | trades   82 | ✓
Gen  726 | fit  13.775 | CAGR  222.8% | DD  16.2% | Calmar  13.78 | trades   82 | ✓
Gen  731 | fit  13.775 | CAGR  222.8% | DD  16.2% | Calmar  13.78 | trades   82 | ✓
Gen  736 | fit  13.775 | CAGR  222.8% | DD  16.2% | Calmar  13.78 | trades   82 | ✓
Gen  741 | fit  13.775 | CAGR  222.8% | DD  16.2% | Calmar  13.78 | trades   82 | ✓
Gen  746 | fit  13.775 | CAGR  222.8% | DD  16.2% | Calmar  13.78 | trades   82 | ✓
Gen  751 | fit  13.775 | CAGR  222.8% | DD  16.2% | Calmar  13.78 | trades   82 | ✓
Gen  756 | fit  13.775 | CAGR  222.8% | DD  16.2% | Calmar  13.78 | trades   82 | ✓
Gen  761 | fit  13.775 | CAGR  222.8% | DD  16.2% | Calmar  13.78 | trades   82 | ✓
Gen  766 | fit  13.775 | CAGR  222.8% | DD  16.2% | Calmar  13.78 | trades   82 | ✓
Gen  771 | fit  13.775 | CAGR  222.8% | DD  16.2% | Calmar  13.78 | trades   82 | ✓
Gen  776 | fit  13.775 | CAGR  222.8% | DD  16.2% | Calmar  13.78 | trades   82 | ✓
Gen  781 | fit  13.775 | CAGR  222.8% | DD  16.2% | Calmar  13.78 | trades   82 | ✓
Gen  786 | fit  13.775 | CAGR  222.8% | DD  16.2% | Calmar  13.78 | trades   82 | ✓
Gen  791 | fit  13.775 | CAGR  222.8% | DD  16.2% | Calmar  13.78 | trades   82 | ✓
Gen  796 | fit  13.775 | CAGR  222.8% | DD  16.2% | Calmar  13.78 | trades   82 | ✓
Gen  801 | fit  13.775 | CAGR  222.8% | DD  16.2% | Calmar  13.78 | trades   82 | ✓
Gen  806 | fit  13.775 | CAGR  222.8% | DD  16.2% | Calmar  13.78 | trades   82 | ✓
Gen  811 | fit  13.775 | CAGR  222.8% | DD  16.2% | Calmar  13.78 | trades   82 | ✓
Gen  816 | fit  13.775 | CAGR  222.8% | DD  16.2% | Calmar  13.78 | trades   82 | ✓
Gen  821 | fit  13.775 | CAGR  222.8% | DD  16.2% | Calmar  13.78 | trades   82 | ✓
Gen  826 | fit  13.775 | CAGR  222.8% | DD  16.2% | Calmar  13.78 | trades   82 | ✓
Gen  831 | fit  13.775 | CAGR  222.8% | DD  16.2% | Calmar  13.78 | trades   82 | ✓
Gen  836 | fit  13.775 | CAGR  222.8% | DD  16.2% | Calmar  13.78 | trades   82 | ✓
Gen  841 | fit  13.775 | CAGR  222.8% | DD  16.2% | Calmar  13.78 | trades   82 | ✓
Gen  846 | fit  13.775 | CAGR  222.8% | DD  16.2% | Calmar  13.78 | trades   82 | ✓
Gen  851 | fit  13.775 | CAGR  222.8% | DD  16.2% | Calmar  13.78 | trades   82 | ✓
Gen  856 | fit  13.775 | CAGR  222.8% | DD  16.2% | Calmar  13.78 | trades   82 | ✓
Gen  861 | fit  13.775 | CAGR  222.8% | DD  16.2% | Calmar  13.78 | trades   82 | ✓
Gen  866 | fit  13.775 | CAGR  222.8% | DD  16.2% | Calmar  13.78 | trades   82 | ✓
Gen  871 | fit  13.775 | CAGR  222.8% | DD  16.2% | Calmar  13.78 | trades   82 | ✓
Gen  876 | fit  13.775 | CAGR  222.8% | DD  16.2% | Calmar  13.78 | trades   82 | ✓
Gen  881 | fit  13.775 | CAGR  222.8% | DD  16.2% | Calmar  13.78 | trades   82 | ✓
Gen  886 | fit  13.775 | CAGR  222.8% | DD  16.2% | Calmar  13.78 | trades   82 | ✓
Gen  891 | fit  13.775 | CAGR  222.8% | DD  16.2% | Calmar  13.78 | trades   82 | ✓
Gen  896 | fit  13.775 | CAGR  222.8% | DD  16.2% | Calmar  13.78 | trades   82 | ✓
Gen  901 | fit  13.775 | CAGR  222.8% | DD  16.2% | Calmar  13.78 | trades   82 | ✓
Gen  906 | fit  13.775 | CAGR  222.8% | DD  16.2% | Calmar  13.78 | trades   82 | ✓
Gen  911 | fit  13.775 | CAGR  222.8% | DD  16.2% | Calmar  13.78 | trades   82 | ✓
Gen  916 | fit  13.775 | CAGR  222.8% | DD  16.2% | Calmar  13.78 | trades   82 | ✓
Gen  921 | fit  13.775 | CAGR  222.8% | DD  16.2% | Calmar  13.78 | trades   82 | ✓
Gen  926 | fit  13.775 | CAGR  222.8% | DD  16.2% | Calmar  13.78 | trades   82 | ✓
Gen  931 | fit  13.775 | CAGR  222.8% | DD  16.2% | Calmar  13.78 | trades   82 | ✓
Gen  936 | fit  13.775 | CAGR  222.8% | DD  16.2% | Calmar  13.78 | trades   82 | ✓
Gen  941 | fit  13.775 | CAGR  222.8% | DD  16.2% | Calmar  13.78 | trades   82 | ✓
Gen  946 | fit  13.775 | CAGR  222.8% | DD  16.2% | Calmar  13.78 | trades   82 | ✓
Gen  951 | fit  13.775 | CAGR  222.8% | DD  16.2% | Calmar  13.78 | trades   82 | ✓
Gen  956 | fit  13.775 | CAGR  222.8% | DD  16.2% | Calmar  13.78 | trades   82 | ✓
Gen  961 | fit  13.775 | CAGR  222.8% | DD  16.2% | Calmar  13.78 | trades   82 | ✓
Gen  966 | fit  13.775 | CAGR  222.8% | DD  16.2% | Calmar  13.78 | trades   82 | ✓
Gen  971 | fit  13.775 | CAGR  222.8% | DD  16.2% | Calmar  13.78 | trades   82 | ✓
Gen  976 | fit  13.775 | CAGR  222.8% | DD  16.2% | Calmar  13.78 | trades   82 | ✓
Gen  981 | fit  13.775 | CAGR  222.8% | DD  16.2% | Calmar  13.78 | trades   82 | ✓
Gen  986 | fit  13.775 | CAGR  222.8% | DD  16.2% | Calmar  13.78 | trades   82 | ✓
Gen  991 | fit  13.775 | CAGR  222.8% | DD  16.2% | Calmar  13.78 | trades   82 | ✓
Gen  996 | fit  13.775 | CAGR  222.8% | DD  16.2% | Calmar  13.78 | trades   82 | ✓
Gen 1001 | fit  13.775 | CAGR  222.8% | DD  16.2% | Calmar  13.78 | trades   82 | ✓
Gen 1006 | fit  13.775 | CAGR  222.8% | DD  16.2% | Calmar  13.78 | trades   82 | ✓
Gen 1011 | fit  13.775 | CAGR  222.8% | DD  16.2% | Calmar  13.78 | trades   82 | ✓
Gen 1016 | fit  13.775 | CAGR  222.8% | DD  16.2% | Calmar  13.78 | trades   82 | ✓
Gen 1021 | fit  13.775 | CAGR  222.8% | DD  16.2% | Calmar  13.78 | trades   82 | ✓
Gen 1026 | fit  13.775 | CAGR  222.8% | DD  16.2% | Calmar  13.78 | trades   82 | ✓
Gen 1031 | fit  13.775 | CAGR  222.8% | DD  16.2% | Calmar  13.78 | trades   82 | ✓
Gen 1036 | fit  13.775 | CAGR  222.8% | DD  16.2% | Calmar  13.78 | trades   82 | ✓
Gen 1041 | fit  13.775 | CAGR  222.8% | DD  16.2% | Calmar  13.78 | trades   82 | ✓
Gen 1046 | fit  13.775 | CAGR  222.8% | DD  16.2% | Calmar  13.78 | trades   82 | ✓
Gen 1051 | fit  13.775 | CAGR  222.8% | DD  16.2% | Calmar  13.78 | trades   82 | ✓
Gen 1056 | fit  13.775 | CAGR  222.8% | DD  16.2% | Calmar  13.78 | trades   82 | ✓
Gen 1061 | fit  13.775 | CAGR  222.8% | DD  16.2% | Calmar  13.78 | trades   82 | ✓
Gen 1066 | fit  13.775 | CAGR  222.8% | DD  16.2% | Calmar  13.78 | trades   82 | ✓
Gen 1071 | fit  13.775 | CAGR  222.8% | DD  16.2% | Calmar  13.78 | trades   82 | ✓
Gen 1076 | fit  13.775 | CAGR  222.8% | DD  16.2% | Calmar  13.78 | trades   82 | ✓
Gen 1081 | fit  13.775 | CAGR  222.8% | DD  16.2% | Calmar  13.78 | trades   82 | ✓
Gen 1086 | fit  13.775 | CAGR  222.8% | DD  16.2% | Calmar  13.78 | trades   82 | ✓
Gen 1091 | fit  13.776 | CAGR  222.8% | DD  16.2% | Calmar  13.78 | trades   82 | ✓
Gen 1096 | fit  13.776 | CAGR  222.8% | DD  16.2% | Calmar  13.78 | trades   82 | ✓
Gen 1101 | fit  13.776 | CAGR  222.8% | DD  16.2% | Calmar  13.78 | trades   82 | ✓
Gen 1106 | fit  13.776 | CAGR  222.8% | DD  16.2% | Calmar  13.78 | trades   82 | ✓
Gen 1111 | fit  13.776 | CAGR  222.8% | DD  16.2% | Calmar  13.78 | trades   82 | ✓
Gen 1116 | fit  13.776 | CAGR  222.8% | DD  16.2% | Calmar  13.78 | trades   82 | ✓
Gen 1121 | fit  13.776 | CAGR  222.8% | DD  16.2% | Calmar  13.78 | trades   82 | ✓
Gen 1126 | fit  13.776 | CAGR  222.8% | DD  16.2% | Calmar  13.78 | trades   82 | ✓
Gen 1131 | fit  13.776 | CAGR  222.8% | DD  16.2% | Calmar  13.78 | trades   82 | ✓
Gen 1136 | fit  13.776 | CAGR  222.8% | DD  16.2% | Calmar  13.78 | trades   82 | ✓
Gen 1141 | fit  13.776 | CAGR  222.8% | DD  16.2% | Calmar  13.78 | trades   82 | ✓
Gen 1146 | fit  13.776 | CAGR  222.8% | DD  16.2% | Calmar  13.78 | trades   82 | ✓
Gen 1151 | fit  13.776 | CAGR  222.8% | DD  16.2% | Calmar  13.78 | trades   82 | ✓
Gen 1156 | fit  13.776 | CAGR  222.8% | DD  16.2% | Calmar  13.78 | trades   82 | ✓
Gen 1161 | fit  13.776 | CAGR  222.8% | DD  16.2% | Calmar  13.78 | trades   82 | ✓
Gen 1166 | fit  13.776 | CAGR  222.8% | DD  16.2% | Calmar  13.78 | trades   82 | ✓
Gen 1171 | fit  13.776 | CAGR  222.8% | DD  16.2% | Calmar  13.78 | trades   82 | ✓
Gen 1176 | fit  13.776 | CAGR  222.8% | DD  16.2% | Calmar  13.78 | trades   82 | ✓
Gen 1181 | fit  13.776 | CAGR  222.8% | DD  16.2% | Calmar  13.78 | trades   82 | ✓
Gen 1186 | fit  13.776 | CAGR  222.8% | DD  16.2% | Calmar  13.78 | trades   82 | ✓
Gen 1191 | fit  13.776 | CAGR  222.8% | DD  16.2% | Calmar  13.78 | trades   82 | ✓
Gen 1196 | fit  13.776 | CAGR  222.8% | DD  16.2% | Calmar  13.78 | trades   82 | ✓
Gen 1201 | fit  13.776 | CAGR  222.8% | DD  16.2% | Calmar  13.78 | trades   82 | ✓
Gen 1206 | fit  13.776 | CAGR  222.8% | DD  16.2% | Calmar  13.78 | trades   82 | ✓
Gen 1211 | fit  13.776 | CAGR  222.8% | DD  16.2% | Calmar  13.78 | trades   82 | ✓
Gen 1216 | fit  13.776 | CAGR  222.8% | DD  16.2% | Calmar  13.78 | trades   82 | ✓
Gen 1221 | fit  13.776 | CAGR  222.8% | DD  16.2% | Calmar  13.78 | trades   82 | ✓
Gen 1226 | fit  13.776 | CAGR  222.8% | DD  16.2% | Calmar  13.78 | trades   82 | ✓
Gen 1231 | fit  13.776 | CAGR  222.8% | DD  16.2% | Calmar  13.78 | trades   82 | ✓
Gen 1236 | fit  13.776 | CAGR  222.8% | DD  16.2% | Calmar  13.78 | trades   82 | ✓
Gen 1241 | fit  13.776 | CAGR  222.8% | DD  16.2% | Calmar  13.78 | trades   82 | ✓
Gen 1246 | fit  13.776 | CAGR  222.8% | DD  16.2% | Calmar  13.78 | trades   82 | ✓
Gen 1251 | fit  13.776 | CAGR  222.8% | DD  16.2% | Calmar  13.78 | trades   82 | ✓
Gen 1256 | fit  13.776 | CAGR  222.8% | DD  16.2% | Calmar  13.78 | trades   82 | ✓
Gen 1261 | fit  13.776 | CAGR  222.8% | DD  16.2% | Calmar  13.78 | trades   82 | ✓
Gen 1266 | fit  13.776 | CAGR  222.8% | DD  16.2% | Calmar  13.78 | trades   82 | ✓
Gen 1271 | fit  13.776 | CAGR  222.8% | DD  16.2% | Calmar  13.78 | trades   82 | ✓
Gen 1276 | fit  13.776 | CAGR  222.8% | DD  16.2% | Calmar  13.78 | trades   82 | ✓
Gen 1281 | fit  13.776 | CAGR  222.8% | DD  16.2% | Calmar  13.78 | trades   82 | ✓
Gen 1286 | fit  13.776 | CAGR  222.8% | DD  16.2% | Calmar  13.78 | trades   82 | ✓
Gen 1291 | fit  13.776 | CAGR  222.8% | DD  16.2% | Calmar  13.78 | trades   82 | ✓
Gen 1296 | fit  13.776 | CAGR  222.8% | DD  16.2% | Calmar  13.78 | trades   82 | ✓
Gen 1301 | fit  13.776 | CAGR  222.8% | DD  16.2% | Calmar  13.78 | trades   82 | ✓
Gen 1306 | fit  13.776 | CAGR  222.8% | DD  16.2% | Calmar  13.78 | trades   82 | ✓
Gen 1311 | fit  13.776 | CAGR  222.8% | DD  16.2% | Calmar  13.78 | trades   82 | ✓
Gen 1316 | fit  13.776 | CAGR  222.8% | DD  16.2% | Calmar  13.78 | trades   82 | ✓
Gen 1321 | fit  13.776 | CAGR  222.8% | DD  16.2% | Calmar  13.78 | trades   82 | ✓
Gen 1326 | fit  13.776 | CAGR  222.8% | DD  16.2% | Calmar  13.78 | trades   82 | ✓
Gen 1331 | fit  13.776 | CAGR  222.8% | DD  16.2% | Calmar  13.78 | trades   82 | ✓
Gen 1336 | fit  13.776 | CAGR  222.8% | DD  16.2% | Calmar  13.78 | trades   82 | ✓
Gen 1341 | fit  13.776 | CAGR  222.8% | DD  16.2% | Calmar  13.78 | trades   82 | ✓
Gen 1346 | fit  13.776 | CAGR  222.8% | DD  16.2% | Calmar  13.78 | trades   82 | ✓
Gen 1351 | fit  13.776 | CAGR  222.8% | DD  16.2% | Calmar  13.78 | trades   82 | ✓
Gen 1356 | fit  13.776 | CAGR  222.8% | DD  16.2% | Calmar  13.78 | trades   82 | ✓
Gen 1361 | fit  13.776 | CAGR  222.8% | DD  16.2% | Calmar  13.78 | trades   82 | ✓
Gen 1366 | fit  13.776 | CAGR  222.8% | DD  16.2% | Calmar  13.78 | trades   82 | ✓
Gen 1371 | fit  13.776 | CAGR  222.8% | DD  16.2% | Calmar  13.78 | trades   82 | ✓
Gen 1376 | fit  13.776 | CAGR  222.8% | DD  16.2% | Calmar  13.78 | trades   82 | ✓
Gen 1381 | fit  13.776 | CAGR  222.8% | DD  16.2% | Calmar  13.78 | trades   82 | ✓
Gen 1386 | fit  13.776 | CAGR  222.8% | DD  16.2% | Calmar  13.78 | trades   82 | ✓
Gen 1391 | fit  13.776 | CAGR  222.8% | DD  16.2% | Calmar  13.78 | trades   82 | ✓
Gen 1396 | fit  13.776 | CAGR  222.8% | DD  16.2% | Calmar  13.78 | trades   82 | ✓
Gen 1401 | fit  13.776 | CAGR  222.8% | DD  16.2% | Calmar  13.78 | trades   82 | ✓
Gen 1406 | fit  13.776 | CAGR  222.8% | DD  16.2% | Calmar  13.78 | trades   82 | ✓
Gen 1411 | fit  13.776 | CAGR  222.8% | DD  16.2% | Calmar  13.78 | trades   82 | ✓
Gen 1416 | fit  13.776 | CAGR  222.8% | DD  16.2% | Calmar  13.78 | trades   82 | ✓
Gen 1421 | fit  13.776 | CAGR  222.8% | DD  16.2% | Calmar  13.78 | trades   82 | ✓
Gen 1426 | fit  13.776 | CAGR  222.8% | DD  16.2% | Calmar  13.78 | trades   82 | ✓
Gen 1431 | fit  13.776 | CAGR  222.8% | DD  16.2% | Calmar  13.78 | trades   82 | ✓
Gen 1436 | fit  13.776 | CAGR  222.8% | DD  16.2% | Calmar  13.78 | trades   82 | ✓
Gen 1441 | fit  13.776 | CAGR  222.8% | DD  16.2% | Calmar  13.78 | trades   82 | ✓
Gen 1446 | fit  13.776 | CAGR  222.8% | DD  16.2% | Calmar  13.78 | trades   82 | ✓
Gen 1451 | fit  13.776 | CAGR  222.8% | DD  16.2% | Calmar  13.78 | trades   82 | ✓
Gen 1456 | fit  13.776 | CAGR  222.8% | DD  16.2% | Calmar  13.78 | trades   82 | ✓
Gen 1461 | fit  13.776 | CAGR  222.8% | DD  16.2% | Calmar  13.78 | trades   82 | ✓
Gen 1466 | fit  13.776 | CAGR  222.8% | DD  16.2% | Calmar  13.78 | trades   82 | ✓
Gen 1471 | fit  13.776 | CAGR  222.8% | DD  16.2% | Calmar  13.78 | trades   82 | ✓
Gen 1476 | fit  13.776 | CAGR  222.8% | DD  16.2% | Calmar  13.78 | trades   82 | ✓
Gen 1481 | fit  13.776 | CAGR  222.8% | DD  16.2% | Calmar  13.78 | trades   82 | ✓
Gen 1486 | fit  13.776 | CAGR  222.8% | DD  16.2% | Calmar  13.78 | trades   82 | ✓
Gen 1491 | fit  13.776 | CAGR  222.8% | DD  16.2% | Calmar  13.78 | trades   82 | ✓
Gen 1496 | fit  13.776 | CAGR  222.8% | DD  16.2% | Calmar  13.78 | trades   82 | ✓
Gen 1501 | fit  13.776 | CAGR  222.8% | DD  16.2% | Calmar  13.78 | trades   82 | ✓
Gen 1506 | fit  13.776 | CAGR  222.8% | DD  16.2% | Calmar  13.78 | trades   82 | ✓
Gen 1511 | fit  13.776 | CAGR  222.8% | DD  16.2% | Calmar  13.78 | trades   82 | ✓
Gen 1516 | fit  13.776 | CAGR  222.8% | DD  16.2% | Calmar  13.78 | trades   82 | ✓
Gen 1521 | fit  13.776 | CAGR  222.8% | DD  16.2% | Calmar  13.78 | trades   82 | ✓
Gen 1526 | fit  13.776 | CAGR  222.8% | DD  16.2% | Calmar  13.78 | trades   82 | ✓
Gen 1531 | fit  13.776 | CAGR  222.8% | DD  16.2% | Calmar  13.78 | trades   82 | ✓
Gen 1536 | fit  13.776 | CAGR  222.8% | DD  16.2% | Calmar  13.78 | trades   82 | ✓
Gen 1541 | fit  13.776 | CAGR  222.8% | DD  16.2% | Calmar  13.78 | trades   82 | ✓
Gen 1546 | fit  13.776 | CAGR  222.8% | DD  16.2% | Calmar  13.78 | trades   82 | ✓
Gen 1551 | fit  13.776 | CAGR  222.8% | DD  16.2% | Calmar  13.78 | trades   82 | ✓
Gen 1556 | fit  13.776 | CAGR  222.8% | DD  16.2% | Calmar  13.78 | trades   82 | ✓
Gen 1561 | fit  13.776 | CAGR  222.8% | DD  16.2% | Calmar  13.78 | trades   82 | ✓
Gen 1566 | fit  13.776 | CAGR  222.8% | DD  16.2% | Calmar  13.78 | trades   82 | ✓
Gen 1571 | fit  13.776 | CAGR  222.8% | DD  16.2% | Calmar  13.78 | trades   82 | ✓
Gen 1576 | fit  13.776 | CAGR  222.8% | DD  16.2% | Calmar  13.78 | trades   82 | ✓
Gen 1581 | fit  13.776 | CAGR  222.8% | DD  16.2% | Calmar  13.78 | trades   82 | ✓
Gen 1586 | fit  13.776 | CAGR  222.8% | DD  16.2% | Calmar  13.78 | trades   82 | ✓
Gen 1591 | fit  13.776 | CAGR  222.8% | DD  16.2% | Calmar  13.78 | trades   82 | ✓
Gen 1596 | fit  13.776 | CAGR  222.8% | DD  16.2% | Calmar  13.78 | trades   82 | ✓
Gen 1601 | fit  13.776 | CAGR  222.8% | DD  16.2% | Calmar  13.78 | trades   82 | ✓
Gen 1606 | fit  13.776 | CAGR  222.8% | DD  16.2% | Calmar  13.78 | trades   82 | ✓
Gen 1611 | fit  13.776 | CAGR  222.8% | DD  16.2% | Calmar  13.78 | trades   82 | ✓
Gen 1616 | fit  13.776 | CAGR  222.8% | DD  16.2% | Calmar  13.78 | trades   82 | ✓
Gen 1621 | fit  13.776 | CAGR  222.8% | DD  16.2% | Calmar  13.78 | trades   82 | ✓
Gen 1626 | fit  13.776 | CAGR  222.8% | DD  16.2% | Calmar  13.78 | trades   82 | ✓
Gen 1631 | fit  13.776 | CAGR  222.8% | DD  16.2% | Calmar  13.78 | trades   82 | ✓
Gen 1636 | fit  13.776 | CAGR  222.8% | DD  16.2% | Calmar  13.78 | trades   82 | ✓
Gen 1641 | fit  13.776 | CAGR  222.8% | DD  16.2% | Calmar  13.78 | trades   82 | ✓
Gen 1646 | fit  13.776 | CAGR  222.8% | DD  16.2% | Calmar  13.78 | trades   82 | ✓
Gen 1651 | fit  13.776 | CAGR  222.8% | DD  16.2% | Calmar  13.78 | trades   82 | ✓
Gen 1656 | fit  13.776 | CAGR  222.8% | DD  16.2% | Calmar  13.78 | trades   82 | ✓
Gen 1661 | fit  13.776 | CAGR  222.8% | DD  16.2% | Calmar  13.78 | trades   82 | ✓
Gen 1666 | fit  13.776 | CAGR  222.8% | DD  16.2% | Calmar  13.78 | trades   82 | ✓
Gen 1671 | fit  13.776 | CAGR  222.8% | DD  16.2% | Calmar  13.78 | trades   82 | ✓
Gen 1676 | fit  13.776 | CAGR  222.8% | DD  16.2% | Calmar  13.78 | trades   82 | ✓
Gen 1681 | fit  13.776 | CAGR  222.8% | DD  16.2% | Calmar  13.78 | trades   82 | ✓
Gen 1686 | fit  13.776 | CAGR  222.8% | DD  16.2% | Calmar  13.78 | trades   82 | ✓
Gen 1691 | fit  13.776 | CAGR  222.8% | DD  16.2% | Calmar  13.78 | trades   82 | ✓
Gen 1696 | fit  13.780 | CAGR  222.8% | DD  16.2% | Calmar  13.78 | trades   82 | ✓
Gen 1701 | fit  13.780 | CAGR  222.8% | DD  16.2% | Calmar  13.78 | trades   82 | ✓
Gen 1706 | fit  13.780 | CAGR  222.8% | DD  16.2% | Calmar  13.78 | trades   82 | ✓
Gen 1711 | fit  13.780 | CAGR  222.8% | DD  16.2% | Calmar  13.78 | trades   82 | ✓
Gen 1716 | fit  13.780 | CAGR  222.8% | DD  16.2% | Calmar  13.78 | trades   82 | ✓
Gen 1721 | fit  13.780 | CAGR  222.8% | DD  16.2% | Calmar  13.78 | trades   82 | ✓
Gen 1726 | fit  13.780 | CAGR  222.8% | DD  16.2% | Calmar  13.78 | trades   82 | ✓
Gen 1731 | fit  13.780 | CAGR  222.8% | DD  16.2% | Calmar  13.78 | trades   82 | ✓
Gen 1736 | fit  13.780 | CAGR  222.8% | DD  16.2% | Calmar  13.78 | trades   82 | ✓
Gen 1741 | fit  13.780 | CAGR  222.8% | DD  16.2% | Calmar  13.78 | trades   82 | ✓
Gen 1746 | fit  13.780 | CAGR  222.8% | DD  16.2% | Calmar  13.78 | trades   82 | ✓
Gen 1751 | fit  13.780 | CAGR  222.8% | DD  16.2% | Calmar  13.78 | trades   82 | ✓
Gen 1756 | fit  13.780 | CAGR  222.8% | DD  16.2% | Calmar  13.78 | trades   82 | ✓
Gen 1761 | fit  13.780 | CAGR  222.8% | DD  16.2% | Calmar  13.78 | trades   82 | ✓
Gen 1766 | fit  13.780 | CAGR  222.8% | DD  16.2% | Calmar  13.78 | trades   82 | ✓
Gen 1771 | fit  13.780 | CAGR  222.8% | DD  16.2% | Calmar  13.78 | trades   82 | ✓
Gen 1776 | fit  13.780 | CAGR  222.8% | DD  16.2% | Calmar  13.78 | trades   82 | ✓
Gen 1781 | fit  13.780 | CAGR  222.8% | DD  16.2% | Calmar  13.78 | trades   82 | ✓
Gen 1786 | fit  13.780 | CAGR  222.8% | DD  16.2% | Calmar  13.78 | trades   82 | ✓
Gen 1791 | fit  13.780 | CAGR  222.8% | DD  16.2% | Calmar  13.78 | trades   82 | ✓
Gen 1796 | fit  13.780 | CAGR  222.8% | DD  16.2% | Calmar  13.78 | trades   82 | ✓
Gen 1801 | fit  13.780 | CAGR  222.8% | DD  16.2% | Calmar  13.78 | trades   82 | ✓
Gen 1806 | fit  13.780 | CAGR  222.8% | DD  16.2% | Calmar  13.78 | trades   82 | ✓
Gen 1811 | fit  13.780 | CAGR  222.8% | DD  16.2% | Calmar  13.78 | trades   82 | ✓
Gen 1816 | fit  13.780 | CAGR  222.8% | DD  16.2% | Calmar  13.78 | trades   82 | ✓
Gen 1821 | fit  13.780 | CAGR  222.8% | DD  16.2% | Calmar  13.78 | trades   82 | ✓
Gen 1826 | fit  13.780 | CAGR  222.8% | DD  16.2% | Calmar  13.78 | trades   82 | ✓
Gen 1831 | fit  13.780 | CAGR  222.8% | DD  16.2% | Calmar  13.78 | trades   82 | ✓
Gen 1836 | fit  13.780 | CAGR  222.8% | DD  16.2% | Calmar  13.78 | trades   82 | ✓
Gen 1841 | fit  13.780 | CAGR  222.8% | DD  16.2% | Calmar  13.78 | trades   82 | ✓
Gen 1846 | fit  13.780 | CAGR  222.8% | DD  16.2% | Calmar  13.78 | trades   82 | ✓
Gen 1851 | fit  13.780 | CAGR  222.8% | DD  16.2% | Calmar  13.78 | trades   82 | ✓
Gen 1856 | fit  13.780 | CAGR  222.8% | DD  16.2% | Calmar  13.78 | trades   82 | ✓
Gen 1861 | fit  13.780 | CAGR  222.8% | DD  16.2% | Calmar  13.78 | trades   82 | ✓
Gen 1866 | fit  13.780 | CAGR  222.8% | DD  16.2% | Calmar  13.78 | trades   82 | ✓
Gen 1871 | fit  13.780 | CAGR  222.8% | DD  16.2% | Calmar  13.78 | trades   82 | ✓
Gen 1876 | fit  13.780 | CAGR  222.8% | DD  16.2% | Calmar  13.78 | trades   82 | ✓
Gen 1881 | fit  13.780 | CAGR  222.8% | DD  16.2% | Calmar  13.78 | trades   82 | ✓
Gen 1886 | fit  13.780 | CAGR  222.8% | DD  16.2% | Calmar  13.78 | trades   82 | ✓
Gen 1891 | fit  13.780 | CAGR  222.8% | DD  16.2% | Calmar  13.78 | trades   82 | ✓
Gen 1896 | fit  13.780 | CAGR  222.8% | DD  16.2% | Calmar  13.78 | trades   82 | ✓
Gen 1901 | fit  13.780 | CAGR  222.8% | DD  16.2% | Calmar  13.78 | trades   82 | ✓
Gen 1906 | fit  13.780 | CAGR  222.8% | DD  16.2% | Calmar  13.78 | trades   82 | ✓
Gen 1911 | fit  13.780 | CAGR  222.8% | DD  16.2% | Calmar  13.78 | trades   82 | ✓
Gen 1916 | fit  13.780 | CAGR  222.8% | DD  16.2% | Calmar  13.78 | trades   82 | ✓
Gen 1921 | fit  13.780 | CAGR  222.8% | DD  16.2% | Calmar  13.78 | trades   82 | ✓
Gen 1926 | fit  13.780 | CAGR  222.8% | DD  16.2% | Calmar  13.78 | trades   82 | ✓
Gen 1931 | fit  13.780 | CAGR  222.8% | DD  16.2% | Calmar  13.78 | trades   82 | ✓
Gen 1936 | fit  13.780 | CAGR  222.8% | DD  16.2% | Calmar  13.78 | trades   82 | ✓
Gen 1941 | fit  13.780 | CAGR  222.8% | DD  16.2% | Calmar  13.78 | trades   82 | ✓
Gen 1946 | fit  13.780 | CAGR  222.8% | DD  16.2% | Calmar  13.78 | trades   82 | ✓
Gen 1951 | fit  13.780 | CAGR  222.8% | DD  16.2% | Calmar  13.78 | trades   82 | ✓
Gen 1956 | fit  13.780 | CAGR  222.8% | DD  16.2% | Calmar  13.78 | trades   82 | ✓
Gen 1961 | fit  13.780 | CAGR  222.8% | DD  16.2% | Calmar  13.78 | trades   82 | ✓
Gen 1966 | fit  13.780 | CAGR  222.8% | DD  16.2% | Calmar  13.78 | trades   82 | ✓
Gen 1971 | fit  13.780 | CAGR  222.8% | DD  16.2% | Calmar  13.78 | trades   82 | ✓
Gen 1976 | fit  13.780 | CAGR  222.8% | DD  16.2% | Calmar  13.78 | trades   82 | ✓
Gen 1981 | fit  13.780 | CAGR  222.8% | DD  16.2% | Calmar  13.78 | trades   82 | ✓
Gen 1986 | fit  13.780 | CAGR  222.8% | DD  16.2% | Calmar  13.78 | trades   82 | ✓
Gen 1991 | fit  13.780 | CAGR  222.8% | DD  16.2% | Calmar  13.78 | trades   82 | ✓
Gen 1996 | fit  13.780 | CAGR  222.8% | DD  16.2% | Calmar  13.78 | trades   82 | ✓
Gen 2001 | fit  13.780 | CAGR  222.8% | DD  16.2% | Calmar  13.78 | trades   82 | ✓
Gen 2006 | fit  13.780 | CAGR  222.8% | DD  16.2% | Calmar  13.78 | trades   82 | ✓
Gen 2011 | fit  13.780 | CAGR  222.8% | DD  16.2% | Calmar  13.78 | trades   82 | ✓
Gen 2016 | fit  13.780 | CAGR  222.8% | DD  16.2% | Calmar  13.78 | trades   82 | ✓
Gen 2021 | fit  13.780 | CAGR  222.8% | DD  16.2% | Calmar  13.78 | trades   82 | ✓
Gen 2026 | fit  13.780 | CAGR  222.8% | DD  16.2% | Calmar  13.78 | trades   82 | ✓
Gen 2031 | fit  13.780 | CAGR  222.8% | DD  16.2% | Calmar  13.78 | trades   82 | ✓
Gen 2036 | fit  13.780 | CAGR  222.8% | DD  16.2% | Calmar  13.78 | trades   82 | ✓
Gen 2041 | fit  13.780 | CAGR  222.8% | DD  16.2% | Calmar  13.78 | trades   82 | ✓
Gen 2046 | fit  13.780 | CAGR  222.8% | DD  16.2% | Calmar  13.78 | trades   82 | ✓
Gen 2051 | fit  13.780 | CAGR  222.8% | DD  16.2% | Calmar  13.78 | trades   82 | ✓
Gen 2056 | fit  13.780 | CAGR  222.8% | DD  16.2% | Calmar  13.78 | trades   82 | ✓
Gen 2061 | fit  13.780 | CAGR  222.8% | DD  16.2% | Calmar  13.78 | trades   82 | ✓
Gen 2066 | fit  13.780 | CAGR  222.8% | DD  16.2% | Calmar  13.78 | trades   82 | ✓
Gen 2071 | fit  13.780 | CAGR  222.8% | DD  16.2% | Calmar  13.78 | trades   82 | ✓
Gen 2076 | fit  13.780 | CAGR  222.8% | DD  16.2% | Calmar  13.78 | trades   82 | ✓
Gen 2081 | fit  13.780 | CAGR  222.8% | DD  16.2% | Calmar  13.78 | trades   82 | ✓
Gen 2086 | fit  13.780 | CAGR  222.8% | DD  16.2% | Calmar  13.78 | trades   82 | ✓
Gen 2091 | fit  13.780 | CAGR  222.8% | DD  16.2% | Calmar  13.78 | trades   82 | ✓
Gen 2096 | fit  13.780 | CAGR  222.8% | DD  16.2% | Calmar  13.78 | trades   82 | ✓
Gen 2101 | fit  13.780 | CAGR  222.8% | DD  16.2% | Calmar  13.78 | trades   82 | ✓
Gen 2106 | fit  13.780 | CAGR  222.8% | DD  16.2% | Calmar  13.78 | trades   82 | ✓
Gen 2111 | fit  13.780 | CAGR  222.8% | DD  16.2% | Calmar  13.78 | trades   82 | ✓
Gen 2116 | fit  13.780 | CAGR  222.8% | DD  16.2% | Calmar  13.78 | trades   82 | ✓
Gen 2121 | fit  13.780 | CAGR  222.8% | DD  16.2% | Calmar  13.78 | trades   82 | ✓
Gen 2126 | fit  13.780 | CAGR  222.8% | DD  16.2% | Calmar  13.78 | trades   82 | ✓
Gen 2131 | fit  13.780 | CAGR  222.8% | DD  16.2% | Calmar  13.78 | trades   82 | ✓
Gen 2136 | fit  13.780 | CAGR  222.8% | DD  16.2% | Calmar  13.78 | trades   82 | ✓
Gen 2141 | fit  13.780 | CAGR  222.8% | DD  16.2% | Calmar  13.78 | trades   82 | ✓
Gen 2146 | fit  13.780 | CAGR  222.8% | DD  16.2% | Calmar  13.78 | trades   82 | ✓
Gen 2151 | fit  13.780 | CAGR  222.8% | DD  16.2% | Calmar  13.78 | trades   82 | ✓
Gen 2156 | fit  13.780 | CAGR  222.8% | DD  16.2% | Calmar  13.78 | trades   82 | ✓
Gen 2161 | fit  13.780 | CAGR  222.8% | DD  16.2% | Calmar  13.78 | trades   82 | ✓
Gen 2166 | fit  13.780 | CAGR  222.8% | DD  16.2% | Calmar  13.78 | trades   82 | ✓
Gen 2171 | fit  13.780 | CAGR  222.8% | DD  16.2% | Calmar  13.78 | trades   82 | ✓
Gen 2176 | fit  13.780 | CAGR  222.8% | DD  16.2% | Calmar  13.78 | trades   82 | ✓
Gen 2181 | fit  13.780 | CAGR  222.8% | DD  16.2% | Calmar  13.78 | trades   82 | ✓
Gen 2186 | fit  13.780 | CAGR  222.8% | DD  16.2% | Calmar  13.78 | trades   82 | ✓
Gen 2191 | fit  13.780 | CAGR  222.8% | DD  16.2% | Calmar  13.78 | trades   82 | ✓
Gen 2196 | fit  13.780 | CAGR  222.8% | DD  16.2% | Calmar  13.78 | trades   82 | ✓
Gen 2201 | fit  13.780 | CAGR  222.8% | DD  16.2% | Calmar  13.78 | trades   82 | ✓
Gen 2206 | fit  13.780 | CAGR  222.8% | DD  16.2% | Calmar  13.78 | trades   82 | ✓
Gen 2211 | fit  13.780 | CAGR  222.8% | DD  16.2% | Calmar  13.78 | trades   82 | ✓
Gen 2216 | fit  13.780 | CAGR  222.8% | DD  16.2% | Calmar  13.78 | trades   82 | ✓
Gen 2221 | fit  13.780 | CAGR  222.8% | DD  16.2% | Calmar  13.78 | trades   82 | ✓
Gen 2226 | fit  13.780 | CAGR  222.8% | DD  16.2% | Calmar  13.78 | trades   82 | ✓
Gen 2231 | fit  13.780 | CAGR  222.8% | DD  16.2% | Calmar  13.78 | trades   82 | ✓
Gen 2236 | fit  13.780 | CAGR  222.8% | DD  16.2% | Calmar  13.78 | trades   82 | ✓
Gen 2241 | fit  13.780 | CAGR  222.8% | DD  16.2% | Calmar  13.78 | trades   82 | ✓
Gen 2246 | fit  13.780 | CAGR  222.8% | DD  16.2% | Calmar  13.78 | trades   82 | ✓
Gen 2251 | fit  13.780 | CAGR  222.8% | DD  16.2% | Calmar  13.78 | trades   82 | ✓
Gen 2256 | fit  13.780 | CAGR  222.8% | DD  16.2% | Calmar  13.78 | trades   82 | ✓
Gen 2261 | fit  13.780 | CAGR  222.8% | DD  16.2% | Calmar  13.78 | trades   82 | ✓
Gen 2266 | fit  13.780 | CAGR  222.8% | DD  16.2% | Calmar  13.78 | trades   82 | ✓
Gen 2271 | fit  13.780 | CAGR  222.8% | DD  16.2% | Calmar  13.78 | trades   82 | ✓
Gen 2276 | fit  13.780 | CAGR  222.8% | DD  16.2% | Calmar  13.78 | trades   82 | ✓
Gen 2281 | fit  13.780 | CAGR  222.8% | DD  16.2% | Calmar  13.78 | trades   82 | ✓
Gen 2286 | fit  13.780 | CAGR  222.8% | DD  16.2% | Calmar  13.78 | trades   82 | ✓
Gen 2291 | fit  13.780 | CAGR  222.8% | DD  16.2% | Calmar  13.78 | trades   82 | ✓
Gen 2296 | fit  13.780 | CAGR  222.8% | DD  16.2% | Calmar  13.78 | trades   82 | ✓
Gen 2301 | fit  13.780 | CAGR  222.8% | DD  16.2% | Calmar  13.78 | trades   82 | ✓
Gen 2306 | fit  13.780 | CAGR  222.8% | DD  16.2% | Calmar  13.78 | trades   82 | ✓
Gen 2311 | fit  13.780 | CAGR  222.8% | DD  16.2% | Calmar  13.78 | trades   82 | ✓
Gen 2316 | fit  13.780 | CAGR  222.8% | DD  16.2% | Calmar  13.78 | trades   82 | ✓
Gen 2321 | fit  13.780 | CAGR  222.8% | DD  16.2% | Calmar  13.78 | trades   82 | ✓
Gen 2326 | fit  13.780 | CAGR  222.8% | DD  16.2% | Calmar  13.78 | trades   82 | ✓
Gen 2331 | fit  13.780 | CAGR  222.8% | DD  16.2% | Calmar  13.78 | trades   82 | ✓
Gen 2336 | fit  13.780 | CAGR  222.8% | DD  16.2% | Calmar  13.78 | trades   82 | ✓
Gen 2341 | fit  13.780 | CAGR  222.8% | DD  16.2% | Calmar  13.78 | trades   82 | ✓
Gen 2346 | fit  13.780 | CAGR  222.8% | DD  16.2% | Calmar  13.78 | trades   82 | ✓
Gen 2351 | fit  13.780 | CAGR  222.8% | DD  16.2% | Calmar  13.78 | trades   82 | ✓
Gen 2356 | fit  13.780 | CAGR  222.8% | DD  16.2% | Calmar  13.78 | trades   82 | ✓
Gen 2361 | fit  13.780 | CAGR  222.8% | DD  16.2% | Calmar  13.78 | trades   82 | ✓
Gen 2366 | fit  13.780 | CAGR  222.8% | DD  16.2% | Calmar  13.78 | trades   82 | ✓
Gen 2371 | fit  13.780 | CAGR  222.8% | DD  16.2% | Calmar  13.78 | trades   82 | ✓
Gen 2376 | fit  13.780 | CAGR  222.8% | DD  16.2% | Calmar  13.78 | trades   82 | ✓
Gen 2381 | fit  13.780 | CAGR  222.8% | DD  16.2% | Calmar  13.78 | trades   82 | ✓
Gen 2386 | fit  13.780 | CAGR  222.8% | DD  16.2% | Calmar  13.78 | trades   82 | ✓
Gen 2391 | fit  13.780 | CAGR  222.8% | DD  16.2% | Calmar  13.78 | trades   82 | ✓
Gen 2396 | fit  13.780 | CAGR  222.8% | DD  16.2% | Calmar  13.78 | trades   82 | ✓
Gen 2401 | fit  13.780 | CAGR  222.8% | DD  16.2% | Calmar  13.78 | trades   82 | ✓
Gen 2406 | fit  13.780 | CAGR  222.8% | DD  16.2% | Calmar  13.78 | trades   82 | ✓
Gen 2411 | fit  13.780 | CAGR  222.8% | DD  16.2% | Calmar  13.78 | trades   82 | ✓
Gen 2416 | fit  13.780 | CAGR  222.8% | DD  16.2% | Calmar  13.78 | trades   82 | ✓
Gen 2421 | fit  13.780 | CAGR  222.8% | DD  16.2% | Calmar  13.78 | trades   82 | ✓
Gen 2426 | fit  13.780 | CAGR  222.8% | DD  16.2% | Calmar  13.78 | trades   82 | ✓
Gen 2431 | fit  13.780 | CAGR  222.8% | DD  16.2% | Calmar  13.78 | trades   82 | ✓
Gen 2436 | fit  13.780 | CAGR  222.8% | DD  16.2% | Calmar  13.78 | trades   82 | ✓
Gen 2441 | fit  13.780 | CAGR  222.8% | DD  16.2% | Calmar  13.78 | trades   82 | ✓
Gen 2446 | fit  13.780 | CAGR  222.8% | DD  16.2% | Calmar  13.78 | trades   82 | ✓
Gen 2451 | fit  13.780 | CAGR  222.8% | DD  16.2% | Calmar  13.78 | trades   82 | ✓
Gen 2456 | fit  13.780 | CAGR  222.8% | DD  16.2% | Calmar  13.78 | trades   82 | ✓
Gen 2461 | fit  13.780 | CAGR  222.8% | DD  16.2% | Calmar  13.78 | trades   82 | ✓
Gen 2466 | fit  13.780 | CAGR  222.8% | DD  16.2% | Calmar  13.78 | trades   82 | ✓
Gen 2471 | fit  13.780 | CAGR  222.8% | DD  16.2% | Calmar  13.78 | trades   82 | ✓
Gen 2476 | fit  13.780 | CAGR  222.8% | DD  16.2% | Calmar  13.78 | trades   82 | ✓
Gen 2481 | fit  13.780 | CAGR  222.8% | DD  16.2% | Calmar  13.78 | trades   82 | ✓
Gen 2486 | fit  13.780 | CAGR  222.8% | DD  16.2% | Calmar  13.78 | trades   82 | ✓
Gen 2491 | fit  13.780 | CAGR  222.8% | DD  16.2% | Calmar  13.78 | trades   82 | ✓
Gen 2496 | fit  13.780 | CAGR  222.8% | DD  16.2% | Calmar  13.78 | trades   82 | ✓
Gen 2501 | fit  13.780 | CAGR  222.8% | DD  16.2% | Calmar  13.78 | trades   82 | ✓
Gen 2506 | fit  13.780 | CAGR  222.8% | DD  16.2% | Calmar  13.78 | trades   82 | ✓
Gen 2511 | fit  13.780 | CAGR  222.8% | DD  16.2% | Calmar  13.78 | trades   82 | ✓
Gen 2516 | fit  13.780 | CAGR  222.8% | DD  16.2% | Calmar  13.78 | trades   82 | ✓
Gen 2521 | fit  13.780 | CAGR  222.8% | DD  16.2% | Calmar  13.78 | trades   82 | ✓
Gen 2526 | fit  13.780 | CAGR  222.8% | DD  16.2% | Calmar  13.78 | trades   82 | ✓
Gen 2531 | fit  13.780 | CAGR  222.8% | DD  16.2% | Calmar  13.78 | trades   82 | ✓
Gen 2536 | fit  13.780 | CAGR  222.8% | DD  16.2% | Calmar  13.78 | trades   82 | ✓
Gen 2541 | fit  13.780 | CAGR  222.8% | DD  16.2% | Calmar  13.78 | trades   82 | ✓
Gen 2546 | fit  13.780 | CAGR  222.8% | DD  16.2% | Calmar  13.78 | trades   82 | ✓
Gen 2551 | fit  13.780 | CAGR  222.8% | DD  16.2% | Calmar  13.78 | trades   82 | ✓
Gen 2556 | fit  13.780 | CAGR  222.8% | DD  16.2% | Calmar  13.78 | trades   82 | ✓
Gen 2561 | fit  13.780 | CAGR  222.8% | DD  16.2% | Calmar  13.78 | trades   82 | ✓
Gen 2566 | fit  13.780 | CAGR  222.8% | DD  16.2% | Calmar  13.78 | trades   82 | ✓
Gen 2571 | fit  13.780 | CAGR  222.8% | DD  16.2% | Calmar  13.78 | trades   82 | ✓
Gen 2576 | fit  13.780 | CAGR  222.8% | DD  16.2% | Calmar  13.78 | trades   82 | ✓
Gen 2581 | fit  13.780 | CAGR  222.8% | DD  16.2% | Calmar  13.78 | trades   82 | ✓
Gen 2586 | fit  13.780 | CAGR  222.8% | DD  16.2% | Calmar  13.78 | trades   82 | ✓
Gen 2591 | fit  13.780 | CAGR  222.8% | DD  16.2% | Calmar  13.78 | trades   82 | ✓
Gen 2596 | fit  13.780 | CAGR  222.8% | DD  16.2% | Calmar  13.78 | trades   82 | ✓
Gen 2601 | fit  13.780 | CAGR  222.8% | DD  16.2% | Calmar  13.78 | trades   82 | ✓
Gen 2606 | fit  13.780 | CAGR  222.8% | DD  16.2% | Calmar  13.78 | trades   82 | ✓
Gen 2611 | fit  13.780 | CAGR  222.8% | DD  16.2% | Calmar  13.78 | trades   82 | ✓
Gen 2616 | fit  13.780 | CAGR  222.8% | DD  16.2% | Calmar  13.78 | trades   82 | ✓
Gen 2621 | fit  13.780 | CAGR  222.8% | DD  16.2% | Calmar  13.78 | trades   82 | ✓
Gen 2626 | fit  13.780 | CAGR  222.8% | DD  16.2% | Calmar  13.78 | trades   82 | ✓
Gen 2631 | fit  13.780 | CAGR  222.8% | DD  16.2% | Calmar  13.78 | trades   82 | ✓
Gen 2636 | fit  13.780 | CAGR  222.8% | DD  16.2% | Calmar  13.78 | trades   82 | ✓
Gen 2641 | fit  13.780 | CAGR  222.8% | DD  16.2% | Calmar  13.78 | trades   82 | ✓
Gen 2646 | fit  13.780 | CAGR  222.8% | DD  16.2% | Calmar  13.78 | trades   82 | ✓
Gen 2651 | fit  13.780 | CAGR  222.8% | DD  16.2% | Calmar  13.78 | trades   82 | ✓
Gen 2656 | fit  13.780 | CAGR  222.8% | DD  16.2% | Calmar  13.78 | trades   82 | ✓
Gen 2661 | fit  13.780 | CAGR  222.8% | DD  16.2% | Calmar  13.78 | trades   82 | ✓
Gen 2666 | fit  13.780 | CAGR  222.8% | DD  16.2% | Calmar  13.78 | trades   82 | ✓
Gen 2671 | fit  13.780 | CAGR  222.8% | DD  16.2% | Calmar  13.78 | trades   82 | ✓
Gen 2676 | fit  13.780 | CAGR  222.8% | DD  16.2% | Calmar  13.78 | trades   82 | ✓
Gen 2681 | fit  13.780 | CAGR  222.8% | DD  16.2% | Calmar  13.78 | trades   82 | ✓
Gen 2686 | fit  13.780 | CAGR  222.8% | DD  16.2% | Calmar  13.78 | trades   82 | ✓
Gen 2691 | fit  13.780 | CAGR  222.8% | DD  16.2% | Calmar  13.78 | trades   82 | ✓
Gen 2696 | fit  13.780 | CAGR  222.8% | DD  16.2% | Calmar  13.78 | trades   82 | ✓
Gen 2701 | fit  13.780 | CAGR  222.8% | DD  16.2% | Calmar  13.78 | trades   82 | ✓
Gen 2706 | fit  13.780 | CAGR  222.8% | DD  16.2% | Calmar  13.78 | trades   82 | ✓
Gen 2711 | fit  13.780 | CAGR  222.8% | DD  16.2% | Calmar  13.78 | trades   82 | ✓
Gen 2716 | fit  13.780 | CAGR  222.8% | DD  16.2% | Calmar  13.78 | trades   82 | ✓
Gen 2721 | fit  13.780 | CAGR  222.8% | DD  16.2% | Calmar  13.78 | trades   82 | ✓
Gen 2726 | fit  13.780 | CAGR  222.8% | DD  16.2% | Calmar  13.78 | trades   82 | ✓
Gen 2731 | fit  13.780 | CAGR  222.8% | DD  16.2% | Calmar  13.78 | trades   82 | ✓
Gen 2736 | fit  13.780 | CAGR  222.8% | DD  16.2% | Calmar  13.78 | trades   82 | ✓
Gen 2741 | fit  13.780 | CAGR  222.8% | DD  16.2% | Calmar  13.78 | trades   82 | ✓
Gen 2746 | fit  13.780 | CAGR  222.8% | DD  16.2% | Calmar  13.78 | trades   82 | ✓
Gen 2751 | fit  13.780 | CAGR  222.8% | DD  16.2% | Calmar  13.78 | trades   82 | ✓
Gen 2756 | fit  13.780 | CAGR  222.8% | DD  16.2% | Calmar  13.78 | trades   82 | ✓
Gen 2761 | fit  13.780 | CAGR  222.8% | DD  16.2% | Calmar  13.78 | trades   82 | ✓
Gen 2766 | fit  13.780 | CAGR  222.8% | DD  16.2% | Calmar  13.78 | trades   82 | ✓
Gen 2771 | fit  13.780 | CAGR  222.8% | DD  16.2% | Calmar  13.78 | trades   82 | ✓
Gen 2776 | fit  13.780 | CAGR  222.8% | DD  16.2% | Calmar  13.78 | trades   82 | ✓
Gen 2781 | fit  13.780 | CAGR  222.8% | DD  16.2% | Calmar  13.78 | trades   82 | ✓
Gen 2786 | fit  13.780 | CAGR  222.8% | DD  16.2% | Calmar  13.78 | trades   82 | ✓
Gen 2791 | fit  13.780 | CAGR  222.8% | DD  16.2% | Calmar  13.78 | trades   82 | ✓
Gen 2796 | fit  13.780 | CAGR  222.8% | DD  16.2% | Calmar  13.78 | trades   82 | ✓
Gen 2801 | fit  13.780 | CAGR  222.8% | DD  16.2% | Calmar  13.78 | trades   82 | ✓
Gen 2806 | fit  13.780 | CAGR  222.8% | DD  16.2% | Calmar  13.78 | trades   82 | ✓
Gen 2811 | fit  13.780 | CAGR  222.8% | DD  16.2% | Calmar  13.78 | trades   82 | ✓
Gen 2816 | fit  13.780 | CAGR  222.8% | DD  16.2% | Calmar  13.78 | trades   82 | ✓
Gen 2821 | fit  13.780 | CAGR  222.8% | DD  16.2% | Calmar  13.78 | trades   82 | ✓
Gen 2826 | fit  13.780 | CAGR  222.8% | DD  16.2% | Calmar  13.78 | trades   82 | ✓
Gen 2831 | fit  13.780 | CAGR  222.8% | DD  16.2% | Calmar  13.78 | trades   82 | ✓
Gen 2836 | fit  13.780 | CAGR  222.8% | DD  16.2% | Calmar  13.78 | trades   82 | ✓
Gen 2841 | fit  13.780 | CAGR  222.8% | DD  16.2% | Calmar  13.78 | trades   82 | ✓
Gen 2846 | fit  13.780 | CAGR  222.8% | DD  16.2% | Calmar  13.78 | trades   82 | ✓
Gen 2851 | fit  13.780 | CAGR  222.8% | DD  16.2% | Calmar  13.78 | trades   82 | ✓
Gen 2856 | fit  13.780 | CAGR  222.8% | DD  16.2% | Calmar  13.78 | trades   82 | ✓
Gen 2861 | fit  13.780 | CAGR  222.8% | DD  16.2% | Calmar  13.78 | trades   82 | ✓
Gen 2866 | fit  13.780 | CAGR  222.8% | DD  16.2% | Calmar  13.78 | trades   82 | ✓
Gen 2871 | fit  13.780 | CAGR  222.8% | DD  16.2% | Calmar  13.78 | trades   82 | ✓
Gen 2876 | fit  13.780 | CAGR  222.8% | DD  16.2% | Calmar  13.78 | trades   82 | ✓
Gen 2881 | fit  13.780 | CAGR  222.8% | DD  16.2% | Calmar  13.78 | trades   82 | ✓
Gen 2886 | fit  13.780 | CAGR  222.8% | DD  16.2% | Calmar  13.78 | trades   82 | ✓
Gen 2891 | fit  13.780 | CAGR  222.8% | DD  16.2% | Calmar  13.78 | trades   82 | ✓
Gen 2896 | fit  13.780 | CAGR  222.8% | DD  16.2% | Calmar  13.78 | trades   82 | ✓
Gen 2901 | fit  13.780 | CAGR  222.8% | DD  16.2% | Calmar  13.78 | trades   82 | ✓
Gen 2906 | fit  13.780 | CAGR  222.8% | DD  16.2% | Calmar  13.78 | trades   82 | ✓
Gen 2911 | fit  13.780 | CAGR  222.8% | DD  16.2% | Calmar  13.78 | trades   82 | ✓
Gen 2916 | fit  13.780 | CAGR  222.8% | DD  16.2% | Calmar  13.78 | trades   82 | ✓
Gen 2921 | fit  13.780 | CAGR  222.8% | DD  16.2% | Calmar  13.78 | trades   82 | ✓
Gen 2926 | fit  13.780 | CAGR  222.8% | DD  16.2% | Calmar  13.78 | trades   82 | ✓
Gen 2931 | fit  13.780 | CAGR  222.8% | DD  16.2% | Calmar  13.78 | trades   82 | ✓
Gen 2936 | fit  13.780 | CAGR  222.8% | DD  16.2% | Calmar  13.78 | trades   82 | ✓
Gen 2941 | fit  13.780 | CAGR  222.8% | DD  16.2% | Calmar  13.78 | trades   82 | ✓
Gen 2946 | fit  13.780 | CAGR  222.8% | DD  16.2% | Calmar  13.78 | trades   82 | ✓
Gen 2951 | fit  13.780 | CAGR  222.8% | DD  16.2% | Calmar  13.78 | trades   82 | ✓
Gen 2956 | fit  13.780 | CAGR  222.8% | DD  16.2% | Calmar  13.78 | trades   82 | ✓
Gen 2961 | fit  13.780 | CAGR  222.8% | DD  16.2% | Calmar  13.78 | trades   82 | ✓
Gen 2966 | fit  13.780 | CAGR  222.8% | DD  16.2% | Calmar  13.78 | trades   82 | ✓
Gen 2971 | fit  13.780 | CAGR  222.8% | DD  16.2% | Calmar  13.78 | trades   82 | ✓
Gen 2976 | fit  13.780 | CAGR  222.8% | DD  16.2% | Calmar  13.78 | trades   82 | ✓
Gen 2981 | fit  13.780 | CAGR  222.8% | DD  16.2% | Calmar  13.78 | trades   82 | ✓
Gen 2986 | fit  13.780 | CAGR  222.8% | DD  16.2% | Calmar  13.78 | trades   82 | ✓
Gen 2991 | fit  13.780 | CAGR  222.8% | DD  16.2% | Calmar  13.78 | trades   82 | ✓
Gen 2996 | fit  13.780 | CAGR  222.8% | DD  16.2% | Calmar  13.78 | trades   82 | ✓
Gen 3001 | fit  13.780 | CAGR  222.8% | DD  16.2% | Calmar  13.78 | trades   82 | ✓
Gen 3006 | fit  13.780 | CAGR  222.8% | DD  16.2% | Calmar  13.78 | trades   82 | ✓
Gen 3011 | fit  13.780 | CAGR  222.8% | DD  16.2% | Calmar  13.78 | trades   82 | ✓
Gen 3016 | fit  13.780 | CAGR  222.8% | DD  16.2% | Calmar  13.78 | trades   82 | ✓
Gen 3021 | fit  13.780 | CAGR  222.8% | DD  16.2% | Calmar  13.78 | trades   82 | ✓
Gen 3026 | fit  13.780 | CAGR  222.8% | DD  16.2% | Calmar  13.78 | trades   82 | ✓
Gen 3031 | fit  13.780 | CAGR  222.8% | DD  16.2% | Calmar  13.78 | trades   82 | ✓
Gen 3036 | fit  13.780 | CAGR  222.8% | DD  16.2% | Calmar  13.78 | trades   82 | ✓
Gen 3041 | fit  13.780 | CAGR  222.8% | DD  16.2% | Calmar  13.78 | trades   82 | ✓
Gen 3046 | fit  13.780 | CAGR  222.8% | DD  16.2% | Calmar  13.78 | trades   82 | ✓
Gen 3051 | fit  13.780 | CAGR  222.8% | DD  16.2% | Calmar  13.78 | trades   82 | ✓
Gen 3056 | fit  13.780 | CAGR  222.8% | DD  16.2% | Calmar  13.78 | trades   82 | ✓
Gen 3061 | fit  13.780 | CAGR  222.8% | DD  16.2% | Calmar  13.78 | trades   82 | ✓
Gen 3066 | fit  13.780 | CAGR  222.8% | DD  16.2% | Calmar  13.78 | trades   82 | ✓
Gen 3071 | fit  13.780 | CAGR  222.8% | DD  16.2% | Calmar  13.78 | trades   82 | ✓
Gen 3076 | fit  13.780 | CAGR  222.8% | DD  16.2% | Calmar  13.78 | trades   82 | ✓
Gen 3081 | fit  13.780 | CAGR  222.8% | DD  16.2% | Calmar  13.78 | trades   82 | ✓
Gen 3086 | fit  13.780 | CAGR  222.8% | DD  16.2% | Calmar  13.78 | trades   82 | ✓
Gen 3091 | fit  13.780 | CAGR  222.8% | DD  16.2% | Calmar  13.78 | trades   82 | ✓
Gen 3096 | fit  13.780 | CAGR  222.8% | DD  16.2% | Calmar  13.78 | trades   82 | ✓
Gen 3101 | fit  13.780 | CAGR  222.8% | DD  16.2% | Calmar  13.78 | trades   82 | ✓
Gen 3106 | fit  13.780 | CAGR  222.8% | DD  16.2% | Calmar  13.78 | trades   82 | ✓
Gen 3111 | fit  13.780 | CAGR  222.8% | DD  16.2% | Calmar  13.78 | trades   82 | ✓
Gen 3116 | fit  13.780 | CAGR  222.8% | DD  16.2% | Calmar  13.78 | trades   82 | ✓
Gen 3121 | fit  13.780 | CAGR  222.8% | DD  16.2% | Calmar  13.78 | trades   82 | ✓
Gen 3126 | fit  13.780 | CAGR  222.8% | DD  16.2% | Calmar  13.78 | trades   82 | ✓
Gen 3131 | fit  13.780 | CAGR  222.8% | DD  16.2% | Calmar  13.78 | trades   82 | ✓
Gen 3136 | fit  13.780 | CAGR  222.8% | DD  16.2% | Calmar  13.78 | trades   82 | ✓
Gen 3141 | fit  13.780 | CAGR  222.8% | DD  16.2% | Calmar  13.78 | trades   82 | ✓
Gen 3146 | fit  13.780 | CAGR  222.8% | DD  16.2% | Calmar  13.78 | trades   82 | ✓
Gen 3151 | fit  13.780 | CAGR  222.8% | DD  16.2% | Calmar  13.78 | trades   82 | ✓
Gen 3156 | fit  13.780 | CAGR  222.8% | DD  16.2% | Calmar  13.78 | trades   82 | ✓
Gen 3161 | fit  13.780 | CAGR  222.8% | DD  16.2% | Calmar  13.78 | trades   82 | ✓
Gen 3166 | fit  13.780 | CAGR  222.8% | DD  16.2% | Calmar  13.78 | trades   82 | ✓
Gen 3171 | fit  13.780 | CAGR  222.8% | DD  16.2% | Calmar  13.78 | trades   82 | ✓
Gen 3176 | fit  13.780 | CAGR  222.8% | DD  16.2% | Calmar  13.78 | trades   82 | ✓
Gen 3181 | fit  13.780 | CAGR  222.8% | DD  16.2% | Calmar  13.78 | trades   82 | ✓
Gen 3186 | fit  13.780 | CAGR  222.8% | DD  16.2% | Calmar  13.78 | trades   82 | ✓
Gen 3191 | fit  13.780 | CAGR  222.8% | DD  16.2% | Calmar  13.78 | trades   82 | ✓
Gen 3196 | fit  13.780 | CAGR  222.8% | DD  16.2% | Calmar  13.78 | trades   82 | ✓
Gen 3201 | fit  13.780 | CAGR  222.8% | DD  16.2% | Calmar  13.78 | trades   82 | ✓
Gen 3206 | fit  13.780 | CAGR  222.8% | DD  16.2% | Calmar  13.78 | trades   82 | ✓
Gen 3211 | fit  13.780 | CAGR  222.8% | DD  16.2% | Calmar  13.78 | trades   82 | ✓
Gen 3216 | fit  13.780 | CAGR  222.8% | DD  16.2% | Calmar  13.78 | trades   82 | ✓
Gen 3221 | fit  13.780 | CAGR  222.8% | DD  16.2% | Calmar  13.78 | trades   82 | ✓
Gen 3226 | fit  13.780 | CAGR  222.8% | DD  16.2% | Calmar  13.78 | trades   82 | ✓
Gen 3231 | fit  13.780 | CAGR  222.8% | DD  16.2% | Calmar  13.78 | trades   82 | ✓
Gen 3236 | fit  13.780 | CAGR  222.8% | DD  16.2% | Calmar  13.78 | trades   82 | ✓
Gen 3241 | fit  13.780 | CAGR  222.8% | DD  16.2% | Calmar  13.78 | trades   82 | ✓
Gen 3246 | fit  13.780 | CAGR  222.8% | DD  16.2% | Calmar  13.78 | trades   82 | ✓
Gen 3251 | fit  13.780 | CAGR  222.8% | DD  16.2% | Calmar  13.78 | trades   82 | ✓
Gen 3256 | fit  13.780 | CAGR  222.8% | DD  16.2% | Calmar  13.78 | trades   82 | ✓
Gen 3261 | fit  13.780 | CAGR  222.8% | DD  16.2% | Calmar  13.78 | trades   82 | ✓
Gen 3266 | fit  13.780 | CAGR  222.8% | DD  16.2% | Calmar  13.78 | trades   82 | ✓
Gen 3271 | fit  13.780 | CAGR  222.8% | DD  16.2% | Calmar  13.78 | trades   82 | ✓
Gen 3276 | fit  13.780 | CAGR  222.8% | DD  16.2% | Calmar  13.78 | trades   82 | ✓
Gen 3281 | fit  13.780 | CAGR  222.8% | DD  16.2% | Calmar  13.78 | trades   82 | ✓
Gen 3286 | fit  13.780 | CAGR  222.8% | DD  16.2% | Calmar  13.78 | trades   82 | ✓
Gen 3291 | fit  13.780 | CAGR  222.8% | DD  16.2% | Calmar  13.78 | trades   82 | ✓
Gen 3296 | fit  13.780 | CAGR  222.8% | DD  16.2% | Calmar  13.78 | trades   82 | ✓
Gen 3301 | fit  13.780 | CAGR  222.8% | DD  16.2% | Calmar  13.78 | trades   82 | ✓
Gen 3306 | fit  13.780 | CAGR  222.8% | DD  16.2% | Calmar  13.78 | trades   82 | ✓
Gen 3311 | fit  13.780 | CAGR  222.8% | DD  16.2% | Calmar  13.78 | trades   82 | ✓
Gen 3316 | fit  13.780 | CAGR  222.8% | DD  16.2% | Calmar  13.78 | trades   82 | ✓
Gen 3321 | fit  13.780 | CAGR  222.8% | DD  16.2% | Calmar  13.78 | trades   82 | ✓
Gen 3326 | fit  13.780 | CAGR  222.8% | DD  16.2% | Calmar  13.78 | trades   82 | ✓
Gen 3331 | fit  13.780 | CAGR  222.8% | DD  16.2% | Calmar  13.78 | trades   82 | ✓
Gen 3336 | fit  13.780 | CAGR  222.8% | DD  16.2% | Calmar  13.78 | trades   82 | ✓
Gen 3341 | fit  13.780 | CAGR  222.8% | DD  16.2% | Calmar  13.78 | trades   82 | ✓
Gen 3346 | fit  13.780 | CAGR  222.8% | DD  16.2% | Calmar  13.78 | trades   82 | ✓
Gen 3351 | fit  13.780 | CAGR  222.8% | DD  16.2% | Calmar  13.78 | trades   82 | ✓
Gen 3356 | fit  13.780 | CAGR  222.8% | DD  16.2% | Calmar  13.78 | trades   82 | ✓
Gen 3361 | fit  13.780 | CAGR  222.8% | DD  16.2% | Calmar  13.78 | trades   82 | ✓
Gen 3366 | fit  13.780 | CAGR  222.8% | DD  16.2% | Calmar  13.78 | trades   82 | ✓
Gen 3371 | fit  13.780 | CAGR  222.8% | DD  16.2% | Calmar  13.78 | trades   82 | ✓
Gen 3376 | fit  13.780 | CAGR  222.8% | DD  16.2% | Calmar  13.78 | trades   82 | ✓
Gen 3381 | fit  13.780 | CAGR  222.8% | DD  16.2% | Calmar  13.78 | trades   82 | ✓
Gen 3386 | fit  13.780 | CAGR  222.8% | DD  16.2% | Calmar  13.78 | trades   82 | ✓
Gen 3391 | fit  13.780 | CAGR  222.8% | DD  16.2% | Calmar  13.78 | trades   82 | ✓
Gen 3396 | fit  13.780 | CAGR  222.8% | DD  16.2% | Calmar  13.78 | trades   82 | ✓
Gen 3401 | fit  13.780 | CAGR  222.8% | DD  16.2% | Calmar  13.78 | trades   82 | ✓
Gen 3406 | fit  13.780 | CAGR  222.8% | DD  16.2% | Calmar  13.78 | trades   82 | ✓
Gen 3411 | fit  13.780 | CAGR  222.8% | DD  16.2% | Calmar  13.78 | trades   82 | ✓
Gen 3416 | fit  13.780 | CAGR  222.8% | DD  16.2% | Calmar  13.78 | trades   82 | ✓
Gen 3421 | fit  13.780 | CAGR  222.8% | DD  16.2% | Calmar  13.78 | trades   82 | ✓
Gen 3426 | fit  13.780 | CAGR  222.8% | DD  16.2% | Calmar  13.78 | trades   82 | ✓
Gen 3431 | fit  13.780 | CAGR  222.8% | DD  16.2% | Calmar  13.78 | trades   82 | ✓
Gen 3436 | fit  13.780 | CAGR  222.8% | DD  16.2% | Calmar  13.78 | trades   82 | ✓
Gen 3441 | fit  13.780 | CAGR  222.8% | DD  16.2% | Calmar  13.78 | trades   82 | ✓
Gen 3446 | fit  13.780 | CAGR  222.8% | DD  16.2% | Calmar  13.78 | trades   82 | ✓
Gen 3451 | fit  13.780 | CAGR  222.8% | DD  16.2% | Calmar  13.78 | trades   82 | ✓
Gen 3456 | fit  13.780 | CAGR  222.8% | DD  16.2% | Calmar  13.78 | trades   82 | ✓
Gen 3461 | fit  13.780 | CAGR  222.8% | DD  16.2% | Calmar  13.78 | trades   82 | ✓
Gen 3466 | fit  13.780 | CAGR  222.8% | DD  16.2% | Calmar  13.78 | trades   82 | ✓
Gen 3471 | fit  13.780 | CAGR  222.8% | DD  16.2% | Calmar  13.78 | trades   82 | ✓
Gen 3476 | fit  13.780 | CAGR  222.8% | DD  16.2% | Calmar  13.78 | trades   82 | ✓
Gen 3481 | fit  13.780 | CAGR  222.8% | DD  16.2% | Calmar  13.78 | trades   82 | ✓
Gen 3486 | fit  13.780 | CAGR  222.8% | DD  16.2% | Calmar  13.78 | trades   82 | ✓
Gen 3491 | fit  13.780 | CAGR  222.8% | DD  16.2% | Calmar  13.78 | trades   82 | ✓
Gen 3496 | fit  13.780 | CAGR  222.8% | DD  16.2% | Calmar  13.78 | trades   82 | ✓
Gen 3501 | fit  13.780 | CAGR  222.8% | DD  16.2% | Calmar  13.78 | trades   82 | ✓
Gen 3506 | fit  13.780 | CAGR  222.8% | DD  16.2% | Calmar  13.78 | trades   82 | ✓
Gen 3511 | fit  13.780 | CAGR  222.8% | DD  16.2% | Calmar  13.78 | trades   82 | ✓
Gen 3516 | fit  13.780 | CAGR  222.8% | DD  16.2% | Calmar  13.78 | trades   82 | ✓
Gen 3521 | fit  13.780 | CAGR  222.8% | DD  16.2% | Calmar  13.78 | trades   82 | ✓
Gen 3526 | fit  13.780 | CAGR  222.8% | DD  16.2% | Calmar  13.78 | trades   82 | ✓
Gen 3531 | fit  13.780 | CAGR  222.8% | DD  16.2% | Calmar  13.78 | trades   82 | ✓
Gen 3536 | fit  13.780 | CAGR  222.8% | DD  16.2% | Calmar  13.78 | trades   82 | ✓
Gen 3541 | fit  13.780 | CAGR  222.8% | DD  16.2% | Calmar  13.78 | trades   82 | ✓
Gen 3546 | fit  13.780 | CAGR  222.8% | DD  16.2% | Calmar  13.78 | trades   82 | ✓
Gen 3551 | fit  13.780 | CAGR  222.8% | DD  16.2% | Calmar  13.78 | trades   82 | ✓
Gen 3556 | fit  13.780 | CAGR  222.8% | DD  16.2% | Calmar  13.78 | trades   82 | ✓
Gen 3561 | fit  13.780 | CAGR  222.8% | DD  16.2% | Calmar  13.78 | trades   82 | ✓
Gen 3566 | fit  13.780 | CAGR  222.8% | DD  16.2% | Calmar  13.78 | trades   82 | ✓
Gen 3571 | fit  13.780 | CAGR  222.8% | DD  16.2% | Calmar  13.78 | trades   82 | ✓
Gen 3576 | fit  13.780 | CAGR  222.8% | DD  16.2% | Calmar  13.78 | trades   82 | ✓
Gen 3581 | fit  13.780 | CAGR  222.8% | DD  16.2% | Calmar  13.78 | trades   82 | ✓
Gen 3586 | fit  13.780 | CAGR  222.8% | DD  16.2% | Calmar  13.78 | trades   82 | ✓
Gen 3591 | fit  13.780 | CAGR  222.8% | DD  16.2% | Calmar  13.78 | trades   82 | ✓
Gen 3596 | fit  13.780 | CAGR  222.8% | DD  16.2% | Calmar  13.78 | trades   82 | ✓
Gen 3601 | fit  13.780 | CAGR  222.8% | DD  16.2% | Calmar  13.78 | trades   82 | ✓
Gen 3606 | fit  13.780 | CAGR  222.8% | DD  16.2% | Calmar  13.78 | trades   82 | ✓
Gen 3611 | fit  13.780 | CAGR  222.8% | DD  16.2% | Calmar  13.78 | trades   82 | ✓
Gen 3616 | fit  13.780 | CAGR  222.8% | DD  16.2% | Calmar  13.78 | trades   82 | ✓
Gen 3621 | fit  13.780 | CAGR  222.8% | DD  16.2% | Calmar  13.78 | trades   82 | ✓
Gen 3626 | fit  13.780 | CAGR  222.8% | DD  16.2% | Calmar  13.78 | trades   82 | ✓
Gen 3631 | fit  13.780 | CAGR  222.8% | DD  16.2% | Calmar  13.78 | trades   82 | ✓
Gen 3636 | fit  13.780 | CAGR  222.8% | DD  16.2% | Calmar  13.78 | trades   82 | ✓
Gen 3641 | fit  13.780 | CAGR  222.8% | DD  16.2% | Calmar  13.78 | trades   82 | ✓
Gen 3646 | fit  13.780 | CAGR  222.8% | DD  16.2% | Calmar  13.78 | trades   82 | ✓
Gen 3651 | fit  13.780 | CAGR  222.8% | DD  16.2% | Calmar  13.78 | trades   82 | ✓
Gen 3656 | fit  13.780 | CAGR  222.8% | DD  16.2% | Calmar  13.78 | trades   82 | ✓
Gen 3661 | fit  13.780 | CAGR  222.8% | DD  16.2% | Calmar  13.78 | trades   82 | ✓
Gen 3666 | fit  13.780 | CAGR  222.8% | DD  16.2% | Calmar  13.78 | trades   82 | ✓
Gen 3671 | fit  13.780 | CAGR  222.8% | DD  16.2% | Calmar  13.78 | trades   82 | ✓
Gen 3676 | fit  13.780 | CAGR  222.8% | DD  16.2% | Calmar  13.78 | trades   82 | ✓
Gen 3681 | fit  13.780 | CAGR  222.8% | DD  16.2% | Calmar  13.78 | trades   82 | ✓
Gen 3686 | fit  13.780 | CAGR  222.8% | DD  16.2% | Calmar  13.78 | trades   82 | ✓
Gen 3691 | fit  13.780 | CAGR  222.8% | DD  16.2% | Calmar  13.78 | trades   82 | ✓
Gen 3696 | fit  13.780 | CAGR  222.8% | DD  16.2% | Calmar  13.78 | trades   82 | ✓
Gen 3701 | fit  13.780 | CAGR  222.8% | DD  16.2% | Calmar  13.78 | trades   82 | ✓
Gen 3706 | fit  13.780 | CAGR  222.8% | DD  16.2% | Calmar  13.78 | trades   82 | ✓
Gen 3711 | fit  13.780 | CAGR  222.8% | DD  16.2% | Calmar  13.78 | trades   82 | ✓
Gen 3716 | fit  13.780 | CAGR  222.8% | DD  16.2% | Calmar  13.78 | trades   82 | ✓
Gen 3721 | fit  13.780 | CAGR  222.8% | DD  16.2% | Calmar  13.78 | trades   82 | ✓
Gen 3726 | fit  13.780 | CAGR  222.8% | DD  16.2% | Calmar  13.78 | trades   82 | ✓
Gen 3731 | fit  13.780 | CAGR  222.8% | DD  16.2% | Calmar  13.78 | trades   82 | ✓
Gen 3736 | fit  13.780 | CAGR  222.8% | DD  16.2% | Calmar  13.78 | trades   82 | ✓
Gen 3741 | fit  13.780 | CAGR  222.8% | DD  16.2% | Calmar  13.78 | trades   82 | ✓
Gen 3746 | fit  13.780 | CAGR  222.8% | DD  16.2% | Calmar  13.78 | trades   82 | ✓
Gen 3751 | fit  13.780 | CAGR  222.8% | DD  16.2% | Calmar  13.78 | trades   82 | ✓
Gen 3756 | fit  13.780 | CAGR  222.8% | DD  16.2% | Calmar  13.78 | trades   82 | ✓
Gen 3761 | fit  13.780 | CAGR  222.8% | DD  16.2% | Calmar  13.78 | trades   82 | ✓
Gen 3766 | fit  13.780 | CAGR  222.8% | DD  16.2% | Calmar  13.78 | trades   82 | ✓
Gen 3771 | fit  13.780 | CAGR  222.8% | DD  16.2% | Calmar  13.78 | trades   82 | ✓
Gen 3776 | fit  13.780 | CAGR  222.8% | DD  16.2% | Calmar  13.78 | trades   82 | ✓
Gen 3781 | fit  13.780 | CAGR  222.8% | DD  16.2% | Calmar  13.78 | trades   82 | ✓
Gen 3786 | fit  13.780 | CAGR  222.8% | DD  16.2% | Calmar  13.78 | trades   82 | ✓
Gen 3791 | fit  13.780 | CAGR  222.8% | DD  16.2% | Calmar  13.78 | trades   82 | ✓
Gen 3796 | fit  13.780 | CAGR  222.8% | DD  16.2% | Calmar  13.78 | trades   82 | ✓
Gen 3801 | fit  13.780 | CAGR  222.8% | DD  16.2% | Calmar  13.78 | trades   82 | ✓
Gen 3806 | fit  13.780 | CAGR  222.8% | DD  16.2% | Calmar  13.78 | trades   82 | ✓
Gen 3811 | fit  13.780 | CAGR  222.8% | DD  16.2% | Calmar  13.78 | trades   82 | ✓
Gen 3816 | fit  13.780 | CAGR  222.8% | DD  16.2% | Calmar  13.78 | trades   82 | ✓
Gen 3821 | fit  13.780 | CAGR  222.8% | DD  16.2% | Calmar  13.78 | trades   82 | ✓
Gen 3826 | fit  13.780 | CAGR  222.8% | DD  16.2% | Calmar  13.78 | trades   82 | ✓
Gen 3831 | fit  13.780 | CAGR  222.8% | DD  16.2% | Calmar  13.78 | trades   82 | ✓
Gen 3836 | fit  13.780 | CAGR  222.8% | DD  16.2% | Calmar  13.78 | trades   82 | ✓
Gen 3841 | fit  13.780 | CAGR  222.8% | DD  16.2% | Calmar  13.78 | trades   82 | ✓
Gen 3846 | fit  13.780 | CAGR  222.8% | DD  16.2% | Calmar  13.78 | trades   82 | ✓
Gen 3851 | fit  13.780 | CAGR  222.8% | DD  16.2% | Calmar  13.78 | trades   82 | ✓
Gen 3856 | fit  13.780 | CAGR  222.8% | DD  16.2% | Calmar  13.78 | trades   82 | ✓
Gen 3861 | fit  13.780 | CAGR  222.8% | DD  16.2% | Calmar  13.78 | trades   82 | ✓
Gen 3866 | fit  13.780 | CAGR  222.8% | DD  16.2% | Calmar  13.78 | trades   82 | ✓
Gen 3871 | fit  13.780 | CAGR  222.8% | DD  16.2% | Calmar  13.78 | trades   82 | ✓
Gen 3876 | fit  13.780 | CAGR  222.8% | DD  16.2% | Calmar  13.78 | trades   82 | ✓
Gen 3881 | fit  13.780 | CAGR  222.8% | DD  16.2% | Calmar  13.78 | trades   82 | ✓
Gen 3886 | fit  13.780 | CAGR  222.8% | DD  16.2% | Calmar  13.78 | trades   82 | ✓
Gen 3891 | fit  13.780 | CAGR  222.8% | DD  16.2% | Calmar  13.78 | trades   82 | ✓
Gen 3896 | fit  13.780 | CAGR  222.8% | DD  16.2% | Calmar  13.78 | trades   82 | ✓
Gen 3901 | fit  13.780 | CAGR  222.8% | DD  16.2% | Calmar  13.78 | trades   82 | ✓
Gen 3906 | fit  13.780 | CAGR  222.8% | DD  16.2% | Calmar  13.78 | trades   82 | ✓
Gen 3911 | fit  13.780 | CAGR  222.8% | DD  16.2% | Calmar  13.78 | trades   82 | ✓
Gen 3916 | fit  13.780 | CAGR  222.8% | DD  16.2% | Calmar  13.78 | trades   82 | ✓
Gen 3921 | fit  13.780 | CAGR  222.8% | DD  16.2% | Calmar  13.78 | trades   82 | ✓
Gen 3926 | fit  13.780 | CAGR  222.8% | DD  16.2% | Calmar  13.78 | trades   82 | ✓
Gen 3931 | fit  13.780 | CAGR  222.8% | DD  16.2% | Calmar  13.78 | trades   82 | ✓
Gen 3936 | fit  13.780 | CAGR  222.8% | DD  16.2% | Calmar  13.78 | trades   82 | ✓
Gen 3941 | fit  13.780 | CAGR  222.8% | DD  16.2% | Calmar  13.78 | trades   82 | ✓
Gen 3946 | fit  13.780 | CAGR  222.8% | DD  16.2% | Calmar  13.78 | trades   82 | ✓
Gen 3951 | fit  13.780 | CAGR  222.8% | DD  16.2% | Calmar  13.78 | trades   82 | ✓
Gen 3956 | fit  13.780 | CAGR  222.8% | DD  16.2% | Calmar  13.78 | trades   82 | ✓
Gen 3961 | fit  13.780 | CAGR  222.8% | DD  16.2% | Calmar  13.78 | trades   82 | ✓
Gen 3966 | fit  13.780 | CAGR  222.8% | DD  16.2% | Calmar  13.78 | trades   82 | ✓
Gen 3971 | fit  13.780 | CAGR  222.8% | DD  16.2% | Calmar  13.78 | trades   82 | ✓
Gen 3976 | fit  13.780 | CAGR  222.8% | DD  16.2% | Calmar  13.78 | trades   82 | ✓
Gen 3981 | fit  13.780 | CAGR  222.8% | DD  16.2% | Calmar  13.78 | trades   82 | ✓
Gen 3986 | fit  13.780 | CAGR  222.8% | DD  16.2% | Calmar  13.78 | trades   82 | ✓
Gen 3991 | fit  13.780 | CAGR  222.8% | DD  16.2% | Calmar  13.78 | trades   82 | ✓
Gen 3996 | fit  13.780 | CAGR  222.8% | DD  16.2% | Calmar  13.78 | trades   82 | ✓
Gen 4001 | fit  13.780 | CAGR  222.8% | DD  16.2% | Calmar  13.78 | trades   82 | ✓
Gen 4006 | fit  13.780 | CAGR  222.8% | DD  16.2% | Calmar  13.78 | trades   82 | ✓
Gen 4011 | fit  13.780 | CAGR  222.8% | DD  16.2% | Calmar  13.78 | trades   82 | ✓
Gen 4016 | fit  13.780 | CAGR  222.8% | DD  16.2% | Calmar  13.78 | trades   82 | ✓
Gen 4021 | fit  13.780 | CAGR  222.8% | DD  16.2% | Calmar  13.78 | trades   82 | ✓
Gen 4026 | fit  13.780 | CAGR  222.8% | DD  16.2% | Calmar  13.78 | trades   82 | ✓
Gen 4031 | fit  13.780 | CAGR  222.8% | DD  16.2% | Calmar  13.78 | trades   82 | ✓
Gen 4036 | fit  13.780 | CAGR  222.8% | DD  16.2% | Calmar  13.78 | trades   82 | ✓
Gen 4041 | fit  13.780 | CAGR  222.8% | DD  16.2% | Calmar  13.78 | trades   82 | ✓
Gen 4046 | fit  13.780 | CAGR  222.8% | DD  16.2% | Calmar  13.78 | trades   82 | ✓
Gen 4051 | fit  13.780 | CAGR  222.8% | DD  16.2% | Calmar  13.78 | trades   82 | ✓
Gen 4056 | fit  13.780 | CAGR  222.8% | DD  16.2% | Calmar  13.78 | trades   82 | ✓
Gen 4061 | fit  13.780 | CAGR  222.8% | DD  16.2% | Calmar  13.78 | trades   82 | ✓
Gen 4066 | fit  13.780 | CAGR  222.8% | DD  16.2% | Calmar  13.78 | trades   82 | ✓
Gen 4071 | fit  13.780 | CAGR  222.8% | DD  16.2% | Calmar  13.78 | trades   82 | ✓
Gen 4076 | fit  13.780 | CAGR  222.8% | DD  16.2% | Calmar  13.78 | trades   82 | ✓
Gen 4081 | fit  13.780 | CAGR  222.8% | DD  16.2% | Calmar  13.78 | trades   82 | ✓
Gen 4086 | fit  13.780 | CAGR  222.8% | DD  16.2% | Calmar  13.78 | trades   82 | ✓
Gen 4091 | fit  13.780 | CAGR  222.8% | DD  16.2% | Calmar  13.78 | trades   82 | ✓
Gen 4096 | fit  13.780 | CAGR  222.8% | DD  16.2% | Calmar  13.78 | trades   82 | ✓
Gen 4101 | fit  13.780 | CAGR  222.8% | DD  16.2% | Calmar  13.78 | trades   82 | ✓
Gen 4106 | fit  13.780 | CAGR  222.8% | DD  16.2% | Calmar  13.78 | trades   82 | ✓
Gen 4111 | fit  13.780 | CAGR  222.8% | DD  16.2% | Calmar  13.78 | trades   82 | ✓
Gen 4116 | fit  13.780 | CAGR  222.8% | DD  16.2% | Calmar  13.78 | trades   82 | ✓
Gen 4121 | fit  13.780 | CAGR  222.8% | DD  16.2% | Calmar  13.78 | trades   82 | ✓
Gen 4126 | fit  13.780 | CAGR  222.8% | DD  16.2% | Calmar  13.78 | trades   82 | ✓
Gen 4131 | fit  13.780 | CAGR  222.8% | DD  16.2% | Calmar  13.78 | trades   82 | ✓
Gen 4136 | fit  13.780 | CAGR  222.8% | DD  16.2% | Calmar  13.78 | trades   82 | ✓
Gen 4141 | fit  13.780 | CAGR  222.8% | DD  16.2% | Calmar  13.78 | trades   82 | ✓
Gen 4146 | fit  13.780 | CAGR  222.8% | DD  16.2% | Calmar  13.78 | trades   82 | ✓
Gen 4151 | fit  13.780 | CAGR  222.8% | DD  16.2% | Calmar  13.78 | trades   82 | ✓
Gen 4156 | fit  13.780 | CAGR  222.8% | DD  16.2% | Calmar  13.78 | trades   82 | ✓
Gen 4161 | fit  13.780 | CAGR  222.8% | DD  16.2% | Calmar  13.78 | trades   82 | ✓
Gen 4166 | fit  13.780 | CAGR  222.8% | DD  16.2% | Calmar  13.78 | trades   82 | ✓
Gen 4171 | fit  13.780 | CAGR  222.8% | DD  16.2% | Calmar  13.78 | trades   82 | ✓
Gen 4176 | fit  13.780 | CAGR  222.8% | DD  16.2% | Calmar  13.78 | trades   82 | ✓
Gen 4181 | fit  13.780 | CAGR  222.8% | DD  16.2% | Calmar  13.78 | trades   82 | ✓
Gen 4186 | fit  13.780 | CAGR  222.8% | DD  16.2% | Calmar  13.78 | trades   82 | ✓
Gen 4191 | fit  13.780 | CAGR  222.8% | DD  16.2% | Calmar  13.78 | trades   82 | ✓
Gen 4196 | fit  13.780 | CAGR  222.8% | DD  16.2% | Calmar  13.78 | trades   82 | ✓
Gen 4201 | fit  13.780 | CAGR  222.8% | DD  16.2% | Calmar  13.78 | trades   82 | ✓
Gen 4206 | fit  13.780 | CAGR  222.8% | DD  16.2% | Calmar  13.78 | trades   82 | ✓
Gen 4211 | fit  13.780 | CAGR  222.8% | DD  16.2% | Calmar  13.78 | trades   82 | ✓
Gen 4216 | fit  13.780 | CAGR  222.8% | DD  16.2% | Calmar  13.78 | trades   82 | ✓
Gen 4221 | fit  13.780 | CAGR  222.8% | DD  16.2% | Calmar  13.78 | trades   82 | ✓
Gen 4226 | fit  13.780 | CAGR  222.8% | DD  16.2% | Calmar  13.78 | trades   82 | ✓
Gen 4231 | fit  13.780 | CAGR  222.8% | DD  16.2% | Calmar  13.78 | trades   82 | ✓
Gen 4236 | fit  13.780 | CAGR  222.8% | DD  16.2% | Calmar  13.78 | trades   82 | ✓
Gen 4241 | fit  13.780 | CAGR  222.8% | DD  16.2% | Calmar  13.78 | trades   82 | ✓
Gen 4246 | fit  13.780 | CAGR  222.8% | DD  16.2% | Calmar  13.78 | trades   82 | ✓
Gen 4251 | fit  13.780 | CAGR  222.8% | DD  16.2% | Calmar  13.78 | trades   82 | ✓
Gen 4256 | fit  13.780 | CAGR  222.8% | DD  16.2% | Calmar  13.78 | trades   82 | ✓
Gen 4261 | fit  13.780 | CAGR  222.8% | DD  16.2% | Calmar  13.78 | trades   82 | ✓
Gen 4266 | fit  13.780 | CAGR  222.8% | DD  16.2% | Calmar  13.78 | trades   82 | ✓
Gen 4271 | fit  13.780 | CAGR  222.8% | DD  16.2% | Calmar  13.78 | trades   82 | ✓
Gen 4276 | fit  13.780 | CAGR  222.8% | DD  16.2% | Calmar  13.78 | trades   82 | ✓
Gen 4281 | fit  13.780 | CAGR  222.8% | DD  16.2% | Calmar  13.78 | trades   82 | ✓
Gen 4286 | fit  13.780 | CAGR  222.8% | DD  16.2% | Calmar  13.78 | trades   82 | ✓
Gen 4291 | fit  13.780 | CAGR  222.8% | DD  16.2% | Calmar  13.78 | trades   82 | ✓
Gen 4296 | fit  13.780 | CAGR  222.8% | DD  16.2% | Calmar  13.78 | trades   82 | ✓
Gen 4301 | fit  13.780 | CAGR  222.8% | DD  16.2% | Calmar  13.78 | trades   82 | ✓
Gen 4306 | fit  13.780 | CAGR  222.8% | DD  16.2% | Calmar  13.78 | trades   82 | ✓
Gen 4311 | fit  13.780 | CAGR  222.8% | DD  16.2% | Calmar  13.78 | trades   82 | ✓
Gen 4316 | fit  13.780 | CAGR  222.8% | DD  16.2% | Calmar  13.78 | trades   82 | ✓
Gen 4321 | fit  13.780 | CAGR  222.8% | DD  16.2% | Calmar  13.78 | trades   82 | ✓
Gen 4326 | fit  13.780 | CAGR  222.8% | DD  16.2% | Calmar  13.78 | trades   82 | ✓
Gen 4331 | fit  13.780 | CAGR  222.8% | DD  16.2% | Calmar  13.78 | trades   82 | ✓
Gen 4336 | fit  13.780 | CAGR  222.8% | DD  16.2% | Calmar  13.78 | trades   82 | ✓
Gen 4341 | fit  13.780 | CAGR  222.8% | DD  16.2% | Calmar  13.78 | trades   82 | ✓
Gen 4346 | fit  13.780 | CAGR  222.8% | DD  16.2% | Calmar  13.78 | trades   82 | ✓
Gen 4351 | fit  13.780 | CAGR  222.8% | DD  16.2% | Calmar  13.78 | trades   82 | ✓
Gen 4356 | fit  13.780 | CAGR  222.8% | DD  16.2% | Calmar  13.78 | trades   82 | ✓
Gen 4361 | fit  13.780 | CAGR  222.8% | DD  16.2% | Calmar  13.78 | trades   82 | ✓
Gen 4366 | fit  13.780 | CAGR  222.8% | DD  16.2% | Calmar  13.78 | trades   82 | ✓
Gen 4371 | fit  13.780 | CAGR  222.8% | DD  16.2% | Calmar  13.78 | trades   82 | ✓
Gen 4376 | fit  13.780 | CAGR  222.8% | DD  16.2% | Calmar  13.78 | trades   82 | ✓
Gen 4381 | fit  13.780 | CAGR  222.8% | DD  16.2% | Calmar  13.78 | trades   82 | ✓
Gen 4386 | fit  13.780 | CAGR  222.8% | DD  16.2% | Calmar  13.78 | trades   82 | ✓
Gen 4391 | fit  13.780 | CAGR  222.8% | DD  16.2% | Calmar  13.78 | trades   82 | ✓
Gen 4396 | fit  13.780 | CAGR  222.8% | DD  16.2% | Calmar  13.78 | trades   82 | ✓
Gen 4401 | fit  13.780 | CAGR  222.8% | DD  16.2% | Calmar  13.78 | trades   82 | ✓
Gen 4406 | fit  13.780 | CAGR  222.8% | DD  16.2% | Calmar  13.78 | trades   82 | ✓
Gen 4411 | fit  13.780 | CAGR  222.8% | DD  16.2% | Calmar  13.78 | trades   82 | ✓
Gen 4416 | fit  13.780 | CAGR  222.8% | DD  16.2% | Calmar  13.78 | trades   82 | ✓
Gen 4421 | fit  13.780 | CAGR  222.8% | DD  16.2% | Calmar  13.78 | trades   82 | ✓
Gen 4426 | fit  13.780 | CAGR  222.8% | DD  16.2% | Calmar  13.78 | trades   82 | ✓
Gen 4431 | fit  13.780 | CAGR  222.8% | DD  16.2% | Calmar  13.78 | trades   82 | ✓
Gen 4436 | fit  13.780 | CAGR  222.8% | DD  16.2% | Calmar  13.78 | trades   82 | ✓
Gen 4441 | fit  13.780 | CAGR  222.8% | DD  16.2% | Calmar  13.78 | trades   82 | ✓
Gen 4446 | fit  13.780 | CAGR  222.8% | DD  16.2% | Calmar  13.78 | trades   82 | ✓
Gen 4451 | fit  13.780 | CAGR  222.8% | DD  16.2% | Calmar  13.78 | trades   82 | ✓
Gen 4456 | fit  13.780 | CAGR  222.8% | DD  16.2% | Calmar  13.78 | trades   82 | ✓
Gen 4461 | fit  13.780 | CAGR  222.8% | DD  16.2% | Calmar  13.78 | trades   82 | ✓
Gen 4466 | fit  13.780 | CAGR  222.8% | DD  16.2% | Calmar  13.78 | trades   82 | ✓
Gen 4471 | fit  13.780 | CAGR  222.8% | DD  16.2% | Calmar  13.78 | trades   82 | ✓
Gen 4476 | fit  13.780 | CAGR  222.8% | DD  16.2% | Calmar  13.78 | trades   82 | ✓
Gen 4481 | fit  13.780 | CAGR  222.8% | DD  16.2% | Calmar  13.78 | trades   82 | ✓
Gen 4486 | fit  13.780 | CAGR  222.8% | DD  16.2% | Calmar  13.78 | trades   82 | ✓
Gen 4491 | fit  13.780 | CAGR  222.8% | DD  16.2% | Calmar  13.78 | trades   82 | ✓
Gen 4496 | fit  13.780 | CAGR  222.8% | DD  16.2% | Calmar  13.78 | trades   82 | ✓
Gen 4501 | fit  13.780 | CAGR  222.8% | DD  16.2% | Calmar  13.78 | trades   82 | ✓
Gen 4506 | fit  13.780 | CAGR  222.8% | DD  16.2% | Calmar  13.78 | trades   82 | ✓
Gen 4511 | fit  13.780 | CAGR  222.8% | DD  16.2% | Calmar  13.78 | trades   82 | ✓
Gen 4516 | fit  13.780 | CAGR  222.8% | DD  16.2% | Calmar  13.78 | trades   82 | ✓
Gen 4521 | fit  13.780 | CAGR  222.8% | DD  16.2% | Calmar  13.78 | trades   82 | ✓
Gen 4526 | fit  13.780 | CAGR  222.8% | DD  16.2% | Calmar  13.78 | trades   82 | ✓
Gen 4531 | fit  13.780 | CAGR  222.8% | DD  16.2% | Calmar  13.78 | trades   82 | ✓
Gen 4536 | fit  13.780 | CAGR  222.8% | DD  16.2% | Calmar  13.78 | trades   82 | ✓
Gen 4541 | fit  13.780 | CAGR  222.8% | DD  16.2% | Calmar  13.78 | trades   82 | ✓
Gen 4546 | fit  13.780 | CAGR  222.8% | DD  16.2% | Calmar  13.78 | trades   82 | ✓
Gen 4551 | fit  13.780 | CAGR  222.8% | DD  16.2% | Calmar  13.78 | trades   82 | ✓
Gen 4556 | fit  13.780 | CAGR  222.8% | DD  16.2% | Calmar  13.78 | trades   82 | ✓
Gen 4561 | fit  13.780 | CAGR  222.8% | DD  16.2% | Calmar  13.78 | trades   82 | ✓
Gen 4566 | fit  13.780 | CAGR  222.8% | DD  16.2% | Calmar  13.78 | trades   82 | ✓
Gen 4571 | fit  13.780 | CAGR  222.8% | DD  16.2% | Calmar  13.78 | trades   82 | ✓
Gen 4576 | fit  13.780 | CAGR  222.8% | DD  16.2% | Calmar  13.78 | trades   82 | ✓
Gen 4581 | fit  13.780 | CAGR  222.8% | DD  16.2% | Calmar  13.78 | trades   82 | ✓
Gen 4586 | fit  13.780 | CAGR  222.8% | DD  16.2% | Calmar  13.78 | trades   82 | ✓
Gen 4591 | fit  13.780 | CAGR  222.8% | DD  16.2% | Calmar  13.78 | trades   82 | ✓
Gen 4596 | fit  13.780 | CAGR  222.8% | DD  16.2% | Calmar  13.78 | trades   82 | ✓
Gen 4601 | fit  13.780 | CAGR  222.8% | DD  16.2% | Calmar  13.78 | trades   82 | ✓
Gen 4606 | fit  13.780 | CAGR  222.8% | DD  16.2% | Calmar  13.78 | trades   82 | ✓
Gen 4611 | fit  13.780 | CAGR  222.8% | DD  16.2% | Calmar  13.78 | trades   82 | ✓
Gen 4616 | fit  13.780 | CAGR  222.8% | DD  16.2% | Calmar  13.78 | trades   82 | ✓
Gen 4621 | fit  13.780 | CAGR  222.8% | DD  16.2% | Calmar  13.78 | trades   82 | ✓
Gen 4626 | fit  13.780 | CAGR  222.8% | DD  16.2% | Calmar  13.78 | trades   82 | ✓
Gen 4631 | fit  13.780 | CAGR  222.8% | DD  16.2% | Calmar  13.78 | trades   82 | ✓
Gen 4636 | fit  13.780 | CAGR  222.8% | DD  16.2% | Calmar  13.78 | trades   82 | ✓
Gen 4641 | fit  13.780 | CAGR  222.8% | DD  16.2% | Calmar  13.78 | trades   82 | ✓
Gen 4646 | fit  13.780 | CAGR  222.8% | DD  16.2% | Calmar  13.78 | trades   82 | ✓
Gen 4651 | fit  13.780 | CAGR  222.8% | DD  16.2% | Calmar  13.78 | trades   82 | ✓
Gen 4656 | fit  13.780 | CAGR  222.8% | DD  16.2% | Calmar  13.78 | trades   82 | ✓
Gen 4661 | fit  13.780 | CAGR  222.8% | DD  16.2% | Calmar  13.78 | trades   82 | ✓
Gen 4666 | fit  13.780 | CAGR  222.8% | DD  16.2% | Calmar  13.78 | trades   82 | ✓
Gen 4671 | fit  13.780 | CAGR  222.8% | DD  16.2% | Calmar  13.78 | trades   82 | ✓
Gen 4676 | fit  13.780 | CAGR  222.8% | DD  16.2% | Calmar  13.78 | trades   82 | ✓
Gen 4681 | fit  13.780 | CAGR  222.8% | DD  16.2% | Calmar  13.78 | trades   82 | ✓
Gen 4686 | fit  13.780 | CAGR  222.8% | DD  16.2% | Calmar  13.78 | trades   82 | ✓
Gen 4691 | fit  13.780 | CAGR  222.8% | DD  16.2% | Calmar  13.78 | trades   82 | ✓
Gen 4696 | fit  13.780 | CAGR  222.8% | DD  16.2% | Calmar  13.78 | trades   82 | ✓
Gen 4701 | fit  13.780 | CAGR  222.8% | DD  16.2% | Calmar  13.78 | trades   82 | ✓
Gen 4706 | fit  13.780 | CAGR  222.8% | DD  16.2% | Calmar  13.78 | trades   82 | ✓
Gen 4711 | fit  13.780 | CAGR  222.8% | DD  16.2% | Calmar  13.78 | trades   82 | ✓
Gen 4716 | fit  13.780 | CAGR  222.8% | DD  16.2% | Calmar  13.78 | trades   82 | ✓
Gen 4721 | fit  13.780 | CAGR  222.8% | DD  16.2% | Calmar  13.78 | trades   82 | ✓
Gen 4726 | fit  13.780 | CAGR  222.8% | DD  16.2% | Calmar  13.78 | trades   82 | ✓
Gen 4731 | fit  13.780 | CAGR  222.8% | DD  16.2% | Calmar  13.78 | trades   82 | ✓
Gen 4736 | fit  13.780 | CAGR  222.8% | DD  16.2% | Calmar  13.78 | trades   82 | ✓
Gen 4741 | fit  13.780 | CAGR  222.8% | DD  16.2% | Calmar  13.78 | trades   82 | ✓
Gen 4746 | fit  13.780 | CAGR  222.8% | DD  16.2% | Calmar  13.78 | trades   82 | ✓
Gen 4751 | fit  13.780 | CAGR  222.8% | DD  16.2% | Calmar  13.78 | trades   82 | ✓
Gen 4756 | fit  13.780 | CAGR  222.8% | DD  16.2% | Calmar  13.78 | trades   82 | ✓
Gen 4761 | fit  13.780 | CAGR  222.8% | DD  16.2% | Calmar  13.78 | trades   82 | ✓
Gen 4766 | fit  13.780 | CAGR  222.8% | DD  16.2% | Calmar  13.78 | trades   82 | ✓
Gen 4771 | fit  13.780 | CAGR  222.8% | DD  16.2% | Calmar  13.78 | trades   82 | ✓
Gen 4776 | fit  13.780 | CAGR  222.8% | DD  16.2% | Calmar  13.78 | trades   82 | ✓
Gen 4781 | fit  13.780 | CAGR  222.8% | DD  16.2% | Calmar  13.78 | trades   82 | ✓
Gen 4786 | fit  13.780 | CAGR  222.8% | DD  16.2% | Calmar  13.78 | trades   82 | ✓
Gen 4791 | fit  13.780 | CAGR  222.8% | DD  16.2% | Calmar  13.78 | trades   82 | ✓
Gen 4796 | fit  13.780 | CAGR  222.8% | DD  16.2% | Calmar  13.78 | trades   82 | ✓
Gen 4801 | fit  13.780 | CAGR  222.8% | DD  16.2% | Calmar  13.78 | trades   82 | ✓
Gen 4806 | fit  13.780 | CAGR  222.8% | DD  16.2% | Calmar  13.78 | trades   82 | ✓
Gen 4811 | fit  13.780 | CAGR  222.8% | DD  16.2% | Calmar  13.78 | trades   82 | ✓
Gen 4816 | fit  13.780 | CAGR  222.8% | DD  16.2% | Calmar  13.78 | trades   82 | ✓
Gen 4821 | fit  13.780 | CAGR  222.8% | DD  16.2% | Calmar  13.78 | trades   82 | ✓
Gen 4826 | fit  13.780 | CAGR  222.8% | DD  16.2% | Calmar  13.78 | trades   82 | ✓
Gen 4831 | fit  13.780 | CAGR  222.8% | DD  16.2% | Calmar  13.78 | trades   82 | ✓
Gen 4836 | fit  13.780 | CAGR  222.8% | DD  16.2% | Calmar  13.78 | trades   82 | ✓
Gen 4841 | fit  13.780 | CAGR  222.8% | DD  16.2% | Calmar  13.78 | trades   82 | ✓
Gen 4846 | fit  13.780 | CAGR  222.8% | DD  16.2% | Calmar  13.78 | trades   82 | ✓
Gen 4851 | fit  13.780 | CAGR  222.8% | DD  16.2% | Calmar  13.78 | trades   82 | ✓
Gen 4856 | fit  13.780 | CAGR  222.8% | DD  16.2% | Calmar  13.78 | trades   82 | ✓
Gen 4861 | fit  13.780 | CAGR  222.8% | DD  16.2% | Calmar  13.78 | trades   82 | ✓
Gen 4866 | fit  13.780 | CAGR  222.8% | DD  16.2% | Calmar  13.78 | trades   82 | ✓
Gen 4871 | fit  13.780 | CAGR  222.8% | DD  16.2% | Calmar  13.78 | trades   82 | ✓
Gen 4876 | fit  13.780 | CAGR  222.8% | DD  16.2% | Calmar  13.78 | trades   82 | ✓
Gen 4881 | fit  13.780 | CAGR  222.8% | DD  16.2% | Calmar  13.78 | trades   82 | ✓
Gen 4886 | fit  13.780 | CAGR  222.8% | DD  16.2% | Calmar  13.78 | trades   82 | ✓
Gen 4891 | fit  13.780 | CAGR  222.8% | DD  16.2% | Calmar  13.78 | trades   82 | ✓
Gen 4896 | fit  13.780 | CAGR  222.8% | DD  16.2% | Calmar  13.78 | trades   82 | ✓
Gen 4901 | fit  13.780 | CAGR  222.8% | DD  16.2% | Calmar  13.78 | trades   82 | ✓
Gen 4906 | fit  13.780 | CAGR  222.8% | DD  16.2% | Calmar  13.78 | trades   82 | ✓
Gen 4911 | fit  13.780 | CAGR  222.8% | DD  16.2% | Calmar  13.78 | trades   82 | ✓
Gen 4916 | fit  13.780 | CAGR  222.8% | DD  16.2% | Calmar  13.78 | trades   82 | ✓
Gen 4921 | fit  13.780 | CAGR  222.8% | DD  16.2% | Calmar  13.78 | trades   82 | ✓
Gen 4926 | fit  13.780 | CAGR  222.8% | DD  16.2% | Calmar  13.78 | trades   82 | ✓
Gen 4931 | fit  13.780 | CAGR  222.8% | DD  16.2% | Calmar  13.78 | trades   82 | ✓
Gen 4936 | fit  13.780 | CAGR  222.8% | DD  16.2% | Calmar  13.78 | trades   82 | ✓
Gen 4941 | fit  13.780 | CAGR  222.8% | DD  16.2% | Calmar  13.78 | trades   82 | ✓
Gen 4946 | fit  13.780 | CAGR  222.8% | DD  16.2% | Calmar  13.78 | trades   82 | ✓
Gen 4951 | fit  13.780 | CAGR  222.8% | DD  16.2% | Calmar  13.78 | trades   82 | ✓
Gen 4956 | fit  13.780 | CAGR  222.8% | DD  16.2% | Calmar  13.78 | trades   82 | ✓
Gen 4961 | fit  13.780 | CAGR  222.8% | DD  16.2% | Calmar  13.78 | trades   82 | ✓
Gen 4966 | fit  13.780 | CAGR  222.8% | DD  16.2% | Calmar  13.78 | trades   82 | ✓
Gen 4971 | fit  13.780 | CAGR  222.8% | DD  16.2% | Calmar  13.78 | trades   82 | ✓
Gen 4976 | fit  13.780 | CAGR  222.8% | DD  16.2% | Calmar  13.78 | trades   82 | ✓
Gen 4981 | fit  13.780 | CAGR  222.8% | DD  16.2% | Calmar  13.78 | trades   82 | ✓
Gen 4986 | fit  13.780 | CAGR  222.8% | DD  16.2% | Calmar  13.78 | trades   82 | ✓
Gen 4991 | fit  13.780 | CAGR  222.8% | DD  16.2% | Calmar  13.78 | trades   82 | ✓
Gen 4996 | fit  13.780 | CAGR  222.8% | DD  16.2% | Calmar  13.78 | trades   82 | ✓
Gen 5001 | fit  13.780 | CAGR  222.8% | DD  16.2% | Calmar  13.78 | trades   82 | ✓
Gen 5006 | fit  13.780 | CAGR  222.8% | DD  16.2% | Calmar  13.78 | trades   82 | ✓
Gen 5011 | fit  13.780 | CAGR  222.8% | DD  16.2% | Calmar  13.78 | trades   82 | ✓
Gen 5016 | fit  13.780 | CAGR  222.8% | DD  16.2% | Calmar  13.78 | trades   82 | ✓
Gen 5021 | fit  13.780 | CAGR  222.8% | DD  16.2% | Calmar  13.78 | trades   82 | ✓
Gen 5026 | fit  13.780 | CAGR  222.8% | DD  16.2% | Calmar  13.78 | trades   82 | ✓
Gen 5031 | fit  13.780 | CAGR  222.8% | DD  16.2% | Calmar  13.78 | trades   82 | ✓
Gen 5036 | fit  13.780 | CAGR  222.8% | DD  16.2% | Calmar  13.78 | trades   82 | ✓
Gen 5041 | fit  13.780 | CAGR  222.8% | DD  16.2% | Calmar  13.78 | trades   82 | ✓
Gen 5046 | fit  13.780 | CAGR  222.8% | DD  16.2% | Calmar  13.78 | trades   82 | ✓
Gen 5051 | fit  13.780 | CAGR  222.8% | DD  16.2% | Calmar  13.78 | trades   82 | ✓
Gen 5056 | fit  13.780 | CAGR  222.8% | DD  16.2% | Calmar  13.78 | trades   82 | ✓
Gen 5061 | fit  13.780 | CAGR  222.8% | DD  16.2% | Calmar  13.78 | trades   82 | ✓
Gen 5066 | fit  13.780 | CAGR  222.8% | DD  16.2% | Calmar  13.78 | trades   82 | ✓
Gen 5071 | fit  13.780 | CAGR  222.8% | DD  16.2% | Calmar  13.78 | trades   82 | ✓
Gen 5076 | fit  13.780 | CAGR  222.8% | DD  16.2% | Calmar  13.78 | trades   82 | ✓
Gen 5081 | fit  13.780 | CAGR  222.8% | DD  16.2% | Calmar  13.78 | trades   82 | ✓
Gen 5086 | fit  13.780 | CAGR  222.8% | DD  16.2% | Calmar  13.78 | trades   82 | ✓
Gen 5091 | fit  13.780 | CAGR  222.8% | DD  16.2% | Calmar  13.78 | trades   82 | ✓
Gen 5096 | fit  13.780 | CAGR  222.8% | DD  16.2% | Calmar  13.78 | trades   82 | ✓
Gen 5101 | fit  13.780 | CAGR  222.8% | DD  16.2% | Calmar  13.78 | trades   82 | ✓
Gen 5106 | fit  13.780 | CAGR  222.8% | DD  16.2% | Calmar  13.78 | trades   82 | ✓
Gen 5111 | fit  13.780 | CAGR  222.8% | DD  16.2% | Calmar  13.78 | trades   82 | ✓
Gen 5116 | fit  13.780 | CAGR  222.8% | DD  16.2% | Calmar  13.78 | trades   82 | ✓
Gen 5121 | fit  13.780 | CAGR  222.8% | DD  16.2% | Calmar  13.78 | trades   82 | ✓
Gen 5126 | fit  13.780 | CAGR  222.8% | DD  16.2% | Calmar  13.78 | trades   82 | ✓
Gen 5131 | fit  13.780 | CAGR  222.8% | DD  16.2% | Calmar  13.78 | trades   82 | ✓
Gen 5136 | fit  13.780 | CAGR  222.8% | DD  16.2% | Calmar  13.78 | trades   82 | ✓
Gen 5141 | fit  13.780 | CAGR  222.8% | DD  16.2% | Calmar  13.78 | trades   82 | ✓
Gen 5146 | fit  13.780 | CAGR  222.8% | DD  16.2% | Calmar  13.78 | trades   82 | ✓
Gen 5151 | fit  13.780 | CAGR  222.8% | DD  16.2% | Calmar  13.78 | trades   82 | ✓
Gen 5156 | fit  13.780 | CAGR  222.8% | DD  16.2% | Calmar  13.78 | trades   82 | ✓
Gen 5161 | fit  13.780 | CAGR  222.8% | DD  16.2% | Calmar  13.78 | trades   82 | ✓
Gen 5166 | fit  13.780 | CAGR  222.8% | DD  16.2% | Calmar  13.78 | trades   82 | ✓
Gen 5171 | fit  13.780 | CAGR  222.8% | DD  16.2% | Calmar  13.78 | trades   82 | ✓
Gen 5176 | fit  13.780 | CAGR  222.8% | DD  16.2% | Calmar  13.78 | trades   82 | ✓
Gen 5181 | fit  13.780 | CAGR  222.8% | DD  16.2% | Calmar  13.78 | trades   82 | ✓
Gen 5186 | fit  13.780 | CAGR  222.8% | DD  16.2% | Calmar  13.78 | trades   82 | ✓
Gen 5191 | fit  13.780 | CAGR  222.8% | DD  16.2% | Calmar  13.78 | trades   82 | ✓
Gen 5196 | fit  13.780 | CAGR  222.8% | DD  16.2% | Calmar  13.78 | trades   82 | ✓
Gen 5201 | fit  13.780 | CAGR  222.8% | DD  16.2% | Calmar  13.78 | trades   82 | ✓
Gen 5206 | fit  13.780 | CAGR  222.8% | DD  16.2% | Calmar  13.78 | trades   82 | ✓
Gen 5211 | fit  13.780 | CAGR  222.8% | DD  16.2% | Calmar  13.78 | trades   82 | ✓
Gen 5216 | fit  13.780 | CAGR  222.8% | DD  16.2% | Calmar  13.78 | trades   82 | ✓
Gen 5221 | fit  13.780 | CAGR  222.8% | DD  16.2% | Calmar  13.78 | trades   82 | ✓
Gen 5226 | fit  13.780 | CAGR  222.8% | DD  16.2% | Calmar  13.78 | trades   82 | ✓
Gen 5231 | fit  13.780 | CAGR  222.8% | DD  16.2% | Calmar  13.78 | trades   82 | ✓
Gen 5236 | fit  13.780 | CAGR  222.8% | DD  16.2% | Calmar  13.78 | trades   82 | ✓
Gen 5241 | fit  13.780 | CAGR  222.8% | DD  16.2% | Calmar  13.78 | trades   82 | ✓
Gen 5246 | fit  13.780 | CAGR  222.8% | DD  16.2% | Calmar  13.78 | trades   82 | ✓
Gen 5251 | fit  13.780 | CAGR  222.8% | DD  16.2% | Calmar  13.78 | trades   82 | ✓
Gen 5256 | fit  13.780 | CAGR  222.8% | DD  16.2% | Calmar  13.78 | trades   82 | ✓
Gen 5261 | fit  13.780 | CAGR  222.8% | DD  16.2% | Calmar  13.78 | trades   82 | ✓
Gen 5266 | fit  13.780 | CAGR  222.8% | DD  16.2% | Calmar  13.78 | trades   82 | ✓
Gen 5271 | fit  13.780 | CAGR  222.8% | DD  16.2% | Calmar  13.78 | trades   82 | ✓
Gen 5276 | fit  13.780 | CAGR  222.8% | DD  16.2% | Calmar  13.78 | trades   82 | ✓
Gen 5281 | fit  13.780 | CAGR  222.8% | DD  16.2% | Calmar  13.78 | trades   82 | ✓
Gen 5286 | fit  13.780 | CAGR  222.8% | DD  16.2% | Calmar  13.78 | trades   82 | ✓
Gen 5291 | fit  13.780 | CAGR  222.8% | DD  16.2% | Calmar  13.78 | trades   82 | ✓
Gen 5296 | fit  13.780 | CAGR  222.8% | DD  16.2% | Calmar  13.78 | trades   82 | ✓
Gen 5301 | fit  13.780 | CAGR  222.8% | DD  16.2% | Calmar  13.78 | trades   82 | ✓
Gen 5306 | fit  13.780 | CAGR  222.8% | DD  16.2% | Calmar  13.78 | trades   82 | ✓
Gen 5311 | fit  13.780 | CAGR  222.8% | DD  16.2% | Calmar  13.78 | trades   82 | ✓
Gen 5316 | fit  13.780 | CAGR  222.8% | DD  16.2% | Calmar  13.78 | trades   82 | ✓
Gen 5321 | fit  13.780 | CAGR  222.8% | DD  16.2% | Calmar  13.78 | trades   82 | ✓
Gen 5326 | fit  13.780 | CAGR  222.8% | DD  16.2% | Calmar  13.78 | trades   82 | ✓
Gen 5331 | fit  13.780 | CAGR  222.8% | DD  16.2% | Calmar  13.78 | trades   82 | ✓
Gen 5336 | fit  13.780 | CAGR  222.8% | DD  16.2% | Calmar  13.78 | trades   82 | ✓
Gen 5341 | fit  13.780 | CAGR  222.8% | DD  16.2% | Calmar  13.78 | trades   82 | ✓
Gen 5346 | fit  13.780 | CAGR  222.8% | DD  16.2% | Calmar  13.78 | trades   82 | ✓
Gen 5351 | fit  13.780 | CAGR  222.8% | DD  16.2% | Calmar  13.78 | trades   82 | ✓
Gen 5356 | fit  13.780 | CAGR  222.8% | DD  16.2% | Calmar  13.78 | trades   82 | ✓
Gen 5361 | fit  13.780 | CAGR  222.8% | DD  16.2% | Calmar  13.78 | trades   82 | ✓
Gen 5366 | fit  13.780 | CAGR  222.8% | DD  16.2% | Calmar  13.78 | trades   82 | ✓
Gen 5371 | fit  13.780 | CAGR  222.8% | DD  16.2% | Calmar  13.78 | trades   82 | ✓
Gen 5376 | fit  13.780 | CAGR  222.8% | DD  16.2% | Calmar  13.78 | trades   82 | ✓
Gen 5381 | fit  13.780 | CAGR  222.8% | DD  16.2% | Calmar  13.78 | trades   82 | ✓
Gen 5386 | fit  13.780 | CAGR  222.8% | DD  16.2% | Calmar  13.78 | trades   82 | ✓
Gen 5391 | fit  13.780 | CAGR  222.8% | DD  16.2% | Calmar  13.78 | trades   82 | ✓
Gen 5396 | fit  13.780 | CAGR  222.8% | DD  16.2% | Calmar  13.78 | trades   82 | ✓
Gen 5401 | fit  13.780 | CAGR  222.8% | DD  16.2% | Calmar  13.78 | trades   82 | ✓
Gen 5406 | fit  13.780 | CAGR  222.8% | DD  16.2% | Calmar  13.78 | trades   82 | ✓
Gen 5411 | fit  13.780 | CAGR  222.8% | DD  16.2% | Calmar  13.78 | trades   82 | ✓
Gen 5416 | fit  13.780 | CAGR  222.8% | DD  16.2% | Calmar  13.78 | trades   82 | ✓
Gen 5421 | fit  13.780 | CAGR  222.8% | DD  16.2% | Calmar  13.78 | trades   82 | ✓
Gen 5426 | fit  13.780 | CAGR  222.8% | DD  16.2% | Calmar  13.78 | trades   82 | ✓
Gen 5431 | fit  13.780 | CAGR  222.8% | DD  16.2% | Calmar  13.78 | trades   82 | ✓
Gen 5436 | fit  13.780 | CAGR  222.8% | DD  16.2% | Calmar  13.78 | trades   82 | ✓
Gen 5441 | fit  13.780 | CAGR  222.8% | DD  16.2% | Calmar  13.78 | trades   82 | ✓
Gen 5446 | fit  13.780 | CAGR  222.8% | DD  16.2% | Calmar  13.78 | trades   82 | ✓
Gen 5451 | fit  13.780 | CAGR  222.8% | DD  16.2% | Calmar  13.78 | trades   82 | ✓
Gen 5456 | fit  13.780 | CAGR  222.8% | DD  16.2% | Calmar  13.78 | trades   82 | ✓
Gen 5461 | fit  13.780 | CAGR  222.8% | DD  16.2% | Calmar  13.78 | trades   82 | ✓
Gen 5466 | fit  13.780 | CAGR  222.8% | DD  16.2% | Calmar  13.78 | trades   82 | ✓
Gen 5471 | fit  13.780 | CAGR  222.8% | DD  16.2% | Calmar  13.78 | trades   82 | ✓
Gen 5476 | fit  13.780 | CAGR  222.8% | DD  16.2% | Calmar  13.78 | trades   82 | ✓
Gen 5481 | fit  13.780 | CAGR  222.8% | DD  16.2% | Calmar  13.78 | trades   82 | ✓
Gen 5486 | fit  13.780 | CAGR  222.8% | DD  16.2% | Calmar  13.78 | trades   82 | ✓
Gen 5491 | fit  13.780 | CAGR  222.8% | DD  16.2% | Calmar  13.78 | trades   82 | ✓
Gen 5496 | fit  13.780 | CAGR  222.8% | DD  16.2% | Calmar  13.78 | trades   82 | ✓
Gen 5501 | fit  13.780 | CAGR  222.8% | DD  16.2% | Calmar  13.78 | trades   82 | ✓
Gen 5506 | fit  13.780 | CAGR  222.8% | DD  16.2% | Calmar  13.78 | trades   82 | ✓
Gen 5511 | fit  13.780 | CAGR  222.8% | DD  16.2% | Calmar  13.78 | trades   82 | ✓
Gen 5516 | fit  13.780 | CAGR  222.8% | DD  16.2% | Calmar  13.78 | trades   82 | ✓
Gen 5521 | fit  13.780 | CAGR  222.8% | DD  16.2% | Calmar  13.78 | trades   82 | ✓
Gen 5526 | fit  13.780 | CAGR  222.8% | DD  16.2% | Calmar  13.78 | trades   82 | ✓
Gen 5531 | fit  13.780 | CAGR  222.8% | DD  16.2% | Calmar  13.78 | trades   82 | ✓
Gen 5536 | fit  13.780 | CAGR  222.8% | DD  16.2% | Calmar  13.78 | trades   82 | ✓
Gen 5541 | fit  13.780 | CAGR  222.8% | DD  16.2% | Calmar  13.78 | trades   82 | ✓
Gen 5546 | fit  13.780 | CAGR  222.8% | DD  16.2% | Calmar  13.78 | trades   82 | ✓
Gen 5551 | fit  13.780 | CAGR  222.8% | DD  16.2% | Calmar  13.78 | trades   82 | ✓
Gen 5556 | fit  13.780 | CAGR  222.8% | DD  16.2% | Calmar  13.78 | trades   82 | ✓
Gen 5561 | fit  13.780 | CAGR  222.8% | DD  16.2% | Calmar  13.78 | trades   82 | ✓
Gen 5566 | fit  13.780 | CAGR  222.8% | DD  16.2% | Calmar  13.78 | trades   82 | ✓
Gen 5571 | fit  13.780 | CAGR  222.8% | DD  16.2% | Calmar  13.78 | trades   82 | ✓
Gen 5576 | fit  13.780 | CAGR  222.8% | DD  16.2% | Calmar  13.78 | trades   82 | ✓
Gen 5581 | fit  13.780 | CAGR  222.8% | DD  16.2% | Calmar  13.78 | trades   82 | ✓
Gen 5586 | fit  13.780 | CAGR  222.8% | DD  16.2% | Calmar  13.78 | trades   82 | ✓
Gen 5591 | fit  13.780 | CAGR  222.8% | DD  16.2% | Calmar  13.78 | trades   82 | ✓
Gen 5596 | fit  13.780 | CAGR  222.8% | DD  16.2% | Calmar  13.78 | trades   82 | ✓
Gen 5601 | fit  13.780 | CAGR  222.8% | DD  16.2% | Calmar  13.78 | trades   82 | ✓
Gen 5606 | fit  13.780 | CAGR  222.8% | DD  16.2% | Calmar  13.78 | trades   82 | ✓
Gen 5611 | fit  13.780 | CAGR  222.8% | DD  16.2% | Calmar  13.78 | trades   82 | ✓
Gen 5616 | fit  13.780 | CAGR  222.8% | DD  16.2% | Calmar  13.78 | trades   82 | ✓
Gen 5621 | fit  13.780 | CAGR  222.8% | DD  16.2% | Calmar  13.78 | trades   82 | ✓
Gen 5626 | fit  13.780 | CAGR  222.8% | DD  16.2% | Calmar  13.78 | trades   82 | ✓
Gen 5631 | fit  13.780 | CAGR  222.8% | DD  16.2% | Calmar  13.78 | trades   82 | ✓
Gen 5636 | fit  13.780 | CAGR  222.8% | DD  16.2% | Calmar  13.78 | trades   82 | ✓
Gen 5641 | fit  13.780 | CAGR  222.8% | DD  16.2% | Calmar  13.78 | trades   82 | ✓
Gen 5646 | fit  13.780 | CAGR  222.8% | DD  16.2% | Calmar  13.78 | trades   82 | ✓
Gen 5651 | fit  13.780 | CAGR  222.8% | DD  16.2% | Calmar  13.78 | trades   82 | ✓
Gen 5656 | fit  13.780 | CAGR  222.8% | DD  16.2% | Calmar  13.78 | trades   82 | ✓
Gen 5661 | fit  13.780 | CAGR  222.8% | DD  16.2% | Calmar  13.78 | trades   82 | ✓
Gen 5666 | fit  13.780 | CAGR  222.8% | DD  16.2% | Calmar  13.78 | trades   82 | ✓
Gen 5671 | fit  13.780 | CAGR  222.8% | DD  16.2% | Calmar  13.78 | trades   82 | ✓
Gen 5676 | fit  13.780 | CAGR  222.8% | DD  16.2% | Calmar  13.78 | trades   82 | ✓
Gen 5681 | fit  13.780 | CAGR  222.8% | DD  16.2% | Calmar  13.78 | trades   82 | ✓
Gen 5686 | fit  13.780 | CAGR  222.8% | DD  16.2% | Calmar  13.78 | trades   82 | ✓
Gen 5691 | fit  13.780 | CAGR  222.8% | DD  16.2% | Calmar  13.78 | trades   82 | ✓
Gen 5696 | fit  13.780 | CAGR  222.8% | DD  16.2% | Calmar  13.78 | trades   82 | ✓
Gen 5701 | fit  13.780 | CAGR  222.8% | DD  16.2% | Calmar  13.78 | trades   82 | ✓
Gen 5706 | fit  13.780 | CAGR  222.8% | DD  16.2% | Calmar  13.78 | trades   82 | ✓
Gen 5711 | fit  13.780 | CAGR  222.8% | DD  16.2% | Calmar  13.78 | trades   82 | ✓
Gen 5716 | fit  13.780 | CAGR  222.8% | DD  16.2% | Calmar  13.78 | trades   82 | ✓
Gen 5721 | fit  13.780 | CAGR  222.8% | DD  16.2% | Calmar  13.78 | trades   82 | ✓
Gen 5726 | fit  13.780 | CAGR  222.8% | DD  16.2% | Calmar  13.78 | trades   82 | ✓
Gen 5731 | fit  13.780 | CAGR  222.8% | DD  16.2% | Calmar  13.78 | trades   82 | ✓
Gen 5736 | fit  13.780 | CAGR  222.8% | DD  16.2% | Calmar  13.78 | trades   82 | ✓
Gen 5741 | fit  13.780 | CAGR  222.8% | DD  16.2% | Calmar  13.78 | trades   82 | ✓
Gen 5746 | fit  13.780 | CAGR  222.8% | DD  16.2% | Calmar  13.78 | trades   82 | ✓
Gen 5751 | fit  13.780 | CAGR  222.8% | DD  16.2% | Calmar  13.78 | trades   82 | ✓
Gen 5756 | fit  13.780 | CAGR  222.8% | DD  16.2% | Calmar  13.78 | trades   82 | ✓
Gen 5761 | fit  13.780 | CAGR  222.8% | DD  16.2% | Calmar  13.78 | trades   82 | ✓
Gen 5766 | fit  13.780 | CAGR  222.8% | DD  16.2% | Calmar  13.78 | trades   82 | ✓
Gen 5771 | fit  13.780 | CAGR  222.8% | DD  16.2% | Calmar  13.78 | trades   82 | ✓
Gen 5776 | fit  13.780 | CAGR  222.8% | DD  16.2% | Calmar  13.78 | trades   82 | ✓
Gen 5781 | fit  13.780 | CAGR  222.8% | DD  16.2% | Calmar  13.78 | trades   82 | ✓
Gen 5786 | fit  13.780 | CAGR  222.8% | DD  16.2% | Calmar  13.78 | trades   82 | ✓
Gen 5791 | fit  13.780 | CAGR  222.8% | DD  16.2% | Calmar  13.78 | trades   82 | ✓
Gen 5796 | fit  13.780 | CAGR  222.8% | DD  16.2% | Calmar  13.78 | trades   82 | ✓
Gen 5801 | fit  13.780 | CAGR  222.8% | DD  16.2% | Calmar  13.78 | trades   82 | ✓
Gen 5806 | fit  13.780 | CAGR  222.8% | DD  16.2% | Calmar  13.78 | trades   82 | ✓
Gen 5811 | fit  13.780 | CAGR  222.8% | DD  16.2% | Calmar  13.78 | trades   82 | ✓
Gen 5816 | fit  13.780 | CAGR  222.8% | DD  16.2% | Calmar  13.78 | trades   82 | ✓
Gen 5821 | fit  13.780 | CAGR  222.8% | DD  16.2% | Calmar  13.78 | trades   82 | ✓
Gen 5826 | fit  13.780 | CAGR  222.8% | DD  16.2% | Calmar  13.78 | trades   82 | ✓
Gen 5831 | fit  13.780 | CAGR  222.8% | DD  16.2% | Calmar  13.78 | trades   82 | ✓
Gen 5836 | fit  13.780 | CAGR  222.8% | DD  16.2% | Calmar  13.78 | trades   82 | ✓
Gen 5841 | fit  13.780 | CAGR  222.8% | DD  16.2% | Calmar  13.78 | trades   82 | ✓
Gen 5846 | fit  13.780 | CAGR  222.8% | DD  16.2% | Calmar  13.78 | trades   82 | ✓
Gen 5851 | fit  13.780 | CAGR  222.8% | DD  16.2% | Calmar  13.78 | trades   82 | ✓
Gen 5856 | fit  13.780 | CAGR  222.8% | DD  16.2% | Calmar  13.78 | trades   82 | ✓
Gen 5861 | fit  13.780 | CAGR  222.8% | DD  16.2% | Calmar  13.78 | trades   82 | ✓
Gen 5866 | fit  13.780 | CAGR  222.8% | DD  16.2% | Calmar  13.78 | trades   82 | ✓
Gen 5871 | fit  13.780 | CAGR  222.8% | DD  16.2% | Calmar  13.78 | trades   82 | ✓
Gen 5876 | fit  13.780 | CAGR  222.8% | DD  16.2% | Calmar  13.78 | trades   82 | ✓
Gen 5881 | fit  13.780 | CAGR  222.8% | DD  16.2% | Calmar  13.78 | trades   82 | ✓
Gen 5886 | fit  13.780 | CAGR  222.8% | DD  16.2% | Calmar  13.78 | trades   82 | ✓
Gen 5891 | fit  13.780 | CAGR  222.8% | DD  16.2% | Calmar  13.78 | trades   82 | ✓
Gen 5896 | fit  13.780 | CAGR  222.8% | DD  16.2% | Calmar  13.78 | trades   82 | ✓
Gen 5901 | fit  13.780 | CAGR  222.8% | DD  16.2% | Calmar  13.78 | trades   82 | ✓
Gen 5906 | fit  13.780 | CAGR  222.8% | DD  16.2% | Calmar  13.78 | trades   82 | ✓
Gen 5911 | fit  13.780 | CAGR  222.8% | DD  16.2% | Calmar  13.78 | trades   82 | ✓
Gen 5916 | fit  13.780 | CAGR  222.8% | DD  16.2% | Calmar  13.78 | trades   82 | ✓
Gen 5921 | fit  13.780 | CAGR  222.8% | DD  16.2% | Calmar  13.78 | trades   82 | ✓
Gen 5926 | fit  13.780 | CAGR  222.8% | DD  16.2% | Calmar  13.78 | trades   82 | ✓
Gen 5931 | fit  13.780 | CAGR  222.8% | DD  16.2% | Calmar  13.78 | trades   82 | ✓
Gen 5936 | fit  13.780 | CAGR  222.8% | DD  16.2% | Calmar  13.78 | trades   82 | ✓
Gen 5941 | fit  13.780 | CAGR  222.8% | DD  16.2% | Calmar  13.78 | trades   82 | ✓
Gen 5946 | fit  13.780 | CAGR  222.8% | DD  16.2% | Calmar  13.78 | trades   82 | ✓
Gen 5951 | fit  13.780 | CAGR  222.8% | DD  16.2% | Calmar  13.78 | trades   82 | ✓
Gen 5956 | fit  13.780 | CAGR  222.8% | DD  16.2% | Calmar  13.78 | trades   82 | ✓
Gen 5961 | fit  13.780 | CAGR  222.8% | DD  16.2% | Calmar  13.78 | trades   82 | ✓
Gen 5966 | fit  13.780 | CAGR  222.8% | DD  16.2% | Calmar  13.78 | trades   82 | ✓
Gen 5971 | fit  13.780 | CAGR  222.8% | DD  16.2% | Calmar  13.78 | trades   82 | ✓
Gen 5976 | fit  13.780 | CAGR  222.8% | DD  16.2% | Calmar  13.78 | trades   82 | ✓
Gen 5981 | fit  13.780 | CAGR  222.8% | DD  16.2% | Calmar  13.78 | trades   82 | ✓
Gen 5986 | fit  13.780 | CAGR  222.8% | DD  16.2% | Calmar  13.78 | trades   82 | ✓
Gen 5991 | fit  13.780 | CAGR  222.8% | DD  16.2% | Calmar  13.78 | trades   82 | ✓

Evolution complete: 5992 gens, 5.0 min

================================================================================
BEST BOT — TRAIN slice (GA saw this)
================================================================================
Fitness (Calmar w/ DD cliff): 13.780
Final equity: $4226053 | Peak: $4436060
CAGR: 222.8% | Max DD: 16.2% | Sortino: 4.40 | Calmar: 13.78
Trades: 82 | Survived: 2602/2602 | Liquidated: NO
vs Buy-hold: $236320000 — BUY-HOLD WINS

================================================================================
BEST BOT — TEST slice (HELD OUT, honest OOS)
================================================================================
Final equity: $1954 | Peak: $2151
CAGR: 19.9% | Max DD: 29.2% | Sortino: 1.74 | Calmar: 0.68
Trades: 45 | Survived: 1349/1349 | Liquidated: NO
vs Buy-hold: $4702 — BUY-HOLD WINS

Evolved genome:
  RSI 28.0/73.3 | MA 13/35/172d
  Entry threshold 0.73 | Base pos 100% | Vol scale 0.00
  Stop 3.6% | Target 70% | Hold 38d | Cool 12d
  Weights trend 0.92 RSI 0.35 momo 0.44
  Bearish event fear 1.00 memory 8d

Wrote v3-best-bot.json
