Argus v4 evolution (K-fold + slippage) — run v4, budget 10 min, seed 42

Data: 3951 bars, 71 curated events
Train: 2010-08-18 → 2022-12-31 (2602 bars, 7.1yr)
Test:  2023-01-01 → 2026-09-10 (1349 bars, 3.7yr)
Indicators + event-state precomputed

Buy-hold train: $1000 → $236320000
Buy-hold test:  $1000 → $4702

K-fold: 4 folds within train slice
  Fold 0: 2010-08-18 → 2017-08-27 (650 bars)
  Fold 1: 2017-08-28 → 2019-06-08 (650 bars)
  Fold 2: 2019-06-09 → 2021-03-19 (650 bars)
  Fold 3: 2021-03-20 → 2022-12-31 (652 bars)

Gen    1 | fit   4.200 | fold Calmar 10.84/ 0.66/ 5.40/-0.10 | fold DD 35/25/20/24%
Gen    2 | fit  28.313 | fold Calmar -0.01/ 0.00/113.26/ 0.00 | fold DD  2/ 0/ 0/ 0%
Gen    6 | fit  28.313 | fold Calmar -0.01/ 0.00/113.26/ 0.00 | fold DD  2/ 0/ 0/ 0%
Gen   11 | fit  28.313 | fold Calmar -0.01/ 0.00/113.26/ 0.00 | fold DD  2/ 0/ 0/ 0%
Gen   16 | fit  39.102 | fold Calmar 153.14/ 1.30/ 1.46/ 0.51 | fold DD 25/23/34/21%
Gen   21 | fit  41.301 | fold Calmar 160.61/ 0.35/ 4.19/ 0.06 | fold DD 27/37/29/34%
Gen   26 | fit  53.125 | fold Calmar 211.53/ 0.13/ 0.91/-0.08 | fold DD 26/25/34/23%
Gen   31 | fit  66.745 | fold Calmar 266.64/-0.14/ 0.55/-0.07 | fold DD 22/29/36/23%
Gen   36 | fit  72.082 | fold Calmar 287.91/-0.10/ 0.65/-0.13 | fold DD 22/25/36/24%
Gen   41 | fit  80.919 | fold Calmar 323.48/-0.12/ 0.65/-0.34 | fold DD 22/25/36/24%
Gen   46 | fit  85.484 | fold Calmar 341.66/-0.11/ 0.55/-0.16 | fold DD 22/24/36/22%
Gen   51 | fit  97.063 | fold Calmar 387.22/ 0.57/ 0.66/-0.19 | fold DD 22/22/37/22%
Gen   56 | fit 100.257 | fold Calmar 400.07/ 0.44/ 0.71/-0.19 | fold DD 22/24/37/22%
Gen   61 | fit 100.948 | fold Calmar 402.73/ 0.47/ 0.78/-0.18 | fold DD 22/24/36/22%
Gen   66 | fit 135.331 | fold Calmar 539.07/ 0.53/ 1.29/ 0.44 | fold DD 21/27/33/22%
Gen   71 | fit 137.958 | fold Calmar 549.08/ 0.71/ 1.35/ 0.68 | fold DD 21/25/33/19%
Gen   76 | fit 140.700 | fold Calmar 560.78/ 0.45/ 1.40/ 0.17 | fold DD 21/28/33/22%
Gen   81 | fit 142.600 | fold Calmar 568.68/ 0.38/ 1.26/ 0.08 | fold DD 21/29/34/21%
Gen   86 | fit 142.907 | fold Calmar 569.91/ 0.38/ 1.26/ 0.08 | fold DD 21/29/34/22%
Gen   91 | fit 143.242 | fold Calmar 570.72/ 0.36/ 1.08/ 0.81 | fold DD 21/30/34/18%
Gen   96 | fit 143.530 | fold Calmar 571.73/ 0.43/ 1.14/ 0.82 | fold DD 21/28/34/18%
Gen  101 | fit 143.545 | fold Calmar 571.73/ 0.43/ 1.20/ 0.82 | fold DD 21/28/34/18%
Gen  106 | fit 143.601 | fold Calmar 571.73/ 0.43/ 1.14/ 1.10 | fold DD 21/28/34/18%
Gen  111 | fit 143.615 | fold Calmar 571.73/ 0.43/ 1.20/ 1.10 | fold DD 21/28/34/18%
Gen  116 | fit 149.847 | fold Calmar 597.20/ 0.35/ 1.20/ 0.64 | fold DD 21/30/34/22%
Gen  121 | fit 149.847 | fold Calmar 597.20/ 0.35/ 1.20/ 0.64 | fold DD 21/30/34/22%
Gen  126 | fit 149.847 | fold Calmar 597.20/ 0.35/ 1.20/ 0.64 | fold DD 21/30/34/22%
Gen  131 | fit 149.847 | fold Calmar 597.20/ 0.35/ 1.20/ 0.64 | fold DD 21/30/34/22%
Gen  136 | fit 149.847 | fold Calmar 597.20/ 0.35/ 1.20/ 0.64 | fold DD 21/30/34/22%
Gen  141 | fit 149.847 | fold Calmar 597.20/ 0.35/ 1.20/ 0.64 | fold DD 21/30/34/22%
Gen  146 | fit 149.847 | fold Calmar 597.20/ 0.35/ 1.20/ 0.64 | fold DD 21/30/34/22%
Gen  151 | fit 149.847 | fold Calmar 597.20/ 0.35/ 1.20/ 0.64 | fold DD 21/30/34/22%
Gen  156 | fit 149.847 | fold Calmar 597.20/ 0.35/ 1.20/ 0.64 | fold DD 21/30/34/22%
Gen  161 | fit 149.847 | fold Calmar 597.20/ 0.35/ 1.20/ 0.64 | fold DD 21/30/34/22%
Gen  166 | fit 149.847 | fold Calmar 597.20/ 0.35/ 1.20/ 0.64 | fold DD 21/30/34/22%
Gen  171 | fit 149.847 | fold Calmar 597.20/ 0.35/ 1.20/ 0.64 | fold DD 21/30/34/22%
Gen  176 | fit 149.847 | fold Calmar 597.20/ 0.35/ 1.20/ 0.64 | fold DD 21/30/34/22%
Gen  181 | fit 149.847 | fold Calmar 597.20/ 0.35/ 1.20/ 0.64 | fold DD 21/30/34/22%
Gen  186 | fit 149.847 | fold Calmar 597.20/ 0.35/ 1.20/ 0.64 | fold DD 21/30/34/22%
Gen  191 | fit 149.847 | fold Calmar 597.20/ 0.35/ 1.20/ 0.64 | fold DD 21/30/34/22%
Gen  196 | fit 149.847 | fold Calmar 597.20/ 0.35/ 1.20/ 0.64 | fold DD 21/30/34/22%
Gen  201 | fit 149.847 | fold Calmar 597.20/ 0.35/ 1.20/ 0.64 | fold DD 21/30/34/22%
Gen  206 | fit 149.847 | fold Calmar 597.20/ 0.35/ 1.20/ 0.64 | fold DD 21/30/34/22%
Gen  211 | fit 149.852 | fold Calmar 597.22/ 0.35/ 1.20/ 0.64 | fold DD 21/30/34/22%
Gen  216 | fit 149.852 | fold Calmar 597.22/ 0.35/ 1.20/ 0.64 | fold DD 21/30/34/22%
Gen  221 | fit 149.852 | fold Calmar 597.22/ 0.35/ 1.20/ 0.64 | fold DD 21/30/34/22%
Gen  226 | fit 149.852 | fold Calmar 597.22/ 0.35/ 1.20/ 0.64 | fold DD 21/30/34/22%
Gen  231 | fit 149.852 | fold Calmar 597.22/ 0.35/ 1.20/ 0.64 | fold DD 21/30/34/22%
Gen  236 | fit 149.852 | fold Calmar 597.22/ 0.35/ 1.20/ 0.64 | fold DD 21/30/34/22%
Gen  241 | fit 149.852 | fold Calmar 597.22/ 0.35/ 1.20/ 0.64 | fold DD 21/30/34/22%
Gen  246 | fit 149.852 | fold Calmar 597.22/ 0.35/ 1.20/ 0.64 | fold DD 21/30/34/22%
Gen  251 | fit 149.852 | fold Calmar 597.22/ 0.35/ 1.20/ 0.64 | fold DD 21/30/34/22%
Gen  256 | fit 149.852 | fold Calmar 597.22/ 0.35/ 1.20/ 0.64 | fold DD 21/30/34/22%
Gen  261 | fit 149.852 | fold Calmar 597.22/ 0.35/ 1.20/ 0.64 | fold DD 21/30/34/22%
Gen  266 | fit 149.852 | fold Calmar 597.22/ 0.35/ 1.20/ 0.64 | fold DD 21/30/34/22%
Gen  271 | fit 149.852 | fold Calmar 597.22/ 0.35/ 1.20/ 0.64 | fold DD 21/30/34/22%
Gen  276 | fit 149.852 | fold Calmar 597.22/ 0.35/ 1.20/ 0.64 | fold DD 21/30/34/22%
Gen  281 | fit 149.852 | fold Calmar 597.22/ 0.35/ 1.20/ 0.64 | fold DD 21/30/34/22%
Gen  286 | fit 149.852 | fold Calmar 597.22/ 0.35/ 1.20/ 0.64 | fold DD 21/30/34/22%
Gen  291 | fit 149.852 | fold Calmar 597.22/ 0.35/ 1.20/ 0.64 | fold DD 21/30/34/22%
Gen  296 | fit 149.852 | fold Calmar 597.22/ 0.35/ 1.20/ 0.64 | fold DD 21/30/34/22%
Gen  301 | fit 149.852 | fold Calmar 597.22/ 0.35/ 1.20/ 0.64 | fold DD 21/30/34/22%
Gen  306 | fit 149.852 | fold Calmar 597.22/ 0.35/ 1.20/ 0.64 | fold DD 21/30/34/22%
Gen  311 | fit 149.852 | fold Calmar 597.22/ 0.35/ 1.20/ 0.64 | fold DD 21/30/34/22%
Gen  316 | fit 149.852 | fold Calmar 597.22/ 0.35/ 1.20/ 0.64 | fold DD 21/30/34/22%
Gen  321 | fit 149.852 | fold Calmar 597.22/ 0.35/ 1.20/ 0.64 | fold DD 21/30/34/22%
Gen  326 | fit 149.852 | fold Calmar 597.22/ 0.35/ 1.20/ 0.64 | fold DD 21/30/34/22%
Gen  331 | fit 149.852 | fold Calmar 597.22/ 0.35/ 1.20/ 0.64 | fold DD 21/30/34/22%
Gen  336 | fit 149.852 | fold Calmar 597.22/ 0.35/ 1.20/ 0.64 | fold DD 21/30/34/22%
Gen  341 | fit 149.852 | fold Calmar 597.22/ 0.35/ 1.20/ 0.64 | fold DD 21/30/34/22%
Gen  346 | fit 149.852 | fold Calmar 597.22/ 0.35/ 1.20/ 0.64 | fold DD 21/30/34/22%
Gen  351 | fit 149.852 | fold Calmar 597.22/ 0.35/ 1.20/ 0.64 | fold DD 21/30/34/22%
Gen  356 | fit 149.852 | fold Calmar 597.22/ 0.35/ 1.20/ 0.64 | fold DD 21/30/34/22%
Gen  361 | fit 149.852 | fold Calmar 597.22/ 0.35/ 1.20/ 0.64 | fold DD 21/30/34/22%
Gen  366 | fit 149.852 | fold Calmar 597.22/ 0.35/ 1.20/ 0.64 | fold DD 21/30/34/22%
Gen  371 | fit 149.852 | fold Calmar 597.22/ 0.35/ 1.20/ 0.64 | fold DD 21/30/34/22%
Gen  376 | fit 149.852 | fold Calmar 597.22/ 0.35/ 1.20/ 0.64 | fold DD 21/30/34/22%
Gen  381 | fit 149.852 | fold Calmar 597.22/ 0.35/ 1.20/ 0.64 | fold DD 21/30/34/22%
Gen  386 | fit 149.852 | fold Calmar 597.22/ 0.35/ 1.20/ 0.64 | fold DD 21/30/34/22%
Gen  391 | fit 149.852 | fold Calmar 597.22/ 0.35/ 1.20/ 0.64 | fold DD 21/30/34/22%
Gen  396 | fit 149.852 | fold Calmar 597.22/ 0.35/ 1.20/ 0.64 | fold DD 21/30/34/22%
Gen  401 | fit 149.852 | fold Calmar 597.22/ 0.35/ 1.20/ 0.64 | fold DD 21/30/34/22%
Gen  406 | fit 149.852 | fold Calmar 597.22/ 0.35/ 1.20/ 0.64 | fold DD 21/30/34/22%
Gen  411 | fit 149.852 | fold Calmar 597.22/ 0.35/ 1.20/ 0.64 | fold DD 21/30/34/22%
Gen  416 | fit 149.852 | fold Calmar 597.22/ 0.35/ 1.20/ 0.64 | fold DD 21/30/34/22%
Gen  421 | fit 149.852 | fold Calmar 597.22/ 0.35/ 1.20/ 0.64 | fold DD 21/30/34/22%
Gen  426 | fit 149.852 | fold Calmar 597.22/ 0.35/ 1.20/ 0.64 | fold DD 21/30/34/22%
Gen  431 | fit 149.852 | fold Calmar 597.22/ 0.35/ 1.20/ 0.64 | fold DD 21/30/34/22%
Gen  436 | fit 149.852 | fold Calmar 597.22/ 0.35/ 1.20/ 0.64 | fold DD 21/30/34/22%
Gen  441 | fit 149.852 | fold Calmar 597.22/ 0.35/ 1.20/ 0.64 | fold DD 21/30/34/22%
Gen  446 | fit 149.852 | fold Calmar 597.22/ 0.35/ 1.20/ 0.64 | fold DD 21/30/34/22%
Gen  451 | fit 149.852 | fold Calmar 597.22/ 0.35/ 1.20/ 0.64 | fold DD 21/30/34/22%
Gen  456 | fit 149.852 | fold Calmar 597.22/ 0.35/ 1.20/ 0.64 | fold DD 21/30/34/22%
Gen  461 | fit 149.852 | fold Calmar 597.22/ 0.35/ 1.20/ 0.64 | fold DD 21/30/34/22%
Gen  466 | fit 149.852 | fold Calmar 597.22/ 0.35/ 1.20/ 0.64 | fold DD 21/30/34/22%
Gen  471 | fit 149.852 | fold Calmar 597.22/ 0.35/ 1.20/ 0.64 | fold DD 21/30/34/22%
Gen  476 | fit 149.852 | fold Calmar 597.22/ 0.35/ 1.20/ 0.64 | fold DD 21/30/34/22%
Gen  481 | fit 149.852 | fold Calmar 597.22/ 0.35/ 1.20/ 0.64 | fold DD 21/30/34/22%
Gen  486 | fit 149.852 | fold Calmar 597.22/ 0.35/ 1.20/ 0.64 | fold DD 21/30/34/22%
Gen  491 | fit 149.852 | fold Calmar 597.22/ 0.35/ 1.20/ 0.64 | fold DD 21/30/34/22%
Gen  496 | fit 149.852 | fold Calmar 597.22/ 0.35/ 1.20/ 0.64 | fold DD 21/30/34/22%
Gen  501 | fit 149.852 | fold Calmar 597.22/ 0.35/ 1.20/ 0.64 | fold DD 21/30/34/22%
Gen  506 | fit 149.852 | fold Calmar 597.22/ 0.35/ 1.20/ 0.64 | fold DD 21/30/34/22%
Gen  511 | fit 149.852 | fold Calmar 597.22/ 0.35/ 1.20/ 0.64 | fold DD 21/30/34/22%
Gen  516 | fit 149.852 | fold Calmar 597.22/ 0.35/ 1.20/ 0.64 | fold DD 21/30/34/22%
Gen  521 | fit 149.852 | fold Calmar 597.22/ 0.35/ 1.20/ 0.64 | fold DD 21/30/34/22%
Gen  526 | fit 149.852 | fold Calmar 597.22/ 0.35/ 1.20/ 0.64 | fold DD 21/30/34/22%
Gen  531 | fit 149.852 | fold Calmar 597.22/ 0.35/ 1.20/ 0.64 | fold DD 21/30/34/22%
Gen  536 | fit 149.852 | fold Calmar 597.22/ 0.35/ 1.20/ 0.64 | fold DD 21/30/34/22%
Gen  541 | fit 149.852 | fold Calmar 597.22/ 0.35/ 1.20/ 0.64 | fold DD 21/30/34/22%
Gen  546 | fit 149.852 | fold Calmar 597.22/ 0.35/ 1.20/ 0.64 | fold DD 21/30/34/22%
Gen  551 | fit 149.852 | fold Calmar 597.22/ 0.35/ 1.20/ 0.64 | fold DD 21/30/34/22%
Gen  556 | fit 149.852 | fold Calmar 597.22/ 0.35/ 1.20/ 0.64 | fold DD 21/30/34/22%
Gen  561 | fit 149.852 | fold Calmar 597.22/ 0.35/ 1.20/ 0.64 | fold DD 21/30/34/22%
Gen  566 | fit 149.852 | fold Calmar 597.22/ 0.35/ 1.20/ 0.64 | fold DD 21/30/34/22%
Gen  571 | fit 149.852 | fold Calmar 597.22/ 0.35/ 1.20/ 0.64 | fold DD 21/30/34/22%
Gen  576 | fit 149.852 | fold Calmar 597.22/ 0.35/ 1.20/ 0.64 | fold DD 21/30/34/22%
Gen  581 | fit 149.852 | fold Calmar 597.22/ 0.35/ 1.20/ 0.64 | fold DD 21/30/34/22%
Gen  586 | fit 149.852 | fold Calmar 597.22/ 0.35/ 1.20/ 0.64 | fold DD 21/30/34/22%
Gen  591 | fit 149.852 | fold Calmar 597.22/ 0.35/ 1.20/ 0.64 | fold DD 21/30/34/22%
Gen  596 | fit 149.852 | fold Calmar 597.22/ 0.35/ 1.20/ 0.64 | fold DD 21/30/34/22%
Gen  601 | fit 149.852 | fold Calmar 597.22/ 0.35/ 1.20/ 0.64 | fold DD 21/30/34/22%
Gen  606 | fit 149.852 | fold Calmar 597.22/ 0.35/ 1.20/ 0.64 | fold DD 21/30/34/22%
Gen  611 | fit 149.852 | fold Calmar 597.22/ 0.35/ 1.20/ 0.64 | fold DD 21/30/34/22%
Gen  616 | fit 149.852 | fold Calmar 597.22/ 0.35/ 1.20/ 0.64 | fold DD 21/30/34/22%
Gen  621 | fit 149.852 | fold Calmar 597.22/ 0.35/ 1.20/ 0.64 | fold DD 21/30/34/22%
Gen  626 | fit 149.852 | fold Calmar 597.22/ 0.35/ 1.20/ 0.64 | fold DD 21/30/34/22%
Gen  631 | fit 149.852 | fold Calmar 597.22/ 0.35/ 1.20/ 0.64 | fold DD 21/30/34/22%
Gen  636 | fit 149.852 | fold Calmar 597.22/ 0.35/ 1.20/ 0.64 | fold DD 21/30/34/22%
Gen  641 | fit 149.852 | fold Calmar 597.22/ 0.35/ 1.20/ 0.64 | fold DD 21/30/34/22%
Gen  646 | fit 149.852 | fold Calmar 597.22/ 0.35/ 1.20/ 0.64 | fold DD 21/30/34/22%
Gen  651 | fit 149.852 | fold Calmar 597.22/ 0.35/ 1.20/ 0.64 | fold DD 21/30/34/22%
Gen  656 | fit 149.852 | fold Calmar 597.22/ 0.35/ 1.20/ 0.64 | fold DD 21/30/34/22%
Gen  661 | fit 149.852 | fold Calmar 597.22/ 0.35/ 1.20/ 0.64 | fold DD 21/30/34/22%
Gen  666 | fit 149.852 | fold Calmar 597.22/ 0.35/ 1.20/ 0.64 | fold DD 21/30/34/22%
Gen  671 | fit 149.852 | fold Calmar 597.22/ 0.35/ 1.20/ 0.64 | fold DD 21/30/34/22%
Gen  676 | fit 149.852 | fold Calmar 597.22/ 0.35/ 1.20/ 0.64 | fold DD 21/30/34/22%
Gen  681 | fit 149.852 | fold Calmar 597.22/ 0.35/ 1.20/ 0.64 | fold DD 21/30/34/22%
Gen  686 | fit 149.852 | fold Calmar 597.22/ 0.35/ 1.20/ 0.64 | fold DD 21/30/34/22%
Gen  691 | fit 149.852 | fold Calmar 597.22/ 0.35/ 1.20/ 0.64 | fold DD 21/30/34/22%
Gen  696 | fit 149.852 | fold Calmar 597.22/ 0.35/ 1.20/ 0.64 | fold DD 21/30/34/22%
Gen  701 | fit 149.852 | fold Calmar 597.22/ 0.35/ 1.20/ 0.64 | fold DD 21/30/34/22%
Gen  706 | fit 149.852 | fold Calmar 597.22/ 0.35/ 1.20/ 0.64 | fold DD 21/30/34/22%
Gen  711 | fit 149.852 | fold Calmar 597.22/ 0.35/ 1.20/ 0.64 | fold DD 21/30/34/22%
Gen  716 | fit 149.852 | fold Calmar 597.22/ 0.35/ 1.20/ 0.64 | fold DD 21/30/34/22%
Gen  721 | fit 149.852 | fold Calmar 597.22/ 0.35/ 1.20/ 0.64 | fold DD 21/30/34/22%
Gen  726 | fit 149.852 | fold Calmar 597.22/ 0.35/ 1.20/ 0.64 | fold DD 21/30/34/22%
Gen  731 | fit 149.852 | fold Calmar 597.22/ 0.35/ 1.20/ 0.64 | fold DD 21/30/34/22%
Gen  736 | fit 149.852 | fold Calmar 597.22/ 0.35/ 1.20/ 0.64 | fold DD 21/30/34/22%
Gen  741 | fit 149.852 | fold Calmar 597.22/ 0.35/ 1.20/ 0.64 | fold DD 21/30/34/22%
Gen  746 | fit 149.852 | fold Calmar 597.22/ 0.35/ 1.20/ 0.64 | fold DD 21/30/34/22%
Gen  751 | fit 149.852 | fold Calmar 597.22/ 0.35/ 1.20/ 0.64 | fold DD 21/30/34/22%
Gen  756 | fit 149.852 | fold Calmar 597.22/ 0.35/ 1.20/ 0.64 | fold DD 21/30/34/22%
Gen  761 | fit 149.852 | fold Calmar 597.22/ 0.35/ 1.20/ 0.64 | fold DD 21/30/34/22%
Gen  766 | fit 149.852 | fold Calmar 597.22/ 0.35/ 1.20/ 0.64 | fold DD 21/30/34/22%
Gen  771 | fit 149.852 | fold Calmar 597.22/ 0.35/ 1.20/ 0.64 | fold DD 21/30/34/22%
Gen  776 | fit 149.852 | fold Calmar 597.22/ 0.35/ 1.20/ 0.64 | fold DD 21/30/34/22%
Gen  781 | fit 149.852 | fold Calmar 597.22/ 0.35/ 1.20/ 0.64 | fold DD 21/30/34/22%
Gen  786 | fit 149.852 | fold Calmar 597.22/ 0.35/ 1.20/ 0.64 | fold DD 21/30/34/22%
Gen  791 | fit 149.852 | fold Calmar 597.22/ 0.35/ 1.20/ 0.64 | fold DD 21/30/34/22%
Gen  796 | fit 149.852 | fold Calmar 597.22/ 0.35/ 1.20/ 0.64 | fold DD 21/30/34/22%
Gen  801 | fit 149.852 | fold Calmar 597.22/ 0.35/ 1.20/ 0.64 | fold DD 21/30/34/22%
Gen  806 | fit 149.852 | fold Calmar 597.22/ 0.35/ 1.20/ 0.64 | fold DD 21/30/34/22%
Gen  811 | fit 149.852 | fold Calmar 597.22/ 0.35/ 1.20/ 0.64 | fold DD 21/30/34/22%
Gen  816 | fit 149.852 | fold Calmar 597.22/ 0.35/ 1.20/ 0.64 | fold DD 21/30/34/22%
Gen  821 | fit 149.852 | fold Calmar 597.22/ 0.35/ 1.20/ 0.64 | fold DD 21/30/34/22%
Gen  826 | fit 149.852 | fold Calmar 597.22/ 0.35/ 1.20/ 0.64 | fold DD 21/30/34/22%
Gen  831 | fit 149.852 | fold Calmar 597.22/ 0.35/ 1.20/ 0.64 | fold DD 21/30/34/22%
Gen  836 | fit 149.852 | fold Calmar 597.22/ 0.35/ 1.20/ 0.64 | fold DD 21/30/34/22%
Gen  841 | fit 149.852 | fold Calmar 597.22/ 0.35/ 1.20/ 0.64 | fold DD 21/30/34/22%
Gen  846 | fit 149.852 | fold Calmar 597.22/ 0.35/ 1.20/ 0.64 | fold DD 21/30/34/22%
Gen  851 | fit 149.852 | fold Calmar 597.22/ 0.35/ 1.20/ 0.64 | fold DD 21/30/34/22%
Gen  856 | fit 149.852 | fold Calmar 597.22/ 0.35/ 1.20/ 0.64 | fold DD 21/30/34/22%
Gen  861 | fit 149.852 | fold Calmar 597.22/ 0.35/ 1.20/ 0.64 | fold DD 21/30/34/22%
Gen  866 | fit 149.852 | fold Calmar 597.22/ 0.35/ 1.20/ 0.64 | fold DD 21/30/34/22%
Gen  871 | fit 149.852 | fold Calmar 597.22/ 0.35/ 1.20/ 0.64 | fold DD 21/30/34/22%
Gen  876 | fit 149.852 | fold Calmar 597.22/ 0.35/ 1.20/ 0.64 | fold DD 21/30/34/22%
Gen  881 | fit 149.852 | fold Calmar 597.22/ 0.35/ 1.20/ 0.64 | fold DD 21/30/34/22%
Gen  886 | fit 149.852 | fold Calmar 597.22/ 0.35/ 1.20/ 0.64 | fold DD 21/30/34/22%
Gen  891 | fit 149.852 | fold Calmar 597.22/ 0.35/ 1.20/ 0.64 | fold DD 21/30/34/22%
Gen  896 | fit 149.852 | fold Calmar 597.22/ 0.35/ 1.20/ 0.64 | fold DD 21/30/34/22%
Gen  901 | fit 149.852 | fold Calmar 597.22/ 0.35/ 1.20/ 0.64 | fold DD 21/30/34/22%
Gen  906 | fit 149.852 | fold Calmar 597.22/ 0.35/ 1.20/ 0.64 | fold DD 21/30/34/22%
Gen  911 | fit 149.852 | fold Calmar 597.22/ 0.35/ 1.20/ 0.64 | fold DD 21/30/34/22%
Gen  916 | fit 149.852 | fold Calmar 597.22/ 0.35/ 1.20/ 0.64 | fold DD 21/30/34/22%
Gen  921 | fit 149.852 | fold Calmar 597.22/ 0.35/ 1.20/ 0.64 | fold DD 21/30/34/22%
Gen  926 | fit 149.852 | fold Calmar 597.22/ 0.35/ 1.20/ 0.64 | fold DD 21/30/34/22%
Gen  931 | fit 149.852 | fold Calmar 597.22/ 0.35/ 1.20/ 0.64 | fold DD 21/30/34/22%
Gen  936 | fit 149.852 | fold Calmar 597.22/ 0.35/ 1.20/ 0.64 | fold DD 21/30/34/22%
Gen  941 | fit 149.852 | fold Calmar 597.22/ 0.35/ 1.20/ 0.64 | fold DD 21/30/34/22%
Gen  946 | fit 149.852 | fold Calmar 597.22/ 0.35/ 1.20/ 0.64 | fold DD 21/30/34/22%
Gen  951 | fit 149.852 | fold Calmar 597.22/ 0.35/ 1.20/ 0.64 | fold DD 21/30/34/22%
Gen  956 | fit 149.852 | fold Calmar 597.22/ 0.35/ 1.20/ 0.64 | fold DD 21/30/34/22%
Gen  961 | fit 149.852 | fold Calmar 597.22/ 0.35/ 1.20/ 0.64 | fold DD 21/30/34/22%
Gen  966 | fit 149.852 | fold Calmar 597.22/ 0.35/ 1.20/ 0.64 | fold DD 21/30/34/22%
Gen  971 | fit 149.852 | fold Calmar 597.22/ 0.35/ 1.20/ 0.64 | fold DD 21/30/34/22%
Gen  976 | fit 149.852 | fold Calmar 597.22/ 0.35/ 1.20/ 0.64 | fold DD 21/30/34/22%
Gen  981 | fit 149.852 | fold Calmar 597.22/ 0.35/ 1.20/ 0.64 | fold DD 21/30/34/22%
Gen  986 | fit 149.852 | fold Calmar 597.22/ 0.35/ 1.20/ 0.64 | fold DD 21/30/34/22%
Gen  991 | fit 149.852 | fold Calmar 597.22/ 0.35/ 1.20/ 0.64 | fold DD 21/30/34/22%
Gen  996 | fit 149.852 | fold Calmar 597.22/ 0.35/ 1.20/ 0.64 | fold DD 21/30/34/22%
Gen 1001 | fit 149.852 | fold Calmar 597.22/ 0.35/ 1.20/ 0.64 | fold DD 21/30/34/22%
Gen 1006 | fit 149.852 | fold Calmar 597.22/ 0.35/ 1.20/ 0.64 | fold DD 21/30/34/22%
Gen 1011 | fit 149.852 | fold Calmar 597.22/ 0.35/ 1.20/ 0.64 | fold DD 21/30/34/22%
Gen 1016 | fit 149.852 | fold Calmar 597.22/ 0.35/ 1.20/ 0.64 | fold DD 21/30/34/22%
Gen 1021 | fit 149.852 | fold Calmar 597.22/ 0.35/ 1.20/ 0.64 | fold DD 21/30/34/22%
Gen 1026 | fit 149.852 | fold Calmar 597.22/ 0.35/ 1.20/ 0.64 | fold DD 21/30/34/22%
Gen 1031 | fit 149.852 | fold Calmar 597.22/ 0.35/ 1.20/ 0.64 | fold DD 21/30/34/22%
Gen 1036 | fit 149.852 | fold Calmar 597.22/ 0.35/ 1.20/ 0.64 | fold DD 21/30/34/22%
Gen 1041 | fit 149.852 | fold Calmar 597.22/ 0.35/ 1.20/ 0.64 | fold DD 21/30/34/22%
Gen 1046 | fit 149.852 | fold Calmar 597.22/ 0.35/ 1.20/ 0.64 | fold DD 21/30/34/22%
Gen 1051 | fit 149.852 | fold Calmar 597.22/ 0.35/ 1.20/ 0.64 | fold DD 21/30/34/22%
Gen 1056 | fit 149.852 | fold Calmar 597.22/ 0.35/ 1.20/ 0.64 | fold DD 21/30/34/22%
Gen 1061 | fit 149.852 | fold Calmar 597.22/ 0.35/ 1.20/ 0.64 | fold DD 21/30/34/22%
Gen 1066 | fit 149.852 | fold Calmar 597.22/ 0.35/ 1.20/ 0.64 | fold DD 21/30/34/22%
Gen 1071 | fit 149.852 | fold Calmar 597.22/ 0.35/ 1.20/ 0.64 | fold DD 21/30/34/22%
Gen 1076 | fit 149.852 | fold Calmar 597.22/ 0.35/ 1.20/ 0.64 | fold DD 21/30/34/22%
Gen 1081 | fit 149.852 | fold Calmar 597.22/ 0.35/ 1.20/ 0.64 | fold DD 21/30/34/22%
Gen 1086 | fit 149.852 | fold Calmar 597.22/ 0.35/ 1.20/ 0.64 | fold DD 21/30/34/22%
Gen 1091 | fit 149.852 | fold Calmar 597.22/ 0.35/ 1.20/ 0.64 | fold DD 21/30/34/22%
Gen 1096 | fit 149.852 | fold Calmar 597.22/ 0.35/ 1.20/ 0.64 | fold DD 21/30/34/22%
Gen 1101 | fit 149.852 | fold Calmar 597.22/ 0.35/ 1.20/ 0.64 | fold DD 21/30/34/22%
Gen 1106 | fit 149.852 | fold Calmar 597.22/ 0.35/ 1.20/ 0.64 | fold DD 21/30/34/22%
Gen 1111 | fit 149.852 | fold Calmar 597.22/ 0.35/ 1.20/ 0.64 | fold DD 21/30/34/22%
Gen 1116 | fit 149.852 | fold Calmar 597.22/ 0.35/ 1.20/ 0.64 | fold DD 21/30/34/22%
Gen 1121 | fit 149.852 | fold Calmar 597.22/ 0.35/ 1.20/ 0.64 | fold DD 21/30/34/22%
Gen 1126 | fit 149.852 | fold Calmar 597.22/ 0.35/ 1.20/ 0.64 | fold DD 21/30/34/22%
Gen 1131 | fit 149.852 | fold Calmar 597.22/ 0.35/ 1.20/ 0.64 | fold DD 21/30/34/22%
Gen 1136 | fit 149.852 | fold Calmar 597.22/ 0.35/ 1.20/ 0.64 | fold DD 21/30/34/22%
Gen 1141 | fit 149.852 | fold Calmar 597.22/ 0.35/ 1.20/ 0.64 | fold DD 21/30/34/22%
Gen 1146 | fit 149.852 | fold Calmar 597.22/ 0.35/ 1.20/ 0.64 | fold DD 21/30/34/22%
Gen 1151 | fit 149.852 | fold Calmar 597.22/ 0.35/ 1.20/ 0.64 | fold DD 21/30/34/22%
Gen 1156 | fit 149.852 | fold Calmar 597.22/ 0.35/ 1.20/ 0.64 | fold DD 21/30/34/22%
Gen 1161 | fit 149.852 | fold Calmar 597.22/ 0.35/ 1.20/ 0.64 | fold DD 21/30/34/22%
Gen 1166 | fit 149.852 | fold Calmar 597.22/ 0.35/ 1.20/ 0.64 | fold DD 21/30/34/22%
Gen 1171 | fit 149.852 | fold Calmar 597.22/ 0.35/ 1.20/ 0.64 | fold DD 21/30/34/22%
Gen 1176 | fit 149.852 | fold Calmar 597.22/ 0.35/ 1.20/ 0.64 | fold DD 21/30/34/22%
Gen 1181 | fit 149.852 | fold Calmar 597.22/ 0.35/ 1.20/ 0.64 | fold DD 21/30/34/22%
Gen 1186 | fit 149.852 | fold Calmar 597.22/ 0.35/ 1.20/ 0.64 | fold DD 21/30/34/22%
Gen 1191 | fit 149.852 | fold Calmar 597.22/ 0.35/ 1.20/ 0.64 | fold DD 21/30/34/22%
Gen 1196 | fit 149.852 | fold Calmar 597.22/ 0.35/ 1.20/ 0.64 | fold DD 21/30/34/22%
Gen 1201 | fit 149.852 | fold Calmar 597.22/ 0.35/ 1.20/ 0.64 | fold DD 21/30/34/22%
Gen 1206 | fit 149.852 | fold Calmar 597.22/ 0.35/ 1.20/ 0.64 | fold DD 21/30/34/22%
Gen 1211 | fit 149.852 | fold Calmar 597.22/ 0.35/ 1.20/ 0.64 | fold DD 21/30/34/22%
Gen 1216 | fit 149.852 | fold Calmar 597.22/ 0.35/ 1.20/ 0.64 | fold DD 21/30/34/22%
Gen 1221 | fit 149.852 | fold Calmar 597.22/ 0.35/ 1.20/ 0.64 | fold DD 21/30/34/22%
Gen 1226 | fit 149.852 | fold Calmar 597.22/ 0.35/ 1.20/ 0.64 | fold DD 21/30/34/22%
Gen 1231 | fit 149.852 | fold Calmar 597.22/ 0.35/ 1.20/ 0.64 | fold DD 21/30/34/22%
Gen 1236 | fit 149.852 | fold Calmar 597.22/ 0.35/ 1.20/ 0.64 | fold DD 21/30/34/22%
Gen 1241 | fit 149.852 | fold Calmar 597.22/ 0.35/ 1.20/ 0.64 | fold DD 21/30/34/22%
Gen 1246 | fit 149.852 | fold Calmar 597.22/ 0.35/ 1.20/ 0.64 | fold DD 21/30/34/22%
Gen 1251 | fit 149.852 | fold Calmar 597.22/ 0.35/ 1.20/ 0.64 | fold DD 21/30/34/22%
Gen 1256 | fit 149.852 | fold Calmar 597.22/ 0.35/ 1.20/ 0.64 | fold DD 21/30/34/22%
Gen 1261 | fit 149.852 | fold Calmar 597.22/ 0.35/ 1.20/ 0.64 | fold DD 21/30/34/22%
Gen 1266 | fit 149.852 | fold Calmar 597.22/ 0.35/ 1.20/ 0.64 | fold DD 21/30/34/22%
Gen 1271 | fit 149.852 | fold Calmar 597.22/ 0.35/ 1.20/ 0.64 | fold DD 21/30/34/22%
Gen 1276 | fit 149.852 | fold Calmar 597.22/ 0.35/ 1.20/ 0.64 | fold DD 21/30/34/22%
Gen 1281 | fit 149.852 | fold Calmar 597.22/ 0.35/ 1.20/ 0.64 | fold DD 21/30/34/22%
Gen 1286 | fit 149.852 | fold Calmar 597.22/ 0.35/ 1.20/ 0.64 | fold DD 21/30/34/22%
Gen 1291 | fit 149.852 | fold Calmar 597.22/ 0.35/ 1.20/ 0.64 | fold DD 21/30/34/22%
Gen 1296 | fit 149.852 | fold Calmar 597.22/ 0.35/ 1.20/ 0.64 | fold DD 21/30/34/22%
Gen 1301 | fit 149.852 | fold Calmar 597.22/ 0.35/ 1.20/ 0.64 | fold DD 21/30/34/22%
Gen 1306 | fit 149.852 | fold Calmar 597.22/ 0.35/ 1.20/ 0.64 | fold DD 21/30/34/22%
Gen 1311 | fit 149.852 | fold Calmar 597.22/ 0.35/ 1.20/ 0.64 | fold DD 21/30/34/22%
Gen 1316 | fit 149.852 | fold Calmar 597.22/ 0.35/ 1.20/ 0.64 | fold DD 21/30/34/22%
Gen 1321 | fit 149.852 | fold Calmar 597.22/ 0.35/ 1.20/ 0.64 | fold DD 21/30/34/22%
Gen 1326 | fit 149.852 | fold Calmar 597.22/ 0.35/ 1.20/ 0.64 | fold DD 21/30/34/22%
Gen 1331 | fit 149.852 | fold Calmar 597.22/ 0.35/ 1.20/ 0.64 | fold DD 21/30/34/22%
Gen 1336 | fit 149.852 | fold Calmar 597.22/ 0.35/ 1.20/ 0.64 | fold DD 21/30/34/22%
Gen 1341 | fit 149.852 | fold Calmar 597.22/ 0.35/ 1.20/ 0.64 | fold DD 21/30/34/22%
Gen 1346 | fit 149.852 | fold Calmar 597.22/ 0.35/ 1.20/ 0.64 | fold DD 21/30/34/22%
Gen 1351 | fit 149.852 | fold Calmar 597.22/ 0.35/ 1.20/ 0.64 | fold DD 21/30/34/22%
Gen 1356 | fit 149.852 | fold Calmar 597.22/ 0.35/ 1.20/ 0.64 | fold DD 21/30/34/22%
Gen 1361 | fit 149.852 | fold Calmar 597.22/ 0.35/ 1.20/ 0.64 | fold DD 21/30/34/22%
Gen 1366 | fit 149.852 | fold Calmar 597.22/ 0.35/ 1.20/ 0.64 | fold DD 21/30/34/22%
Gen 1371 | fit 149.852 | fold Calmar 597.22/ 0.35/ 1.20/ 0.64 | fold DD 21/30/34/22%
Gen 1376 | fit 149.852 | fold Calmar 597.22/ 0.35/ 1.20/ 0.64 | fold DD 21/30/34/22%
Gen 1381 | fit 149.852 | fold Calmar 597.22/ 0.35/ 1.20/ 0.64 | fold DD 21/30/34/22%
Gen 1386 | fit 149.852 | fold Calmar 597.22/ 0.35/ 1.20/ 0.64 | fold DD 21/30/34/22%
Gen 1391 | fit 149.852 | fold Calmar 597.22/ 0.35/ 1.20/ 0.64 | fold DD 21/30/34/22%
Gen 1396 | fit 149.852 | fold Calmar 597.22/ 0.35/ 1.20/ 0.64 | fold DD 21/30/34/22%
Gen 1401 | fit 149.852 | fold Calmar 597.22/ 0.35/ 1.20/ 0.64 | fold DD 21/30/34/22%
Gen 1406 | fit 149.852 | fold Calmar 597.22/ 0.35/ 1.20/ 0.64 | fold DD 21/30/34/22%
Gen 1411 | fit 149.852 | fold Calmar 597.22/ 0.35/ 1.20/ 0.64 | fold DD 21/30/34/22%
Gen 1416 | fit 149.852 | fold Calmar 597.22/ 0.35/ 1.20/ 0.64 | fold DD 21/30/34/22%
Gen 1421 | fit 149.852 | fold Calmar 597.22/ 0.35/ 1.20/ 0.64 | fold DD 21/30/34/22%
Gen 1426 | fit 149.852 | fold Calmar 597.22/ 0.35/ 1.20/ 0.64 | fold DD 21/30/34/22%
Gen 1431 | fit 149.852 | fold Calmar 597.22/ 0.35/ 1.20/ 0.64 | fold DD 21/30/34/22%
Gen 1436 | fit 149.852 | fold Calmar 597.22/ 0.35/ 1.20/ 0.64 | fold DD 21/30/34/22%
Gen 1441 | fit 149.852 | fold Calmar 597.22/ 0.35/ 1.20/ 0.64 | fold DD 21/30/34/22%
Gen 1446 | fit 149.852 | fold Calmar 597.22/ 0.35/ 1.20/ 0.64 | fold DD 21/30/34/22%
Gen 1451 | fit 149.852 | fold Calmar 597.22/ 0.35/ 1.20/ 0.64 | fold DD 21/30/34/22%
Gen 1456 | fit 149.852 | fold Calmar 597.22/ 0.35/ 1.20/ 0.64 | fold DD 21/30/34/22%
Gen 1461 | fit 149.852 | fold Calmar 597.22/ 0.35/ 1.20/ 0.64 | fold DD 21/30/34/22%
Gen 1466 | fit 149.852 | fold Calmar 597.22/ 0.35/ 1.20/ 0.64 | fold DD 21/30/34/22%
Gen 1471 | fit 149.852 | fold Calmar 597.22/ 0.35/ 1.20/ 0.64 | fold DD 21/30/34/22%
Gen 1476 | fit 149.852 | fold Calmar 597.22/ 0.35/ 1.20/ 0.64 | fold DD 21/30/34/22%
Gen 1481 | fit 149.852 | fold Calmar 597.22/ 0.35/ 1.20/ 0.64 | fold DD 21/30/34/22%
Gen 1486 | fit 149.852 | fold Calmar 597.22/ 0.35/ 1.20/ 0.64 | fold DD 21/30/34/22%
Gen 1491 | fit 149.852 | fold Calmar 597.22/ 0.35/ 1.20/ 0.64 | fold DD 21/30/34/22%
Gen 1496 | fit 149.852 | fold Calmar 597.22/ 0.35/ 1.20/ 0.64 | fold DD 21/30/34/22%
Gen 1501 | fit 149.852 | fold Calmar 597.22/ 0.35/ 1.20/ 0.64 | fold DD 21/30/34/22%
Gen 1506 | fit 149.852 | fold Calmar 597.22/ 0.35/ 1.20/ 0.64 | fold DD 21/30/34/22%
Gen 1511 | fit 149.852 | fold Calmar 597.22/ 0.35/ 1.20/ 0.64 | fold DD 21/30/34/22%
Gen 1516 | fit 149.852 | fold Calmar 597.22/ 0.35/ 1.20/ 0.64 | fold DD 21/30/34/22%
Gen 1521 | fit 149.852 | fold Calmar 597.22/ 0.35/ 1.20/ 0.64 | fold DD 21/30/34/22%
Gen 1526 | fit 149.852 | fold Calmar 597.22/ 0.35/ 1.20/ 0.64 | fold DD 21/30/34/22%
Gen 1531 | fit 149.852 | fold Calmar 597.22/ 0.35/ 1.20/ 0.64 | fold DD 21/30/34/22%
Gen 1536 | fit 149.852 | fold Calmar 597.22/ 0.35/ 1.20/ 0.64 | fold DD 21/30/34/22%
Gen 1541 | fit 149.852 | fold Calmar 597.22/ 0.35/ 1.20/ 0.64 | fold DD 21/30/34/22%
Gen 1546 | fit 149.852 | fold Calmar 597.22/ 0.35/ 1.20/ 0.64 | fold DD 21/30/34/22%
Gen 1551 | fit 149.852 | fold Calmar 597.22/ 0.35/ 1.20/ 0.64 | fold DD 21/30/34/22%
Gen 1556 | fit 149.852 | fold Calmar 597.22/ 0.35/ 1.20/ 0.64 | fold DD 21/30/34/22%
Gen 1561 | fit 149.852 | fold Calmar 597.22/ 0.35/ 1.20/ 0.64 | fold DD 21/30/34/22%
Gen 1566 | fit 149.852 | fold Calmar 597.22/ 0.35/ 1.20/ 0.64 | fold DD 21/30/34/22%
Gen 1571 | fit 149.852 | fold Calmar 597.22/ 0.35/ 1.20/ 0.64 | fold DD 21/30/34/22%
Gen 1576 | fit 149.852 | fold Calmar 597.22/ 0.35/ 1.20/ 0.64 | fold DD 21/30/34/22%
Gen 1581 | fit 149.852 | fold Calmar 597.22/ 0.35/ 1.20/ 0.64 | fold DD 21/30/34/22%
Gen 1586 | fit 149.852 | fold Calmar 597.22/ 0.35/ 1.20/ 0.64 | fold DD 21/30/34/22%
Gen 1591 | fit 149.852 | fold Calmar 597.22/ 0.35/ 1.20/ 0.64 | fold DD 21/30/34/22%
Gen 1596 | fit 149.852 | fold Calmar 597.22/ 0.35/ 1.20/ 0.64 | fold DD 21/30/34/22%
Gen 1601 | fit 149.852 | fold Calmar 597.22/ 0.35/ 1.20/ 0.64 | fold DD 21/30/34/22%
Gen 1606 | fit 149.852 | fold Calmar 597.22/ 0.35/ 1.20/ 0.64 | fold DD 21/30/34/22%
Gen 1611 | fit 149.852 | fold Calmar 597.22/ 0.35/ 1.20/ 0.64 | fold DD 21/30/34/22%
Gen 1616 | fit 149.852 | fold Calmar 597.22/ 0.35/ 1.20/ 0.64 | fold DD 21/30/34/22%
Gen 1621 | fit 149.852 | fold Calmar 597.22/ 0.35/ 1.20/ 0.64 | fold DD 21/30/34/22%
Gen 1626 | fit 149.852 | fold Calmar 597.22/ 0.35/ 1.20/ 0.64 | fold DD 21/30/34/22%
Gen 1631 | fit 149.852 | fold Calmar 597.22/ 0.35/ 1.20/ 0.64 | fold DD 21/30/34/22%
Gen 1636 | fit 149.852 | fold Calmar 597.22/ 0.35/ 1.20/ 0.64 | fold DD 21/30/34/22%
Gen 1641 | fit 149.852 | fold Calmar 597.22/ 0.35/ 1.20/ 0.64 | fold DD 21/30/34/22%
Gen 1646 | fit 149.852 | fold Calmar 597.22/ 0.35/ 1.20/ 0.64 | fold DD 21/30/34/22%
Gen 1651 | fit 149.852 | fold Calmar 597.22/ 0.35/ 1.20/ 0.64 | fold DD 21/30/34/22%
Gen 1656 | fit 149.852 | fold Calmar 597.22/ 0.35/ 1.20/ 0.64 | fold DD 21/30/34/22%
Gen 1661 | fit 149.852 | fold Calmar 597.22/ 0.35/ 1.20/ 0.64 | fold DD 21/30/34/22%
Gen 1666 | fit 149.852 | fold Calmar 597.22/ 0.35/ 1.20/ 0.64 | fold DD 21/30/34/22%
Gen 1671 | fit 149.852 | fold Calmar 597.22/ 0.35/ 1.20/ 0.64 | fold DD 21/30/34/22%
Gen 1676 | fit 149.852 | fold Calmar 597.22/ 0.35/ 1.20/ 0.64 | fold DD 21/30/34/22%
Gen 1681 | fit 149.852 | fold Calmar 597.22/ 0.35/ 1.20/ 0.64 | fold DD 21/30/34/22%
Gen 1686 | fit 149.852 | fold Calmar 597.22/ 0.35/ 1.20/ 0.64 | fold DD 21/30/34/22%
Gen 1691 | fit 149.852 | fold Calmar 597.22/ 0.35/ 1.20/ 0.64 | fold DD 21/30/34/22%
Gen 1696 | fit 149.852 | fold Calmar 597.22/ 0.35/ 1.20/ 0.64 | fold DD 21/30/34/22%
Gen 1701 | fit 149.852 | fold Calmar 597.22/ 0.35/ 1.20/ 0.64 | fold DD 21/30/34/22%
Gen 1706 | fit 149.852 | fold Calmar 597.22/ 0.35/ 1.20/ 0.64 | fold DD 21/30/34/22%
Gen 1711 | fit 149.852 | fold Calmar 597.22/ 0.35/ 1.20/ 0.64 | fold DD 21/30/34/22%
Gen 1716 | fit 149.852 | fold Calmar 597.22/ 0.35/ 1.20/ 0.64 | fold DD 21/30/34/22%
Gen 1721 | fit 149.852 | fold Calmar 597.22/ 0.35/ 1.20/ 0.64 | fold DD 21/30/34/22%
Gen 1726 | fit 149.852 | fold Calmar 597.22/ 0.35/ 1.20/ 0.64 | fold DD 21/30/34/22%
Gen 1731 | fit 149.852 | fold Calmar 597.22/ 0.35/ 1.20/ 0.64 | fold DD 21/30/34/22%
Gen 1736 | fit 149.852 | fold Calmar 597.22/ 0.35/ 1.20/ 0.64 | fold DD 21/30/34/22%
Gen 1741 | fit 149.852 | fold Calmar 597.22/ 0.35/ 1.20/ 0.64 | fold DD 21/30/34/22%
Gen 1746 | fit 149.852 | fold Calmar 597.22/ 0.35/ 1.20/ 0.64 | fold DD 21/30/34/22%
Gen 1751 | fit 149.852 | fold Calmar 597.22/ 0.35/ 1.20/ 0.64 | fold DD 21/30/34/22%
Gen 1756 | fit 149.852 | fold Calmar 597.22/ 0.35/ 1.20/ 0.64 | fold DD 21/30/34/22%
Gen 1761 | fit 149.852 | fold Calmar 597.22/ 0.35/ 1.20/ 0.64 | fold DD 21/30/34/22%
Gen 1766 | fit 149.852 | fold Calmar 597.22/ 0.35/ 1.20/ 0.64 | fold DD 21/30/34/22%
Gen 1771 | fit 149.852 | fold Calmar 597.22/ 0.35/ 1.20/ 0.64 | fold DD 21/30/34/22%
Gen 1776 | fit 149.852 | fold Calmar 597.22/ 0.35/ 1.20/ 0.64 | fold DD 21/30/34/22%
Gen 1781 | fit 149.852 | fold Calmar 597.22/ 0.35/ 1.20/ 0.64 | fold DD 21/30/34/22%
Gen 1786 | fit 149.852 | fold Calmar 597.22/ 0.35/ 1.20/ 0.64 | fold DD 21/30/34/22%
Gen 1791 | fit 149.852 | fold Calmar 597.22/ 0.35/ 1.20/ 0.64 | fold DD 21/30/34/22%
Gen 1796 | fit 149.852 | fold Calmar 597.22/ 0.35/ 1.20/ 0.64 | fold DD 21/30/34/22%
Gen 1801 | fit 149.852 | fold Calmar 597.22/ 0.35/ 1.20/ 0.64 | fold DD 21/30/34/22%
Gen 1806 | fit 149.852 | fold Calmar 597.22/ 0.35/ 1.20/ 0.64 | fold DD 21/30/34/22%
Gen 1811 | fit 149.852 | fold Calmar 597.22/ 0.35/ 1.20/ 0.64 | fold DD 21/30/34/22%
Gen 1816 | fit 149.852 | fold Calmar 597.22/ 0.35/ 1.20/ 0.64 | fold DD 21/30/34/22%
Gen 1821 | fit 149.852 | fold Calmar 597.22/ 0.35/ 1.20/ 0.64 | fold DD 21/30/34/22%
Gen 1826 | fit 149.852 | fold Calmar 597.22/ 0.35/ 1.20/ 0.64 | fold DD 21/30/34/22%
Gen 1831 | fit 149.852 | fold Calmar 597.22/ 0.35/ 1.20/ 0.64 | fold DD 21/30/34/22%
Gen 1836 | fit 149.852 | fold Calmar 597.22/ 0.35/ 1.20/ 0.64 | fold DD 21/30/34/22%
Gen 1841 | fit 149.852 | fold Calmar 597.22/ 0.35/ 1.20/ 0.64 | fold DD 21/30/34/22%
Gen 1846 | fit 149.852 | fold Calmar 597.22/ 0.35/ 1.20/ 0.64 | fold DD 21/30/34/22%
Gen 1851 | fit 149.852 | fold Calmar 597.22/ 0.35/ 1.20/ 0.64 | fold DD 21/30/34/22%
Gen 1856 | fit 149.852 | fold Calmar 597.22/ 0.35/ 1.20/ 0.64 | fold DD 21/30/34/22%
Gen 1861 | fit 149.852 | fold Calmar 597.22/ 0.35/ 1.20/ 0.64 | fold DD 21/30/34/22%
Gen 1866 | fit 149.852 | fold Calmar 597.22/ 0.35/ 1.20/ 0.64 | fold DD 21/30/34/22%
Gen 1871 | fit 149.852 | fold Calmar 597.22/ 0.35/ 1.20/ 0.64 | fold DD 21/30/34/22%
Gen 1876 | fit 149.852 | fold Calmar 597.22/ 0.35/ 1.20/ 0.64 | fold DD 21/30/34/22%
Gen 1881 | fit 149.852 | fold Calmar 597.22/ 0.35/ 1.20/ 0.64 | fold DD 21/30/34/22%
Gen 1886 | fit 149.852 | fold Calmar 597.22/ 0.35/ 1.20/ 0.64 | fold DD 21/30/34/22%
Gen 1891 | fit 149.852 | fold Calmar 597.22/ 0.35/ 1.20/ 0.64 | fold DD 21/30/34/22%
Gen 1896 | fit 149.852 | fold Calmar 597.22/ 0.35/ 1.20/ 0.64 | fold DD 21/30/34/22%
Gen 1901 | fit 149.852 | fold Calmar 597.22/ 0.35/ 1.20/ 0.64 | fold DD 21/30/34/22%
Gen 1906 | fit 149.852 | fold Calmar 597.22/ 0.35/ 1.20/ 0.64 | fold DD 21/30/34/22%
Gen 1911 | fit 149.852 | fold Calmar 597.22/ 0.35/ 1.20/ 0.64 | fold DD 21/30/34/22%
Gen 1916 | fit 149.852 | fold Calmar 597.22/ 0.35/ 1.20/ 0.64 | fold DD 21/30/34/22%
Gen 1921 | fit 149.852 | fold Calmar 597.22/ 0.35/ 1.20/ 0.64 | fold DD 21/30/34/22%
Gen 1926 | fit 149.852 | fold Calmar 597.22/ 0.35/ 1.20/ 0.64 | fold DD 21/30/34/22%
Gen 1931 | fit 149.852 | fold Calmar 597.22/ 0.35/ 1.20/ 0.64 | fold DD 21/30/34/22%
Gen 1936 | fit 149.852 | fold Calmar 597.22/ 0.35/ 1.20/ 0.64 | fold DD 21/30/34/22%
Gen 1941 | fit 149.852 | fold Calmar 597.22/ 0.35/ 1.20/ 0.64 | fold DD 21/30/34/22%
Gen 1946 | fit 149.852 | fold Calmar 597.22/ 0.35/ 1.20/ 0.64 | fold DD 21/30/34/22%
Gen 1951 | fit 149.852 | fold Calmar 597.22/ 0.35/ 1.20/ 0.64 | fold DD 21/30/34/22%
Gen 1956 | fit 149.852 | fold Calmar 597.22/ 0.35/ 1.20/ 0.64 | fold DD 21/30/34/22%
Gen 1961 | fit 149.852 | fold Calmar 597.22/ 0.35/ 1.20/ 0.64 | fold DD 21/30/34/22%
Gen 1966 | fit 149.852 | fold Calmar 597.22/ 0.35/ 1.20/ 0.64 | fold DD 21/30/34/22%
Gen 1971 | fit 149.852 | fold Calmar 597.22/ 0.35/ 1.20/ 0.64 | fold DD 21/30/34/22%
Gen 1976 | fit 149.852 | fold Calmar 597.22/ 0.35/ 1.20/ 0.64 | fold DD 21/30/34/22%
Gen 1981 | fit 149.852 | fold Calmar 597.22/ 0.35/ 1.20/ 0.64 | fold DD 21/30/34/22%
Gen 1986 | fit 149.852 | fold Calmar 597.22/ 0.35/ 1.20/ 0.64 | fold DD 21/30/34/22%
Gen 1991 | fit 149.852 | fold Calmar 597.22/ 0.35/ 1.20/ 0.64 | fold DD 21/30/34/22%
Gen 1996 | fit 149.852 | fold Calmar 597.22/ 0.35/ 1.20/ 0.64 | fold DD 21/30/34/22%
Gen 2001 | fit 149.852 | fold Calmar 597.22/ 0.35/ 1.20/ 0.64 | fold DD 21/30/34/22%
Gen 2006 | fit 149.852 | fold Calmar 597.22/ 0.35/ 1.20/ 0.64 | fold DD 21/30/34/22%
Gen 2011 | fit 149.852 | fold Calmar 597.22/ 0.35/ 1.20/ 0.64 | fold DD 21/30/34/22%
Gen 2016 | fit 149.852 | fold Calmar 597.22/ 0.35/ 1.20/ 0.64 | fold DD 21/30/34/22%
Gen 2021 | fit 149.852 | fold Calmar 597.22/ 0.35/ 1.20/ 0.64 | fold DD 21/30/34/22%
Gen 2026 | fit 149.852 | fold Calmar 597.22/ 0.35/ 1.20/ 0.64 | fold DD 21/30/34/22%
Gen 2031 | fit 149.852 | fold Calmar 597.22/ 0.35/ 1.20/ 0.64 | fold DD 21/30/34/22%
Gen 2036 | fit 149.852 | fold Calmar 597.22/ 0.35/ 1.20/ 0.64 | fold DD 21/30/34/22%
Gen 2041 | fit 149.852 | fold Calmar 597.22/ 0.35/ 1.20/ 0.64 | fold DD 21/30/34/22%
Gen 2046 | fit 149.852 | fold Calmar 597.22/ 0.35/ 1.20/ 0.64 | fold DD 21/30/34/22%
Gen 2051 | fit 149.852 | fold Calmar 597.22/ 0.35/ 1.20/ 0.64 | fold DD 21/30/34/22%
Gen 2056 | fit 149.852 | fold Calmar 597.22/ 0.35/ 1.20/ 0.64 | fold DD 21/30/34/22%
Gen 2061 | fit 149.852 | fold Calmar 597.22/ 0.35/ 1.20/ 0.64 | fold DD 21/30/34/22%
Gen 2066 | fit 149.852 | fold Calmar 597.22/ 0.35/ 1.20/ 0.64 | fold DD 21/30/34/22%
Gen 2071 | fit 149.852 | fold Calmar 597.22/ 0.35/ 1.20/ 0.64 | fold DD 21/30/34/22%
Gen 2076 | fit 149.852 | fold Calmar 597.22/ 0.35/ 1.20/ 0.64 | fold DD 21/30/34/22%
Gen 2081 | fit 149.852 | fold Calmar 597.22/ 0.35/ 1.20/ 0.64 | fold DD 21/30/34/22%
Gen 2086 | fit 149.852 | fold Calmar 597.22/ 0.35/ 1.20/ 0.64 | fold DD 21/30/34/22%
Gen 2091 | fit 149.852 | fold Calmar 597.22/ 0.35/ 1.20/ 0.64 | fold DD 21/30/34/22%
Gen 2096 | fit 149.852 | fold Calmar 597.22/ 0.35/ 1.20/ 0.64 | fold DD 21/30/34/22%
Gen 2101 | fit 149.852 | fold Calmar 597.22/ 0.35/ 1.20/ 0.64 | fold DD 21/30/34/22%
Gen 2106 | fit 149.852 | fold Calmar 597.22/ 0.35/ 1.20/ 0.64 | fold DD 21/30/34/22%
Gen 2111 | fit 149.852 | fold Calmar 597.22/ 0.35/ 1.20/ 0.64 | fold DD 21/30/34/22%
Gen 2116 | fit 149.852 | fold Calmar 597.22/ 0.35/ 1.20/ 0.64 | fold DD 21/30/34/22%
Gen 2121 | fit 149.852 | fold Calmar 597.22/ 0.35/ 1.20/ 0.64 | fold DD 21/30/34/22%
Gen 2126 | fit 149.852 | fold Calmar 597.22/ 0.35/ 1.20/ 0.64 | fold DD 21/30/34/22%
Gen 2131 | fit 149.852 | fold Calmar 597.22/ 0.35/ 1.20/ 0.64 | fold DD 21/30/34/22%
Gen 2136 | fit 149.852 | fold Calmar 597.22/ 0.35/ 1.20/ 0.64 | fold DD 21/30/34/22%
Gen 2141 | fit 149.852 | fold Calmar 597.22/ 0.35/ 1.20/ 0.64 | fold DD 21/30/34/22%
Gen 2146 | fit 149.852 | fold Calmar 597.22/ 0.35/ 1.20/ 0.64 | fold DD 21/30/34/22%
Gen 2151 | fit 149.852 | fold Calmar 597.22/ 0.35/ 1.20/ 0.64 | fold DD 21/30/34/22%
Gen 2156 | fit 149.852 | fold Calmar 597.22/ 0.35/ 1.20/ 0.64 | fold DD 21/30/34/22%
Gen 2161 | fit 149.852 | fold Calmar 597.22/ 0.35/ 1.20/ 0.64 | fold DD 21/30/34/22%
Gen 2166 | fit 149.852 | fold Calmar 597.22/ 0.35/ 1.20/ 0.64 | fold DD 21/30/34/22%
Gen 2171 | fit 149.852 | fold Calmar 597.22/ 0.35/ 1.20/ 0.64 | fold DD 21/30/34/22%
Gen 2176 | fit 149.852 | fold Calmar 597.22/ 0.35/ 1.20/ 0.64 | fold DD 21/30/34/22%
Gen 2181 | fit 149.852 | fold Calmar 597.22/ 0.35/ 1.20/ 0.64 | fold DD 21/30/34/22%
Gen 2186 | fit 149.852 | fold Calmar 597.22/ 0.35/ 1.20/ 0.64 | fold DD 21/30/34/22%
Gen 2191 | fit 149.852 | fold Calmar 597.22/ 0.35/ 1.20/ 0.64 | fold DD 21/30/34/22%
Gen 2196 | fit 149.852 | fold Calmar 597.22/ 0.35/ 1.20/ 0.64 | fold DD 21/30/34/22%
Gen 2201 | fit 149.852 | fold Calmar 597.22/ 0.35/ 1.20/ 0.64 | fold DD 21/30/34/22%
Gen 2206 | fit 149.852 | fold Calmar 597.22/ 0.35/ 1.20/ 0.64 | fold DD 21/30/34/22%
Gen 2211 | fit 149.852 | fold Calmar 597.22/ 0.35/ 1.20/ 0.64 | fold DD 21/30/34/22%
Gen 2216 | fit 149.852 | fold Calmar 597.22/ 0.35/ 1.20/ 0.64 | fold DD 21/30/34/22%
Gen 2221 | fit 149.852 | fold Calmar 597.22/ 0.35/ 1.20/ 0.64 | fold DD 21/30/34/22%
Gen 2226 | fit 149.852 | fold Calmar 597.22/ 0.35/ 1.20/ 0.64 | fold DD 21/30/34/22%
Gen 2231 | fit 149.852 | fold Calmar 597.22/ 0.35/ 1.20/ 0.64 | fold DD 21/30/34/22%
Gen 2236 | fit 149.852 | fold Calmar 597.22/ 0.35/ 1.20/ 0.64 | fold DD 21/30/34/22%
Gen 2241 | fit 149.852 | fold Calmar 597.22/ 0.35/ 1.20/ 0.64 | fold DD 21/30/34/22%
Gen 2246 | fit 149.852 | fold Calmar 597.22/ 0.35/ 1.20/ 0.64 | fold DD 21/30/34/22%
Gen 2251 | fit 149.852 | fold Calmar 597.22/ 0.35/ 1.20/ 0.64 | fold DD 21/30/34/22%
Gen 2256 | fit 149.852 | fold Calmar 597.22/ 0.35/ 1.20/ 0.64 | fold DD 21/30/34/22%
Gen 2261 | fit 149.852 | fold Calmar 597.22/ 0.35/ 1.20/ 0.64 | fold DD 21/30/34/22%
Gen 2266 | fit 149.852 | fold Calmar 597.22/ 0.35/ 1.20/ 0.64 | fold DD 21/30/34/22%
Gen 2271 | fit 149.852 | fold Calmar 597.22/ 0.35/ 1.20/ 0.64 | fold DD 21/30/34/22%
Gen 2276 | fit 149.852 | fold Calmar 597.22/ 0.35/ 1.20/ 0.64 | fold DD 21/30/34/22%
Gen 2281 | fit 149.852 | fold Calmar 597.22/ 0.35/ 1.20/ 0.64 | fold DD 21/30/34/22%
Gen 2286 | fit 149.852 | fold Calmar 597.22/ 0.35/ 1.20/ 0.64 | fold DD 21/30/34/22%
Gen 2291 | fit 149.852 | fold Calmar 597.22/ 0.35/ 1.20/ 0.64 | fold DD 21/30/34/22%
Gen 2296 | fit 149.852 | fold Calmar 597.22/ 0.35/ 1.20/ 0.64 | fold DD 21/30/34/22%
Gen 2301 | fit 149.852 | fold Calmar 597.22/ 0.35/ 1.20/ 0.64 | fold DD 21/30/34/22%
Gen 2306 | fit 149.852 | fold Calmar 597.22/ 0.35/ 1.20/ 0.64 | fold DD 21/30/34/22%
Gen 2311 | fit 149.852 | fold Calmar 597.22/ 0.35/ 1.20/ 0.64 | fold DD 21/30/34/22%
Gen 2316 | fit 149.852 | fold Calmar 597.22/ 0.35/ 1.20/ 0.64 | fold DD 21/30/34/22%
Gen 2321 | fit 149.852 | fold Calmar 597.22/ 0.35/ 1.20/ 0.64 | fold DD 21/30/34/22%
Gen 2326 | fit 149.852 | fold Calmar 597.22/ 0.35/ 1.20/ 0.64 | fold DD 21/30/34/22%
Gen 2331 | fit 149.852 | fold Calmar 597.22/ 0.35/ 1.20/ 0.64 | fold DD 21/30/34/22%
Gen 2336 | fit 149.852 | fold Calmar 597.22/ 0.35/ 1.20/ 0.64 | fold DD 21/30/34/22%
Gen 2341 | fit 149.852 | fold Calmar 597.22/ 0.35/ 1.20/ 0.64 | fold DD 21/30/34/22%
Gen 2346 | fit 149.852 | fold Calmar 597.22/ 0.35/ 1.20/ 0.64 | fold DD 21/30/34/22%
Gen 2351 | fit 149.852 | fold Calmar 597.22/ 0.35/ 1.20/ 0.64 | fold DD 21/30/34/22%
Gen 2356 | fit 149.852 | fold Calmar 597.22/ 0.35/ 1.20/ 0.64 | fold DD 21/30/34/22%
Gen 2361 | fit 149.852 | fold Calmar 597.22/ 0.35/ 1.20/ 0.64 | fold DD 21/30/34/22%
Gen 2366 | fit 149.852 | fold Calmar 597.22/ 0.35/ 1.20/ 0.64 | fold DD 21/30/34/22%
Gen 2371 | fit 149.852 | fold Calmar 597.22/ 0.35/ 1.20/ 0.64 | fold DD 21/30/34/22%
Gen 2376 | fit 149.852 | fold Calmar 597.22/ 0.35/ 1.20/ 0.64 | fold DD 21/30/34/22%
Gen 2381 | fit 149.852 | fold Calmar 597.22/ 0.35/ 1.20/ 0.64 | fold DD 21/30/34/22%
Gen 2386 | fit 149.852 | fold Calmar 597.22/ 0.35/ 1.20/ 0.64 | fold DD 21/30/34/22%
Gen 2391 | fit 149.852 | fold Calmar 597.22/ 0.35/ 1.20/ 0.64 | fold DD 21/30/34/22%
Gen 2396 | fit 149.852 | fold Calmar 597.22/ 0.35/ 1.20/ 0.64 | fold DD 21/30/34/22%
Gen 2401 | fit 149.852 | fold Calmar 597.22/ 0.35/ 1.20/ 0.64 | fold DD 21/30/34/22%
Gen 2406 | fit 149.852 | fold Calmar 597.22/ 0.35/ 1.20/ 0.64 | fold DD 21/30/34/22%
Gen 2411 | fit 149.852 | fold Calmar 597.22/ 0.35/ 1.20/ 0.64 | fold DD 21/30/34/22%
Gen 2416 | fit 149.852 | fold Calmar 597.22/ 0.35/ 1.20/ 0.64 | fold DD 21/30/34/22%
Gen 2421 | fit 149.852 | fold Calmar 597.22/ 0.35/ 1.20/ 0.64 | fold DD 21/30/34/22%
Gen 2426 | fit 149.852 | fold Calmar 597.22/ 0.35/ 1.20/ 0.64 | fold DD 21/30/34/22%
Gen 2431 | fit 149.852 | fold Calmar 597.22/ 0.35/ 1.20/ 0.64 | fold DD 21/30/34/22%
Gen 2436 | fit 149.852 | fold Calmar 597.22/ 0.35/ 1.20/ 0.64 | fold DD 21/30/34/22%
Gen 2441 | fit 149.852 | fold Calmar 597.22/ 0.35/ 1.20/ 0.64 | fold DD 21/30/34/22%
Gen 2446 | fit 149.852 | fold Calmar 597.22/ 0.35/ 1.20/ 0.64 | fold DD 21/30/34/22%
Gen 2451 | fit 149.852 | fold Calmar 597.22/ 0.35/ 1.20/ 0.64 | fold DD 21/30/34/22%
Gen 2456 | fit 149.852 | fold Calmar 597.22/ 0.35/ 1.20/ 0.64 | fold DD 21/30/34/22%
Gen 2461 | fit 149.852 | fold Calmar 597.22/ 0.35/ 1.20/ 0.64 | fold DD 21/30/34/22%
Gen 2466 | fit 149.852 | fold Calmar 597.22/ 0.35/ 1.20/ 0.64 | fold DD 21/30/34/22%
Gen 2471 | fit 149.852 | fold Calmar 597.22/ 0.35/ 1.20/ 0.64 | fold DD 21/30/34/22%
Gen 2476 | fit 149.852 | fold Calmar 597.22/ 0.35/ 1.20/ 0.64 | fold DD 21/30/34/22%
Gen 2481 | fit 149.852 | fold Calmar 597.22/ 0.35/ 1.20/ 0.64 | fold DD 21/30/34/22%
Gen 2486 | fit 149.852 | fold Calmar 597.22/ 0.35/ 1.20/ 0.64 | fold DD 21/30/34/22%
Gen 2491 | fit 149.852 | fold Calmar 597.22/ 0.35/ 1.20/ 0.64 | fold DD 21/30/34/22%
Gen 2496 | fit 149.852 | fold Calmar 597.22/ 0.35/ 1.20/ 0.64 | fold DD 21/30/34/22%
Gen 2501 | fit 149.852 | fold Calmar 597.22/ 0.35/ 1.20/ 0.64 | fold DD 21/30/34/22%
Gen 2506 | fit 149.852 | fold Calmar 597.22/ 0.35/ 1.20/ 0.64 | fold DD 21/30/34/22%
Gen 2511 | fit 149.852 | fold Calmar 597.22/ 0.35/ 1.20/ 0.64 | fold DD 21/30/34/22%
Gen 2516 | fit 149.852 | fold Calmar 597.22/ 0.35/ 1.20/ 0.64 | fold DD 21/30/34/22%
Gen 2521 | fit 149.852 | fold Calmar 597.22/ 0.35/ 1.20/ 0.64 | fold DD 21/30/34/22%
Gen 2526 | fit 149.852 | fold Calmar 597.22/ 0.35/ 1.20/ 0.64 | fold DD 21/30/34/22%
Gen 2531 | fit 149.852 | fold Calmar 597.22/ 0.35/ 1.20/ 0.64 | fold DD 21/30/34/22%
Gen 2536 | fit 149.852 | fold Calmar 597.22/ 0.35/ 1.20/ 0.64 | fold DD 21/30/34/22%
Gen 2541 | fit 149.852 | fold Calmar 597.22/ 0.35/ 1.20/ 0.64 | fold DD 21/30/34/22%
Gen 2546 | fit 149.852 | fold Calmar 597.22/ 0.35/ 1.20/ 0.64 | fold DD 21/30/34/22%
Gen 2551 | fit 149.852 | fold Calmar 597.22/ 0.35/ 1.20/ 0.64 | fold DD 21/30/34/22%
Gen 2556 | fit 149.852 | fold Calmar 597.22/ 0.35/ 1.20/ 0.64 | fold DD 21/30/34/22%
Gen 2561 | fit 149.852 | fold Calmar 597.22/ 0.35/ 1.20/ 0.64 | fold DD 21/30/34/22%
Gen 2566 | fit 149.852 | fold Calmar 597.22/ 0.35/ 1.20/ 0.64 | fold DD 21/30/34/22%
Gen 2571 | fit 149.852 | fold Calmar 597.22/ 0.35/ 1.20/ 0.64 | fold DD 21/30/34/22%
Gen 2576 | fit 149.852 | fold Calmar 597.22/ 0.35/ 1.20/ 0.64 | fold DD 21/30/34/22%
Gen 2581 | fit 149.852 | fold Calmar 597.22/ 0.35/ 1.20/ 0.64 | fold DD 21/30/34/22%
Gen 2586 | fit 149.852 | fold Calmar 597.22/ 0.35/ 1.20/ 0.64 | fold DD 21/30/34/22%
Gen 2591 | fit 149.852 | fold Calmar 597.22/ 0.35/ 1.20/ 0.64 | fold DD 21/30/34/22%
Gen 2596 | fit 149.852 | fold Calmar 597.22/ 0.35/ 1.20/ 0.64 | fold DD 21/30/34/22%
Gen 2601 | fit 149.852 | fold Calmar 597.22/ 0.35/ 1.20/ 0.64 | fold DD 21/30/34/22%
Gen 2606 | fit 149.852 | fold Calmar 597.22/ 0.35/ 1.20/ 0.64 | fold DD 21/30/34/22%
Gen 2611 | fit 149.852 | fold Calmar 597.22/ 0.35/ 1.20/ 0.64 | fold DD 21/30/34/22%
Gen 2616 | fit 149.852 | fold Calmar 597.22/ 0.35/ 1.20/ 0.64 | fold DD 21/30/34/22%
Gen 2621 | fit 149.852 | fold Calmar 597.22/ 0.35/ 1.20/ 0.64 | fold DD 21/30/34/22%
Gen 2626 | fit 149.852 | fold Calmar 597.22/ 0.35/ 1.20/ 0.64 | fold DD 21/30/34/22%
Gen 2631 | fit 149.852 | fold Calmar 597.22/ 0.35/ 1.20/ 0.64 | fold DD 21/30/34/22%
Gen 2636 | fit 149.852 | fold Calmar 597.22/ 0.35/ 1.20/ 0.64 | fold DD 21/30/34/22%
Gen 2641 | fit 149.852 | fold Calmar 597.22/ 0.35/ 1.20/ 0.64 | fold DD 21/30/34/22%
Gen 2646 | fit 149.852 | fold Calmar 597.22/ 0.35/ 1.20/ 0.64 | fold DD 21/30/34/22%
Gen 2651 | fit 149.852 | fold Calmar 597.22/ 0.35/ 1.20/ 0.64 | fold DD 21/30/34/22%
Gen 2656 | fit 149.852 | fold Calmar 597.22/ 0.35/ 1.20/ 0.64 | fold DD 21/30/34/22%
Gen 2661 | fit 149.852 | fold Calmar 597.22/ 0.35/ 1.20/ 0.64 | fold DD 21/30/34/22%
Gen 2666 | fit 149.852 | fold Calmar 597.22/ 0.35/ 1.20/ 0.64 | fold DD 21/30/34/22%
Gen 2671 | fit 149.852 | fold Calmar 597.22/ 0.35/ 1.20/ 0.64 | fold DD 21/30/34/22%
Gen 2676 | fit 149.852 | fold Calmar 597.22/ 0.35/ 1.20/ 0.64 | fold DD 21/30/34/22%
Gen 2681 | fit 149.852 | fold Calmar 597.22/ 0.35/ 1.20/ 0.64 | fold DD 21/30/34/22%
Gen 2686 | fit 149.852 | fold Calmar 597.22/ 0.35/ 1.20/ 0.64 | fold DD 21/30/34/22%
Gen 2691 | fit 149.852 | fold Calmar 597.22/ 0.35/ 1.20/ 0.64 | fold DD 21/30/34/22%
Gen 2696 | fit 149.852 | fold Calmar 597.22/ 0.35/ 1.20/ 0.64 | fold DD 21/30/34/22%
Gen 2701 | fit 149.853 | fold Calmar 597.22/ 0.35/ 1.20/ 0.64 | fold DD 21/30/34/22%
Gen 2706 | fit 149.853 | fold Calmar 597.22/ 0.35/ 1.20/ 0.64 | fold DD 21/30/34/22%
Gen 2711 | fit 149.853 | fold Calmar 597.22/ 0.35/ 1.20/ 0.64 | fold DD 21/30/34/22%
Gen 2716 | fit 149.853 | fold Calmar 597.22/ 0.35/ 1.20/ 0.64 | fold DD 21/30/34/22%
Gen 2721 | fit 149.853 | fold Calmar 597.22/ 0.35/ 1.20/ 0.64 | fold DD 21/30/34/22%
Gen 2726 | fit 149.853 | fold Calmar 597.22/ 0.35/ 1.20/ 0.64 | fold DD 21/30/34/22%
Gen 2731 | fit 149.853 | fold Calmar 597.22/ 0.35/ 1.20/ 0.64 | fold DD 21/30/34/22%
Gen 2736 | fit 149.853 | fold Calmar 597.22/ 0.35/ 1.20/ 0.64 | fold DD 21/30/34/22%
Gen 2741 | fit 149.853 | fold Calmar 597.22/ 0.35/ 1.20/ 0.64 | fold DD 21/30/34/22%
Gen 2746 | fit 149.853 | fold Calmar 597.22/ 0.35/ 1.20/ 0.64 | fold DD 21/30/34/22%
Gen 2751 | fit 149.853 | fold Calmar 597.22/ 0.35/ 1.20/ 0.64 | fold DD 21/30/34/22%
Gen 2756 | fit 149.853 | fold Calmar 597.22/ 0.35/ 1.20/ 0.64 | fold DD 21/30/34/22%
Gen 2761 | fit 149.853 | fold Calmar 597.22/ 0.35/ 1.20/ 0.64 | fold DD 21/30/34/22%
Gen 2766 | fit 149.853 | fold Calmar 597.22/ 0.35/ 1.20/ 0.64 | fold DD 21/30/34/22%
Gen 2771 | fit 149.853 | fold Calmar 597.22/ 0.35/ 1.20/ 0.64 | fold DD 21/30/34/22%
Gen 2776 | fit 149.853 | fold Calmar 597.22/ 0.35/ 1.20/ 0.64 | fold DD 21/30/34/22%
Gen 2781 | fit 149.853 | fold Calmar 597.22/ 0.35/ 1.20/ 0.64 | fold DD 21/30/34/22%
Gen 2786 | fit 149.853 | fold Calmar 597.22/ 0.35/ 1.20/ 0.64 | fold DD 21/30/34/22%
Gen 2791 | fit 149.853 | fold Calmar 597.22/ 0.35/ 1.20/ 0.64 | fold DD 21/30/34/22%
Gen 2796 | fit 149.853 | fold Calmar 597.22/ 0.35/ 1.20/ 0.64 | fold DD 21/30/34/22%
Gen 2801 | fit 149.853 | fold Calmar 597.22/ 0.35/ 1.20/ 0.64 | fold DD 21/30/34/22%
Gen 2806 | fit 149.853 | fold Calmar 597.22/ 0.35/ 1.20/ 0.64 | fold DD 21/30/34/22%
Gen 2811 | fit 149.853 | fold Calmar 597.22/ 0.35/ 1.20/ 0.64 | fold DD 21/30/34/22%
Gen 2816 | fit 149.853 | fold Calmar 597.22/ 0.35/ 1.20/ 0.64 | fold DD 21/30/34/22%
Gen 2821 | fit 149.853 | fold Calmar 597.22/ 0.35/ 1.20/ 0.64 | fold DD 21/30/34/22%
Gen 2826 | fit 149.853 | fold Calmar 597.22/ 0.35/ 1.20/ 0.64 | fold DD 21/30/34/22%
Gen 2831 | fit 149.853 | fold Calmar 597.22/ 0.35/ 1.20/ 0.64 | fold DD 21/30/34/22%
Gen 2836 | fit 149.853 | fold Calmar 597.22/ 0.35/ 1.20/ 0.64 | fold DD 21/30/34/22%
Gen 2841 | fit 149.853 | fold Calmar 597.22/ 0.35/ 1.20/ 0.64 | fold DD 21/30/34/22%
Gen 2846 | fit 149.853 | fold Calmar 597.22/ 0.35/ 1.20/ 0.64 | fold DD 21/30/34/22%
Gen 2851 | fit 149.853 | fold Calmar 597.22/ 0.35/ 1.20/ 0.64 | fold DD 21/30/34/22%
Gen 2856 | fit 149.853 | fold Calmar 597.22/ 0.35/ 1.20/ 0.64 | fold DD 21/30/34/22%
Gen 2861 | fit 149.853 | fold Calmar 597.22/ 0.35/ 1.20/ 0.64 | fold DD 21/30/34/22%
Gen 2866 | fit 149.853 | fold Calmar 597.22/ 0.35/ 1.20/ 0.64 | fold DD 21/30/34/22%
Gen 2871 | fit 149.853 | fold Calmar 597.22/ 0.35/ 1.20/ 0.64 | fold DD 21/30/34/22%
Gen 2876 | fit 149.853 | fold Calmar 597.22/ 0.35/ 1.20/ 0.64 | fold DD 21/30/34/22%
Gen 2881 | fit 149.853 | fold Calmar 597.22/ 0.35/ 1.20/ 0.64 | fold DD 21/30/34/22%
Gen 2886 | fit 149.853 | fold Calmar 597.22/ 0.35/ 1.20/ 0.64 | fold DD 21/30/34/22%
Gen 2891 | fit 149.853 | fold Calmar 597.22/ 0.35/ 1.20/ 0.64 | fold DD 21/30/34/22%
Gen 2896 | fit 149.853 | fold Calmar 597.22/ 0.35/ 1.20/ 0.64 | fold DD 21/30/34/22%
Gen 2901 | fit 149.853 | fold Calmar 597.22/ 0.35/ 1.20/ 0.64 | fold DD 21/30/34/22%
Gen 2906 | fit 149.853 | fold Calmar 597.22/ 0.35/ 1.20/ 0.64 | fold DD 21/30/34/22%
Gen 2911 | fit 149.853 | fold Calmar 597.22/ 0.35/ 1.20/ 0.64 | fold DD 21/30/34/22%
Gen 2916 | fit 149.853 | fold Calmar 597.22/ 0.35/ 1.20/ 0.64 | fold DD 21/30/34/22%
Gen 2921 | fit 149.853 | fold Calmar 597.22/ 0.35/ 1.20/ 0.64 | fold DD 21/30/34/22%
Gen 2926 | fit 149.853 | fold Calmar 597.22/ 0.35/ 1.20/ 0.64 | fold DD 21/30/34/22%
Gen 2931 | fit 149.853 | fold Calmar 597.22/ 0.35/ 1.20/ 0.64 | fold DD 21/30/34/22%
Gen 2936 | fit 149.853 | fold Calmar 597.22/ 0.35/ 1.20/ 0.64 | fold DD 21/30/34/22%
Gen 2941 | fit 149.853 | fold Calmar 597.22/ 0.35/ 1.20/ 0.64 | fold DD 21/30/34/22%
Gen 2946 | fit 149.853 | fold Calmar 597.22/ 0.35/ 1.20/ 0.64 | fold DD 21/30/34/22%
Gen 2951 | fit 149.853 | fold Calmar 597.22/ 0.35/ 1.20/ 0.64 | fold DD 21/30/34/22%
Gen 2956 | fit 149.853 | fold Calmar 597.22/ 0.35/ 1.20/ 0.64 | fold DD 21/30/34/22%
Gen 2961 | fit 149.853 | fold Calmar 597.22/ 0.35/ 1.20/ 0.64 | fold DD 21/30/34/22%
Gen 2966 | fit 149.853 | fold Calmar 597.22/ 0.35/ 1.20/ 0.64 | fold DD 21/30/34/22%
Gen 2971 | fit 149.853 | fold Calmar 597.22/ 0.35/ 1.20/ 0.64 | fold DD 21/30/34/22%
Gen 2976 | fit 149.853 | fold Calmar 597.22/ 0.35/ 1.20/ 0.64 | fold DD 21/30/34/22%
Gen 2981 | fit 149.853 | fold Calmar 597.22/ 0.35/ 1.20/ 0.64 | fold DD 21/30/34/22%
Gen 2986 | fit 149.853 | fold Calmar 597.22/ 0.35/ 1.20/ 0.64 | fold DD 21/30/34/22%
Gen 2991 | fit 149.853 | fold Calmar 597.22/ 0.35/ 1.20/ 0.64 | fold DD 21/30/34/22%
Gen 2996 | fit 149.853 | fold Calmar 597.22/ 0.35/ 1.20/ 0.64 | fold DD 21/30/34/22%
Gen 3001 | fit 149.853 | fold Calmar 597.22/ 0.35/ 1.20/ 0.64 | fold DD 21/30/34/22%
Gen 3006 | fit 149.853 | fold Calmar 597.22/ 0.35/ 1.20/ 0.64 | fold DD 21/30/34/22%
Gen 3011 | fit 149.853 | fold Calmar 597.22/ 0.35/ 1.20/ 0.64 | fold DD 21/30/34/22%
Gen 3016 | fit 149.853 | fold Calmar 597.22/ 0.35/ 1.20/ 0.64 | fold DD 21/30/34/22%
Gen 3021 | fit 149.853 | fold Calmar 597.22/ 0.35/ 1.20/ 0.64 | fold DD 21/30/34/22%
Gen 3026 | fit 149.853 | fold Calmar 597.22/ 0.35/ 1.20/ 0.64 | fold DD 21/30/34/22%
Gen 3031 | fit 149.853 | fold Calmar 597.22/ 0.35/ 1.20/ 0.64 | fold DD 21/30/34/22%
Gen 3036 | fit 149.853 | fold Calmar 597.22/ 0.35/ 1.20/ 0.64 | fold DD 21/30/34/22%
Gen 3041 | fit 149.853 | fold Calmar 597.22/ 0.35/ 1.20/ 0.64 | fold DD 21/30/34/22%
Gen 3046 | fit 149.853 | fold Calmar 597.22/ 0.35/ 1.20/ 0.64 | fold DD 21/30/34/22%
Gen 3051 | fit 149.853 | fold Calmar 597.22/ 0.35/ 1.20/ 0.64 | fold DD 21/30/34/22%
Gen 3056 | fit 149.853 | fold Calmar 597.22/ 0.35/ 1.20/ 0.64 | fold DD 21/30/34/22%
Gen 3061 | fit 149.853 | fold Calmar 597.22/ 0.35/ 1.20/ 0.64 | fold DD 21/30/34/22%
Gen 3066 | fit 149.853 | fold Calmar 597.22/ 0.35/ 1.20/ 0.64 | fold DD 21/30/34/22%
Gen 3071 | fit 149.853 | fold Calmar 597.22/ 0.35/ 1.20/ 0.64 | fold DD 21/30/34/22%
Gen 3076 | fit 149.853 | fold Calmar 597.22/ 0.35/ 1.20/ 0.64 | fold DD 21/30/34/22%
Gen 3081 | fit 149.853 | fold Calmar 597.22/ 0.35/ 1.20/ 0.64 | fold DD 21/30/34/22%
Gen 3086 | fit 149.853 | fold Calmar 597.22/ 0.35/ 1.20/ 0.64 | fold DD 21/30/34/22%
Gen 3091 | fit 149.853 | fold Calmar 597.22/ 0.35/ 1.20/ 0.64 | fold DD 21/30/34/22%
Gen 3096 | fit 149.853 | fold Calmar 597.22/ 0.35/ 1.20/ 0.64 | fold DD 21/30/34/22%
Gen 3101 | fit 149.853 | fold Calmar 597.22/ 0.35/ 1.20/ 0.64 | fold DD 21/30/34/22%
Gen 3106 | fit 149.853 | fold Calmar 597.22/ 0.35/ 1.20/ 0.64 | fold DD 21/30/34/22%
Gen 3111 | fit 149.853 | fold Calmar 597.22/ 0.35/ 1.20/ 0.64 | fold DD 21/30/34/22%
Gen 3116 | fit 149.853 | fold Calmar 597.22/ 0.35/ 1.20/ 0.64 | fold DD 21/30/34/22%
Gen 3121 | fit 149.853 | fold Calmar 597.22/ 0.35/ 1.20/ 0.64 | fold DD 21/30/34/22%
Gen 3126 | fit 149.853 | fold Calmar 597.22/ 0.35/ 1.20/ 0.64 | fold DD 21/30/34/22%
Gen 3131 | fit 149.853 | fold Calmar 597.22/ 0.35/ 1.20/ 0.64 | fold DD 21/30/34/22%
Gen 3136 | fit 149.853 | fold Calmar 597.22/ 0.35/ 1.20/ 0.64 | fold DD 21/30/34/22%
Gen 3141 | fit 149.853 | fold Calmar 597.22/ 0.35/ 1.20/ 0.64 | fold DD 21/30/34/22%
Gen 3146 | fit 149.853 | fold Calmar 597.22/ 0.35/ 1.20/ 0.64 | fold DD 21/30/34/22%
Gen 3151 | fit 149.853 | fold Calmar 597.22/ 0.35/ 1.20/ 0.64 | fold DD 21/30/34/22%
Gen 3156 | fit 149.853 | fold Calmar 597.22/ 0.35/ 1.20/ 0.64 | fold DD 21/30/34/22%
Gen 3161 | fit 149.853 | fold Calmar 597.22/ 0.35/ 1.20/ 0.64 | fold DD 21/30/34/22%
Gen 3166 | fit 149.853 | fold Calmar 597.22/ 0.35/ 1.20/ 0.64 | fold DD 21/30/34/22%
Gen 3171 | fit 149.853 | fold Calmar 597.22/ 0.35/ 1.20/ 0.64 | fold DD 21/30/34/22%
Gen 3176 | fit 149.853 | fold Calmar 597.22/ 0.35/ 1.20/ 0.64 | fold DD 21/30/34/22%
Gen 3181 | fit 149.853 | fold Calmar 597.22/ 0.35/ 1.20/ 0.64 | fold DD 21/30/34/22%
Gen 3186 | fit 149.853 | fold Calmar 597.22/ 0.35/ 1.20/ 0.64 | fold DD 21/30/34/22%
Gen 3191 | fit 149.853 | fold Calmar 597.22/ 0.35/ 1.20/ 0.64 | fold DD 21/30/34/22%
Gen 3196 | fit 149.853 | fold Calmar 597.22/ 0.35/ 1.20/ 0.64 | fold DD 21/30/34/22%
Gen 3201 | fit 149.853 | fold Calmar 597.22/ 0.35/ 1.20/ 0.64 | fold DD 21/30/34/22%
Gen 3206 | fit 149.853 | fold Calmar 597.22/ 0.35/ 1.20/ 0.64 | fold DD 21/30/34/22%
Gen 3211 | fit 149.853 | fold Calmar 597.22/ 0.35/ 1.20/ 0.64 | fold DD 21/30/34/22%
Gen 3216 | fit 149.853 | fold Calmar 597.22/ 0.35/ 1.20/ 0.64 | fold DD 21/30/34/22%
Gen 3221 | fit 149.853 | fold Calmar 597.22/ 0.35/ 1.20/ 0.64 | fold DD 21/30/34/22%
Gen 3226 | fit 149.853 | fold Calmar 597.22/ 0.35/ 1.20/ 0.64 | fold DD 21/30/34/22%
Gen 3231 | fit 149.853 | fold Calmar 597.22/ 0.35/ 1.20/ 0.64 | fold DD 21/30/34/22%
Gen 3236 | fit 149.853 | fold Calmar 597.22/ 0.35/ 1.20/ 0.64 | fold DD 21/30/34/22%
Gen 3241 | fit 149.853 | fold Calmar 597.22/ 0.35/ 1.20/ 0.64 | fold DD 21/30/34/22%
Gen 3246 | fit 149.853 | fold Calmar 597.22/ 0.35/ 1.20/ 0.64 | fold DD 21/30/34/22%
Gen 3251 | fit 149.853 | fold Calmar 597.22/ 0.35/ 1.20/ 0.64 | fold DD 21/30/34/22%
Gen 3256 | fit 149.853 | fold Calmar 597.22/ 0.35/ 1.20/ 0.64 | fold DD 21/30/34/22%
Gen 3261 | fit 149.853 | fold Calmar 597.22/ 0.35/ 1.20/ 0.64 | fold DD 21/30/34/22%
Gen 3266 | fit 149.853 | fold Calmar 597.22/ 0.35/ 1.20/ 0.64 | fold DD 21/30/34/22%
Gen 3271 | fit 149.853 | fold Calmar 597.22/ 0.35/ 1.20/ 0.64 | fold DD 21/30/34/22%
Gen 3276 | fit 149.853 | fold Calmar 597.22/ 0.35/ 1.20/ 0.64 | fold DD 21/30/34/22%
Gen 3281 | fit 149.853 | fold Calmar 597.22/ 0.35/ 1.20/ 0.64 | fold DD 21/30/34/22%
Gen 3286 | fit 149.853 | fold Calmar 597.22/ 0.35/ 1.20/ 0.64 | fold DD 21/30/34/22%
Gen 3291 | fit 149.853 | fold Calmar 597.22/ 0.35/ 1.20/ 0.64 | fold DD 21/30/34/22%
Gen 3296 | fit 149.853 | fold Calmar 597.22/ 0.35/ 1.20/ 0.64 | fold DD 21/30/34/22%
Gen 3301 | fit 149.853 | fold Calmar 597.22/ 0.35/ 1.20/ 0.64 | fold DD 21/30/34/22%
Gen 3306 | fit 149.853 | fold Calmar 597.22/ 0.35/ 1.20/ 0.64 | fold DD 21/30/34/22%
Gen 3311 | fit 149.853 | fold Calmar 597.22/ 0.35/ 1.20/ 0.64 | fold DD 21/30/34/22%
Gen 3316 | fit 149.853 | fold Calmar 597.22/ 0.35/ 1.20/ 0.64 | fold DD 21/30/34/22%
Gen 3321 | fit 149.853 | fold Calmar 597.22/ 0.35/ 1.20/ 0.64 | fold DD 21/30/34/22%
Gen 3326 | fit 149.853 | fold Calmar 597.22/ 0.35/ 1.20/ 0.64 | fold DD 21/30/34/22%
Gen 3331 | fit 149.853 | fold Calmar 597.22/ 0.35/ 1.20/ 0.64 | fold DD 21/30/34/22%
Gen 3336 | fit 149.853 | fold Calmar 597.22/ 0.35/ 1.20/ 0.64 | fold DD 21/30/34/22%
Gen 3341 | fit 149.853 | fold Calmar 597.22/ 0.35/ 1.20/ 0.64 | fold DD 21/30/34/22%
Gen 3346 | fit 149.853 | fold Calmar 597.22/ 0.35/ 1.20/ 0.64 | fold DD 21/30/34/22%
Gen 3351 | fit 149.853 | fold Calmar 597.22/ 0.35/ 1.20/ 0.64 | fold DD 21/30/34/22%
Gen 3356 | fit 149.853 | fold Calmar 597.22/ 0.35/ 1.20/ 0.64 | fold DD 21/30/34/22%
Gen 3361 | fit 149.853 | fold Calmar 597.22/ 0.35/ 1.20/ 0.64 | fold DD 21/30/34/22%
Gen 3366 | fit 149.853 | fold Calmar 597.22/ 0.35/ 1.20/ 0.64 | fold DD 21/30/34/22%
Gen 3371 | fit 149.853 | fold Calmar 597.22/ 0.35/ 1.20/ 0.64 | fold DD 21/30/34/22%
Gen 3376 | fit 149.853 | fold Calmar 597.22/ 0.35/ 1.20/ 0.64 | fold DD 21/30/34/22%
Gen 3381 | fit 149.853 | fold Calmar 597.22/ 0.35/ 1.20/ 0.64 | fold DD 21/30/34/22%
Gen 3386 | fit 149.853 | fold Calmar 597.22/ 0.35/ 1.20/ 0.64 | fold DD 21/30/34/22%
Gen 3391 | fit 149.853 | fold Calmar 597.22/ 0.35/ 1.20/ 0.64 | fold DD 21/30/34/22%
Gen 3396 | fit 149.853 | fold Calmar 597.22/ 0.35/ 1.20/ 0.64 | fold DD 21/30/34/22%
Gen 3401 | fit 149.853 | fold Calmar 597.22/ 0.35/ 1.20/ 0.64 | fold DD 21/30/34/22%
Gen 3406 | fit 149.853 | fold Calmar 597.22/ 0.35/ 1.20/ 0.64 | fold DD 21/30/34/22%
Gen 3411 | fit 149.853 | fold Calmar 597.22/ 0.35/ 1.20/ 0.64 | fold DD 21/30/34/22%
Gen 3416 | fit 149.853 | fold Calmar 597.22/ 0.35/ 1.20/ 0.64 | fold DD 21/30/34/22%
Gen 3421 | fit 149.853 | fold Calmar 597.22/ 0.35/ 1.20/ 0.64 | fold DD 21/30/34/22%
Gen 3426 | fit 149.853 | fold Calmar 597.22/ 0.35/ 1.20/ 0.64 | fold DD 21/30/34/22%
Gen 3431 | fit 149.853 | fold Calmar 597.22/ 0.35/ 1.20/ 0.64 | fold DD 21/30/34/22%
Gen 3436 | fit 149.853 | fold Calmar 597.22/ 0.35/ 1.20/ 0.64 | fold DD 21/30/34/22%
Gen 3441 | fit 149.853 | fold Calmar 597.22/ 0.35/ 1.20/ 0.64 | fold DD 21/30/34/22%
Gen 3446 | fit 149.853 | fold Calmar 597.22/ 0.35/ 1.20/ 0.64 | fold DD 21/30/34/22%
Gen 3451 | fit 149.853 | fold Calmar 597.22/ 0.35/ 1.20/ 0.64 | fold DD 21/30/34/22%
Gen 3456 | fit 149.853 | fold Calmar 597.22/ 0.35/ 1.20/ 0.64 | fold DD 21/30/34/22%
Gen 3461 | fit 149.853 | fold Calmar 597.22/ 0.35/ 1.20/ 0.64 | fold DD 21/30/34/22%
Gen 3466 | fit 149.853 | fold Calmar 597.22/ 0.35/ 1.20/ 0.64 | fold DD 21/30/34/22%
Gen 3471 | fit 149.853 | fold Calmar 597.22/ 0.35/ 1.20/ 0.64 | fold DD 21/30/34/22%
Gen 3476 | fit 149.853 | fold Calmar 597.22/ 0.35/ 1.20/ 0.64 | fold DD 21/30/34/22%
Gen 3481 | fit 149.853 | fold Calmar 597.22/ 0.35/ 1.20/ 0.64 | fold DD 21/30/34/22%
Gen 3486 | fit 149.853 | fold Calmar 597.22/ 0.35/ 1.20/ 0.64 | fold DD 21/30/34/22%
Gen 3491 | fit 149.853 | fold Calmar 597.22/ 0.35/ 1.20/ 0.64 | fold DD 21/30/34/22%
Gen 3496 | fit 149.853 | fold Calmar 597.22/ 0.35/ 1.20/ 0.64 | fold DD 21/30/34/22%
Gen 3501 | fit 149.853 | fold Calmar 597.22/ 0.35/ 1.20/ 0.64 | fold DD 21/30/34/22%
Gen 3506 | fit 149.853 | fold Calmar 597.22/ 0.35/ 1.20/ 0.64 | fold DD 21/30/34/22%
Gen 3511 | fit 149.853 | fold Calmar 597.22/ 0.35/ 1.20/ 0.64 | fold DD 21/30/34/22%
Gen 3516 | fit 149.853 | fold Calmar 597.22/ 0.35/ 1.20/ 0.64 | fold DD 21/30/34/22%
Gen 3521 | fit 149.853 | fold Calmar 597.22/ 0.35/ 1.20/ 0.64 | fold DD 21/30/34/22%
Gen 3526 | fit 149.853 | fold Calmar 597.22/ 0.35/ 1.20/ 0.64 | fold DD 21/30/34/22%
Gen 3531 | fit 149.853 | fold Calmar 597.22/ 0.35/ 1.20/ 0.64 | fold DD 21/30/34/22%
Gen 3536 | fit 149.853 | fold Calmar 597.22/ 0.35/ 1.20/ 0.64 | fold DD 21/30/34/22%
Gen 3541 | fit 149.853 | fold Calmar 597.22/ 0.35/ 1.20/ 0.64 | fold DD 21/30/34/22%
Gen 3546 | fit 149.853 | fold Calmar 597.22/ 0.35/ 1.20/ 0.64 | fold DD 21/30/34/22%
Gen 3551 | fit 149.853 | fold Calmar 597.22/ 0.35/ 1.20/ 0.64 | fold DD 21/30/34/22%
Gen 3556 | fit 149.853 | fold Calmar 597.22/ 0.35/ 1.20/ 0.64 | fold DD 21/30/34/22%
Gen 3561 | fit 149.853 | fold Calmar 597.22/ 0.35/ 1.20/ 0.64 | fold DD 21/30/34/22%
Gen 3566 | fit 149.853 | fold Calmar 597.22/ 0.35/ 1.20/ 0.64 | fold DD 21/30/34/22%
Gen 3571 | fit 149.853 | fold Calmar 597.22/ 0.35/ 1.20/ 0.64 | fold DD 21/30/34/22%
Gen 3576 | fit 149.853 | fold Calmar 597.22/ 0.35/ 1.20/ 0.64 | fold DD 21/30/34/22%
Gen 3581 | fit 149.853 | fold Calmar 597.22/ 0.35/ 1.20/ 0.64 | fold DD 21/30/34/22%
Gen 3586 | fit 149.853 | fold Calmar 597.22/ 0.35/ 1.20/ 0.64 | fold DD 21/30/34/22%
Gen 3591 | fit 149.853 | fold Calmar 597.22/ 0.35/ 1.20/ 0.64 | fold DD 21/30/34/22%
Gen 3596 | fit 149.853 | fold Calmar 597.22/ 0.35/ 1.20/ 0.64 | fold DD 21/30/34/22%
Gen 3601 | fit 149.853 | fold Calmar 597.22/ 0.35/ 1.20/ 0.64 | fold DD 21/30/34/22%
Gen 3606 | fit 149.853 | fold Calmar 597.22/ 0.35/ 1.20/ 0.64 | fold DD 21/30/34/22%
Gen 3611 | fit 149.853 | fold Calmar 597.22/ 0.35/ 1.20/ 0.64 | fold DD 21/30/34/22%
Gen 3616 | fit 149.853 | fold Calmar 597.22/ 0.35/ 1.20/ 0.64 | fold DD 21/30/34/22%
Gen 3621 | fit 149.853 | fold Calmar 597.22/ 0.35/ 1.20/ 0.64 | fold DD 21/30/34/22%
Gen 3626 | fit 149.853 | fold Calmar 597.22/ 0.35/ 1.20/ 0.64 | fold DD 21/30/34/22%
Gen 3631 | fit 149.853 | fold Calmar 597.22/ 0.35/ 1.20/ 0.64 | fold DD 21/30/34/22%
Gen 3636 | fit 149.853 | fold Calmar 597.22/ 0.35/ 1.20/ 0.64 | fold DD 21/30/34/22%
Gen 3641 | fit 149.853 | fold Calmar 597.22/ 0.35/ 1.20/ 0.64 | fold DD 21/30/34/22%
Gen 3646 | fit 149.853 | fold Calmar 597.22/ 0.35/ 1.20/ 0.64 | fold DD 21/30/34/22%
Gen 3651 | fit 149.853 | fold Calmar 597.22/ 0.35/ 1.20/ 0.64 | fold DD 21/30/34/22%
Gen 3656 | fit 149.853 | fold Calmar 597.22/ 0.35/ 1.20/ 0.64 | fold DD 21/30/34/22%
Gen 3661 | fit 149.853 | fold Calmar 597.22/ 0.35/ 1.20/ 0.64 | fold DD 21/30/34/22%
Gen 3666 | fit 149.853 | fold Calmar 597.22/ 0.35/ 1.20/ 0.64 | fold DD 21/30/34/22%
Gen 3671 | fit 149.853 | fold Calmar 597.22/ 0.35/ 1.20/ 0.64 | fold DD 21/30/34/22%
Gen 3676 | fit 149.853 | fold Calmar 597.22/ 0.35/ 1.20/ 0.64 | fold DD 21/30/34/22%
Gen 3681 | fit 149.853 | fold Calmar 597.22/ 0.35/ 1.20/ 0.64 | fold DD 21/30/34/22%
Gen 3686 | fit 149.853 | fold Calmar 597.22/ 0.35/ 1.20/ 0.64 | fold DD 21/30/34/22%
Gen 3691 | fit 149.853 | fold Calmar 597.22/ 0.35/ 1.20/ 0.64 | fold DD 21/30/34/22%
Gen 3696 | fit 149.853 | fold Calmar 597.22/ 0.35/ 1.20/ 0.64 | fold DD 21/30/34/22%
Gen 3701 | fit 149.853 | fold Calmar 597.22/ 0.35/ 1.20/ 0.64 | fold DD 21/30/34/22%
Gen 3706 | fit 149.853 | fold Calmar 597.22/ 0.35/ 1.20/ 0.64 | fold DD 21/30/34/22%
Gen 3711 | fit 149.853 | fold Calmar 597.22/ 0.35/ 1.20/ 0.64 | fold DD 21/30/34/22%
Gen 3716 | fit 149.853 | fold Calmar 597.22/ 0.35/ 1.20/ 0.64 | fold DD 21/30/34/22%
Gen 3721 | fit 149.853 | fold Calmar 597.22/ 0.35/ 1.20/ 0.64 | fold DD 21/30/34/22%
Gen 3726 | fit 149.853 | fold Calmar 597.22/ 0.35/ 1.20/ 0.64 | fold DD 21/30/34/22%
Gen 3731 | fit 149.853 | fold Calmar 597.22/ 0.35/ 1.20/ 0.64 | fold DD 21/30/34/22%
Gen 3736 | fit 149.853 | fold Calmar 597.22/ 0.35/ 1.20/ 0.64 | fold DD 21/30/34/22%
Gen 3741 | fit 149.853 | fold Calmar 597.22/ 0.35/ 1.20/ 0.64 | fold DD 21/30/34/22%
Gen 3746 | fit 149.853 | fold Calmar 597.22/ 0.35/ 1.20/ 0.64 | fold DD 21/30/34/22%
Gen 3751 | fit 149.853 | fold Calmar 597.22/ 0.35/ 1.20/ 0.64 | fold DD 21/30/34/22%
Gen 3756 | fit 149.853 | fold Calmar 597.22/ 0.35/ 1.20/ 0.64 | fold DD 21/30/34/22%
Gen 3761 | fit 149.853 | fold Calmar 597.22/ 0.35/ 1.20/ 0.64 | fold DD 21/30/34/22%
Gen 3766 | fit 149.853 | fold Calmar 597.22/ 0.35/ 1.20/ 0.64 | fold DD 21/30/34/22%
Gen 3771 | fit 149.853 | fold Calmar 597.22/ 0.35/ 1.20/ 0.64 | fold DD 21/30/34/22%
Gen 3776 | fit 149.853 | fold Calmar 597.22/ 0.35/ 1.20/ 0.64 | fold DD 21/30/34/22%
Gen 3781 | fit 149.853 | fold Calmar 597.22/ 0.35/ 1.20/ 0.64 | fold DD 21/30/34/22%
Gen 3786 | fit 149.853 | fold Calmar 597.22/ 0.35/ 1.20/ 0.64 | fold DD 21/30/34/22%
Gen 3791 | fit 149.853 | fold Calmar 597.22/ 0.35/ 1.20/ 0.64 | fold DD 21/30/34/22%
Gen 3796 | fit 149.853 | fold Calmar 597.22/ 0.35/ 1.20/ 0.64 | fold DD 21/30/34/22%
Gen 3801 | fit 149.853 | fold Calmar 597.22/ 0.35/ 1.20/ 0.64 | fold DD 21/30/34/22%
Gen 3806 | fit 149.853 | fold Calmar 597.22/ 0.35/ 1.20/ 0.64 | fold DD 21/30/34/22%
Gen 3811 | fit 149.853 | fold Calmar 597.22/ 0.35/ 1.20/ 0.64 | fold DD 21/30/34/22%
Gen 3816 | fit 149.853 | fold Calmar 597.22/ 0.35/ 1.20/ 0.64 | fold DD 21/30/34/22%
Gen 3821 | fit 149.853 | fold Calmar 597.22/ 0.35/ 1.20/ 0.64 | fold DD 21/30/34/22%
Gen 3826 | fit 149.853 | fold Calmar 597.22/ 0.35/ 1.20/ 0.64 | fold DD 21/30/34/22%
Gen 3831 | fit 149.853 | fold Calmar 597.22/ 0.35/ 1.20/ 0.64 | fold DD 21/30/34/22%
Gen 3836 | fit 149.853 | fold Calmar 597.22/ 0.35/ 1.20/ 0.64 | fold DD 21/30/34/22%
Gen 3841 | fit 149.853 | fold Calmar 597.22/ 0.35/ 1.20/ 0.64 | fold DD 21/30/34/22%
Gen 3846 | fit 149.853 | fold Calmar 597.22/ 0.35/ 1.20/ 0.64 | fold DD 21/30/34/22%
Gen 3851 | fit 149.853 | fold Calmar 597.22/ 0.35/ 1.20/ 0.64 | fold DD 21/30/34/22%
Gen 3856 | fit 149.853 | fold Calmar 597.22/ 0.35/ 1.20/ 0.64 | fold DD 21/30/34/22%
Gen 3861 | fit 149.853 | fold Calmar 597.22/ 0.35/ 1.20/ 0.64 | fold DD 21/30/34/22%
Gen 3866 | fit 149.853 | fold Calmar 597.22/ 0.35/ 1.20/ 0.64 | fold DD 21/30/34/22%
Gen 3871 | fit 149.853 | fold Calmar 597.22/ 0.35/ 1.20/ 0.64 | fold DD 21/30/34/22%
Gen 3876 | fit 149.853 | fold Calmar 597.22/ 0.35/ 1.20/ 0.64 | fold DD 21/30/34/22%
Gen 3881 | fit 149.853 | fold Calmar 597.22/ 0.35/ 1.20/ 0.64 | fold DD 21/30/34/22%
Gen 3886 | fit 149.853 | fold Calmar 597.22/ 0.35/ 1.20/ 0.64 | fold DD 21/30/34/22%
Gen 3891 | fit 149.853 | fold Calmar 597.22/ 0.35/ 1.20/ 0.64 | fold DD 21/30/34/22%
Gen 3896 | fit 149.853 | fold Calmar 597.22/ 0.35/ 1.20/ 0.64 | fold DD 21/30/34/22%
Gen 3901 | fit 149.853 | fold Calmar 597.22/ 0.35/ 1.20/ 0.64 | fold DD 21/30/34/22%
Gen 3906 | fit 149.853 | fold Calmar 597.22/ 0.35/ 1.20/ 0.64 | fold DD 21/30/34/22%
Gen 3911 | fit 149.853 | fold Calmar 597.22/ 0.35/ 1.20/ 0.64 | fold DD 21/30/34/22%
Gen 3916 | fit 149.853 | fold Calmar 597.22/ 0.35/ 1.20/ 0.64 | fold DD 21/30/34/22%
Gen 3921 | fit 149.853 | fold Calmar 597.22/ 0.35/ 1.20/ 0.64 | fold DD 21/30/34/22%
Gen 3926 | fit 149.853 | fold Calmar 597.22/ 0.35/ 1.20/ 0.64 | fold DD 21/30/34/22%
Gen 3931 | fit 149.853 | fold Calmar 597.22/ 0.35/ 1.20/ 0.64 | fold DD 21/30/34/22%
Gen 3936 | fit 149.853 | fold Calmar 597.22/ 0.35/ 1.20/ 0.64 | fold DD 21/30/34/22%
Gen 3941 | fit 149.853 | fold Calmar 597.22/ 0.35/ 1.20/ 0.64 | fold DD 21/30/34/22%
Gen 3946 | fit 149.853 | fold Calmar 597.22/ 0.35/ 1.20/ 0.64 | fold DD 21/30/34/22%
Gen 3951 | fit 149.853 | fold Calmar 597.22/ 0.35/ 1.20/ 0.64 | fold DD 21/30/34/22%
Gen 3956 | fit 149.853 | fold Calmar 597.22/ 0.35/ 1.20/ 0.64 | fold DD 21/30/34/22%
Gen 3961 | fit 149.853 | fold Calmar 597.22/ 0.35/ 1.20/ 0.64 | fold DD 21/30/34/22%
Gen 3966 | fit 149.853 | fold Calmar 597.22/ 0.35/ 1.20/ 0.64 | fold DD 21/30/34/22%
Gen 3971 | fit 149.853 | fold Calmar 597.22/ 0.35/ 1.20/ 0.64 | fold DD 21/30/34/22%
Gen 3976 | fit 149.853 | fold Calmar 597.22/ 0.35/ 1.20/ 0.64 | fold DD 21/30/34/22%
Gen 3981 | fit 149.853 | fold Calmar 597.22/ 0.35/ 1.20/ 0.64 | fold DD 21/30/34/22%
Gen 3986 | fit 149.853 | fold Calmar 597.22/ 0.35/ 1.20/ 0.64 | fold DD 21/30/34/22%
Gen 3991 | fit 149.853 | fold Calmar 597.22/ 0.35/ 1.20/ 0.64 | fold DD 21/30/34/22%
Gen 3996 | fit 149.853 | fold Calmar 597.22/ 0.35/ 1.20/ 0.64 | fold DD 21/30/34/22%
Gen 4001 | fit 149.853 | fold Calmar 597.22/ 0.35/ 1.20/ 0.64 | fold DD 21/30/34/22%
Gen 4006 | fit 149.853 | fold Calmar 597.22/ 0.35/ 1.20/ 0.64 | fold DD 21/30/34/22%
Gen 4011 | fit 149.853 | fold Calmar 597.22/ 0.35/ 1.20/ 0.64 | fold DD 21/30/34/22%
Gen 4016 | fit 149.853 | fold Calmar 597.22/ 0.35/ 1.20/ 0.64 | fold DD 21/30/34/22%
Gen 4021 | fit 149.853 | fold Calmar 597.22/ 0.35/ 1.20/ 0.64 | fold DD 21/30/34/22%
Gen 4026 | fit 149.853 | fold Calmar 597.22/ 0.35/ 1.20/ 0.64 | fold DD 21/30/34/22%
Gen 4031 | fit 149.853 | fold Calmar 597.22/ 0.35/ 1.20/ 0.64 | fold DD 21/30/34/22%
Gen 4036 | fit 149.853 | fold Calmar 597.22/ 0.35/ 1.20/ 0.64 | fold DD 21/30/34/22%
Gen 4041 | fit 149.853 | fold Calmar 597.22/ 0.35/ 1.20/ 0.64 | fold DD 21/30/34/22%
Gen 4046 | fit 149.853 | fold Calmar 597.22/ 0.35/ 1.20/ 0.64 | fold DD 21/30/34/22%
Gen 4051 | fit 149.853 | fold Calmar 597.22/ 0.35/ 1.20/ 0.64 | fold DD 21/30/34/22%
Gen 4056 | fit 149.853 | fold Calmar 597.22/ 0.35/ 1.20/ 0.64 | fold DD 21/30/34/22%
Gen 4061 | fit 149.853 | fold Calmar 597.22/ 0.35/ 1.20/ 0.64 | fold DD 21/30/34/22%
Gen 4066 | fit 149.853 | fold Calmar 597.22/ 0.35/ 1.20/ 0.64 | fold DD 21/30/34/22%
Gen 4071 | fit 149.853 | fold Calmar 597.22/ 0.35/ 1.20/ 0.64 | fold DD 21/30/34/22%
Gen 4076 | fit 149.853 | fold Calmar 597.22/ 0.35/ 1.20/ 0.64 | fold DD 21/30/34/22%
Gen 4081 | fit 149.853 | fold Calmar 597.22/ 0.35/ 1.20/ 0.64 | fold DD 21/30/34/22%
Gen 4086 | fit 149.853 | fold Calmar 597.22/ 0.35/ 1.20/ 0.64 | fold DD 21/30/34/22%
Gen 4091 | fit 149.853 | fold Calmar 597.22/ 0.35/ 1.20/ 0.64 | fold DD 21/30/34/22%
Gen 4096 | fit 149.853 | fold Calmar 597.22/ 0.35/ 1.20/ 0.64 | fold DD 21/30/34/22%
Gen 4101 | fit 149.853 | fold Calmar 597.22/ 0.35/ 1.20/ 0.64 | fold DD 21/30/34/22%
Gen 4106 | fit 149.853 | fold Calmar 597.22/ 0.35/ 1.20/ 0.64 | fold DD 21/30/34/22%
Gen 4111 | fit 149.853 | fold Calmar 597.22/ 0.35/ 1.20/ 0.64 | fold DD 21/30/34/22%
Gen 4116 | fit 149.853 | fold Calmar 597.22/ 0.35/ 1.20/ 0.64 | fold DD 21/30/34/22%
Gen 4121 | fit 149.853 | fold Calmar 597.22/ 0.35/ 1.20/ 0.64 | fold DD 21/30/34/22%
Gen 4126 | fit 149.853 | fold Calmar 597.22/ 0.35/ 1.20/ 0.64 | fold DD 21/30/34/22%
Gen 4131 | fit 149.853 | fold Calmar 597.22/ 0.35/ 1.20/ 0.64 | fold DD 21/30/34/22%
Gen 4136 | fit 149.853 | fold Calmar 597.22/ 0.35/ 1.20/ 0.64 | fold DD 21/30/34/22%
Gen 4141 | fit 149.853 | fold Calmar 597.22/ 0.35/ 1.20/ 0.64 | fold DD 21/30/34/22%
Gen 4146 | fit 149.853 | fold Calmar 597.22/ 0.35/ 1.20/ 0.64 | fold DD 21/30/34/22%
Gen 4151 | fit 149.853 | fold Calmar 597.22/ 0.35/ 1.20/ 0.64 | fold DD 21/30/34/22%
Gen 4156 | fit 149.853 | fold Calmar 597.22/ 0.35/ 1.20/ 0.64 | fold DD 21/30/34/22%
Gen 4161 | fit 149.853 | fold Calmar 597.22/ 0.35/ 1.20/ 0.64 | fold DD 21/30/34/22%
Gen 4166 | fit 149.853 | fold Calmar 597.22/ 0.35/ 1.20/ 0.64 | fold DD 21/30/34/22%
Gen 4171 | fit 149.853 | fold Calmar 597.22/ 0.35/ 1.20/ 0.64 | fold DD 21/30/34/22%
Gen 4176 | fit 149.853 | fold Calmar 597.22/ 0.35/ 1.20/ 0.64 | fold DD 21/30/34/22%
Gen 4181 | fit 149.853 | fold Calmar 597.22/ 0.35/ 1.20/ 0.64 | fold DD 21/30/34/22%
Gen 4186 | fit 149.853 | fold Calmar 597.22/ 0.35/ 1.20/ 0.64 | fold DD 21/30/34/22%
Gen 4191 | fit 149.853 | fold Calmar 597.22/ 0.35/ 1.20/ 0.64 | fold DD 21/30/34/22%
Gen 4196 | fit 149.853 | fold Calmar 597.22/ 0.35/ 1.20/ 0.64 | fold DD 21/30/34/22%
Gen 4201 | fit 149.853 | fold Calmar 597.22/ 0.35/ 1.20/ 0.64 | fold DD 21/30/34/22%
Gen 4206 | fit 149.853 | fold Calmar 597.22/ 0.35/ 1.20/ 0.64 | fold DD 21/30/34/22%
Gen 4211 | fit 149.853 | fold Calmar 597.22/ 0.35/ 1.20/ 0.64 | fold DD 21/30/34/22%
Gen 4216 | fit 149.853 | fold Calmar 597.22/ 0.35/ 1.20/ 0.64 | fold DD 21/30/34/22%
Gen 4221 | fit 149.853 | fold Calmar 597.22/ 0.35/ 1.20/ 0.64 | fold DD 21/30/34/22%
Gen 4226 | fit 149.853 | fold Calmar 597.22/ 0.35/ 1.20/ 0.64 | fold DD 21/30/34/22%
Gen 4231 | fit 149.853 | fold Calmar 597.22/ 0.35/ 1.20/ 0.64 | fold DD 21/30/34/22%
Gen 4236 | fit 149.853 | fold Calmar 597.22/ 0.35/ 1.20/ 0.64 | fold DD 21/30/34/22%
Gen 4241 | fit 149.853 | fold Calmar 597.22/ 0.35/ 1.20/ 0.64 | fold DD 21/30/34/22%
Gen 4246 | fit 149.853 | fold Calmar 597.22/ 0.35/ 1.20/ 0.64 | fold DD 21/30/34/22%
Gen 4251 | fit 149.853 | fold Calmar 597.22/ 0.35/ 1.20/ 0.64 | fold DD 21/30/34/22%
Gen 4256 | fit 149.853 | fold Calmar 597.22/ 0.35/ 1.20/ 0.64 | fold DD 21/30/34/22%
Gen 4261 | fit 149.853 | fold Calmar 597.22/ 0.35/ 1.20/ 0.64 | fold DD 21/30/34/22%
Gen 4266 | fit 149.853 | fold Calmar 597.22/ 0.35/ 1.20/ 0.64 | fold DD 21/30/34/22%
Gen 4271 | fit 149.853 | fold Calmar 597.22/ 0.35/ 1.20/ 0.64 | fold DD 21/30/34/22%
Gen 4276 | fit 149.853 | fold Calmar 597.22/ 0.35/ 1.20/ 0.64 | fold DD 21/30/34/22%
Gen 4281 | fit 149.853 | fold Calmar 597.22/ 0.35/ 1.20/ 0.64 | fold DD 21/30/34/22%
Gen 4286 | fit 149.853 | fold Calmar 597.22/ 0.35/ 1.20/ 0.64 | fold DD 21/30/34/22%
Gen 4291 | fit 149.853 | fold Calmar 597.22/ 0.35/ 1.20/ 0.64 | fold DD 21/30/34/22%
Gen 4296 | fit 149.853 | fold Calmar 597.22/ 0.35/ 1.20/ 0.64 | fold DD 21/30/34/22%
Gen 4301 | fit 149.853 | fold Calmar 597.22/ 0.35/ 1.20/ 0.64 | fold DD 21/30/34/22%
Gen 4306 | fit 149.853 | fold Calmar 597.22/ 0.35/ 1.20/ 0.64 | fold DD 21/30/34/22%
Gen 4311 | fit 149.853 | fold Calmar 597.22/ 0.35/ 1.20/ 0.64 | fold DD 21/30/34/22%
Gen 4316 | fit 149.853 | fold Calmar 597.22/ 0.35/ 1.20/ 0.64 | fold DD 21/30/34/22%
Gen 4321 | fit 149.853 | fold Calmar 597.22/ 0.35/ 1.20/ 0.64 | fold DD 21/30/34/22%
Gen 4326 | fit 149.853 | fold Calmar 597.22/ 0.35/ 1.20/ 0.64 | fold DD 21/30/34/22%
Gen 4331 | fit 149.853 | fold Calmar 597.22/ 0.35/ 1.20/ 0.64 | fold DD 21/30/34/22%
Gen 4336 | fit 149.853 | fold Calmar 597.22/ 0.35/ 1.20/ 0.64 | fold DD 21/30/34/22%
Gen 4341 | fit 149.853 | fold Calmar 597.22/ 0.35/ 1.20/ 0.64 | fold DD 21/30/34/22%
Gen 4346 | fit 149.853 | fold Calmar 597.22/ 0.35/ 1.20/ 0.64 | fold DD 21/30/34/22%
Gen 4351 | fit 149.853 | fold Calmar 597.22/ 0.35/ 1.20/ 0.64 | fold DD 21/30/34/22%
Gen 4356 | fit 149.853 | fold Calmar 597.22/ 0.35/ 1.20/ 0.64 | fold DD 21/30/34/22%
Gen 4361 | fit 149.853 | fold Calmar 597.22/ 0.35/ 1.20/ 0.64 | fold DD 21/30/34/22%
Gen 4366 | fit 149.853 | fold Calmar 597.22/ 0.35/ 1.20/ 0.64 | fold DD 21/30/34/22%
Gen 4371 | fit 149.853 | fold Calmar 597.22/ 0.35/ 1.20/ 0.64 | fold DD 21/30/34/22%
Gen 4376 | fit 149.853 | fold Calmar 597.22/ 0.35/ 1.20/ 0.64 | fold DD 21/30/34/22%
Gen 4381 | fit 149.853 | fold Calmar 597.22/ 0.35/ 1.20/ 0.64 | fold DD 21/30/34/22%
Gen 4386 | fit 149.853 | fold Calmar 597.22/ 0.35/ 1.20/ 0.64 | fold DD 21/30/34/22%
Gen 4391 | fit 149.853 | fold Calmar 597.22/ 0.35/ 1.20/ 0.64 | fold DD 21/30/34/22%
Gen 4396 | fit 149.853 | fold Calmar 597.22/ 0.35/ 1.20/ 0.64 | fold DD 21/30/34/22%
Gen 4401 | fit 149.853 | fold Calmar 597.22/ 0.35/ 1.20/ 0.64 | fold DD 21/30/34/22%
Gen 4406 | fit 149.853 | fold Calmar 597.22/ 0.35/ 1.20/ 0.64 | fold DD 21/30/34/22%
Gen 4411 | fit 149.853 | fold Calmar 597.22/ 0.35/ 1.20/ 0.64 | fold DD 21/30/34/22%
Gen 4416 | fit 149.853 | fold Calmar 597.22/ 0.35/ 1.20/ 0.64 | fold DD 21/30/34/22%
Gen 4421 | fit 149.853 | fold Calmar 597.22/ 0.35/ 1.20/ 0.64 | fold DD 21/30/34/22%
Gen 4426 | fit 149.853 | fold Calmar 597.22/ 0.35/ 1.20/ 0.64 | fold DD 21/30/34/22%
Gen 4431 | fit 149.853 | fold Calmar 597.22/ 0.35/ 1.20/ 0.64 | fold DD 21/30/34/22%
Gen 4436 | fit 149.853 | fold Calmar 597.22/ 0.35/ 1.20/ 0.64 | fold DD 21/30/34/22%
Gen 4441 | fit 149.853 | fold Calmar 597.22/ 0.35/ 1.20/ 0.64 | fold DD 21/30/34/22%
Gen 4446 | fit 149.853 | fold Calmar 597.22/ 0.35/ 1.20/ 0.64 | fold DD 21/30/34/22%
Gen 4451 | fit 149.853 | fold Calmar 597.22/ 0.35/ 1.20/ 0.64 | fold DD 21/30/34/22%
Gen 4456 | fit 149.853 | fold Calmar 597.22/ 0.35/ 1.20/ 0.64 | fold DD 21/30/34/22%
Gen 4461 | fit 149.853 | fold Calmar 597.22/ 0.35/ 1.20/ 0.64 | fold DD 21/30/34/22%
Gen 4466 | fit 149.853 | fold Calmar 597.22/ 0.35/ 1.20/ 0.64 | fold DD 21/30/34/22%
Gen 4471 | fit 149.853 | fold Calmar 597.22/ 0.35/ 1.20/ 0.64 | fold DD 21/30/34/22%
Gen 4476 | fit 149.853 | fold Calmar 597.22/ 0.35/ 1.20/ 0.64 | fold DD 21/30/34/22%
Gen 4481 | fit 149.853 | fold Calmar 597.22/ 0.35/ 1.20/ 0.64 | fold DD 21/30/34/22%
Gen 4486 | fit 149.853 | fold Calmar 597.22/ 0.35/ 1.20/ 0.64 | fold DD 21/30/34/22%
Gen 4491 | fit 149.853 | fold Calmar 597.22/ 0.35/ 1.20/ 0.64 | fold DD 21/30/34/22%
Gen 4496 | fit 149.853 | fold Calmar 597.22/ 0.35/ 1.20/ 0.64 | fold DD 21/30/34/22%
Gen 4501 | fit 149.853 | fold Calmar 597.22/ 0.35/ 1.20/ 0.64 | fold DD 21/30/34/22%
Gen 4506 | fit 149.853 | fold Calmar 597.22/ 0.35/ 1.20/ 0.64 | fold DD 21/30/34/22%
Gen 4511 | fit 149.853 | fold Calmar 597.22/ 0.35/ 1.20/ 0.64 | fold DD 21/30/34/22%
Gen 4516 | fit 149.853 | fold Calmar 597.22/ 0.35/ 1.20/ 0.64 | fold DD 21/30/34/22%
Gen 4521 | fit 149.853 | fold Calmar 597.22/ 0.35/ 1.20/ 0.64 | fold DD 21/30/34/22%
Gen 4526 | fit 149.853 | fold Calmar 597.22/ 0.35/ 1.20/ 0.64 | fold DD 21/30/34/22%
Gen 4531 | fit 149.853 | fold Calmar 597.22/ 0.35/ 1.20/ 0.64 | fold DD 21/30/34/22%
Gen 4536 | fit 149.853 | fold Calmar 597.22/ 0.35/ 1.20/ 0.64 | fold DD 21/30/34/22%
Gen 4541 | fit 149.853 | fold Calmar 597.22/ 0.35/ 1.20/ 0.64 | fold DD 21/30/34/22%
Gen 4546 | fit 149.853 | fold Calmar 597.22/ 0.35/ 1.20/ 0.64 | fold DD 21/30/34/22%
Gen 4551 | fit 149.853 | fold Calmar 597.22/ 0.35/ 1.20/ 0.64 | fold DD 21/30/34/22%
Gen 4556 | fit 149.853 | fold Calmar 597.22/ 0.35/ 1.20/ 0.64 | fold DD 21/30/34/22%
Gen 4561 | fit 149.853 | fold Calmar 597.22/ 0.35/ 1.20/ 0.64 | fold DD 21/30/34/22%
Gen 4566 | fit 149.853 | fold Calmar 597.22/ 0.35/ 1.20/ 0.64 | fold DD 21/30/34/22%
Gen 4571 | fit 149.853 | fold Calmar 597.22/ 0.35/ 1.20/ 0.64 | fold DD 21/30/34/22%
Gen 4576 | fit 149.853 | fold Calmar 597.22/ 0.35/ 1.20/ 0.64 | fold DD 21/30/34/22%
Gen 4581 | fit 149.853 | fold Calmar 597.22/ 0.35/ 1.20/ 0.64 | fold DD 21/30/34/22%
Gen 4586 | fit 149.853 | fold Calmar 597.22/ 0.35/ 1.20/ 0.64 | fold DD 21/30/34/22%
Gen 4591 | fit 149.853 | fold Calmar 597.22/ 0.35/ 1.20/ 0.64 | fold DD 21/30/34/22%
Gen 4596 | fit 149.853 | fold Calmar 597.22/ 0.35/ 1.20/ 0.64 | fold DD 21/30/34/22%
Gen 4601 | fit 149.853 | fold Calmar 597.22/ 0.35/ 1.20/ 0.64 | fold DD 21/30/34/22%
Gen 4606 | fit 149.853 | fold Calmar 597.22/ 0.35/ 1.20/ 0.64 | fold DD 21/30/34/22%
Gen 4611 | fit 149.853 | fold Calmar 597.22/ 0.35/ 1.20/ 0.64 | fold DD 21/30/34/22%
Gen 4616 | fit 149.853 | fold Calmar 597.22/ 0.35/ 1.20/ 0.64 | fold DD 21/30/34/22%
Gen 4621 | fit 149.853 | fold Calmar 597.22/ 0.35/ 1.20/ 0.64 | fold DD 21/30/34/22%
Gen 4626 | fit 149.853 | fold Calmar 597.22/ 0.35/ 1.20/ 0.64 | fold DD 21/30/34/22%
Gen 4631 | fit 149.853 | fold Calmar 597.22/ 0.35/ 1.20/ 0.64 | fold DD 21/30/34/22%
Gen 4636 | fit 149.853 | fold Calmar 597.22/ 0.35/ 1.20/ 0.64 | fold DD 21/30/34/22%
Gen 4641 | fit 149.853 | fold Calmar 597.22/ 0.35/ 1.20/ 0.64 | fold DD 21/30/34/22%
Gen 4646 | fit 149.853 | fold Calmar 597.22/ 0.35/ 1.20/ 0.64 | fold DD 21/30/34/22%
Gen 4651 | fit 149.853 | fold Calmar 597.22/ 0.35/ 1.20/ 0.64 | fold DD 21/30/34/22%
Gen 4656 | fit 149.853 | fold Calmar 597.22/ 0.35/ 1.20/ 0.64 | fold DD 21/30/34/22%
Gen 4661 | fit 149.853 | fold Calmar 597.22/ 0.35/ 1.20/ 0.64 | fold DD 21/30/34/22%
Gen 4666 | fit 149.853 | fold Calmar 597.22/ 0.35/ 1.20/ 0.64 | fold DD 21/30/34/22%
Gen 4671 | fit 149.853 | fold Calmar 597.22/ 0.35/ 1.20/ 0.64 | fold DD 21/30/34/22%
Gen 4676 | fit 149.853 | fold Calmar 597.22/ 0.35/ 1.20/ 0.64 | fold DD 21/30/34/22%
Gen 4681 | fit 149.853 | fold Calmar 597.22/ 0.35/ 1.20/ 0.64 | fold DD 21/30/34/22%
Gen 4686 | fit 149.853 | fold Calmar 597.22/ 0.35/ 1.20/ 0.64 | fold DD 21/30/34/22%
Gen 4691 | fit 149.853 | fold Calmar 597.22/ 0.35/ 1.20/ 0.64 | fold DD 21/30/34/22%
Gen 4696 | fit 149.853 | fold Calmar 597.22/ 0.35/ 1.20/ 0.64 | fold DD 21/30/34/22%
Gen 4701 | fit 149.853 | fold Calmar 597.22/ 0.35/ 1.20/ 0.64 | fold DD 21/30/34/22%
Gen 4706 | fit 149.853 | fold Calmar 597.22/ 0.35/ 1.20/ 0.64 | fold DD 21/30/34/22%
Gen 4711 | fit 149.853 | fold Calmar 597.22/ 0.35/ 1.20/ 0.64 | fold DD 21/30/34/22%
Gen 4716 | fit 149.853 | fold Calmar 597.22/ 0.35/ 1.20/ 0.64 | fold DD 21/30/34/22%
Gen 4721 | fit 149.853 | fold Calmar 597.22/ 0.35/ 1.20/ 0.64 | fold DD 21/30/34/22%
Gen 4726 | fit 149.853 | fold Calmar 597.22/ 0.35/ 1.20/ 0.64 | fold DD 21/30/34/22%
Gen 4731 | fit 149.853 | fold Calmar 597.22/ 0.35/ 1.20/ 0.64 | fold DD 21/30/34/22%
Gen 4736 | fit 149.853 | fold Calmar 597.22/ 0.35/ 1.20/ 0.64 | fold DD 21/30/34/22%
Gen 4741 | fit 149.853 | fold Calmar 597.22/ 0.35/ 1.20/ 0.64 | fold DD 21/30/34/22%
Gen 4746 | fit 149.853 | fold Calmar 597.22/ 0.35/ 1.20/ 0.64 | fold DD 21/30/34/22%
Gen 4751 | fit 149.853 | fold Calmar 597.22/ 0.35/ 1.20/ 0.64 | fold DD 21/30/34/22%
Gen 4756 | fit 149.853 | fold Calmar 597.22/ 0.35/ 1.20/ 0.64 | fold DD 21/30/34/22%
Gen 4761 | fit 149.853 | fold Calmar 597.22/ 0.35/ 1.20/ 0.64 | fold DD 21/30/34/22%
Gen 4766 | fit 149.853 | fold Calmar 597.22/ 0.35/ 1.20/ 0.64 | fold DD 21/30/34/22%
Gen 4771 | fit 149.853 | fold Calmar 597.22/ 0.35/ 1.20/ 0.64 | fold DD 21/30/34/22%
Gen 4776 | fit 149.853 | fold Calmar 597.22/ 0.35/ 1.20/ 0.64 | fold DD 21/30/34/22%
Gen 4781 | fit 149.853 | fold Calmar 597.22/ 0.35/ 1.20/ 0.64 | fold DD 21/30/34/22%
Gen 4786 | fit 149.853 | fold Calmar 597.22/ 0.35/ 1.20/ 0.64 | fold DD 21/30/34/22%
Gen 4791 | fit 149.853 | fold Calmar 597.22/ 0.35/ 1.20/ 0.64 | fold DD 21/30/34/22%
Gen 4796 | fit 149.853 | fold Calmar 597.22/ 0.35/ 1.20/ 0.64 | fold DD 21/30/34/22%
Gen 4801 | fit 149.853 | fold Calmar 597.22/ 0.35/ 1.20/ 0.64 | fold DD 21/30/34/22%
Gen 4806 | fit 149.853 | fold Calmar 597.22/ 0.35/ 1.20/ 0.64 | fold DD 21/30/34/22%
Gen 4811 | fit 149.853 | fold Calmar 597.22/ 0.35/ 1.20/ 0.64 | fold DD 21/30/34/22%
Gen 4816 | fit 149.853 | fold Calmar 597.22/ 0.35/ 1.20/ 0.64 | fold DD 21/30/34/22%
Gen 4821 | fit 149.853 | fold Calmar 597.22/ 0.35/ 1.20/ 0.64 | fold DD 21/30/34/22%
Gen 4826 | fit 149.853 | fold Calmar 597.22/ 0.35/ 1.20/ 0.64 | fold DD 21/30/34/22%
Gen 4831 | fit 149.853 | fold Calmar 597.22/ 0.35/ 1.20/ 0.64 | fold DD 21/30/34/22%
Gen 4836 | fit 149.853 | fold Calmar 597.22/ 0.35/ 1.20/ 0.64 | fold DD 21/30/34/22%
Gen 4841 | fit 149.853 | fold Calmar 597.22/ 0.35/ 1.20/ 0.64 | fold DD 21/30/34/22%
Gen 4846 | fit 149.853 | fold Calmar 597.22/ 0.35/ 1.20/ 0.64 | fold DD 21/30/34/22%
Gen 4851 | fit 149.853 | fold Calmar 597.22/ 0.35/ 1.20/ 0.64 | fold DD 21/30/34/22%
Gen 4856 | fit 149.853 | fold Calmar 597.22/ 0.35/ 1.20/ 0.64 | fold DD 21/30/34/22%
Gen 4861 | fit 149.853 | fold Calmar 597.22/ 0.35/ 1.20/ 0.64 | fold DD 21/30/34/22%
Gen 4866 | fit 149.853 | fold Calmar 597.22/ 0.35/ 1.20/ 0.64 | fold DD 21/30/34/22%
Gen 4871 | fit 149.853 | fold Calmar 597.22/ 0.35/ 1.20/ 0.64 | fold DD 21/30/34/22%
Gen 4876 | fit 149.853 | fold Calmar 597.22/ 0.35/ 1.20/ 0.64 | fold DD 21/30/34/22%
Gen 4881 | fit 149.853 | fold Calmar 597.22/ 0.35/ 1.20/ 0.64 | fold DD 21/30/34/22%
Gen 4886 | fit 149.853 | fold Calmar 597.22/ 0.35/ 1.20/ 0.64 | fold DD 21/30/34/22%
Gen 4891 | fit 149.853 | fold Calmar 597.22/ 0.35/ 1.20/ 0.64 | fold DD 21/30/34/22%
Gen 4896 | fit 149.853 | fold Calmar 597.22/ 0.35/ 1.20/ 0.64 | fold DD 21/30/34/22%
Gen 4901 | fit 149.853 | fold Calmar 597.22/ 0.35/ 1.20/ 0.64 | fold DD 21/30/34/22%
Gen 4906 | fit 149.853 | fold Calmar 597.22/ 0.35/ 1.20/ 0.64 | fold DD 21/30/34/22%
Gen 4911 | fit 149.853 | fold Calmar 597.22/ 0.35/ 1.20/ 0.64 | fold DD 21/30/34/22%
Gen 4916 | fit 149.853 | fold Calmar 597.22/ 0.35/ 1.20/ 0.64 | fold DD 21/30/34/22%
Gen 4921 | fit 149.853 | fold Calmar 597.22/ 0.35/ 1.20/ 0.64 | fold DD 21/30/34/22%
Gen 4926 | fit 149.853 | fold Calmar 597.22/ 0.35/ 1.20/ 0.64 | fold DD 21/30/34/22%
Gen 4931 | fit 149.853 | fold Calmar 597.22/ 0.35/ 1.20/ 0.64 | fold DD 21/30/34/22%
Gen 4936 | fit 149.853 | fold Calmar 597.22/ 0.35/ 1.20/ 0.64 | fold DD 21/30/34/22%
Gen 4941 | fit 149.853 | fold Calmar 597.22/ 0.35/ 1.20/ 0.64 | fold DD 21/30/34/22%
Gen 4946 | fit 149.853 | fold Calmar 597.22/ 0.35/ 1.20/ 0.64 | fold DD 21/30/34/22%
Gen 4951 | fit 149.853 | fold Calmar 597.22/ 0.35/ 1.20/ 0.64 | fold DD 21/30/34/22%
Gen 4956 | fit 149.853 | fold Calmar 597.22/ 0.35/ 1.20/ 0.64 | fold DD 21/30/34/22%
Gen 4961 | fit 149.853 | fold Calmar 597.22/ 0.35/ 1.20/ 0.64 | fold DD 21/30/34/22%
Gen 4966 | fit 149.853 | fold Calmar 597.22/ 0.35/ 1.20/ 0.64 | fold DD 21/30/34/22%
Gen 4971 | fit 149.853 | fold Calmar 597.22/ 0.35/ 1.20/ 0.64 | fold DD 21/30/34/22%
Gen 4976 | fit 149.853 | fold Calmar 597.22/ 0.35/ 1.20/ 0.64 | fold DD 21/30/34/22%
Gen 4981 | fit 149.853 | fold Calmar 597.22/ 0.35/ 1.20/ 0.64 | fold DD 21/30/34/22%
Gen 4986 | fit 149.853 | fold Calmar 597.22/ 0.35/ 1.20/ 0.64 | fold DD 21/30/34/22%
Gen 4991 | fit 149.853 | fold Calmar 597.22/ 0.35/ 1.20/ 0.64 | fold DD 21/30/34/22%
Gen 4996 | fit 149.853 | fold Calmar 597.22/ 0.35/ 1.20/ 0.64 | fold DD 21/30/34/22%
Gen 5001 | fit 149.853 | fold Calmar 597.22/ 0.35/ 1.20/ 0.64 | fold DD 21/30/34/22%
Gen 5006 | fit 149.853 | fold Calmar 597.22/ 0.35/ 1.20/ 0.64 | fold DD 21/30/34/22%
Gen 5011 | fit 149.853 | fold Calmar 597.22/ 0.35/ 1.20/ 0.64 | fold DD 21/30/34/22%
Gen 5016 | fit 149.853 | fold Calmar 597.22/ 0.35/ 1.20/ 0.64 | fold DD 21/30/34/22%
Gen 5021 | fit 149.853 | fold Calmar 597.22/ 0.35/ 1.20/ 0.64 | fold DD 21/30/34/22%
Gen 5026 | fit 149.853 | fold Calmar 597.22/ 0.35/ 1.20/ 0.64 | fold DD 21/30/34/22%
Gen 5031 | fit 149.853 | fold Calmar 597.22/ 0.35/ 1.20/ 0.64 | fold DD 21/30/34/22%
Gen 5036 | fit 149.853 | fold Calmar 597.22/ 0.35/ 1.20/ 0.64 | fold DD 21/30/34/22%
Gen 5041 | fit 149.853 | fold Calmar 597.22/ 0.35/ 1.20/ 0.64 | fold DD 21/30/34/22%
Gen 5046 | fit 149.853 | fold Calmar 597.22/ 0.35/ 1.20/ 0.64 | fold DD 21/30/34/22%
Gen 5051 | fit 149.853 | fold Calmar 597.22/ 0.35/ 1.20/ 0.64 | fold DD 21/30/34/22%
Gen 5056 | fit 149.853 | fold Calmar 597.22/ 0.35/ 1.20/ 0.64 | fold DD 21/30/34/22%
Gen 5061 | fit 149.853 | fold Calmar 597.22/ 0.35/ 1.20/ 0.64 | fold DD 21/30/34/22%
Gen 5066 | fit 149.853 | fold Calmar 597.22/ 0.35/ 1.20/ 0.64 | fold DD 21/30/34/22%
Gen 5071 | fit 149.853 | fold Calmar 597.22/ 0.35/ 1.20/ 0.64 | fold DD 21/30/34/22%
Gen 5076 | fit 149.853 | fold Calmar 597.22/ 0.35/ 1.20/ 0.64 | fold DD 21/30/34/22%
Gen 5081 | fit 149.853 | fold Calmar 597.22/ 0.35/ 1.20/ 0.64 | fold DD 21/30/34/22%
Gen 5086 | fit 149.853 | fold Calmar 597.22/ 0.35/ 1.20/ 0.64 | fold DD 21/30/34/22%
Gen 5091 | fit 149.853 | fold Calmar 597.22/ 0.35/ 1.20/ 0.64 | fold DD 21/30/34/22%
Gen 5096 | fit 149.853 | fold Calmar 597.22/ 0.35/ 1.20/ 0.64 | fold DD 21/30/34/22%
Gen 5101 | fit 149.853 | fold Calmar 597.22/ 0.35/ 1.20/ 0.64 | fold DD 21/30/34/22%
Gen 5106 | fit 149.853 | fold Calmar 597.22/ 0.35/ 1.20/ 0.64 | fold DD 21/30/34/22%
Gen 5111 | fit 149.853 | fold Calmar 597.22/ 0.35/ 1.20/ 0.64 | fold DD 21/30/34/22%
Gen 5116 | fit 149.853 | fold Calmar 597.22/ 0.35/ 1.20/ 0.64 | fold DD 21/30/34/22%
Gen 5121 | fit 149.853 | fold Calmar 597.22/ 0.35/ 1.20/ 0.64 | fold DD 21/30/34/22%
Gen 5126 | fit 149.853 | fold Calmar 597.22/ 0.35/ 1.20/ 0.64 | fold DD 21/30/34/22%
Gen 5131 | fit 149.853 | fold Calmar 597.22/ 0.35/ 1.20/ 0.64 | fold DD 21/30/34/22%
Gen 5136 | fit 149.853 | fold Calmar 597.22/ 0.35/ 1.20/ 0.64 | fold DD 21/30/34/22%
Gen 5141 | fit 149.853 | fold Calmar 597.22/ 0.35/ 1.20/ 0.64 | fold DD 21/30/34/22%
Gen 5146 | fit 149.853 | fold Calmar 597.22/ 0.35/ 1.20/ 0.64 | fold DD 21/30/34/22%
Gen 5151 | fit 149.853 | fold Calmar 597.22/ 0.35/ 1.20/ 0.64 | fold DD 21/30/34/22%
Gen 5156 | fit 149.853 | fold Calmar 597.22/ 0.35/ 1.20/ 0.64 | fold DD 21/30/34/22%
Gen 5161 | fit 149.853 | fold Calmar 597.22/ 0.35/ 1.20/ 0.64 | fold DD 21/30/34/22%
Gen 5166 | fit 149.853 | fold Calmar 597.22/ 0.35/ 1.20/ 0.64 | fold DD 21/30/34/22%
Gen 5171 | fit 149.853 | fold Calmar 597.22/ 0.35/ 1.20/ 0.64 | fold DD 21/30/34/22%
Gen 5176 | fit 149.853 | fold Calmar 597.22/ 0.35/ 1.20/ 0.64 | fold DD 21/30/34/22%
Gen 5181 | fit 149.853 | fold Calmar 597.22/ 0.35/ 1.20/ 0.64 | fold DD 21/30/34/22%
Gen 5186 | fit 149.853 | fold Calmar 597.22/ 0.35/ 1.20/ 0.64 | fold DD 21/30/34/22%
Gen 5191 | fit 149.853 | fold Calmar 597.22/ 0.35/ 1.20/ 0.64 | fold DD 21/30/34/22%
Gen 5196 | fit 149.853 | fold Calmar 597.22/ 0.35/ 1.20/ 0.64 | fold DD 21/30/34/22%
Gen 5201 | fit 149.853 | fold Calmar 597.22/ 0.35/ 1.20/ 0.64 | fold DD 21/30/34/22%
Gen 5206 | fit 149.853 | fold Calmar 597.22/ 0.35/ 1.20/ 0.64 | fold DD 21/30/34/22%
Gen 5211 | fit 149.853 | fold Calmar 597.22/ 0.35/ 1.20/ 0.64 | fold DD 21/30/34/22%
Gen 5216 | fit 149.853 | fold Calmar 597.22/ 0.35/ 1.20/ 0.64 | fold DD 21/30/34/22%
Gen 5221 | fit 149.853 | fold Calmar 597.22/ 0.35/ 1.20/ 0.64 | fold DD 21/30/34/22%
Gen 5226 | fit 149.853 | fold Calmar 597.22/ 0.35/ 1.20/ 0.64 | fold DD 21/30/34/22%
Gen 5231 | fit 149.853 | fold Calmar 597.22/ 0.35/ 1.20/ 0.64 | fold DD 21/30/34/22%
Gen 5236 | fit 149.853 | fold Calmar 597.22/ 0.35/ 1.20/ 0.64 | fold DD 21/30/34/22%
Gen 5241 | fit 149.853 | fold Calmar 597.22/ 0.35/ 1.20/ 0.64 | fold DD 21/30/34/22%
Gen 5246 | fit 149.853 | fold Calmar 597.22/ 0.35/ 1.20/ 0.64 | fold DD 21/30/34/22%
Gen 5251 | fit 149.853 | fold Calmar 597.22/ 0.35/ 1.20/ 0.64 | fold DD 21/30/34/22%
Gen 5256 | fit 149.853 | fold Calmar 597.22/ 0.35/ 1.20/ 0.64 | fold DD 21/30/34/22%
Gen 5261 | fit 149.853 | fold Calmar 597.22/ 0.35/ 1.20/ 0.64 | fold DD 21/30/34/22%
Gen 5266 | fit 149.853 | fold Calmar 597.22/ 0.35/ 1.20/ 0.64 | fold DD 21/30/34/22%
Gen 5271 | fit 149.853 | fold Calmar 597.22/ 0.35/ 1.20/ 0.64 | fold DD 21/30/34/22%
Gen 5276 | fit 149.853 | fold Calmar 597.22/ 0.35/ 1.20/ 0.64 | fold DD 21/30/34/22%
Gen 5281 | fit 149.853 | fold Calmar 597.22/ 0.35/ 1.20/ 0.64 | fold DD 21/30/34/22%
Gen 5286 | fit 149.853 | fold Calmar 597.22/ 0.35/ 1.20/ 0.64 | fold DD 21/30/34/22%
Gen 5291 | fit 149.853 | fold Calmar 597.22/ 0.35/ 1.20/ 0.64 | fold DD 21/30/34/22%
Gen 5296 | fit 149.853 | fold Calmar 597.22/ 0.35/ 1.20/ 0.64 | fold DD 21/30/34/22%
Gen 5301 | fit 149.853 | fold Calmar 597.22/ 0.35/ 1.20/ 0.64 | fold DD 21/30/34/22%
Gen 5306 | fit 149.853 | fold Calmar 597.22/ 0.35/ 1.20/ 0.64 | fold DD 21/30/34/22%
Gen 5311 | fit 149.853 | fold Calmar 597.22/ 0.35/ 1.20/ 0.64 | fold DD 21/30/34/22%
Gen 5316 | fit 149.853 | fold Calmar 597.22/ 0.35/ 1.20/ 0.64 | fold DD 21/30/34/22%
Gen 5321 | fit 149.853 | fold Calmar 597.22/ 0.35/ 1.20/ 0.64 | fold DD 21/30/34/22%
Gen 5326 | fit 149.853 | fold Calmar 597.22/ 0.35/ 1.20/ 0.64 | fold DD 21/30/34/22%
Gen 5331 | fit 149.853 | fold Calmar 597.22/ 0.35/ 1.20/ 0.64 | fold DD 21/30/34/22%
Gen 5336 | fit 149.853 | fold Calmar 597.22/ 0.35/ 1.20/ 0.64 | fold DD 21/30/34/22%
Gen 5341 | fit 149.853 | fold Calmar 597.22/ 0.35/ 1.20/ 0.64 | fold DD 21/30/34/22%
Gen 5346 | fit 149.853 | fold Calmar 597.22/ 0.35/ 1.20/ 0.64 | fold DD 21/30/34/22%
Gen 5351 | fit 149.853 | fold Calmar 597.22/ 0.35/ 1.20/ 0.64 | fold DD 21/30/34/22%
Gen 5356 | fit 149.853 | fold Calmar 597.22/ 0.35/ 1.20/ 0.64 | fold DD 21/30/34/22%
Gen 5361 | fit 149.853 | fold Calmar 597.22/ 0.35/ 1.20/ 0.64 | fold DD 21/30/34/22%
Gen 5366 | fit 149.853 | fold Calmar 597.22/ 0.35/ 1.20/ 0.64 | fold DD 21/30/34/22%
Gen 5371 | fit 149.853 | fold Calmar 597.22/ 0.35/ 1.20/ 0.64 | fold DD 21/30/34/22%
Gen 5376 | fit 149.853 | fold Calmar 597.22/ 0.35/ 1.20/ 0.64 | fold DD 21/30/34/22%
Gen 5381 | fit 149.853 | fold Calmar 597.22/ 0.35/ 1.20/ 0.64 | fold DD 21/30/34/22%
Gen 5386 | fit 149.853 | fold Calmar 597.22/ 0.35/ 1.20/ 0.64 | fold DD 21/30/34/22%
Gen 5391 | fit 149.853 | fold Calmar 597.22/ 0.35/ 1.20/ 0.64 | fold DD 21/30/34/22%
Gen 5396 | fit 149.853 | fold Calmar 597.22/ 0.35/ 1.20/ 0.64 | fold DD 21/30/34/22%
Gen 5401 | fit 149.853 | fold Calmar 597.22/ 0.35/ 1.20/ 0.64 | fold DD 21/30/34/22%
Gen 5406 | fit 149.853 | fold Calmar 597.22/ 0.35/ 1.20/ 0.64 | fold DD 21/30/34/22%
Gen 5411 | fit 149.853 | fold Calmar 597.22/ 0.35/ 1.20/ 0.64 | fold DD 21/30/34/22%
Gen 5416 | fit 149.853 | fold Calmar 597.22/ 0.35/ 1.20/ 0.64 | fold DD 21/30/34/22%
Gen 5421 | fit 149.853 | fold Calmar 597.22/ 0.35/ 1.20/ 0.64 | fold DD 21/30/34/22%
Gen 5426 | fit 149.853 | fold Calmar 597.22/ 0.35/ 1.20/ 0.64 | fold DD 21/30/34/22%
Gen 5431 | fit 149.853 | fold Calmar 597.22/ 0.35/ 1.20/ 0.64 | fold DD 21/30/34/22%
Gen 5436 | fit 149.853 | fold Calmar 597.22/ 0.35/ 1.20/ 0.64 | fold DD 21/30/34/22%
Gen 5441 | fit 149.853 | fold Calmar 597.22/ 0.35/ 1.20/ 0.64 | fold DD 21/30/34/22%
Gen 5446 | fit 149.853 | fold Calmar 597.22/ 0.35/ 1.20/ 0.64 | fold DD 21/30/34/22%
Gen 5451 | fit 149.853 | fold Calmar 597.22/ 0.35/ 1.20/ 0.64 | fold DD 21/30/34/22%
Gen 5456 | fit 149.853 | fold Calmar 597.22/ 0.35/ 1.20/ 0.64 | fold DD 21/30/34/22%
Gen 5461 | fit 149.853 | fold Calmar 597.22/ 0.35/ 1.20/ 0.64 | fold DD 21/30/34/22%
Gen 5466 | fit 149.853 | fold Calmar 597.22/ 0.35/ 1.20/ 0.64 | fold DD 21/30/34/22%
Gen 5471 | fit 149.853 | fold Calmar 597.22/ 0.35/ 1.20/ 0.64 | fold DD 21/30/34/22%
Gen 5476 | fit 149.853 | fold Calmar 597.22/ 0.35/ 1.20/ 0.64 | fold DD 21/30/34/22%
Gen 5481 | fit 149.853 | fold Calmar 597.22/ 0.35/ 1.20/ 0.64 | fold DD 21/30/34/22%
Gen 5486 | fit 149.853 | fold Calmar 597.22/ 0.35/ 1.20/ 0.64 | fold DD 21/30/34/22%
Gen 5491 | fit 149.853 | fold Calmar 597.22/ 0.35/ 1.20/ 0.64 | fold DD 21/30/34/22%
Gen 5496 | fit 149.853 | fold Calmar 597.22/ 0.35/ 1.20/ 0.64 | fold DD 21/30/34/22%
Gen 5501 | fit 149.853 | fold Calmar 597.22/ 0.35/ 1.20/ 0.64 | fold DD 21/30/34/22%
Gen 5506 | fit 149.853 | fold Calmar 597.22/ 0.35/ 1.20/ 0.64 | fold DD 21/30/34/22%
Gen 5511 | fit 149.853 | fold Calmar 597.22/ 0.35/ 1.20/ 0.64 | fold DD 21/30/34/22%
Gen 5516 | fit 149.853 | fold Calmar 597.22/ 0.35/ 1.20/ 0.64 | fold DD 21/30/34/22%
Gen 5521 | fit 149.853 | fold Calmar 597.22/ 0.35/ 1.20/ 0.64 | fold DD 21/30/34/22%
Gen 5526 | fit 149.853 | fold Calmar 597.22/ 0.35/ 1.20/ 0.64 | fold DD 21/30/34/22%
Gen 5531 | fit 149.853 | fold Calmar 597.22/ 0.35/ 1.20/ 0.64 | fold DD 21/30/34/22%
Gen 5536 | fit 149.853 | fold Calmar 597.22/ 0.35/ 1.20/ 0.64 | fold DD 21/30/34/22%
Gen 5541 | fit 149.853 | fold Calmar 597.22/ 0.35/ 1.20/ 0.64 | fold DD 21/30/34/22%
Gen 5546 | fit 149.853 | fold Calmar 597.22/ 0.35/ 1.20/ 0.64 | fold DD 21/30/34/22%
Gen 5551 | fit 149.853 | fold Calmar 597.22/ 0.35/ 1.20/ 0.64 | fold DD 21/30/34/22%
Gen 5556 | fit 149.853 | fold Calmar 597.22/ 0.35/ 1.20/ 0.64 | fold DD 21/30/34/22%
Gen 5561 | fit 149.853 | fold Calmar 597.22/ 0.35/ 1.20/ 0.64 | fold DD 21/30/34/22%
Gen 5566 | fit 149.853 | fold Calmar 597.22/ 0.35/ 1.20/ 0.64 | fold DD 21/30/34/22%
Gen 5571 | fit 149.853 | fold Calmar 597.22/ 0.35/ 1.20/ 0.64 | fold DD 21/30/34/22%
Gen 5576 | fit 149.853 | fold Calmar 597.22/ 0.35/ 1.20/ 0.64 | fold DD 21/30/34/22%
Gen 5581 | fit 149.853 | fold Calmar 597.22/ 0.35/ 1.20/ 0.64 | fold DD 21/30/34/22%
Gen 5586 | fit 149.853 | fold Calmar 597.22/ 0.35/ 1.20/ 0.64 | fold DD 21/30/34/22%
Gen 5591 | fit 149.853 | fold Calmar 597.22/ 0.35/ 1.20/ 0.64 | fold DD 21/30/34/22%
Gen 5596 | fit 149.853 | fold Calmar 597.22/ 0.35/ 1.20/ 0.64 | fold DD 21/30/34/22%
Gen 5601 | fit 149.853 | fold Calmar 597.22/ 0.35/ 1.20/ 0.64 | fold DD 21/30/34/22%
Gen 5606 | fit 149.853 | fold Calmar 597.22/ 0.35/ 1.20/ 0.64 | fold DD 21/30/34/22%
Gen 5611 | fit 149.853 | fold Calmar 597.22/ 0.35/ 1.20/ 0.64 | fold DD 21/30/34/22%
Gen 5616 | fit 149.853 | fold Calmar 597.22/ 0.35/ 1.20/ 0.64 | fold DD 21/30/34/22%
Gen 5621 | fit 149.853 | fold Calmar 597.22/ 0.35/ 1.20/ 0.64 | fold DD 21/30/34/22%
Gen 5626 | fit 149.853 | fold Calmar 597.22/ 0.35/ 1.20/ 0.64 | fold DD 21/30/34/22%
Gen 5631 | fit 149.853 | fold Calmar 597.22/ 0.35/ 1.20/ 0.64 | fold DD 21/30/34/22%
Gen 5636 | fit 149.853 | fold Calmar 597.22/ 0.35/ 1.20/ 0.64 | fold DD 21/30/34/22%
Gen 5641 | fit 149.853 | fold Calmar 597.22/ 0.35/ 1.20/ 0.64 | fold DD 21/30/34/22%
Gen 5646 | fit 149.853 | fold Calmar 597.22/ 0.35/ 1.20/ 0.64 | fold DD 21/30/34/22%
Gen 5651 | fit 149.853 | fold Calmar 597.22/ 0.35/ 1.20/ 0.64 | fold DD 21/30/34/22%
Gen 5656 | fit 149.853 | fold Calmar 597.22/ 0.35/ 1.20/ 0.64 | fold DD 21/30/34/22%
Gen 5661 | fit 149.853 | fold Calmar 597.22/ 0.35/ 1.20/ 0.64 | fold DD 21/30/34/22%
Gen 5666 | fit 149.853 | fold Calmar 597.22/ 0.35/ 1.20/ 0.64 | fold DD 21/30/34/22%
Gen 5671 | fit 149.853 | fold Calmar 597.22/ 0.35/ 1.20/ 0.64 | fold DD 21/30/34/22%
Gen 5676 | fit 149.853 | fold Calmar 597.22/ 0.35/ 1.20/ 0.64 | fold DD 21/30/34/22%
Gen 5681 | fit 149.853 | fold Calmar 597.22/ 0.35/ 1.20/ 0.64 | fold DD 21/30/34/22%
Gen 5686 | fit 149.853 | fold Calmar 597.22/ 0.35/ 1.20/ 0.64 | fold DD 21/30/34/22%
Gen 5691 | fit 149.853 | fold Calmar 597.22/ 0.35/ 1.20/ 0.64 | fold DD 21/30/34/22%
Gen 5696 | fit 149.853 | fold Calmar 597.22/ 0.35/ 1.20/ 0.64 | fold DD 21/30/34/22%
Gen 5701 | fit 149.853 | fold Calmar 597.22/ 0.35/ 1.20/ 0.64 | fold DD 21/30/34/22%
Gen 5706 | fit 149.853 | fold Calmar 597.22/ 0.35/ 1.20/ 0.64 | fold DD 21/30/34/22%
Gen 5711 | fit 149.853 | fold Calmar 597.22/ 0.35/ 1.20/ 0.64 | fold DD 21/30/34/22%
Gen 5716 | fit 149.853 | fold Calmar 597.22/ 0.35/ 1.20/ 0.64 | fold DD 21/30/34/22%
Gen 5721 | fit 149.853 | fold Calmar 597.22/ 0.35/ 1.20/ 0.64 | fold DD 21/30/34/22%
Gen 5726 | fit 149.853 | fold Calmar 597.22/ 0.35/ 1.20/ 0.64 | fold DD 21/30/34/22%
Gen 5731 | fit 149.853 | fold Calmar 597.22/ 0.35/ 1.20/ 0.64 | fold DD 21/30/34/22%
Gen 5736 | fit 149.853 | fold Calmar 597.22/ 0.35/ 1.20/ 0.64 | fold DD 21/30/34/22%
Gen 5741 | fit 149.853 | fold Calmar 597.22/ 0.35/ 1.20/ 0.64 | fold DD 21/30/34/22%
Gen 5746 | fit 149.853 | fold Calmar 597.22/ 0.35/ 1.20/ 0.64 | fold DD 21/30/34/22%
Gen 5751 | fit 149.853 | fold Calmar 597.22/ 0.35/ 1.20/ 0.64 | fold DD 21/30/34/22%
Gen 5756 | fit 149.853 | fold Calmar 597.22/ 0.35/ 1.20/ 0.64 | fold DD 21/30/34/22%
Gen 5761 | fit 149.853 | fold Calmar 597.22/ 0.35/ 1.20/ 0.64 | fold DD 21/30/34/22%
Gen 5766 | fit 149.853 | fold Calmar 597.22/ 0.35/ 1.20/ 0.64 | fold DD 21/30/34/22%
Gen 5771 | fit 149.853 | fold Calmar 597.22/ 0.35/ 1.20/ 0.64 | fold DD 21/30/34/22%
Gen 5776 | fit 149.853 | fold Calmar 597.22/ 0.35/ 1.20/ 0.64 | fold DD 21/30/34/22%
Gen 5781 | fit 149.853 | fold Calmar 597.22/ 0.35/ 1.20/ 0.64 | fold DD 21/30/34/22%
Gen 5786 | fit 149.853 | fold Calmar 597.22/ 0.35/ 1.20/ 0.64 | fold DD 21/30/34/22%
Gen 5791 | fit 149.853 | fold Calmar 597.22/ 0.35/ 1.20/ 0.64 | fold DD 21/30/34/22%
Gen 5796 | fit 149.853 | fold Calmar 597.22/ 0.35/ 1.20/ 0.64 | fold DD 21/30/34/22%
Gen 5801 | fit 149.853 | fold Calmar 597.22/ 0.35/ 1.20/ 0.64 | fold DD 21/30/34/22%
Gen 5806 | fit 149.853 | fold Calmar 597.22/ 0.35/ 1.20/ 0.64 | fold DD 21/30/34/22%
Gen 5811 | fit 149.853 | fold Calmar 597.22/ 0.35/ 1.20/ 0.64 | fold DD 21/30/34/22%
Gen 5816 | fit 149.853 | fold Calmar 597.22/ 0.35/ 1.20/ 0.64 | fold DD 21/30/34/22%
Gen 5821 | fit 149.853 | fold Calmar 597.22/ 0.35/ 1.20/ 0.64 | fold DD 21/30/34/22%
Gen 5826 | fit 149.853 | fold Calmar 597.22/ 0.35/ 1.20/ 0.64 | fold DD 21/30/34/22%
Gen 5831 | fit 149.853 | fold Calmar 597.22/ 0.35/ 1.20/ 0.64 | fold DD 21/30/34/22%
Gen 5836 | fit 149.853 | fold Calmar 597.22/ 0.35/ 1.20/ 0.64 | fold DD 21/30/34/22%
Gen 5841 | fit 149.853 | fold Calmar 597.22/ 0.35/ 1.20/ 0.64 | fold DD 21/30/34/22%
Gen 5846 | fit 149.853 | fold Calmar 597.22/ 0.35/ 1.20/ 0.64 | fold DD 21/30/34/22%
Gen 5851 | fit 149.853 | fold Calmar 597.22/ 0.35/ 1.20/ 0.64 | fold DD 21/30/34/22%
Gen 5856 | fit 149.853 | fold Calmar 597.22/ 0.35/ 1.20/ 0.64 | fold DD 21/30/34/22%
Gen 5861 | fit 149.853 | fold Calmar 597.22/ 0.35/ 1.20/ 0.64 | fold DD 21/30/34/22%
Gen 5866 | fit 149.853 | fold Calmar 597.22/ 0.35/ 1.20/ 0.64 | fold DD 21/30/34/22%
Gen 5871 | fit 149.853 | fold Calmar 597.22/ 0.35/ 1.20/ 0.64 | fold DD 21/30/34/22%
Gen 5876 | fit 149.853 | fold Calmar 597.22/ 0.35/ 1.20/ 0.64 | fold DD 21/30/34/22%
Gen 5881 | fit 149.853 | fold Calmar 597.22/ 0.35/ 1.20/ 0.64 | fold DD 21/30/34/22%
Gen 5886 | fit 149.853 | fold Calmar 597.22/ 0.35/ 1.20/ 0.64 | fold DD 21/30/34/22%
Gen 5891 | fit 149.853 | fold Calmar 597.22/ 0.35/ 1.20/ 0.64 | fold DD 21/30/34/22%
Gen 5896 | fit 149.853 | fold Calmar 597.22/ 0.35/ 1.20/ 0.64 | fold DD 21/30/34/22%
Gen 5901 | fit 149.853 | fold Calmar 597.22/ 0.35/ 1.20/ 0.64 | fold DD 21/30/34/22%
Gen 5906 | fit 149.853 | fold Calmar 597.22/ 0.35/ 1.20/ 0.64 | fold DD 21/30/34/22%
Gen 5911 | fit 149.853 | fold Calmar 597.22/ 0.35/ 1.20/ 0.64 | fold DD 21/30/34/22%
Gen 5916 | fit 149.853 | fold Calmar 597.22/ 0.35/ 1.20/ 0.64 | fold DD 21/30/34/22%
Gen 5921 | fit 149.853 | fold Calmar 597.22/ 0.35/ 1.20/ 0.64 | fold DD 21/30/34/22%
Gen 5926 | fit 149.853 | fold Calmar 597.22/ 0.35/ 1.20/ 0.64 | fold DD 21/30/34/22%
Gen 5931 | fit 149.853 | fold Calmar 597.22/ 0.35/ 1.20/ 0.64 | fold DD 21/30/34/22%
Gen 5936 | fit 149.853 | fold Calmar 597.22/ 0.35/ 1.20/ 0.64 | fold DD 21/30/34/22%
Gen 5941 | fit 149.853 | fold Calmar 597.22/ 0.35/ 1.20/ 0.64 | fold DD 21/30/34/22%
Gen 5946 | fit 149.853 | fold Calmar 597.22/ 0.35/ 1.20/ 0.64 | fold DD 21/30/34/22%
Gen 5951 | fit 149.853 | fold Calmar 597.22/ 0.35/ 1.20/ 0.64 | fold DD 21/30/34/22%
Gen 5956 | fit 149.853 | fold Calmar 597.22/ 0.35/ 1.20/ 0.64 | fold DD 21/30/34/22%
Gen 5961 | fit 149.853 | fold Calmar 597.22/ 0.35/ 1.20/ 0.64 | fold DD 21/30/34/22%
Gen 5966 | fit 149.853 | fold Calmar 597.22/ 0.35/ 1.20/ 0.64 | fold DD 21/30/34/22%
Gen 5971 | fit 149.853 | fold Calmar 597.22/ 0.35/ 1.20/ 0.64 | fold DD 21/30/34/22%
Gen 5976 | fit 149.853 | fold Calmar 597.22/ 0.35/ 1.20/ 0.64 | fold DD 21/30/34/22%
Gen 5981 | fit 149.853 | fold Calmar 597.22/ 0.35/ 1.20/ 0.64 | fold DD 21/30/34/22%
Gen 5986 | fit 149.853 | fold Calmar 597.22/ 0.35/ 1.20/ 0.64 | fold DD 21/30/34/22%
Gen 5991 | fit 149.853 | fold Calmar 597.22/ 0.35/ 1.20/ 0.64 | fold DD 21/30/34/22%
Gen 5996 | fit 149.853 | fold Calmar 597.22/ 0.35/ 1.20/ 0.64 | fold DD 21/30/34/22%
Gen 6001 | fit 149.853 | fold Calmar 597.22/ 0.35/ 1.20/ 0.64 | fold DD 21/30/34/22%
Gen 6006 | fit 149.853 | fold Calmar 597.22/ 0.35/ 1.20/ 0.64 | fold DD 21/30/34/22%
Gen 6011 | fit 149.853 | fold Calmar 597.22/ 0.35/ 1.20/ 0.64 | fold DD 21/30/34/22%
Gen 6016 | fit 149.853 | fold Calmar 597.22/ 0.35/ 1.20/ 0.64 | fold DD 21/30/34/22%
Gen 6021 | fit 149.853 | fold Calmar 597.22/ 0.35/ 1.20/ 0.64 | fold DD 21/30/34/22%
Gen 6026 | fit 149.853 | fold Calmar 597.22/ 0.35/ 1.20/ 0.64 | fold DD 21/30/34/22%
Gen 6031 | fit 149.853 | fold Calmar 597.22/ 0.35/ 1.20/ 0.64 | fold DD 21/30/34/22%
Gen 6036 | fit 149.853 | fold Calmar 597.22/ 0.35/ 1.20/ 0.64 | fold DD 21/30/34/22%
Gen 6041 | fit 149.853 | fold Calmar 597.22/ 0.35/ 1.20/ 0.64 | fold DD 21/30/34/22%
Gen 6046 | fit 149.853 | fold Calmar 597.22/ 0.35/ 1.20/ 0.64 | fold DD 21/30/34/22%
Gen 6051 | fit 149.853 | fold Calmar 597.22/ 0.35/ 1.20/ 0.64 | fold DD 21/30/34/22%
Gen 6056 | fit 149.853 | fold Calmar 597.22/ 0.35/ 1.20/ 0.64 | fold DD 21/30/34/22%
Gen 6061 | fit 149.853 | fold Calmar 597.22/ 0.35/ 1.20/ 0.64 | fold DD 21/30/34/22%
Gen 6066 | fit 149.853 | fold Calmar 597.22/ 0.35/ 1.20/ 0.64 | fold DD 21/30/34/22%
Gen 6071 | fit 149.853 | fold Calmar 597.22/ 0.35/ 1.20/ 0.64 | fold DD 21/30/34/22%
Gen 6076 | fit 149.853 | fold Calmar 597.22/ 0.35/ 1.20/ 0.64 | fold DD 21/30/34/22%
Gen 6081 | fit 149.853 | fold Calmar 597.22/ 0.35/ 1.20/ 0.64 | fold DD 21/30/34/22%
Gen 6086 | fit 149.853 | fold Calmar 597.22/ 0.35/ 1.20/ 0.64 | fold DD 21/30/34/22%
Gen 6091 | fit 149.853 | fold Calmar 597.22/ 0.35/ 1.20/ 0.64 | fold DD 21/30/34/22%
Gen 6096 | fit 149.853 | fold Calmar 597.22/ 0.35/ 1.20/ 0.64 | fold DD 21/30/34/22%
Gen 6101 | fit 149.853 | fold Calmar 597.22/ 0.35/ 1.20/ 0.64 | fold DD 21/30/34/22%
Gen 6106 | fit 149.853 | fold Calmar 597.22/ 0.35/ 1.20/ 0.64 | fold DD 21/30/34/22%
Gen 6111 | fit 149.853 | fold Calmar 597.22/ 0.35/ 1.20/ 0.64 | fold DD 21/30/34/22%
Gen 6116 | fit 149.853 | fold Calmar 597.22/ 0.35/ 1.20/ 0.64 | fold DD 21/30/34/22%
Gen 6121 | fit 149.853 | fold Calmar 597.22/ 0.35/ 1.20/ 0.64 | fold DD 21/30/34/22%
Gen 6126 | fit 149.853 | fold Calmar 597.22/ 0.35/ 1.20/ 0.64 | fold DD 21/30/34/22%
Gen 6131 | fit 149.853 | fold Calmar 597.22/ 0.35/ 1.20/ 0.64 | fold DD 21/30/34/22%
Gen 6136 | fit 149.853 | fold Calmar 597.22/ 0.35/ 1.20/ 0.64 | fold DD 21/30/34/22%
Gen 6141 | fit 149.853 | fold Calmar 597.22/ 0.35/ 1.20/ 0.64 | fold DD 21/30/34/22%
Gen 6146 | fit 149.853 | fold Calmar 597.22/ 0.35/ 1.20/ 0.64 | fold DD 21/30/34/22%
Gen 6151 | fit 149.853 | fold Calmar 597.22/ 0.35/ 1.20/ 0.64 | fold DD 21/30/34/22%
Gen 6156 | fit 149.853 | fold Calmar 597.22/ 0.35/ 1.20/ 0.64 | fold DD 21/30/34/22%
Gen 6161 | fit 149.853 | fold Calmar 597.22/ 0.35/ 1.20/ 0.64 | fold DD 21/30/34/22%
Gen 6166 | fit 149.853 | fold Calmar 597.22/ 0.35/ 1.20/ 0.64 | fold DD 21/30/34/22%
Gen 6171 | fit 149.853 | fold Calmar 597.22/ 0.35/ 1.20/ 0.64 | fold DD 21/30/34/22%
Gen 6176 | fit 149.853 | fold Calmar 597.22/ 0.35/ 1.20/ 0.64 | fold DD 21/30/34/22%
Gen 6181 | fit 149.853 | fold Calmar 597.22/ 0.35/ 1.20/ 0.64 | fold DD 21/30/34/22%
Gen 6186 | fit 149.853 | fold Calmar 597.22/ 0.35/ 1.20/ 0.64 | fold DD 21/30/34/22%
Gen 6191 | fit 149.853 | fold Calmar 597.22/ 0.35/ 1.20/ 0.64 | fold DD 21/30/34/22%
Gen 6196 | fit 149.853 | fold Calmar 597.22/ 0.35/ 1.20/ 0.64 | fold DD 21/30/34/22%
Gen 6201 | fit 149.853 | fold Calmar 597.22/ 0.35/ 1.20/ 0.64 | fold DD 21/30/34/22%
Gen 6206 | fit 149.853 | fold Calmar 597.22/ 0.35/ 1.20/ 0.64 | fold DD 21/30/34/22%
Gen 6211 | fit 149.853 | fold Calmar 597.22/ 0.35/ 1.20/ 0.64 | fold DD 21/30/34/22%
Gen 6216 | fit 149.853 | fold Calmar 597.22/ 0.35/ 1.20/ 0.64 | fold DD 21/30/34/22%
Gen 6221 | fit 149.853 | fold Calmar 597.22/ 0.35/ 1.20/ 0.64 | fold DD 21/30/34/22%
Gen 6226 | fit 149.853 | fold Calmar 597.22/ 0.35/ 1.20/ 0.64 | fold DD 21/30/34/22%
Gen 6231 | fit 149.853 | fold Calmar 597.22/ 0.35/ 1.20/ 0.64 | fold DD 21/30/34/22%
Gen 6236 | fit 149.853 | fold Calmar 597.22/ 0.35/ 1.20/ 0.64 | fold DD 21/30/34/22%
Gen 6241 | fit 149.853 | fold Calmar 597.22/ 0.35/ 1.20/ 0.64 | fold DD 21/30/34/22%
Gen 6246 | fit 149.853 | fold Calmar 597.22/ 0.35/ 1.20/ 0.64 | fold DD 21/30/34/22%
Gen 6251 | fit 149.853 | fold Calmar 597.22/ 0.35/ 1.20/ 0.64 | fold DD 21/30/34/22%
Gen 6256 | fit 149.853 | fold Calmar 597.22/ 0.35/ 1.20/ 0.64 | fold DD 21/30/34/22%
Gen 6261 | fit 149.853 | fold Calmar 597.22/ 0.35/ 1.20/ 0.64 | fold DD 21/30/34/22%
Gen 6266 | fit 149.853 | fold Calmar 597.22/ 0.35/ 1.20/ 0.64 | fold DD 21/30/34/22%
Gen 6271 | fit 149.853 | fold Calmar 597.22/ 0.35/ 1.20/ 0.64 | fold DD 21/30/34/22%
Gen 6276 | fit 149.853 | fold Calmar 597.22/ 0.35/ 1.20/ 0.64 | fold DD 21/30/34/22%
Gen 6281 | fit 149.853 | fold Calmar 597.22/ 0.35/ 1.20/ 0.64 | fold DD 21/30/34/22%
Gen 6286 | fit 149.853 | fold Calmar 597.22/ 0.35/ 1.20/ 0.64 | fold DD 21/30/34/22%
Gen 6291 | fit 149.853 | fold Calmar 597.22/ 0.35/ 1.20/ 0.64 | fold DD 21/30/34/22%
Gen 6296 | fit 149.853 | fold Calmar 597.22/ 0.35/ 1.20/ 0.64 | fold DD 21/30/34/22%
Gen 6301 | fit 149.853 | fold Calmar 597.22/ 0.35/ 1.20/ 0.64 | fold DD 21/30/34/22%
Gen 6306 | fit 149.853 | fold Calmar 597.22/ 0.35/ 1.20/ 0.64 | fold DD 21/30/34/22%
Gen 6311 | fit 149.853 | fold Calmar 597.22/ 0.35/ 1.20/ 0.64 | fold DD 21/30/34/22%
Gen 6316 | fit 149.853 | fold Calmar 597.22/ 0.35/ 1.20/ 0.64 | fold DD 21/30/34/22%
Gen 6321 | fit 149.853 | fold Calmar 597.22/ 0.35/ 1.20/ 0.64 | fold DD 21/30/34/22%
Gen 6326 | fit 149.853 | fold Calmar 597.22/ 0.35/ 1.20/ 0.64 | fold DD 21/30/34/22%
Gen 6331 | fit 149.853 | fold Calmar 597.22/ 0.35/ 1.20/ 0.64 | fold DD 21/30/34/22%
Gen 6336 | fit 149.853 | fold Calmar 597.22/ 0.35/ 1.20/ 0.64 | fold DD 21/30/34/22%
Gen 6341 | fit 149.853 | fold Calmar 597.22/ 0.35/ 1.20/ 0.64 | fold DD 21/30/34/22%
Gen 6346 | fit 149.853 | fold Calmar 597.22/ 0.35/ 1.20/ 0.64 | fold DD 21/30/34/22%
Gen 6351 | fit 149.853 | fold Calmar 597.22/ 0.35/ 1.20/ 0.64 | fold DD 21/30/34/22%
Gen 6356 | fit 149.853 | fold Calmar 597.22/ 0.35/ 1.20/ 0.64 | fold DD 21/30/34/22%
Gen 6361 | fit 149.853 | fold Calmar 597.22/ 0.35/ 1.20/ 0.64 | fold DD 21/30/34/22%
Gen 6366 | fit 149.853 | fold Calmar 597.22/ 0.35/ 1.20/ 0.64 | fold DD 21/30/34/22%
Gen 6371 | fit 149.853 | fold Calmar 597.22/ 0.35/ 1.20/ 0.64 | fold DD 21/30/34/22%
Gen 6376 | fit 149.853 | fold Calmar 597.22/ 0.35/ 1.20/ 0.64 | fold DD 21/30/34/22%
Gen 6381 | fit 149.853 | fold Calmar 597.22/ 0.35/ 1.20/ 0.64 | fold DD 21/30/34/22%
Gen 6386 | fit 149.853 | fold Calmar 597.22/ 0.35/ 1.20/ 0.64 | fold DD 21/30/34/22%
Gen 6391 | fit 149.853 | fold Calmar 597.22/ 0.35/ 1.20/ 0.64 | fold DD 21/30/34/22%
Gen 6396 | fit 149.853 | fold Calmar 597.22/ 0.35/ 1.20/ 0.64 | fold DD 21/30/34/22%
Gen 6401 | fit 149.853 | fold Calmar 597.22/ 0.35/ 1.20/ 0.64 | fold DD 21/30/34/22%
Gen 6406 | fit 149.853 | fold Calmar 597.22/ 0.35/ 1.20/ 0.64 | fold DD 21/30/34/22%
Gen 6411 | fit 149.853 | fold Calmar 597.22/ 0.35/ 1.20/ 0.64 | fold DD 21/30/34/22%
Gen 6416 | fit 149.853 | fold Calmar 597.22/ 0.35/ 1.20/ 0.64 | fold DD 21/30/34/22%
Gen 6421 | fit 149.853 | fold Calmar 597.22/ 0.35/ 1.20/ 0.64 | fold DD 21/30/34/22%
Gen 6426 | fit 149.853 | fold Calmar 597.22/ 0.35/ 1.20/ 0.64 | fold DD 21/30/34/22%
Gen 6431 | fit 149.853 | fold Calmar 597.22/ 0.35/ 1.20/ 0.64 | fold DD 21/30/34/22%
Gen 6436 | fit 149.853 | fold Calmar 597.22/ 0.35/ 1.20/ 0.64 | fold DD 21/30/34/22%
Gen 6441 | fit 149.853 | fold Calmar 597.22/ 0.35/ 1.20/ 0.64 | fold DD 21/30/34/22%
Gen 6446 | fit 149.853 | fold Calmar 597.22/ 0.35/ 1.20/ 0.64 | fold DD 21/30/34/22%
Gen 6451 | fit 149.853 | fold Calmar 597.22/ 0.35/ 1.20/ 0.64 | fold DD 21/30/34/22%
Gen 6456 | fit 149.853 | fold Calmar 597.22/ 0.35/ 1.20/ 0.64 | fold DD 21/30/34/22%
Gen 6461 | fit 149.853 | fold Calmar 597.22/ 0.35/ 1.20/ 0.64 | fold DD 21/30/34/22%
Gen 6466 | fit 149.853 | fold Calmar 597.22/ 0.35/ 1.20/ 0.64 | fold DD 21/30/34/22%
Gen 6471 | fit 149.853 | fold Calmar 597.22/ 0.35/ 1.20/ 0.64 | fold DD 21/30/34/22%
Gen 6476 | fit 149.853 | fold Calmar 597.22/ 0.35/ 1.20/ 0.64 | fold DD 21/30/34/22%
Gen 6481 | fit 149.853 | fold Calmar 597.22/ 0.35/ 1.20/ 0.64 | fold DD 21/30/34/22%
Gen 6486 | fit 149.853 | fold Calmar 597.22/ 0.35/ 1.20/ 0.64 | fold DD 21/30/34/22%
Gen 6491 | fit 149.853 | fold Calmar 597.22/ 0.35/ 1.20/ 0.64 | fold DD 21/30/34/22%
Gen 6496 | fit 149.853 | fold Calmar 597.22/ 0.35/ 1.20/ 0.64 | fold DD 21/30/34/22%
Gen 6501 | fit 149.853 | fold Calmar 597.22/ 0.35/ 1.20/ 0.64 | fold DD 21/30/34/22%
Gen 6506 | fit 149.853 | fold Calmar 597.22/ 0.35/ 1.20/ 0.64 | fold DD 21/30/34/22%
Gen 6511 | fit 149.853 | fold Calmar 597.22/ 0.35/ 1.20/ 0.64 | fold DD 21/30/34/22%
Gen 6516 | fit 149.853 | fold Calmar 597.22/ 0.35/ 1.20/ 0.64 | fold DD 21/30/34/22%
Gen 6521 | fit 149.853 | fold Calmar 597.22/ 0.35/ 1.20/ 0.64 | fold DD 21/30/34/22%
Gen 6526 | fit 149.853 | fold Calmar 597.22/ 0.35/ 1.20/ 0.64 | fold DD 21/30/34/22%
Gen 6531 | fit 149.853 | fold Calmar 597.22/ 0.35/ 1.20/ 0.64 | fold DD 21/30/34/22%
Gen 6536 | fit 149.853 | fold Calmar 597.22/ 0.35/ 1.20/ 0.64 | fold DD 21/30/34/22%
Gen 6541 | fit 149.853 | fold Calmar 597.22/ 0.35/ 1.20/ 0.64 | fold DD 21/30/34/22%
Gen 6546 | fit 149.853 | fold Calmar 597.22/ 0.35/ 1.20/ 0.64 | fold DD 21/30/34/22%
Gen 6551 | fit 149.853 | fold Calmar 597.22/ 0.35/ 1.20/ 0.64 | fold DD 21/30/34/22%
Gen 6556 | fit 149.853 | fold Calmar 597.22/ 0.35/ 1.20/ 0.64 | fold DD 21/30/34/22%
Gen 6561 | fit 149.853 | fold Calmar 597.22/ 0.35/ 1.20/ 0.64 | fold DD 21/30/34/22%
Gen 6566 | fit 149.853 | fold Calmar 597.22/ 0.35/ 1.20/ 0.64 | fold DD 21/30/34/22%
Gen 6571 | fit 149.853 | fold Calmar 597.22/ 0.35/ 1.20/ 0.64 | fold DD 21/30/34/22%
Gen 6576 | fit 149.853 | fold Calmar 597.22/ 0.35/ 1.20/ 0.64 | fold DD 21/30/34/22%
Gen 6581 | fit 149.853 | fold Calmar 597.22/ 0.35/ 1.20/ 0.64 | fold DD 21/30/34/22%
Gen 6586 | fit 149.853 | fold Calmar 597.22/ 0.35/ 1.20/ 0.64 | fold DD 21/30/34/22%
Gen 6591 | fit 149.853 | fold Calmar 597.22/ 0.35/ 1.20/ 0.64 | fold DD 21/30/34/22%
Gen 6596 | fit 149.853 | fold Calmar 597.22/ 0.35/ 1.20/ 0.64 | fold DD 21/30/34/22%
Gen 6601 | fit 149.853 | fold Calmar 597.22/ 0.35/ 1.20/ 0.64 | fold DD 21/30/34/22%
Gen 6606 | fit 149.853 | fold Calmar 597.22/ 0.35/ 1.20/ 0.64 | fold DD 21/30/34/22%
Gen 6611 | fit 149.853 | fold Calmar 597.22/ 0.35/ 1.20/ 0.64 | fold DD 21/30/34/22%
Gen 6616 | fit 149.853 | fold Calmar 597.22/ 0.35/ 1.20/ 0.64 | fold DD 21/30/34/22%
Gen 6621 | fit 149.853 | fold Calmar 597.22/ 0.35/ 1.20/ 0.64 | fold DD 21/30/34/22%
Gen 6626 | fit 149.853 | fold Calmar 597.22/ 0.35/ 1.20/ 0.64 | fold DD 21/30/34/22%
Gen 6631 | fit 149.853 | fold Calmar 597.22/ 0.35/ 1.20/ 0.64 | fold DD 21/30/34/22%
Gen 6636 | fit 149.853 | fold Calmar 597.22/ 0.35/ 1.20/ 0.64 | fold DD 21/30/34/22%
Gen 6641 | fit 149.853 | fold Calmar 597.22/ 0.35/ 1.20/ 0.64 | fold DD 21/30/34/22%
Gen 6646 | fit 149.853 | fold Calmar 597.22/ 0.35/ 1.20/ 0.64 | fold DD 21/30/34/22%
Gen 6651 | fit 149.853 | fold Calmar 597.22/ 0.35/ 1.20/ 0.64 | fold DD 21/30/34/22%
Gen 6656 | fit 149.853 | fold Calmar 597.22/ 0.35/ 1.20/ 0.64 | fold DD 21/30/34/22%
Gen 6661 | fit 149.853 | fold Calmar 597.22/ 0.35/ 1.20/ 0.64 | fold DD 21/30/34/22%
Gen 6666 | fit 149.853 | fold Calmar 597.22/ 0.35/ 1.20/ 0.64 | fold DD 21/30/34/22%
Gen 6671 | fit 149.853 | fold Calmar 597.22/ 0.35/ 1.20/ 0.64 | fold DD 21/30/34/22%
Gen 6676 | fit 149.853 | fold Calmar 597.22/ 0.35/ 1.20/ 0.64 | fold DD 21/30/34/22%
Gen 6681 | fit 149.853 | fold Calmar 597.22/ 0.35/ 1.20/ 0.64 | fold DD 21/30/34/22%
Gen 6686 | fit 149.853 | fold Calmar 597.22/ 0.35/ 1.20/ 0.64 | fold DD 21/30/34/22%
Gen 6691 | fit 149.853 | fold Calmar 597.22/ 0.35/ 1.20/ 0.64 | fold DD 21/30/34/22%
Gen 6696 | fit 149.853 | fold Calmar 597.22/ 0.35/ 1.20/ 0.64 | fold DD 21/30/34/22%
Gen 6701 | fit 149.853 | fold Calmar 597.22/ 0.35/ 1.20/ 0.64 | fold DD 21/30/34/22%
Gen 6706 | fit 149.853 | fold Calmar 597.22/ 0.35/ 1.20/ 0.64 | fold DD 21/30/34/22%
Gen 6711 | fit 149.853 | fold Calmar 597.22/ 0.35/ 1.20/ 0.64 | fold DD 21/30/34/22%
Gen 6716 | fit 149.853 | fold Calmar 597.22/ 0.35/ 1.20/ 0.64 | fold DD 21/30/34/22%
Gen 6721 | fit 149.853 | fold Calmar 597.22/ 0.35/ 1.20/ 0.64 | fold DD 21/30/34/22%
Gen 6726 | fit 149.853 | fold Calmar 597.22/ 0.35/ 1.20/ 0.64 | fold DD 21/30/34/22%
Gen 6731 | fit 149.853 | fold Calmar 597.22/ 0.35/ 1.20/ 0.64 | fold DD 21/30/34/22%
Gen 6736 | fit 149.853 | fold Calmar 597.22/ 0.35/ 1.20/ 0.64 | fold DD 21/30/34/22%
Gen 6741 | fit 149.853 | fold Calmar 597.22/ 0.35/ 1.20/ 0.64 | fold DD 21/30/34/22%
Gen 6746 | fit 149.853 | fold Calmar 597.22/ 0.35/ 1.20/ 0.64 | fold DD 21/30/34/22%
Gen 6751 | fit 149.853 | fold Calmar 597.22/ 0.35/ 1.20/ 0.64 | fold DD 21/30/34/22%
Gen 6756 | fit 149.853 | fold Calmar 597.22/ 0.35/ 1.20/ 0.64 | fold DD 21/30/34/22%
Gen 6761 | fit 149.853 | fold Calmar 597.22/ 0.35/ 1.20/ 0.64 | fold DD 21/30/34/22%
Gen 6766 | fit 149.853 | fold Calmar 597.22/ 0.35/ 1.20/ 0.64 | fold DD 21/30/34/22%
Gen 6771 | fit 149.853 | fold Calmar 597.22/ 0.35/ 1.20/ 0.64 | fold DD 21/30/34/22%
Gen 6776 | fit 149.853 | fold Calmar 597.22/ 0.35/ 1.20/ 0.64 | fold DD 21/30/34/22%
Gen 6781 | fit 149.853 | fold Calmar 597.22/ 0.35/ 1.20/ 0.64 | fold DD 21/30/34/22%
Gen 6786 | fit 149.853 | fold Calmar 597.22/ 0.35/ 1.20/ 0.64 | fold DD 21/30/34/22%
Gen 6791 | fit 149.853 | fold Calmar 597.22/ 0.35/ 1.20/ 0.64 | fold DD 21/30/34/22%
Gen 6796 | fit 149.853 | fold Calmar 597.22/ 0.35/ 1.20/ 0.64 | fold DD 21/30/34/22%
Gen 6801 | fit 149.853 | fold Calmar 597.22/ 0.35/ 1.20/ 0.64 | fold DD 21/30/34/22%
Gen 6806 | fit 149.853 | fold Calmar 597.22/ 0.35/ 1.20/ 0.64 | fold DD 21/30/34/22%
Gen 6811 | fit 149.853 | fold Calmar 597.22/ 0.35/ 1.20/ 0.64 | fold DD 21/30/34/22%
Gen 6816 | fit 149.853 | fold Calmar 597.22/ 0.35/ 1.20/ 0.64 | fold DD 21/30/34/22%
Gen 6821 | fit 149.853 | fold Calmar 597.22/ 0.35/ 1.20/ 0.64 | fold DD 21/30/34/22%
Gen 6826 | fit 149.853 | fold Calmar 597.22/ 0.35/ 1.20/ 0.64 | fold DD 21/30/34/22%
Gen 6831 | fit 149.853 | fold Calmar 597.22/ 0.35/ 1.20/ 0.64 | fold DD 21/30/34/22%
Gen 6836 | fit 149.853 | fold Calmar 597.22/ 0.35/ 1.20/ 0.64 | fold DD 21/30/34/22%
Gen 6841 | fit 149.853 | fold Calmar 597.22/ 0.35/ 1.20/ 0.64 | fold DD 21/30/34/22%
Gen 6846 | fit 149.853 | fold Calmar 597.22/ 0.35/ 1.20/ 0.64 | fold DD 21/30/34/22%
Gen 6851 | fit 149.853 | fold Calmar 597.22/ 0.35/ 1.20/ 0.64 | fold DD 21/30/34/22%
Gen 6856 | fit 149.853 | fold Calmar 597.22/ 0.35/ 1.20/ 0.64 | fold DD 21/30/34/22%
Gen 6861 | fit 149.853 | fold Calmar 597.22/ 0.35/ 1.20/ 0.64 | fold DD 21/30/34/22%
Gen 6866 | fit 149.853 | fold Calmar 597.22/ 0.35/ 1.20/ 0.64 | fold DD 21/30/34/22%
Gen 6871 | fit 149.853 | fold Calmar 597.22/ 0.35/ 1.20/ 0.64 | fold DD 21/30/34/22%
Gen 6876 | fit 149.853 | fold Calmar 597.22/ 0.35/ 1.20/ 0.64 | fold DD 21/30/34/22%
Gen 6881 | fit 149.853 | fold Calmar 597.22/ 0.35/ 1.20/ 0.64 | fold DD 21/30/34/22%
Gen 6886 | fit 149.853 | fold Calmar 597.22/ 0.35/ 1.20/ 0.64 | fold DD 21/30/34/22%
Gen 6891 | fit 149.853 | fold Calmar 597.22/ 0.35/ 1.20/ 0.64 | fold DD 21/30/34/22%
Gen 6896 | fit 149.853 | fold Calmar 597.22/ 0.35/ 1.20/ 0.64 | fold DD 21/30/34/22%
Gen 6901 | fit 149.853 | fold Calmar 597.22/ 0.35/ 1.20/ 0.64 | fold DD 21/30/34/22%
Gen 6906 | fit 149.853 | fold Calmar 597.22/ 0.35/ 1.20/ 0.64 | fold DD 21/30/34/22%
Gen 6911 | fit 149.853 | fold Calmar 597.22/ 0.35/ 1.20/ 0.64 | fold DD 21/30/34/22%
Gen 6916 | fit 149.853 | fold Calmar 597.22/ 0.35/ 1.20/ 0.64 | fold DD 21/30/34/22%
Gen 6921 | fit 149.853 | fold Calmar 597.22/ 0.35/ 1.20/ 0.64 | fold DD 21/30/34/22%
Gen 6926 | fit 149.853 | fold Calmar 597.22/ 0.35/ 1.20/ 0.64 | fold DD 21/30/34/22%
Gen 6931 | fit 149.853 | fold Calmar 597.22/ 0.35/ 1.20/ 0.64 | fold DD 21/30/34/22%
Gen 6936 | fit 149.853 | fold Calmar 597.22/ 0.35/ 1.20/ 0.64 | fold DD 21/30/34/22%
Gen 6941 | fit 149.853 | fold Calmar 597.22/ 0.35/ 1.20/ 0.64 | fold DD 21/30/34/22%
Gen 6946 | fit 149.853 | fold Calmar 597.22/ 0.35/ 1.20/ 0.64 | fold DD 21/30/34/22%
Gen 6951 | fit 149.853 | fold Calmar 597.22/ 0.35/ 1.20/ 0.64 | fold DD 21/30/34/22%
Gen 6956 | fit 149.853 | fold Calmar 597.22/ 0.35/ 1.20/ 0.64 | fold DD 21/30/34/22%
Gen 6961 | fit 149.853 | fold Calmar 597.22/ 0.35/ 1.20/ 0.64 | fold DD 21/30/34/22%
Gen 6966 | fit 149.853 | fold Calmar 597.22/ 0.35/ 1.20/ 0.64 | fold DD 21/30/34/22%
Gen 6971 | fit 149.853 | fold Calmar 597.22/ 0.35/ 1.20/ 0.64 | fold DD 21/30/34/22%
Gen 6976 | fit 149.853 | fold Calmar 597.22/ 0.35/ 1.20/ 0.64 | fold DD 21/30/34/22%
Gen 6981 | fit 149.853 | fold Calmar 597.22/ 0.35/ 1.20/ 0.64 | fold DD 21/30/34/22%
Gen 6986 | fit 149.853 | fold Calmar 597.22/ 0.35/ 1.20/ 0.64 | fold DD 21/30/34/22%
Gen 6991 | fit 149.853 | fold Calmar 597.22/ 0.35/ 1.20/ 0.64 | fold DD 21/30/34/22%
Gen 6996 | fit 149.853 | fold Calmar 597.22/ 0.35/ 1.20/ 0.64 | fold DD 21/30/34/22%
Gen 7001 | fit 149.853 | fold Calmar 597.22/ 0.35/ 1.20/ 0.64 | fold DD 21/30/34/22%
Gen 7006 | fit 149.853 | fold Calmar 597.22/ 0.35/ 1.20/ 0.64 | fold DD 21/30/34/22%
Gen 7011 | fit 149.853 | fold Calmar 597.22/ 0.35/ 1.20/ 0.64 | fold DD 21/30/34/22%
Gen 7016 | fit 149.853 | fold Calmar 597.22/ 0.35/ 1.20/ 0.64 | fold DD 21/30/34/22%
Gen 7021 | fit 149.853 | fold Calmar 597.22/ 0.35/ 1.20/ 0.64 | fold DD 21/30/34/22%
Gen 7026 | fit 149.853 | fold Calmar 597.22/ 0.35/ 1.20/ 0.64 | fold DD 21/30/34/22%
Gen 7031 | fit 149.853 | fold Calmar 597.22/ 0.35/ 1.20/ 0.64 | fold DD 21/30/34/22%
Gen 7036 | fit 149.853 | fold Calmar 597.22/ 0.35/ 1.20/ 0.64 | fold DD 21/30/34/22%
Gen 7041 | fit 149.853 | fold Calmar 597.22/ 0.35/ 1.20/ 0.64 | fold DD 21/30/34/22%
Gen 7046 | fit 149.853 | fold Calmar 597.22/ 0.35/ 1.20/ 0.64 | fold DD 21/30/34/22%
Gen 7051 | fit 149.853 | fold Calmar 597.22/ 0.35/ 1.20/ 0.64 | fold DD 21/30/34/22%
Gen 7056 | fit 149.853 | fold Calmar 597.22/ 0.35/ 1.20/ 0.64 | fold DD 21/30/34/22%
Gen 7061 | fit 149.853 | fold Calmar 597.22/ 0.35/ 1.20/ 0.64 | fold DD 21/30/34/22%
Gen 7066 | fit 149.853 | fold Calmar 597.22/ 0.35/ 1.20/ 0.64 | fold DD 21/30/34/22%
Gen 7071 | fit 149.853 | fold Calmar 597.22/ 0.35/ 1.20/ 0.64 | fold DD 21/30/34/22%
Gen 7076 | fit 149.853 | fold Calmar 597.22/ 0.35/ 1.20/ 0.64 | fold DD 21/30/34/22%
Gen 7081 | fit 149.853 | fold Calmar 597.22/ 0.35/ 1.20/ 0.64 | fold DD 21/30/34/22%
Gen 7086 | fit 149.853 | fold Calmar 597.22/ 0.35/ 1.20/ 0.64 | fold DD 21/30/34/22%
Gen 7091 | fit 149.853 | fold Calmar 597.22/ 0.35/ 1.20/ 0.64 | fold DD 21/30/34/22%
Gen 7096 | fit 149.853 | fold Calmar 597.22/ 0.35/ 1.20/ 0.64 | fold DD 21/30/34/22%
Gen 7101 | fit 149.853 | fold Calmar 597.22/ 0.35/ 1.20/ 0.64 | fold DD 21/30/34/22%
Gen 7106 | fit 149.853 | fold Calmar 597.22/ 0.35/ 1.20/ 0.64 | fold DD 21/30/34/22%
Gen 7111 | fit 149.853 | fold Calmar 597.22/ 0.35/ 1.20/ 0.64 | fold DD 21/30/34/22%
Gen 7116 | fit 149.853 | fold Calmar 597.22/ 0.35/ 1.20/ 0.64 | fold DD 21/30/34/22%
Gen 7121 | fit 149.853 | fold Calmar 597.22/ 0.35/ 1.20/ 0.64 | fold DD 21/30/34/22%
Gen 7126 | fit 149.853 | fold Calmar 597.22/ 0.35/ 1.20/ 0.64 | fold DD 21/30/34/22%
Gen 7131 | fit 149.853 | fold Calmar 597.22/ 0.35/ 1.20/ 0.64 | fold DD 21/30/34/22%
Gen 7136 | fit 149.853 | fold Calmar 597.22/ 0.35/ 1.20/ 0.64 | fold DD 21/30/34/22%
Gen 7141 | fit 149.853 | fold Calmar 597.22/ 0.35/ 1.20/ 0.64 | fold DD 21/30/34/22%
Gen 7146 | fit 149.853 | fold Calmar 597.22/ 0.35/ 1.20/ 0.64 | fold DD 21/30/34/22%
Gen 7151 | fit 149.853 | fold Calmar 597.22/ 0.35/ 1.20/ 0.64 | fold DD 21/30/34/22%
Gen 7156 | fit 149.853 | fold Calmar 597.22/ 0.35/ 1.20/ 0.64 | fold DD 21/30/34/22%
Gen 7161 | fit 149.853 | fold Calmar 597.22/ 0.35/ 1.20/ 0.64 | fold DD 21/30/34/22%
Gen 7166 | fit 149.853 | fold Calmar 597.22/ 0.35/ 1.20/ 0.64 | fold DD 21/30/34/22%
Gen 7171 | fit 149.853 | fold Calmar 597.22/ 0.35/ 1.20/ 0.64 | fold DD 21/30/34/22%
Gen 7176 | fit 149.853 | fold Calmar 597.22/ 0.35/ 1.20/ 0.64 | fold DD 21/30/34/22%
Gen 7181 | fit 149.853 | fold Calmar 597.22/ 0.35/ 1.20/ 0.64 | fold DD 21/30/34/22%
Gen 7186 | fit 149.853 | fold Calmar 597.22/ 0.35/ 1.20/ 0.64 | fold DD 21/30/34/22%
Gen 7191 | fit 149.853 | fold Calmar 597.22/ 0.35/ 1.20/ 0.64 | fold DD 21/30/34/22%
Gen 7196 | fit 149.853 | fold Calmar 597.22/ 0.35/ 1.20/ 0.64 | fold DD 21/30/34/22%
Gen 7201 | fit 149.853 | fold Calmar 597.22/ 0.35/ 1.20/ 0.64 | fold DD 21/30/34/22%
Gen 7206 | fit 149.853 | fold Calmar 597.22/ 0.35/ 1.20/ 0.64 | fold DD 21/30/34/22%
Gen 7211 | fit 149.853 | fold Calmar 597.22/ 0.35/ 1.20/ 0.64 | fold DD 21/30/34/22%
Gen 7216 | fit 149.853 | fold Calmar 597.22/ 0.35/ 1.20/ 0.64 | fold DD 21/30/34/22%
Gen 7221 | fit 149.853 | fold Calmar 597.22/ 0.35/ 1.20/ 0.64 | fold DD 21/30/34/22%
Gen 7226 | fit 149.853 | fold Calmar 597.22/ 0.35/ 1.20/ 0.64 | fold DD 21/30/34/22%
Gen 7231 | fit 149.853 | fold Calmar 597.22/ 0.35/ 1.20/ 0.64 | fold DD 21/30/34/22%
Gen 7236 | fit 149.853 | fold Calmar 597.22/ 0.35/ 1.20/ 0.64 | fold DD 21/30/34/22%
Gen 7241 | fit 149.853 | fold Calmar 597.22/ 0.35/ 1.20/ 0.64 | fold DD 21/30/34/22%
Gen 7246 | fit 149.853 | fold Calmar 597.22/ 0.35/ 1.20/ 0.64 | fold DD 21/30/34/22%
Gen 7251 | fit 149.853 | fold Calmar 597.22/ 0.35/ 1.20/ 0.64 | fold DD 21/30/34/22%
Gen 7256 | fit 149.853 | fold Calmar 597.22/ 0.35/ 1.20/ 0.64 | fold DD 21/30/34/22%
Gen 7261 | fit 149.853 | fold Calmar 597.22/ 0.35/ 1.20/ 0.64 | fold DD 21/30/34/22%
Gen 7266 | fit 149.853 | fold Calmar 597.22/ 0.35/ 1.20/ 0.64 | fold DD 21/30/34/22%
Gen 7271 | fit 149.853 | fold Calmar 597.22/ 0.35/ 1.20/ 0.64 | fold DD 21/30/34/22%
Gen 7276 | fit 149.853 | fold Calmar 597.22/ 0.35/ 1.20/ 0.64 | fold DD 21/30/34/22%
Gen 7281 | fit 149.853 | fold Calmar 597.22/ 0.35/ 1.20/ 0.64 | fold DD 21/30/34/22%
Gen 7286 | fit 149.853 | fold Calmar 597.22/ 0.35/ 1.20/ 0.64 | fold DD 21/30/34/22%
Gen 7291 | fit 149.853 | fold Calmar 597.22/ 0.35/ 1.20/ 0.64 | fold DD 21/30/34/22%
Gen 7296 | fit 149.853 | fold Calmar 597.22/ 0.35/ 1.20/ 0.64 | fold DD 21/30/34/22%
Gen 7301 | fit 149.853 | fold Calmar 597.22/ 0.35/ 1.20/ 0.64 | fold DD 21/30/34/22%
Gen 7306 | fit 149.853 | fold Calmar 597.22/ 0.35/ 1.20/ 0.64 | fold DD 21/30/34/22%
Gen 7311 | fit 149.853 | fold Calmar 597.22/ 0.35/ 1.20/ 0.64 | fold DD 21/30/34/22%
Gen 7316 | fit 149.853 | fold Calmar 597.22/ 0.35/ 1.20/ 0.64 | fold DD 21/30/34/22%
Gen 7321 | fit 149.853 | fold Calmar 597.22/ 0.35/ 1.20/ 0.64 | fold DD 21/30/34/22%
Gen 7326 | fit 149.853 | fold Calmar 597.22/ 0.35/ 1.20/ 0.64 | fold DD 21/30/34/22%
Gen 7331 | fit 149.853 | fold Calmar 597.22/ 0.35/ 1.20/ 0.64 | fold DD 21/30/34/22%
Gen 7336 | fit 149.853 | fold Calmar 597.22/ 0.35/ 1.20/ 0.64 | fold DD 21/30/34/22%
Gen 7341 | fit 149.853 | fold Calmar 597.22/ 0.35/ 1.20/ 0.64 | fold DD 21/30/34/22%
Gen 7346 | fit 149.853 | fold Calmar 597.22/ 0.35/ 1.20/ 0.64 | fold DD 21/30/34/22%
Gen 7351 | fit 149.853 | fold Calmar 597.22/ 0.35/ 1.20/ 0.64 | fold DD 21/30/34/22%
Gen 7356 | fit 149.853 | fold Calmar 597.22/ 0.35/ 1.20/ 0.64 | fold DD 21/30/34/22%
Gen 7361 | fit 149.853 | fold Calmar 597.22/ 0.35/ 1.20/ 0.64 | fold DD 21/30/34/22%
Gen 7366 | fit 149.853 | fold Calmar 597.22/ 0.35/ 1.20/ 0.64 | fold DD 21/30/34/22%
Gen 7371 | fit 149.853 | fold Calmar 597.22/ 0.35/ 1.20/ 0.64 | fold DD 21/30/34/22%
Gen 7376 | fit 149.853 | fold Calmar 597.22/ 0.35/ 1.20/ 0.64 | fold DD 21/30/34/22%
Gen 7381 | fit 149.853 | fold Calmar 597.22/ 0.35/ 1.20/ 0.64 | fold DD 21/30/34/22%
Gen 7386 | fit 149.853 | fold Calmar 597.22/ 0.35/ 1.20/ 0.64 | fold DD 21/30/34/22%
Gen 7391 | fit 149.853 | fold Calmar 597.22/ 0.35/ 1.20/ 0.64 | fold DD 21/30/34/22%
Gen 7396 | fit 149.853 | fold Calmar 597.22/ 0.35/ 1.20/ 0.64 | fold DD 21/30/34/22%
Gen 7401 | fit 149.853 | fold Calmar 597.22/ 0.35/ 1.20/ 0.64 | fold DD 21/30/34/22%
Gen 7406 | fit 149.853 | fold Calmar 597.22/ 0.35/ 1.20/ 0.64 | fold DD 21/30/34/22%
Gen 7411 | fit 149.853 | fold Calmar 597.22/ 0.35/ 1.20/ 0.64 | fold DD 21/30/34/22%
Gen 7416 | fit 149.853 | fold Calmar 597.22/ 0.35/ 1.20/ 0.64 | fold DD 21/30/34/22%
Gen 7421 | fit 149.853 | fold Calmar 597.22/ 0.35/ 1.20/ 0.64 | fold DD 21/30/34/22%
Gen 7426 | fit 149.853 | fold Calmar 597.22/ 0.35/ 1.20/ 0.64 | fold DD 21/30/34/22%
Gen 7431 | fit 149.853 | fold Calmar 597.22/ 0.35/ 1.20/ 0.64 | fold DD 21/30/34/22%
Gen 7436 | fit 149.853 | fold Calmar 597.22/ 0.35/ 1.20/ 0.64 | fold DD 21/30/34/22%
Gen 7441 | fit 149.853 | fold Calmar 597.22/ 0.35/ 1.20/ 0.64 | fold DD 21/30/34/22%
Gen 7446 | fit 149.853 | fold Calmar 597.22/ 0.35/ 1.20/ 0.64 | fold DD 21/30/34/22%
Gen 7451 | fit 149.853 | fold Calmar 597.22/ 0.35/ 1.20/ 0.64 | fold DD 21/30/34/22%
Gen 7456 | fit 149.853 | fold Calmar 597.22/ 0.35/ 1.20/ 0.64 | fold DD 21/30/34/22%
Gen 7461 | fit 149.853 | fold Calmar 597.22/ 0.35/ 1.20/ 0.64 | fold DD 21/30/34/22%
Gen 7466 | fit 149.853 | fold Calmar 597.22/ 0.35/ 1.20/ 0.64 | fold DD 21/30/34/22%
Gen 7471 | fit 149.853 | fold Calmar 597.22/ 0.35/ 1.20/ 0.64 | fold DD 21/30/34/22%
Gen 7476 | fit 149.853 | fold Calmar 597.22/ 0.35/ 1.20/ 0.64 | fold DD 21/30/34/22%
Gen 7481 | fit 149.853 | fold Calmar 597.22/ 0.35/ 1.20/ 0.64 | fold DD 21/30/34/22%
Gen 7486 | fit 149.853 | fold Calmar 597.22/ 0.35/ 1.20/ 0.64 | fold DD 21/30/34/22%
Gen 7491 | fit 149.853 | fold Calmar 597.22/ 0.35/ 1.20/ 0.64 | fold DD 21/30/34/22%
Gen 7496 | fit 149.853 | fold Calmar 597.22/ 0.35/ 1.20/ 0.64 | fold DD 21/30/34/22%
Gen 7501 | fit 149.853 | fold Calmar 597.22/ 0.35/ 1.20/ 0.64 | fold DD 21/30/34/22%
Gen 7506 | fit 149.853 | fold Calmar 597.22/ 0.35/ 1.20/ 0.64 | fold DD 21/30/34/22%
Gen 7511 | fit 149.853 | fold Calmar 597.22/ 0.35/ 1.20/ 0.64 | fold DD 21/30/34/22%
Gen 7516 | fit 149.853 | fold Calmar 597.22/ 0.35/ 1.20/ 0.64 | fold DD 21/30/34/22%
Gen 7521 | fit 149.853 | fold Calmar 597.22/ 0.35/ 1.20/ 0.64 | fold DD 21/30/34/22%
Gen 7526 | fit 149.853 | fold Calmar 597.22/ 0.35/ 1.20/ 0.64 | fold DD 21/30/34/22%
Gen 7531 | fit 149.853 | fold Calmar 597.22/ 0.35/ 1.20/ 0.64 | fold DD 21/30/34/22%
Gen 7536 | fit 149.853 | fold Calmar 597.22/ 0.35/ 1.20/ 0.64 | fold DD 21/30/34/22%
Gen 7541 | fit 149.853 | fold Calmar 597.22/ 0.35/ 1.20/ 0.64 | fold DD 21/30/34/22%
Gen 7546 | fit 149.853 | fold Calmar 597.22/ 0.35/ 1.20/ 0.64 | fold DD 21/30/34/22%
Gen 7551 | fit 149.853 | fold Calmar 597.22/ 0.35/ 1.20/ 0.64 | fold DD 21/30/34/22%
Gen 7556 | fit 149.853 | fold Calmar 597.22/ 0.35/ 1.20/ 0.64 | fold DD 21/30/34/22%
Gen 7561 | fit 149.853 | fold Calmar 597.22/ 0.35/ 1.20/ 0.64 | fold DD 21/30/34/22%
Gen 7566 | fit 149.853 | fold Calmar 597.22/ 0.35/ 1.20/ 0.64 | fold DD 21/30/34/22%
Gen 7571 | fit 149.853 | fold Calmar 597.22/ 0.35/ 1.20/ 0.64 | fold DD 21/30/34/22%
Gen 7576 | fit 149.853 | fold Calmar 597.22/ 0.35/ 1.20/ 0.64 | fold DD 21/30/34/22%
Gen 7581 | fit 149.853 | fold Calmar 597.22/ 0.35/ 1.20/ 0.64 | fold DD 21/30/34/22%
Gen 7586 | fit 149.853 | fold Calmar 597.22/ 0.35/ 1.20/ 0.64 | fold DD 21/30/34/22%
Gen 7591 | fit 149.853 | fold Calmar 597.22/ 0.35/ 1.20/ 0.64 | fold DD 21/30/34/22%
Gen 7596 | fit 149.853 | fold Calmar 597.22/ 0.35/ 1.20/ 0.64 | fold DD 21/30/34/22%
Gen 7601 | fit 149.853 | fold Calmar 597.22/ 0.35/ 1.20/ 0.64 | fold DD 21/30/34/22%
Gen 7606 | fit 149.853 | fold Calmar 597.22/ 0.35/ 1.20/ 0.64 | fold DD 21/30/34/22%
Gen 7611 | fit 149.853 | fold Calmar 597.22/ 0.35/ 1.20/ 0.64 | fold DD 21/30/34/22%
Gen 7616 | fit 149.853 | fold Calmar 597.22/ 0.35/ 1.20/ 0.64 | fold DD 21/30/34/22%
Gen 7621 | fit 149.853 | fold Calmar 597.22/ 0.35/ 1.20/ 0.64 | fold DD 21/30/34/22%
Gen 7626 | fit 149.853 | fold Calmar 597.22/ 0.35/ 1.20/ 0.64 | fold DD 21/30/34/22%
Gen 7631 | fit 149.853 | fold Calmar 597.22/ 0.35/ 1.20/ 0.64 | fold DD 21/30/34/22%
Gen 7636 | fit 149.853 | fold Calmar 597.22/ 0.35/ 1.20/ 0.64 | fold DD 21/30/34/22%
Gen 7641 | fit 149.853 | fold Calmar 597.22/ 0.35/ 1.20/ 0.64 | fold DD 21/30/34/22%
Gen 7646 | fit 149.853 | fold Calmar 597.22/ 0.35/ 1.20/ 0.64 | fold DD 21/30/34/22%
Gen 7651 | fit 149.853 | fold Calmar 597.22/ 0.35/ 1.20/ 0.64 | fold DD 21/30/34/22%
Gen 7656 | fit 149.853 | fold Calmar 597.22/ 0.35/ 1.20/ 0.64 | fold DD 21/30/34/22%
Gen 7661 | fit 149.853 | fold Calmar 597.22/ 0.35/ 1.20/ 0.64 | fold DD 21/30/34/22%
Gen 7666 | fit 149.853 | fold Calmar 597.22/ 0.35/ 1.20/ 0.64 | fold DD 21/30/34/22%
Gen 7671 | fit 149.853 | fold Calmar 597.22/ 0.35/ 1.20/ 0.64 | fold DD 21/30/34/22%
Gen 7676 | fit 149.853 | fold Calmar 597.22/ 0.35/ 1.20/ 0.64 | fold DD 21/30/34/22%
Gen 7681 | fit 149.853 | fold Calmar 597.22/ 0.35/ 1.20/ 0.64 | fold DD 21/30/34/22%
Gen 7686 | fit 149.853 | fold Calmar 597.22/ 0.35/ 1.20/ 0.64 | fold DD 21/30/34/22%
Gen 7691 | fit 149.853 | fold Calmar 597.22/ 0.35/ 1.20/ 0.64 | fold DD 21/30/34/22%
Gen 7696 | fit 149.853 | fold Calmar 597.22/ 0.35/ 1.20/ 0.64 | fold DD 21/30/34/22%
Gen 7701 | fit 149.853 | fold Calmar 597.22/ 0.35/ 1.20/ 0.64 | fold DD 21/30/34/22%
Gen 7706 | fit 149.853 | fold Calmar 597.22/ 0.35/ 1.20/ 0.64 | fold DD 21/30/34/22%
Gen 7711 | fit 149.853 | fold Calmar 597.22/ 0.35/ 1.20/ 0.64 | fold DD 21/30/34/22%
Gen 7716 | fit 149.853 | fold Calmar 597.22/ 0.35/ 1.20/ 0.64 | fold DD 21/30/34/22%
Gen 7721 | fit 149.853 | fold Calmar 597.22/ 0.35/ 1.20/ 0.64 | fold DD 21/30/34/22%
Gen 7726 | fit 149.853 | fold Calmar 597.22/ 0.35/ 1.20/ 0.64 | fold DD 21/30/34/22%
Gen 7731 | fit 149.853 | fold Calmar 597.22/ 0.35/ 1.20/ 0.64 | fold DD 21/30/34/22%
Gen 7736 | fit 149.853 | fold Calmar 597.22/ 0.35/ 1.20/ 0.64 | fold DD 21/30/34/22%
Gen 7741 | fit 149.853 | fold Calmar 597.22/ 0.35/ 1.20/ 0.64 | fold DD 21/30/34/22%
Gen 7746 | fit 149.853 | fold Calmar 597.22/ 0.35/ 1.20/ 0.64 | fold DD 21/30/34/22%
Gen 7751 | fit 149.853 | fold Calmar 597.22/ 0.35/ 1.20/ 0.64 | fold DD 21/30/34/22%
Gen 7756 | fit 149.853 | fold Calmar 597.22/ 0.35/ 1.20/ 0.64 | fold DD 21/30/34/22%
Gen 7761 | fit 149.853 | fold Calmar 597.22/ 0.35/ 1.20/ 0.64 | fold DD 21/30/34/22%
Gen 7766 | fit 149.853 | fold Calmar 597.22/ 0.35/ 1.20/ 0.64 | fold DD 21/30/34/22%
Gen 7771 | fit 149.853 | fold Calmar 597.22/ 0.35/ 1.20/ 0.64 | fold DD 21/30/34/22%
Gen 7776 | fit 149.853 | fold Calmar 597.22/ 0.35/ 1.20/ 0.64 | fold DD 21/30/34/22%
Gen 7781 | fit 149.853 | fold Calmar 597.22/ 0.35/ 1.20/ 0.64 | fold DD 21/30/34/22%
Gen 7786 | fit 149.853 | fold Calmar 597.22/ 0.35/ 1.20/ 0.64 | fold DD 21/30/34/22%
Gen 7791 | fit 149.853 | fold Calmar 597.22/ 0.35/ 1.20/ 0.64 | fold DD 21/30/34/22%
Gen 7796 | fit 149.853 | fold Calmar 597.22/ 0.35/ 1.20/ 0.64 | fold DD 21/30/34/22%
Gen 7801 | fit 149.853 | fold Calmar 597.22/ 0.35/ 1.20/ 0.64 | fold DD 21/30/34/22%
Gen 7806 | fit 149.853 | fold Calmar 597.22/ 0.35/ 1.20/ 0.64 | fold DD 21/30/34/22%
Gen 7811 | fit 149.853 | fold Calmar 597.22/ 0.35/ 1.20/ 0.64 | fold DD 21/30/34/22%
Gen 7816 | fit 149.853 | fold Calmar 597.22/ 0.35/ 1.20/ 0.64 | fold DD 21/30/34/22%
Gen 7821 | fit 149.853 | fold Calmar 597.22/ 0.35/ 1.20/ 0.64 | fold DD 21/30/34/22%
Gen 7826 | fit 149.853 | fold Calmar 597.22/ 0.35/ 1.20/ 0.64 | fold DD 21/30/34/22%
Gen 7831 | fit 149.853 | fold Calmar 597.22/ 0.35/ 1.20/ 0.64 | fold DD 21/30/34/22%
Gen 7836 | fit 149.853 | fold Calmar 597.22/ 0.35/ 1.20/ 0.64 | fold DD 21/30/34/22%
Gen 7841 | fit 149.853 | fold Calmar 597.22/ 0.35/ 1.20/ 0.64 | fold DD 21/30/34/22%
Gen 7846 | fit 149.853 | fold Calmar 597.22/ 0.35/ 1.20/ 0.64 | fold DD 21/30/34/22%
Gen 7851 | fit 149.853 | fold Calmar 597.22/ 0.35/ 1.20/ 0.64 | fold DD 21/30/34/22%
Gen 7856 | fit 149.853 | fold Calmar 597.22/ 0.35/ 1.20/ 0.64 | fold DD 21/30/34/22%
Gen 7861 | fit 149.853 | fold Calmar 597.22/ 0.35/ 1.20/ 0.64 | fold DD 21/30/34/22%
Gen 7866 | fit 149.853 | fold Calmar 597.22/ 0.35/ 1.20/ 0.64 | fold DD 21/30/34/22%
Gen 7871 | fit 149.853 | fold Calmar 597.22/ 0.35/ 1.20/ 0.64 | fold DD 21/30/34/22%
Gen 7876 | fit 149.853 | fold Calmar 597.22/ 0.35/ 1.20/ 0.64 | fold DD 21/30/34/22%
Gen 7881 | fit 149.853 | fold Calmar 597.22/ 0.35/ 1.20/ 0.64 | fold DD 21/30/34/22%
Gen 7886 | fit 149.853 | fold Calmar 597.22/ 0.35/ 1.20/ 0.64 | fold DD 21/30/34/22%
Gen 7891 | fit 149.853 | fold Calmar 597.22/ 0.35/ 1.20/ 0.64 | fold DD 21/30/34/22%
Gen 7896 | fit 149.853 | fold Calmar 597.22/ 0.35/ 1.20/ 0.64 | fold DD 21/30/34/22%
Gen 7901 | fit 149.853 | fold Calmar 597.22/ 0.35/ 1.20/ 0.64 | fold DD 21/30/34/22%
Gen 7906 | fit 149.853 | fold Calmar 597.22/ 0.35/ 1.20/ 0.64 | fold DD 21/30/34/22%
Gen 7911 | fit 149.853 | fold Calmar 597.22/ 0.35/ 1.20/ 0.64 | fold DD 21/30/34/22%
Gen 7916 | fit 149.853 | fold Calmar 597.22/ 0.35/ 1.20/ 0.64 | fold DD 21/30/34/22%
Gen 7921 | fit 149.853 | fold Calmar 597.22/ 0.35/ 1.20/ 0.64 | fold DD 21/30/34/22%
Gen 7926 | fit 149.853 | fold Calmar 597.22/ 0.35/ 1.20/ 0.64 | fold DD 21/30/34/22%
Gen 7931 | fit 149.853 | fold Calmar 597.22/ 0.35/ 1.20/ 0.64 | fold DD 21/30/34/22%
Gen 7936 | fit 149.853 | fold Calmar 597.22/ 0.35/ 1.20/ 0.64 | fold DD 21/30/34/22%
Gen 7941 | fit 149.853 | fold Calmar 597.22/ 0.35/ 1.20/ 0.64 | fold DD 21/30/34/22%
Gen 7946 | fit 149.853 | fold Calmar 597.22/ 0.35/ 1.20/ 0.64 | fold DD 21/30/34/22%
Gen 7951 | fit 149.853 | fold Calmar 597.22/ 0.35/ 1.20/ 0.64 | fold DD 21/30/34/22%
Gen 7956 | fit 149.853 | fold Calmar 597.22/ 0.35/ 1.20/ 0.64 | fold DD 21/30/34/22%
Gen 7961 | fit 149.853 | fold Calmar 597.22/ 0.35/ 1.20/ 0.64 | fold DD 21/30/34/22%
Gen 7966 | fit 149.853 | fold Calmar 597.22/ 0.35/ 1.20/ 0.64 | fold DD 21/30/34/22%
Gen 7971 | fit 149.853 | fold Calmar 597.22/ 0.35/ 1.20/ 0.64 | fold DD 21/30/34/22%
Gen 7976 | fit 149.853 | fold Calmar 597.22/ 0.35/ 1.20/ 0.64 | fold DD 21/30/34/22%
Gen 7981 | fit 149.853 | fold Calmar 597.22/ 0.35/ 1.20/ 0.64 | fold DD 21/30/34/22%
Gen 7986 | fit 149.853 | fold Calmar 597.22/ 0.35/ 1.20/ 0.64 | fold DD 21/30/34/22%
Gen 7991 | fit 149.853 | fold Calmar 597.22/ 0.35/ 1.20/ 0.64 | fold DD 21/30/34/22%
Gen 7996 | fit 149.853 | fold Calmar 597.22/ 0.35/ 1.20/ 0.64 | fold DD 21/30/34/22%
Gen 8001 | fit 149.853 | fold Calmar 597.22/ 0.35/ 1.20/ 0.64 | fold DD 21/30/34/22%
Gen 8006 | fit 149.853 | fold Calmar 597.22/ 0.35/ 1.20/ 0.64 | fold DD 21/30/34/22%
Gen 8011 | fit 149.853 | fold Calmar 597.22/ 0.35/ 1.20/ 0.64 | fold DD 21/30/34/22%
Gen 8016 | fit 149.853 | fold Calmar 597.22/ 0.35/ 1.20/ 0.64 | fold DD 21/30/34/22%
Gen 8021 | fit 149.853 | fold Calmar 597.22/ 0.35/ 1.20/ 0.64 | fold DD 21/30/34/22%
Gen 8026 | fit 149.853 | fold Calmar 597.22/ 0.35/ 1.20/ 0.64 | fold DD 21/30/34/22%
Gen 8031 | fit 149.853 | fold Calmar 597.22/ 0.35/ 1.20/ 0.64 | fold DD 21/30/34/22%
Gen 8036 | fit 149.853 | fold Calmar 597.22/ 0.35/ 1.20/ 0.64 | fold DD 21/30/34/22%
Gen 8041 | fit 149.853 | fold Calmar 597.22/ 0.35/ 1.20/ 0.64 | fold DD 21/30/34/22%
Gen 8046 | fit 149.853 | fold Calmar 597.22/ 0.35/ 1.20/ 0.64 | fold DD 21/30/34/22%
Gen 8051 | fit 149.853 | fold Calmar 597.22/ 0.35/ 1.20/ 0.64 | fold DD 21/30/34/22%
Gen 8056 | fit 149.853 | fold Calmar 597.22/ 0.35/ 1.20/ 0.64 | fold DD 21/30/34/22%
Gen 8061 | fit 149.853 | fold Calmar 597.22/ 0.35/ 1.20/ 0.64 | fold DD 21/30/34/22%
Gen 8066 | fit 149.853 | fold Calmar 597.22/ 0.35/ 1.20/ 0.64 | fold DD 21/30/34/22%
Gen 8071 | fit 149.853 | fold Calmar 597.22/ 0.35/ 1.20/ 0.64 | fold DD 21/30/34/22%
Gen 8076 | fit 149.853 | fold Calmar 597.22/ 0.35/ 1.20/ 0.64 | fold DD 21/30/34/22%
Gen 8081 | fit 149.853 | fold Calmar 597.22/ 0.35/ 1.20/ 0.64 | fold DD 21/30/34/22%
Gen 8086 | fit 149.853 | fold Calmar 597.22/ 0.35/ 1.20/ 0.64 | fold DD 21/30/34/22%
Gen 8091 | fit 149.853 | fold Calmar 597.22/ 0.35/ 1.20/ 0.64 | fold DD 21/30/34/22%
Gen 8096 | fit 149.853 | fold Calmar 597.22/ 0.35/ 1.20/ 0.64 | fold DD 21/30/34/22%
Gen 8101 | fit 149.853 | fold Calmar 597.22/ 0.35/ 1.20/ 0.64 | fold DD 21/30/34/22%
Gen 8106 | fit 149.853 | fold Calmar 597.22/ 0.35/ 1.20/ 0.64 | fold DD 21/30/34/22%
Gen 8111 | fit 149.853 | fold Calmar 597.22/ 0.35/ 1.20/ 0.64 | fold DD 21/30/34/22%
Gen 8116 | fit 149.853 | fold Calmar 597.22/ 0.35/ 1.20/ 0.64 | fold DD 21/30/34/22%
Gen 8121 | fit 149.853 | fold Calmar 597.22/ 0.35/ 1.20/ 0.64 | fold DD 21/30/34/22%
Gen 8126 | fit 149.853 | fold Calmar 597.22/ 0.35/ 1.20/ 0.64 | fold DD 21/30/34/22%
Gen 8131 | fit 149.853 | fold Calmar 597.22/ 0.35/ 1.20/ 0.64 | fold DD 21/30/34/22%
Gen 8136 | fit 149.853 | fold Calmar 597.22/ 0.35/ 1.20/ 0.64 | fold DD 21/30/34/22%
Gen 8141 | fit 149.853 | fold Calmar 597.22/ 0.35/ 1.20/ 0.64 | fold DD 21/30/34/22%
Gen 8146 | fit 149.853 | fold Calmar 597.22/ 0.35/ 1.20/ 0.64 | fold DD 21/30/34/22%
Gen 8151 | fit 149.853 | fold Calmar 597.22/ 0.35/ 1.20/ 0.64 | fold DD 21/30/34/22%
Gen 8156 | fit 149.853 | fold Calmar 597.22/ 0.35/ 1.20/ 0.64 | fold DD 21/30/34/22%
Gen 8161 | fit 149.853 | fold Calmar 597.22/ 0.35/ 1.20/ 0.64 | fold DD 21/30/34/22%
Gen 8166 | fit 149.853 | fold Calmar 597.22/ 0.35/ 1.20/ 0.64 | fold DD 21/30/34/22%
Gen 8171 | fit 149.853 | fold Calmar 597.22/ 0.35/ 1.20/ 0.64 | fold DD 21/30/34/22%
Gen 8176 | fit 149.853 | fold Calmar 597.22/ 0.35/ 1.20/ 0.64 | fold DD 21/30/34/22%
Gen 8181 | fit 149.853 | fold Calmar 597.22/ 0.35/ 1.20/ 0.64 | fold DD 21/30/34/22%
Gen 8186 | fit 149.853 | fold Calmar 597.22/ 0.35/ 1.20/ 0.64 | fold DD 21/30/34/22%
Gen 8191 | fit 149.853 | fold Calmar 597.22/ 0.35/ 1.20/ 0.64 | fold DD 21/30/34/22%
Gen 8196 | fit 149.853 | fold Calmar 597.22/ 0.35/ 1.20/ 0.64 | fold DD 21/30/34/22%
Gen 8201 | fit 149.853 | fold Calmar 597.22/ 0.35/ 1.20/ 0.64 | fold DD 21/30/34/22%
Gen 8206 | fit 149.853 | fold Calmar 597.22/ 0.35/ 1.20/ 0.64 | fold DD 21/30/34/22%
Gen 8211 | fit 149.853 | fold Calmar 597.22/ 0.35/ 1.20/ 0.64 | fold DD 21/30/34/22%
Gen 8216 | fit 149.853 | fold Calmar 597.22/ 0.35/ 1.20/ 0.64 | fold DD 21/30/34/22%
Gen 8221 | fit 149.853 | fold Calmar 597.22/ 0.35/ 1.20/ 0.64 | fold DD 21/30/34/22%
Gen 8226 | fit 149.853 | fold Calmar 597.22/ 0.35/ 1.20/ 0.64 | fold DD 21/30/34/22%
Gen 8231 | fit 149.853 | fold Calmar 597.22/ 0.35/ 1.20/ 0.64 | fold DD 21/30/34/22%
Gen 8236 | fit 149.853 | fold Calmar 597.22/ 0.35/ 1.20/ 0.64 | fold DD 21/30/34/22%
Gen 8241 | fit 149.853 | fold Calmar 597.22/ 0.35/ 1.20/ 0.64 | fold DD 21/30/34/22%
Gen 8246 | fit 149.853 | fold Calmar 597.22/ 0.35/ 1.20/ 0.64 | fold DD 21/30/34/22%
Gen 8251 | fit 149.853 | fold Calmar 597.22/ 0.35/ 1.20/ 0.64 | fold DD 21/30/34/22%
Gen 8256 | fit 149.853 | fold Calmar 597.22/ 0.35/ 1.20/ 0.64 | fold DD 21/30/34/22%
Gen 8261 | fit 149.853 | fold Calmar 597.22/ 0.35/ 1.20/ 0.64 | fold DD 21/30/34/22%
Gen 8266 | fit 149.853 | fold Calmar 597.22/ 0.35/ 1.20/ 0.64 | fold DD 21/30/34/22%
Gen 8271 | fit 149.853 | fold Calmar 597.22/ 0.35/ 1.20/ 0.64 | fold DD 21/30/34/22%
Gen 8276 | fit 149.853 | fold Calmar 597.22/ 0.35/ 1.20/ 0.64 | fold DD 21/30/34/22%
Gen 8281 | fit 149.853 | fold Calmar 597.22/ 0.35/ 1.20/ 0.64 | fold DD 21/30/34/22%
Gen 8286 | fit 149.853 | fold Calmar 597.22/ 0.35/ 1.20/ 0.64 | fold DD 21/30/34/22%
Gen 8291 | fit 149.853 | fold Calmar 597.22/ 0.35/ 1.20/ 0.64 | fold DD 21/30/34/22%
Gen 8296 | fit 149.853 | fold Calmar 597.22/ 0.35/ 1.20/ 0.64 | fold DD 21/30/34/22%
Gen 8301 | fit 149.853 | fold Calmar 597.22/ 0.35/ 1.20/ 0.64 | fold DD 21/30/34/22%
Gen 8306 | fit 149.853 | fold Calmar 597.22/ 0.35/ 1.20/ 0.64 | fold DD 21/30/34/22%
Gen 8311 | fit 149.853 | fold Calmar 597.22/ 0.35/ 1.20/ 0.64 | fold DD 21/30/34/22%
Gen 8316 | fit 149.853 | fold Calmar 597.22/ 0.35/ 1.20/ 0.64 | fold DD 21/30/34/22%
Gen 8321 | fit 149.853 | fold Calmar 597.22/ 0.35/ 1.20/ 0.64 | fold DD 21/30/34/22%
Gen 8326 | fit 149.853 | fold Calmar 597.22/ 0.35/ 1.20/ 0.64 | fold DD 21/30/34/22%
Gen 8331 | fit 149.853 | fold Calmar 597.22/ 0.35/ 1.20/ 0.64 | fold DD 21/30/34/22%
Gen 8336 | fit 149.853 | fold Calmar 597.22/ 0.35/ 1.20/ 0.64 | fold DD 21/30/34/22%
Gen 8341 | fit 149.853 | fold Calmar 597.22/ 0.35/ 1.20/ 0.64 | fold DD 21/30/34/22%
Gen 8346 | fit 149.853 | fold Calmar 597.22/ 0.35/ 1.20/ 0.64 | fold DD 21/30/34/22%
Gen 8351 | fit 149.853 | fold Calmar 597.22/ 0.35/ 1.20/ 0.64 | fold DD 21/30/34/22%
Gen 8356 | fit 149.853 | fold Calmar 597.22/ 0.35/ 1.20/ 0.64 | fold DD 21/30/34/22%
Gen 8361 | fit 149.853 | fold Calmar 597.22/ 0.35/ 1.20/ 0.64 | fold DD 21/30/34/22%
Gen 8366 | fit 149.853 | fold Calmar 597.22/ 0.35/ 1.20/ 0.64 | fold DD 21/30/34/22%
Gen 8371 | fit 149.853 | fold Calmar 597.22/ 0.35/ 1.20/ 0.64 | fold DD 21/30/34/22%
Gen 8376 | fit 149.853 | fold Calmar 597.22/ 0.35/ 1.20/ 0.64 | fold DD 21/30/34/22%
Gen 8381 | fit 149.853 | fold Calmar 597.22/ 0.35/ 1.20/ 0.64 | fold DD 21/30/34/22%
Gen 8386 | fit 149.853 | fold Calmar 597.22/ 0.35/ 1.20/ 0.64 | fold DD 21/30/34/22%
Gen 8391 | fit 149.853 | fold Calmar 597.22/ 0.35/ 1.20/ 0.64 | fold DD 21/30/34/22%
Gen 8396 | fit 149.853 | fold Calmar 597.22/ 0.35/ 1.20/ 0.64 | fold DD 21/30/34/22%
Gen 8401 | fit 149.853 | fold Calmar 597.22/ 0.35/ 1.20/ 0.64 | fold DD 21/30/34/22%
Gen 8406 | fit 149.853 | fold Calmar 597.22/ 0.35/ 1.20/ 0.64 | fold DD 21/30/34/22%
Gen 8411 | fit 149.853 | fold Calmar 597.22/ 0.35/ 1.20/ 0.64 | fold DD 21/30/34/22%
Gen 8416 | fit 149.853 | fold Calmar 597.22/ 0.35/ 1.20/ 0.64 | fold DD 21/30/34/22%
Gen 8421 | fit 149.853 | fold Calmar 597.22/ 0.35/ 1.20/ 0.64 | fold DD 21/30/34/22%
Gen 8426 | fit 149.853 | fold Calmar 597.22/ 0.35/ 1.20/ 0.64 | fold DD 21/30/34/22%
Gen 8431 | fit 149.853 | fold Calmar 597.22/ 0.35/ 1.20/ 0.64 | fold DD 21/30/34/22%
Gen 8436 | fit 149.853 | fold Calmar 597.22/ 0.35/ 1.20/ 0.64 | fold DD 21/30/34/22%
Gen 8441 | fit 149.853 | fold Calmar 597.22/ 0.35/ 1.20/ 0.64 | fold DD 21/30/34/22%
Gen 8446 | fit 149.853 | fold Calmar 597.22/ 0.35/ 1.20/ 0.64 | fold DD 21/30/34/22%
Gen 8451 | fit 149.853 | fold Calmar 597.22/ 0.35/ 1.20/ 0.64 | fold DD 21/30/34/22%
Gen 8456 | fit 149.853 | fold Calmar 597.22/ 0.35/ 1.20/ 0.64 | fold DD 21/30/34/22%
Gen 8461 | fit 149.853 | fold Calmar 597.22/ 0.35/ 1.20/ 0.64 | fold DD 21/30/34/22%
Gen 8466 | fit 149.853 | fold Calmar 597.22/ 0.35/ 1.20/ 0.64 | fold DD 21/30/34/22%
Gen 8471 | fit 149.853 | fold Calmar 597.22/ 0.35/ 1.20/ 0.64 | fold DD 21/30/34/22%
Gen 8476 | fit 149.853 | fold Calmar 597.22/ 0.35/ 1.20/ 0.64 | fold DD 21/30/34/22%
Gen 8481 | fit 149.853 | fold Calmar 597.22/ 0.35/ 1.20/ 0.64 | fold DD 21/30/34/22%
Gen 8486 | fit 149.853 | fold Calmar 597.22/ 0.35/ 1.20/ 0.64 | fold DD 21/30/34/22%
Gen 8491 | fit 149.853 | fold Calmar 597.22/ 0.35/ 1.20/ 0.64 | fold DD 21/30/34/22%
Gen 8496 | fit 149.853 | fold Calmar 597.22/ 0.35/ 1.20/ 0.64 | fold DD 21/30/34/22%
Gen 8501 | fit 149.853 | fold Calmar 597.22/ 0.35/ 1.20/ 0.64 | fold DD 21/30/34/22%
Gen 8506 | fit 149.853 | fold Calmar 597.22/ 0.35/ 1.20/ 0.64 | fold DD 21/30/34/22%
Gen 8511 | fit 149.853 | fold Calmar 597.22/ 0.35/ 1.20/ 0.64 | fold DD 21/30/34/22%
Gen 8516 | fit 149.853 | fold Calmar 597.22/ 0.35/ 1.20/ 0.64 | fold DD 21/30/34/22%
Gen 8521 | fit 149.853 | fold Calmar 597.22/ 0.35/ 1.20/ 0.64 | fold DD 21/30/34/22%
Gen 8526 | fit 149.853 | fold Calmar 597.22/ 0.35/ 1.20/ 0.64 | fold DD 21/30/34/22%
Gen 8531 | fit 149.853 | fold Calmar 597.22/ 0.35/ 1.20/ 0.64 | fold DD 21/30/34/22%
Gen 8536 | fit 149.853 | fold Calmar 597.22/ 0.35/ 1.20/ 0.64 | fold DD 21/30/34/22%
Gen 8541 | fit 149.853 | fold Calmar 597.22/ 0.35/ 1.20/ 0.64 | fold DD 21/30/34/22%
Gen 8546 | fit 149.853 | fold Calmar 597.22/ 0.35/ 1.20/ 0.64 | fold DD 21/30/34/22%
Gen 8551 | fit 149.861 | fold Calmar 597.22/ 0.38/ 1.20/ 0.64 | fold DD 21/29/34/22%
Gen 8556 | fit 149.861 | fold Calmar 597.22/ 0.38/ 1.20/ 0.64 | fold DD 21/29/34/22%
Gen 8561 | fit 149.861 | fold Calmar 597.22/ 0.38/ 1.20/ 0.64 | fold DD 21/29/34/22%
Gen 8566 | fit 149.866 | fold Calmar 597.22/ 0.40/ 1.20/ 0.64 | fold DD 21/30/34/22%
Gen 8571 | fit 149.866 | fold Calmar 597.22/ 0.40/ 1.20/ 0.64 | fold DD 21/30/34/22%
Gen 8576 | fit 149.866 | fold Calmar 597.22/ 0.40/ 1.20/ 0.64 | fold DD 21/30/34/22%
Gen 8581 | fit 149.866 | fold Calmar 597.22/ 0.40/ 1.20/ 0.64 | fold DD 21/30/34/22%
Gen 8586 | fit 149.866 | fold Calmar 597.22/ 0.40/ 1.20/ 0.64 | fold DD 21/30/34/22%
Gen 8591 | fit 149.866 | fold Calmar 597.22/ 0.40/ 1.20/ 0.64 | fold DD 21/30/34/22%
Gen 8596 | fit 149.866 | fold Calmar 597.22/ 0.40/ 1.20/ 0.64 | fold DD 21/30/34/22%
Gen 8601 | fit 149.890 | fold Calmar 597.22/ 0.40/ 1.26/ 0.67 | fold DD 21/30/34/22%
Gen 8606 | fit 149.890 | fold Calmar 597.22/ 0.40/ 1.26/ 0.67 | fold DD 21/30/34/22%
Gen 8611 | fit 149.890 | fold Calmar 597.22/ 0.40/ 1.26/ 0.67 | fold DD 21/30/34/22%
Gen 8616 | fit 149.890 | fold Calmar 597.22/ 0.40/ 1.26/ 0.67 | fold DD 21/30/34/22%
Gen 8621 | fit 149.890 | fold Calmar 597.22/ 0.40/ 1.26/ 0.67 | fold DD 21/30/34/22%
Gen 8626 | fit 149.890 | fold Calmar 597.22/ 0.40/ 1.26/ 0.67 | fold DD 21/30/34/22%
Gen 8631 | fit 149.890 | fold Calmar 597.22/ 0.40/ 1.26/ 0.67 | fold DD 21/30/34/22%
Gen 8636 | fit 149.890 | fold Calmar 597.22/ 0.40/ 1.26/ 0.67 | fold DD 21/30/34/22%
Gen 8641 | fit 149.890 | fold Calmar 597.22/ 0.40/ 1.26/ 0.67 | fold DD 21/30/34/22%
Gen 8646 | fit 149.890 | fold Calmar 597.22/ 0.40/ 1.26/ 0.67 | fold DD 21/30/34/22%
Gen 8651 | fit 149.890 | fold Calmar 597.22/ 0.40/ 1.26/ 0.67 | fold DD 21/30/34/22%
Gen 8656 | fit 149.890 | fold Calmar 597.22/ 0.40/ 1.26/ 0.67 | fold DD 21/30/34/22%
Gen 8661 | fit 149.890 | fold Calmar 597.22/ 0.40/ 1.26/ 0.67 | fold DD 21/30/34/22%
Gen 8666 | fit 149.890 | fold Calmar 597.22/ 0.40/ 1.26/ 0.67 | fold DD 21/30/34/22%
Gen 8671 | fit 149.890 | fold Calmar 597.22/ 0.40/ 1.26/ 0.67 | fold DD 21/30/34/22%
Gen 8676 | fit 149.890 | fold Calmar 597.22/ 0.40/ 1.26/ 0.67 | fold DD 21/30/34/22%
Gen 8681 | fit 149.890 | fold Calmar 597.22/ 0.40/ 1.26/ 0.67 | fold DD 21/30/34/22%
Gen 8686 | fit 149.890 | fold Calmar 597.22/ 0.40/ 1.26/ 0.67 | fold DD 21/30/34/22%
Gen 8691 | fit 149.890 | fold Calmar 597.22/ 0.40/ 1.26/ 0.67 | fold DD 21/30/34/22%
Gen 8696 | fit 149.890 | fold Calmar 597.22/ 0.40/ 1.26/ 0.67 | fold DD 21/30/34/22%
Gen 8701 | fit 149.890 | fold Calmar 597.22/ 0.40/ 1.26/ 0.67 | fold DD 21/30/34/22%
Gen 8706 | fit 149.890 | fold Calmar 597.22/ 0.40/ 1.26/ 0.67 | fold DD 21/30/34/22%
Gen 8711 | fit 149.890 | fold Calmar 597.22/ 0.40/ 1.26/ 0.67 | fold DD 21/30/34/22%
Gen 8716 | fit 149.890 | fold Calmar 597.22/ 0.40/ 1.26/ 0.67 | fold DD 21/30/34/22%
Gen 8721 | fit 149.890 | fold Calmar 597.22/ 0.40/ 1.26/ 0.67 | fold DD 21/30/34/22%
Gen 8726 | fit 149.890 | fold Calmar 597.22/ 0.40/ 1.26/ 0.67 | fold DD 21/30/34/22%
Gen 8731 | fit 149.890 | fold Calmar 597.22/ 0.40/ 1.26/ 0.67 | fold DD 21/30/34/22%
Gen 8736 | fit 149.890 | fold Calmar 597.22/ 0.40/ 1.26/ 0.67 | fold DD 21/30/34/22%
Gen 8741 | fit 149.890 | fold Calmar 597.22/ 0.40/ 1.26/ 0.67 | fold DD 21/30/34/22%
Gen 8746 | fit 149.890 | fold Calmar 597.22/ 0.40/ 1.26/ 0.67 | fold DD 21/30/34/22%
Gen 8751 | fit 149.890 | fold Calmar 597.22/ 0.40/ 1.26/ 0.67 | fold DD 21/30/34/22%
Gen 8756 | fit 149.890 | fold Calmar 597.22/ 0.40/ 1.26/ 0.67 | fold DD 21/30/34/22%
Gen 8761 | fit 149.890 | fold Calmar 597.22/ 0.40/ 1.26/ 0.67 | fold DD 21/30/34/22%
Gen 8766 | fit 149.890 | fold Calmar 597.22/ 0.40/ 1.26/ 0.67 | fold DD 21/30/34/22%
Gen 8771 | fit 149.890 | fold Calmar 597.22/ 0.40/ 1.26/ 0.67 | fold DD 21/30/34/22%
Gen 8776 | fit 149.890 | fold Calmar 597.22/ 0.40/ 1.26/ 0.67 | fold DD 21/30/34/22%
Gen 8781 | fit 149.890 | fold Calmar 597.22/ 0.40/ 1.26/ 0.67 | fold DD 21/30/34/22%
Gen 8786 | fit 149.890 | fold Calmar 597.22/ 0.40/ 1.26/ 0.67 | fold DD 21/30/34/22%
Gen 8791 | fit 149.890 | fold Calmar 597.22/ 0.40/ 1.26/ 0.67 | fold DD 21/30/34/22%
Gen 8796 | fit 149.890 | fold Calmar 597.22/ 0.40/ 1.26/ 0.67 | fold DD 21/30/34/22%
Gen 8801 | fit 149.890 | fold Calmar 597.22/ 0.40/ 1.26/ 0.67 | fold DD 21/30/34/22%
Gen 8806 | fit 149.890 | fold Calmar 597.22/ 0.40/ 1.26/ 0.67 | fold DD 21/30/34/22%
Gen 8811 | fit 149.890 | fold Calmar 597.22/ 0.40/ 1.26/ 0.67 | fold DD 21/30/34/22%
Gen 8816 | fit 149.890 | fold Calmar 597.22/ 0.40/ 1.26/ 0.67 | fold DD 21/30/34/22%
Gen 8821 | fit 149.890 | fold Calmar 597.22/ 0.40/ 1.26/ 0.67 | fold DD 21/30/34/22%
Gen 8826 | fit 149.890 | fold Calmar 597.22/ 0.40/ 1.26/ 0.67 | fold DD 21/30/34/22%
Gen 8831 | fit 149.890 | fold Calmar 597.22/ 0.40/ 1.26/ 0.67 | fold DD 21/30/34/22%
Gen 8836 | fit 149.890 | fold Calmar 597.22/ 0.40/ 1.26/ 0.67 | fold DD 21/30/34/22%
Gen 8841 | fit 149.890 | fold Calmar 597.22/ 0.40/ 1.26/ 0.67 | fold DD 21/30/34/22%
Gen 8846 | fit 149.890 | fold Calmar 597.22/ 0.40/ 1.26/ 0.67 | fold DD 21/30/34/22%
Gen 8851 | fit 149.890 | fold Calmar 597.22/ 0.40/ 1.26/ 0.67 | fold DD 21/30/34/22%
Gen 8856 | fit 149.890 | fold Calmar 597.22/ 0.40/ 1.26/ 0.67 | fold DD 21/30/34/22%
Gen 8861 | fit 149.890 | fold Calmar 597.22/ 0.40/ 1.26/ 0.67 | fold DD 21/30/34/22%
Gen 8866 | fit 149.890 | fold Calmar 597.22/ 0.40/ 1.26/ 0.67 | fold DD 21/30/34/22%
Gen 8871 | fit 149.890 | fold Calmar 597.22/ 0.40/ 1.26/ 0.67 | fold DD 21/30/34/22%
Gen 8876 | fit 149.890 | fold Calmar 597.22/ 0.40/ 1.26/ 0.67 | fold DD 21/30/34/22%
Gen 8881 | fit 149.890 | fold Calmar 597.22/ 0.40/ 1.26/ 0.67 | fold DD 21/30/34/22%
Gen 8886 | fit 149.890 | fold Calmar 597.22/ 0.40/ 1.26/ 0.67 | fold DD 21/30/34/22%
Gen 8891 | fit 149.890 | fold Calmar 597.22/ 0.40/ 1.26/ 0.67 | fold DD 21/30/34/22%
Gen 8896 | fit 149.890 | fold Calmar 597.22/ 0.40/ 1.26/ 0.67 | fold DD 21/30/34/22%
Gen 8901 | fit 149.890 | fold Calmar 597.22/ 0.40/ 1.26/ 0.67 | fold DD 21/30/34/22%
Gen 8906 | fit 149.890 | fold Calmar 597.22/ 0.40/ 1.26/ 0.67 | fold DD 21/30/34/22%
Gen 8911 | fit 149.890 | fold Calmar 597.22/ 0.40/ 1.26/ 0.67 | fold DD 21/30/34/22%
Gen 8916 | fit 149.890 | fold Calmar 597.22/ 0.40/ 1.26/ 0.67 | fold DD 21/30/34/22%
Gen 8921 | fit 149.890 | fold Calmar 597.22/ 0.40/ 1.26/ 0.67 | fold DD 21/30/34/22%
Gen 8926 | fit 149.890 | fold Calmar 597.22/ 0.40/ 1.26/ 0.67 | fold DD 21/30/34/22%
Gen 8931 | fit 149.890 | fold Calmar 597.22/ 0.40/ 1.26/ 0.67 | fold DD 21/30/34/22%
Gen 8936 | fit 149.890 | fold Calmar 597.22/ 0.40/ 1.26/ 0.67 | fold DD 21/30/34/22%
Gen 8941 | fit 149.890 | fold Calmar 597.22/ 0.40/ 1.26/ 0.67 | fold DD 21/30/34/22%
Gen 8946 | fit 149.890 | fold Calmar 597.22/ 0.40/ 1.26/ 0.67 | fold DD 21/30/34/22%
Gen 8951 | fit 149.890 | fold Calmar 597.22/ 0.40/ 1.26/ 0.67 | fold DD 21/30/34/22%
Gen 8956 | fit 149.890 | fold Calmar 597.22/ 0.40/ 1.26/ 0.67 | fold DD 21/30/34/22%
Gen 8961 | fit 149.890 | fold Calmar 597.22/ 0.40/ 1.26/ 0.67 | fold DD 21/30/34/22%
Gen 8966 | fit 149.890 | fold Calmar 597.22/ 0.40/ 1.26/ 0.67 | fold DD 21/30/34/22%
Gen 8971 | fit 149.890 | fold Calmar 597.22/ 0.40/ 1.26/ 0.67 | fold DD 21/30/34/22%
Gen 8976 | fit 149.890 | fold Calmar 597.22/ 0.40/ 1.26/ 0.67 | fold DD 21/30/34/22%
Gen 8981 | fit 149.890 | fold Calmar 597.22/ 0.40/ 1.26/ 0.67 | fold DD 21/30/34/22%
Gen 8986 | fit 149.890 | fold Calmar 597.22/ 0.40/ 1.26/ 0.67 | fold DD 21/30/34/22%
Gen 8991 | fit 149.890 | fold Calmar 597.22/ 0.40/ 1.26/ 0.67 | fold DD 21/30/34/22%
Gen 8996 | fit 149.890 | fold Calmar 597.22/ 0.40/ 1.26/ 0.67 | fold DD 21/30/34/22%
Gen 9001 | fit 149.890 | fold Calmar 597.22/ 0.40/ 1.26/ 0.67 | fold DD 21/30/34/22%
Gen 9006 | fit 149.890 | fold Calmar 597.22/ 0.40/ 1.26/ 0.67 | fold DD 21/30/34/22%
Gen 9011 | fit 149.890 | fold Calmar 597.22/ 0.40/ 1.26/ 0.67 | fold DD 21/30/34/22%
Gen 9016 | fit 149.890 | fold Calmar 597.22/ 0.40/ 1.26/ 0.67 | fold DD 21/30/34/22%
Gen 9021 | fit 149.890 | fold Calmar 597.22/ 0.40/ 1.26/ 0.67 | fold DD 21/30/34/22%
Gen 9026 | fit 149.890 | fold Calmar 597.22/ 0.40/ 1.26/ 0.67 | fold DD 21/30/34/22%
Gen 9031 | fit 149.890 | fold Calmar 597.22/ 0.40/ 1.26/ 0.67 | fold DD 21/30/34/22%
Gen 9036 | fit 149.890 | fold Calmar 597.22/ 0.40/ 1.26/ 0.67 | fold DD 21/30/34/22%
Gen 9041 | fit 149.890 | fold Calmar 597.22/ 0.40/ 1.26/ 0.67 | fold DD 21/30/34/22%
Gen 9046 | fit 149.890 | fold Calmar 597.22/ 0.40/ 1.26/ 0.67 | fold DD 21/30/34/22%
Gen 9051 | fit 149.890 | fold Calmar 597.22/ 0.40/ 1.26/ 0.67 | fold DD 21/30/34/22%
Gen 9056 | fit 149.890 | fold Calmar 597.22/ 0.40/ 1.26/ 0.67 | fold DD 21/30/34/22%
Gen 9061 | fit 149.890 | fold Calmar 597.22/ 0.40/ 1.26/ 0.67 | fold DD 21/30/34/22%
Gen 9066 | fit 149.890 | fold Calmar 597.22/ 0.40/ 1.26/ 0.67 | fold DD 21/30/34/22%
Gen 9071 | fit 149.890 | fold Calmar 597.22/ 0.40/ 1.26/ 0.67 | fold DD 21/30/34/22%
Gen 9076 | fit 149.890 | fold Calmar 597.22/ 0.40/ 1.26/ 0.67 | fold DD 21/30/34/22%
Gen 9081 | fit 149.890 | fold Calmar 597.22/ 0.40/ 1.26/ 0.67 | fold DD 21/30/34/22%
Gen 9086 | fit 149.890 | fold Calmar 597.22/ 0.40/ 1.26/ 0.67 | fold DD 21/30/34/22%
Gen 9091 | fit 149.890 | fold Calmar 597.22/ 0.40/ 1.26/ 0.67 | fold DD 21/30/34/22%
Gen 9096 | fit 149.890 | fold Calmar 597.22/ 0.40/ 1.26/ 0.67 | fold DD 21/30/34/22%
Gen 9101 | fit 149.890 | fold Calmar 597.22/ 0.40/ 1.26/ 0.67 | fold DD 21/30/34/22%
Gen 9106 | fit 149.890 | fold Calmar 597.22/ 0.40/ 1.26/ 0.67 | fold DD 21/30/34/22%
Gen 9111 | fit 149.890 | fold Calmar 597.22/ 0.40/ 1.26/ 0.67 | fold DD 21/30/34/22%
Gen 9116 | fit 149.890 | fold Calmar 597.22/ 0.40/ 1.26/ 0.67 | fold DD 21/30/34/22%
Gen 9121 | fit 149.890 | fold Calmar 597.22/ 0.40/ 1.26/ 0.67 | fold DD 21/30/34/22%
Gen 9126 | fit 149.890 | fold Calmar 597.22/ 0.40/ 1.26/ 0.67 | fold DD 21/30/34/22%
Gen 9131 | fit 149.890 | fold Calmar 597.22/ 0.40/ 1.26/ 0.67 | fold DD 21/30/34/22%
Gen 9136 | fit 149.890 | fold Calmar 597.22/ 0.40/ 1.26/ 0.67 | fold DD 21/30/34/22%
Gen 9141 | fit 149.890 | fold Calmar 597.22/ 0.40/ 1.26/ 0.67 | fold DD 21/30/34/22%
Gen 9146 | fit 149.890 | fold Calmar 597.22/ 0.40/ 1.26/ 0.67 | fold DD 21/30/34/22%
Gen 9151 | fit 149.890 | fold Calmar 597.22/ 0.40/ 1.26/ 0.67 | fold DD 21/30/34/22%
Gen 9156 | fit 149.890 | fold Calmar 597.22/ 0.40/ 1.26/ 0.67 | fold DD 21/30/34/22%
Gen 9161 | fit 149.890 | fold Calmar 597.22/ 0.40/ 1.26/ 0.67 | fold DD 21/30/34/22%
Gen 9166 | fit 149.890 | fold Calmar 597.22/ 0.40/ 1.26/ 0.67 | fold DD 21/30/34/22%
Gen 9171 | fit 149.890 | fold Calmar 597.22/ 0.40/ 1.26/ 0.67 | fold DD 21/30/34/22%
Gen 9176 | fit 149.890 | fold Calmar 597.22/ 0.40/ 1.26/ 0.67 | fold DD 21/30/34/22%
Gen 9181 | fit 149.890 | fold Calmar 597.22/ 0.40/ 1.26/ 0.67 | fold DD 21/30/34/22%
Gen 9186 | fit 149.890 | fold Calmar 597.22/ 0.40/ 1.26/ 0.67 | fold DD 21/30/34/22%
Gen 9191 | fit 149.890 | fold Calmar 597.22/ 0.40/ 1.26/ 0.67 | fold DD 21/30/34/22%
Gen 9196 | fit 149.890 | fold Calmar 597.22/ 0.40/ 1.26/ 0.67 | fold DD 21/30/34/22%
Gen 9201 | fit 149.890 | fold Calmar 597.22/ 0.40/ 1.26/ 0.67 | fold DD 21/30/34/22%
Gen 9206 | fit 149.890 | fold Calmar 597.22/ 0.40/ 1.26/ 0.67 | fold DD 21/30/34/22%
Gen 9211 | fit 149.890 | fold Calmar 597.22/ 0.40/ 1.26/ 0.67 | fold DD 21/30/34/22%
Gen 9216 | fit 149.890 | fold Calmar 597.22/ 0.40/ 1.26/ 0.67 | fold DD 21/30/34/22%
Gen 9221 | fit 149.890 | fold Calmar 597.22/ 0.40/ 1.26/ 0.67 | fold DD 21/30/34/22%
Gen 9226 | fit 149.890 | fold Calmar 597.22/ 0.40/ 1.26/ 0.67 | fold DD 21/30/34/22%
Gen 9231 | fit 149.890 | fold Calmar 597.22/ 0.40/ 1.26/ 0.67 | fold DD 21/30/34/22%
Gen 9236 | fit 149.890 | fold Calmar 597.22/ 0.40/ 1.26/ 0.67 | fold DD 21/30/34/22%
Gen 9241 | fit 149.890 | fold Calmar 597.22/ 0.40/ 1.26/ 0.67 | fold DD 21/30/34/22%
Gen 9246 | fit 149.890 | fold Calmar 597.22/ 0.40/ 1.26/ 0.67 | fold DD 21/30/34/22%
Gen 9251 | fit 149.890 | fold Calmar 597.22/ 0.40/ 1.26/ 0.67 | fold DD 21/30/34/22%
Gen 9256 | fit 149.890 | fold Calmar 597.22/ 0.40/ 1.26/ 0.67 | fold DD 21/30/34/22%
Gen 9261 | fit 149.890 | fold Calmar 597.22/ 0.40/ 1.26/ 0.67 | fold DD 21/30/34/22%
Gen 9266 | fit 149.890 | fold Calmar 597.22/ 0.40/ 1.26/ 0.67 | fold DD 21/30/34/22%
Gen 9271 | fit 149.890 | fold Calmar 597.22/ 0.40/ 1.26/ 0.67 | fold DD 21/30/34/22%
Gen 9276 | fit 149.890 | fold Calmar 597.22/ 0.40/ 1.26/ 0.67 | fold DD 21/30/34/22%
Gen 9281 | fit 149.890 | fold Calmar 597.22/ 0.40/ 1.26/ 0.67 | fold DD 21/30/34/22%
Gen 9286 | fit 149.890 | fold Calmar 597.22/ 0.40/ 1.26/ 0.67 | fold DD 21/30/34/22%
Gen 9291 | fit 149.890 | fold Calmar 597.22/ 0.40/ 1.26/ 0.67 | fold DD 21/30/34/22%
Gen 9296 | fit 149.890 | fold Calmar 597.22/ 0.40/ 1.26/ 0.67 | fold DD 21/30/34/22%
Gen 9301 | fit 149.890 | fold Calmar 597.22/ 0.40/ 1.26/ 0.67 | fold DD 21/30/34/22%
Gen 9306 | fit 149.890 | fold Calmar 597.22/ 0.40/ 1.26/ 0.67 | fold DD 21/30/34/22%
Gen 9311 | fit 149.890 | fold Calmar 597.22/ 0.40/ 1.26/ 0.67 | fold DD 21/30/34/22%
Gen 9316 | fit 149.890 | fold Calmar 597.22/ 0.40/ 1.26/ 0.67 | fold DD 21/30/34/22%
Gen 9321 | fit 149.890 | fold Calmar 597.22/ 0.40/ 1.26/ 0.67 | fold DD 21/30/34/22%
Gen 9326 | fit 149.890 | fold Calmar 597.22/ 0.40/ 1.26/ 0.67 | fold DD 21/30/34/22%
Gen 9331 | fit 149.890 | fold Calmar 597.22/ 0.40/ 1.26/ 0.67 | fold DD 21/30/34/22%
Gen 9336 | fit 149.890 | fold Calmar 597.22/ 0.40/ 1.26/ 0.67 | fold DD 21/30/34/22%
Gen 9341 | fit 149.890 | fold Calmar 597.22/ 0.40/ 1.26/ 0.67 | fold DD 21/30/34/22%
Gen 9346 | fit 149.890 | fold Calmar 597.22/ 0.40/ 1.26/ 0.67 | fold DD 21/30/34/22%
Gen 9351 | fit 149.890 | fold Calmar 597.22/ 0.40/ 1.26/ 0.67 | fold DD 21/30/34/22%
Gen 9356 | fit 149.890 | fold Calmar 597.22/ 0.40/ 1.26/ 0.67 | fold DD 21/30/34/22%
Gen 9361 | fit 149.890 | fold Calmar 597.22/ 0.40/ 1.26/ 0.67 | fold DD 21/30/34/22%
Gen 9366 | fit 149.890 | fold Calmar 597.22/ 0.40/ 1.26/ 0.67 | fold DD 21/30/34/22%
Gen 9371 | fit 149.890 | fold Calmar 597.22/ 0.40/ 1.26/ 0.67 | fold DD 21/30/34/22%
Gen 9376 | fit 149.890 | fold Calmar 597.22/ 0.40/ 1.26/ 0.67 | fold DD 21/30/34/22%
Gen 9381 | fit 149.890 | fold Calmar 597.22/ 0.40/ 1.26/ 0.67 | fold DD 21/30/34/22%
Gen 9386 | fit 149.890 | fold Calmar 597.22/ 0.40/ 1.26/ 0.67 | fold DD 21/30/34/22%
Gen 9391 | fit 149.890 | fold Calmar 597.22/ 0.40/ 1.26/ 0.67 | fold DD 21/30/34/22%
Gen 9396 | fit 149.890 | fold Calmar 597.22/ 0.40/ 1.26/ 0.67 | fold DD 21/30/34/22%
Gen 9401 | fit 149.890 | fold Calmar 597.22/ 0.40/ 1.26/ 0.67 | fold DD 21/30/34/22%
Gen 9406 | fit 149.890 | fold Calmar 597.22/ 0.40/ 1.26/ 0.67 | fold DD 21/30/34/22%
Gen 9411 | fit 149.890 | fold Calmar 597.22/ 0.40/ 1.26/ 0.67 | fold DD 21/30/34/22%
Gen 9416 | fit 149.890 | fold Calmar 597.22/ 0.40/ 1.26/ 0.67 | fold DD 21/30/34/22%
Gen 9421 | fit 149.890 | fold Calmar 597.22/ 0.40/ 1.26/ 0.67 | fold DD 21/30/34/22%
Gen 9426 | fit 149.890 | fold Calmar 597.22/ 0.40/ 1.26/ 0.67 | fold DD 21/30/34/22%
Gen 9431 | fit 149.890 | fold Calmar 597.22/ 0.40/ 1.26/ 0.67 | fold DD 21/30/34/22%
Gen 9436 | fit 149.890 | fold Calmar 597.22/ 0.40/ 1.26/ 0.67 | fold DD 21/30/34/22%
Gen 9441 | fit 149.890 | fold Calmar 597.22/ 0.40/ 1.26/ 0.67 | fold DD 21/30/34/22%
Gen 9446 | fit 149.890 | fold Calmar 597.22/ 0.40/ 1.26/ 0.67 | fold DD 21/30/34/22%
Gen 9451 | fit 149.890 | fold Calmar 597.22/ 0.40/ 1.26/ 0.67 | fold DD 21/30/34/22%
Gen 9456 | fit 149.890 | fold Calmar 597.22/ 0.40/ 1.26/ 0.67 | fold DD 21/30/34/22%
Gen 9461 | fit 149.890 | fold Calmar 597.22/ 0.40/ 1.26/ 0.67 | fold DD 21/30/34/22%
Gen 9466 | fit 149.890 | fold Calmar 597.22/ 0.40/ 1.26/ 0.67 | fold DD 21/30/34/22%
Gen 9471 | fit 149.890 | fold Calmar 597.22/ 0.40/ 1.26/ 0.67 | fold DD 21/30/34/22%
Gen 9476 | fit 149.890 | fold Calmar 597.22/ 0.40/ 1.26/ 0.67 | fold DD 21/30/34/22%
Gen 9481 | fit 149.890 | fold Calmar 597.22/ 0.40/ 1.26/ 0.67 | fold DD 21/30/34/22%
Gen 9486 | fit 149.890 | fold Calmar 597.22/ 0.40/ 1.26/ 0.67 | fold DD 21/30/34/22%
Gen 9491 | fit 149.890 | fold Calmar 597.22/ 0.40/ 1.26/ 0.67 | fold DD 21/30/34/22%
Gen 9496 | fit 149.890 | fold Calmar 597.22/ 0.40/ 1.26/ 0.67 | fold DD 21/30/34/22%
Gen 9501 | fit 149.890 | fold Calmar 597.22/ 0.40/ 1.26/ 0.67 | fold DD 21/30/34/22%
Gen 9506 | fit 149.890 | fold Calmar 597.22/ 0.40/ 1.26/ 0.67 | fold DD 21/30/34/22%
Gen 9511 | fit 149.890 | fold Calmar 597.22/ 0.40/ 1.26/ 0.67 | fold DD 21/30/34/22%
Gen 9516 | fit 149.890 | fold Calmar 597.22/ 0.40/ 1.26/ 0.67 | fold DD 21/30/34/22%
Gen 9521 | fit 149.890 | fold Calmar 597.22/ 0.40/ 1.26/ 0.67 | fold DD 21/30/34/22%
Gen 9526 | fit 149.890 | fold Calmar 597.22/ 0.40/ 1.26/ 0.67 | fold DD 21/30/34/22%
Gen 9531 | fit 149.890 | fold Calmar 597.22/ 0.40/ 1.26/ 0.67 | fold DD 21/30/34/22%
Gen 9536 | fit 149.890 | fold Calmar 597.22/ 0.40/ 1.26/ 0.67 | fold DD 21/30/34/22%
Gen 9541 | fit 149.890 | fold Calmar 597.22/ 0.40/ 1.26/ 0.67 | fold DD 21/30/34/22%
Gen 9546 | fit 149.890 | fold Calmar 597.22/ 0.40/ 1.26/ 0.67 | fold DD 21/30/34/22%
Gen 9551 | fit 149.890 | fold Calmar 597.22/ 0.40/ 1.26/ 0.67 | fold DD 21/30/34/22%
Gen 9556 | fit 149.890 | fold Calmar 597.22/ 0.40/ 1.26/ 0.67 | fold DD 21/30/34/22%
Gen 9561 | fit 149.890 | fold Calmar 597.22/ 0.40/ 1.26/ 0.67 | fold DD 21/30/34/22%
Gen 9566 | fit 149.890 | fold Calmar 597.22/ 0.40/ 1.26/ 0.67 | fold DD 21/30/34/22%
Gen 9571 | fit 149.890 | fold Calmar 597.22/ 0.40/ 1.26/ 0.67 | fold DD 21/30/34/22%
Gen 9576 | fit 149.890 | fold Calmar 597.22/ 0.40/ 1.26/ 0.67 | fold DD 21/30/34/22%
Gen 9581 | fit 149.890 | fold Calmar 597.22/ 0.40/ 1.26/ 0.67 | fold DD 21/30/34/22%
Gen 9586 | fit 149.890 | fold Calmar 597.22/ 0.40/ 1.26/ 0.67 | fold DD 21/30/34/22%
Gen 9591 | fit 149.890 | fold Calmar 597.22/ 0.40/ 1.26/ 0.67 | fold DD 21/30/34/22%
Gen 9596 | fit 149.890 | fold Calmar 597.22/ 0.40/ 1.26/ 0.67 | fold DD 21/30/34/22%
Gen 9601 | fit 149.890 | fold Calmar 597.22/ 0.40/ 1.26/ 0.67 | fold DD 21/30/34/22%
Gen 9606 | fit 149.890 | fold Calmar 597.22/ 0.40/ 1.26/ 0.67 | fold DD 21/30/34/22%
Gen 9611 | fit 149.890 | fold Calmar 597.22/ 0.40/ 1.26/ 0.67 | fold DD 21/30/34/22%
Gen 9616 | fit 149.890 | fold Calmar 597.22/ 0.40/ 1.26/ 0.67 | fold DD 21/30/34/22%
Gen 9621 | fit 149.890 | fold Calmar 597.22/ 0.40/ 1.26/ 0.67 | fold DD 21/30/34/22%
Gen 9626 | fit 149.890 | fold Calmar 597.22/ 0.40/ 1.26/ 0.67 | fold DD 21/30/34/22%
Gen 9631 | fit 149.890 | fold Calmar 597.22/ 0.40/ 1.26/ 0.67 | fold DD 21/30/34/22%
Gen 9636 | fit 149.890 | fold Calmar 597.22/ 0.40/ 1.26/ 0.67 | fold DD 21/30/34/22%
Gen 9641 | fit 149.890 | fold Calmar 597.22/ 0.40/ 1.26/ 0.67 | fold DD 21/30/34/22%
Gen 9646 | fit 149.890 | fold Calmar 597.22/ 0.40/ 1.26/ 0.67 | fold DD 21/30/34/22%
Gen 9651 | fit 149.890 | fold Calmar 597.22/ 0.40/ 1.26/ 0.67 | fold DD 21/30/34/22%
Gen 9656 | fit 149.890 | fold Calmar 597.22/ 0.40/ 1.26/ 0.67 | fold DD 21/30/34/22%
Gen 9661 | fit 149.890 | fold Calmar 597.22/ 0.40/ 1.26/ 0.67 | fold DD 21/30/34/22%
Gen 9666 | fit 149.890 | fold Calmar 597.22/ 0.40/ 1.26/ 0.67 | fold DD 21/30/34/22%
Gen 9671 | fit 149.890 | fold Calmar 597.22/ 0.40/ 1.26/ 0.67 | fold DD 21/30/34/22%
Gen 9676 | fit 149.890 | fold Calmar 597.22/ 0.40/ 1.26/ 0.67 | fold DD 21/30/34/22%
Gen 9681 | fit 149.890 | fold Calmar 597.22/ 0.40/ 1.26/ 0.67 | fold DD 21/30/34/22%
Gen 9686 | fit 149.890 | fold Calmar 597.22/ 0.40/ 1.26/ 0.67 | fold DD 21/30/34/22%
Gen 9691 | fit 149.890 | fold Calmar 597.22/ 0.40/ 1.26/ 0.67 | fold DD 21/30/34/22%
Gen 9696 | fit 149.890 | fold Calmar 597.22/ 0.40/ 1.26/ 0.67 | fold DD 21/30/34/22%
Gen 9701 | fit 149.890 | fold Calmar 597.22/ 0.40/ 1.26/ 0.67 | fold DD 21/30/34/22%
Gen 9706 | fit 149.890 | fold Calmar 597.22/ 0.40/ 1.26/ 0.67 | fold DD 21/30/34/22%
Gen 9711 | fit 149.890 | fold Calmar 597.22/ 0.40/ 1.26/ 0.67 | fold DD 21/30/34/22%
Gen 9716 | fit 149.890 | fold Calmar 597.22/ 0.40/ 1.26/ 0.67 | fold DD 21/30/34/22%
Gen 9721 | fit 149.890 | fold Calmar 597.22/ 0.40/ 1.26/ 0.67 | fold DD 21/30/34/22%
Gen 9726 | fit 149.890 | fold Calmar 597.22/ 0.40/ 1.26/ 0.67 | fold DD 21/30/34/22%
Gen 9731 | fit 149.890 | fold Calmar 597.22/ 0.40/ 1.26/ 0.67 | fold DD 21/30/34/22%
Gen 9736 | fit 149.890 | fold Calmar 597.22/ 0.40/ 1.26/ 0.67 | fold DD 21/30/34/22%
Gen 9741 | fit 149.890 | fold Calmar 597.22/ 0.40/ 1.26/ 0.67 | fold DD 21/30/34/22%
Gen 9746 | fit 149.890 | fold Calmar 597.22/ 0.40/ 1.26/ 0.67 | fold DD 21/30/34/22%
Gen 9751 | fit 149.890 | fold Calmar 597.22/ 0.40/ 1.26/ 0.67 | fold DD 21/30/34/22%
Gen 9756 | fit 149.890 | fold Calmar 597.22/ 0.40/ 1.26/ 0.67 | fold DD 21/30/34/22%
Gen 9761 | fit 149.890 | fold Calmar 597.22/ 0.40/ 1.26/ 0.67 | fold DD 21/30/34/22%
Gen 9766 | fit 149.890 | fold Calmar 597.22/ 0.40/ 1.26/ 0.67 | fold DD 21/30/34/22%
Gen 9771 | fit 149.890 | fold Calmar 597.22/ 0.40/ 1.26/ 0.67 | fold DD 21/30/34/22%
Gen 9776 | fit 149.890 | fold Calmar 597.22/ 0.40/ 1.26/ 0.67 | fold DD 21/30/34/22%
Gen 9781 | fit 149.890 | fold Calmar 597.22/ 0.40/ 1.26/ 0.67 | fold DD 21/30/34/22%
Gen 9786 | fit 149.890 | fold Calmar 597.22/ 0.40/ 1.26/ 0.67 | fold DD 21/30/34/22%
Gen 9791 | fit 149.890 | fold Calmar 597.22/ 0.40/ 1.26/ 0.67 | fold DD 21/30/34/22%
Gen 9796 | fit 149.890 | fold Calmar 597.22/ 0.40/ 1.26/ 0.67 | fold DD 21/30/34/22%
Gen 9801 | fit 149.890 | fold Calmar 597.22/ 0.40/ 1.26/ 0.67 | fold DD 21/30/34/22%
Gen 9806 | fit 149.890 | fold Calmar 597.22/ 0.40/ 1.26/ 0.67 | fold DD 21/30/34/22%
Gen 9811 | fit 149.890 | fold Calmar 597.22/ 0.40/ 1.26/ 0.67 | fold DD 21/30/34/22%
Gen 9816 | fit 149.890 | fold Calmar 597.22/ 0.40/ 1.26/ 0.67 | fold DD 21/30/34/22%
Gen 9821 | fit 149.890 | fold Calmar 597.22/ 0.40/ 1.26/ 0.67 | fold DD 21/30/34/22%
Gen 9826 | fit 149.890 | fold Calmar 597.22/ 0.40/ 1.26/ 0.67 | fold DD 21/30/34/22%
Gen 9831 | fit 149.890 | fold Calmar 597.22/ 0.40/ 1.26/ 0.67 | fold DD 21/30/34/22%
Gen 9836 | fit 149.890 | fold Calmar 597.22/ 0.40/ 1.26/ 0.67 | fold DD 21/30/34/22%
Gen 9841 | fit 149.890 | fold Calmar 597.22/ 0.40/ 1.26/ 0.67 | fold DD 21/30/34/22%
Gen 9846 | fit 149.890 | fold Calmar 597.22/ 0.40/ 1.26/ 0.67 | fold DD 21/30/34/22%
Gen 9851 | fit 149.890 | fold Calmar 597.22/ 0.40/ 1.26/ 0.67 | fold DD 21/30/34/22%
Gen 9856 | fit 149.890 | fold Calmar 597.22/ 0.40/ 1.26/ 0.67 | fold DD 21/30/34/22%
Gen 9861 | fit 149.890 | fold Calmar 597.22/ 0.40/ 1.26/ 0.67 | fold DD 21/30/34/22%
Gen 9866 | fit 149.890 | fold Calmar 597.22/ 0.40/ 1.26/ 0.67 | fold DD 21/30/34/22%
Gen 9871 | fit 149.890 | fold Calmar 597.22/ 0.40/ 1.26/ 0.67 | fold DD 21/30/34/22%
Gen 9876 | fit 149.890 | fold Calmar 597.22/ 0.40/ 1.26/ 0.67 | fold DD 21/30/34/22%
Gen 9881 | fit 149.890 | fold Calmar 597.22/ 0.40/ 1.26/ 0.67 | fold DD 21/30/34/22%
Gen 9886 | fit 149.890 | fold Calmar 597.22/ 0.40/ 1.26/ 0.67 | fold DD 21/30/34/22%
Gen 9891 | fit 149.890 | fold Calmar 597.22/ 0.40/ 1.26/ 0.67 | fold DD 21/30/34/22%
Gen 9896 | fit 149.890 | fold Calmar 597.22/ 0.40/ 1.26/ 0.67 | fold DD 21/30/34/22%
Gen 9901 | fit 149.890 | fold Calmar 597.22/ 0.40/ 1.26/ 0.67 | fold DD 21/30/34/22%
Gen 9906 | fit 149.890 | fold Calmar 597.22/ 0.40/ 1.26/ 0.67 | fold DD 21/30/34/22%
Gen 9911 | fit 149.890 | fold Calmar 597.22/ 0.40/ 1.26/ 0.67 | fold DD 21/30/34/22%
Gen 9916 | fit 149.890 | fold Calmar 597.22/ 0.40/ 1.26/ 0.67 | fold DD 21/30/34/22%
Gen 9921 | fit 149.890 | fold Calmar 597.22/ 0.40/ 1.26/ 0.67 | fold DD 21/30/34/22%
Gen 9926 | fit 149.890 | fold Calmar 597.22/ 0.40/ 1.26/ 0.67 | fold DD 21/30/34/22%
Gen 9931 | fit 149.890 | fold Calmar 597.22/ 0.40/ 1.26/ 0.67 | fold DD 21/30/34/22%
Gen 9936 | fit 149.890 | fold Calmar 597.22/ 0.40/ 1.26/ 0.67 | fold DD 21/30/34/22%
Gen 9941 | fit 149.890 | fold Calmar 597.22/ 0.40/ 1.26/ 0.67 | fold DD 21/30/34/22%
Gen 9946 | fit 149.890 | fold Calmar 597.22/ 0.40/ 1.26/ 0.67 | fold DD 21/30/34/22%
Gen 9951 | fit 149.890 | fold Calmar 597.22/ 0.40/ 1.26/ 0.67 | fold DD 21/30/34/22%
Gen 9956 | fit 149.890 | fold Calmar 597.22/ 0.40/ 1.26/ 0.67 | fold DD 21/30/34/22%
Gen 9961 | fit 149.890 | fold Calmar 597.22/ 0.40/ 1.26/ 0.67 | fold DD 21/30/34/22%
Gen 9966 | fit 149.890 | fold Calmar 597.22/ 0.40/ 1.26/ 0.67 | fold DD 21/30/34/22%
Gen 9971 | fit 149.890 | fold Calmar 597.22/ 0.40/ 1.26/ 0.67 | fold DD 21/30/34/22%
Gen 9976 | fit 149.890 | fold Calmar 597.22/ 0.40/ 1.26/ 0.67 | fold DD 21/30/34/22%
Gen 9981 | fit 149.890 | fold Calmar 597.22/ 0.40/ 1.26/ 0.67 | fold DD 21/30/34/22%
Gen 9986 | fit 149.890 | fold Calmar 597.22/ 0.40/ 1.26/ 0.67 | fold DD 21/30/34/22%
Gen 9991 | fit 149.890 | fold Calmar 597.22/ 0.40/ 1.26/ 0.67 | fold DD 21/30/34/22%
Gen 9996 | fit 149.890 | fold Calmar 597.22/ 0.40/ 1.26/ 0.67 | fold DD 21/30/34/22%
Gen 10001 | fit 149.890 | fold Calmar 597.22/ 0.40/ 1.26/ 0.67 | fold DD 21/30/34/22%
Gen 10006 | fit 149.890 | fold Calmar 597.22/ 0.40/ 1.26/ 0.67 | fold DD 21/30/34/22%
Gen 10011 | fit 149.890 | fold Calmar 597.22/ 0.40/ 1.26/ 0.67 | fold DD 21/30/34/22%
Gen 10016 | fit 149.890 | fold Calmar 597.22/ 0.40/ 1.26/ 0.67 | fold DD 21/30/34/22%
Gen 10021 | fit 149.890 | fold Calmar 597.22/ 0.40/ 1.26/ 0.67 | fold DD 21/30/34/22%
Gen 10026 | fit 149.890 | fold Calmar 597.22/ 0.40/ 1.26/ 0.67 | fold DD 21/30/34/22%
Gen 10031 | fit 149.890 | fold Calmar 597.22/ 0.40/ 1.26/ 0.67 | fold DD 21/30/34/22%
Gen 10036 | fit 149.890 | fold Calmar 597.22/ 0.40/ 1.26/ 0.67 | fold DD 21/30/34/22%
Gen 10041 | fit 149.890 | fold Calmar 597.22/ 0.40/ 1.26/ 0.67 | fold DD 21/30/34/22%
Gen 10046 | fit 149.890 | fold Calmar 597.22/ 0.40/ 1.26/ 0.67 | fold DD 21/30/34/22%
Gen 10051 | fit 149.890 | fold Calmar 597.22/ 0.40/ 1.26/ 0.67 | fold DD 21/30/34/22%
Gen 10056 | fit 149.890 | fold Calmar 597.22/ 0.40/ 1.26/ 0.67 | fold DD 21/30/34/22%
Gen 10061 | fit 149.890 | fold Calmar 597.22/ 0.40/ 1.26/ 0.67 | fold DD 21/30/34/22%
Gen 10066 | fit 149.890 | fold Calmar 597.22/ 0.40/ 1.26/ 0.67 | fold DD 21/30/34/22%
Gen 10071 | fit 149.890 | fold Calmar 597.22/ 0.40/ 1.26/ 0.67 | fold DD 21/30/34/22%
Gen 10076 | fit 149.890 | fold Calmar 597.22/ 0.40/ 1.26/ 0.67 | fold DD 21/30/34/22%
Gen 10081 | fit 149.890 | fold Calmar 597.22/ 0.40/ 1.26/ 0.67 | fold DD 21/30/34/22%
Gen 10086 | fit 149.890 | fold Calmar 597.22/ 0.40/ 1.26/ 0.67 | fold DD 21/30/34/22%
Gen 10091 | fit 149.890 | fold Calmar 597.22/ 0.40/ 1.26/ 0.67 | fold DD 21/30/34/22%
Gen 10096 | fit 149.890 | fold Calmar 597.22/ 0.40/ 1.26/ 0.67 | fold DD 21/30/34/22%
Gen 10101 | fit 149.890 | fold Calmar 597.22/ 0.40/ 1.26/ 0.67 | fold DD 21/30/34/22%
Gen 10106 | fit 149.890 | fold Calmar 597.22/ 0.40/ 1.26/ 0.67 | fold DD 21/30/34/22%
Gen 10111 | fit 149.890 | fold Calmar 597.22/ 0.40/ 1.26/ 0.67 | fold DD 21/30/34/22%
Gen 10116 | fit 149.890 | fold Calmar 597.22/ 0.40/ 1.26/ 0.67 | fold DD 21/30/34/22%
Gen 10121 | fit 149.890 | fold Calmar 597.22/ 0.40/ 1.26/ 0.67 | fold DD 21/30/34/22%
Gen 10126 | fit 149.890 | fold Calmar 597.22/ 0.40/ 1.26/ 0.67 | fold DD 21/30/34/22%
Gen 10131 | fit 149.890 | fold Calmar 597.22/ 0.40/ 1.26/ 0.67 | fold DD 21/30/34/22%
Gen 10136 | fit 149.890 | fold Calmar 597.22/ 0.40/ 1.26/ 0.67 | fold DD 21/30/34/22%
Gen 10141 | fit 149.890 | fold Calmar 597.22/ 0.40/ 1.26/ 0.67 | fold DD 21/30/34/22%
Gen 10146 | fit 149.890 | fold Calmar 597.22/ 0.40/ 1.26/ 0.67 | fold DD 21/30/34/22%
Gen 10151 | fit 149.890 | fold Calmar 597.22/ 0.40/ 1.26/ 0.67 | fold DD 21/30/34/22%
Gen 10156 | fit 149.890 | fold Calmar 597.22/ 0.40/ 1.26/ 0.67 | fold DD 21/30/34/22%
Gen 10161 | fit 149.890 | fold Calmar 597.22/ 0.40/ 1.26/ 0.67 | fold DD 21/30/34/22%
Gen 10166 | fit 149.890 | fold Calmar 597.22/ 0.40/ 1.26/ 0.67 | fold DD 21/30/34/22%
Gen 10171 | fit 149.890 | fold Calmar 597.22/ 0.40/ 1.26/ 0.67 | fold DD 21/30/34/22%
Gen 10176 | fit 149.890 | fold Calmar 597.22/ 0.40/ 1.26/ 0.67 | fold DD 21/30/34/22%
Gen 10181 | fit 149.890 | fold Calmar 597.22/ 0.40/ 1.26/ 0.67 | fold DD 21/30/34/22%
Gen 10186 | fit 149.890 | fold Calmar 597.22/ 0.40/ 1.26/ 0.67 | fold DD 21/30/34/22%
Gen 10191 | fit 149.890 | fold Calmar 597.22/ 0.40/ 1.26/ 0.67 | fold DD 21/30/34/22%
Gen 10196 | fit 149.890 | fold Calmar 597.22/ 0.40/ 1.26/ 0.67 | fold DD 21/30/34/22%
Gen 10201 | fit 149.890 | fold Calmar 597.22/ 0.40/ 1.26/ 0.67 | fold DD 21/30/34/22%
Gen 10206 | fit 149.890 | fold Calmar 597.22/ 0.40/ 1.26/ 0.67 | fold DD 21/30/34/22%
Gen 10211 | fit 149.890 | fold Calmar 597.22/ 0.40/ 1.26/ 0.67 | fold DD 21/30/34/22%
Gen 10216 | fit 149.890 | fold Calmar 597.22/ 0.40/ 1.26/ 0.67 | fold DD 21/30/34/22%
Gen 10221 | fit 149.890 | fold Calmar 597.22/ 0.40/ 1.26/ 0.67 | fold DD 21/30/34/22%
Gen 10226 | fit 149.890 | fold Calmar 597.22/ 0.40/ 1.26/ 0.67 | fold DD 21/30/34/22%
Gen 10231 | fit 149.890 | fold Calmar 597.22/ 0.40/ 1.26/ 0.67 | fold DD 21/30/34/22%
Gen 10236 | fit 149.890 | fold Calmar 597.22/ 0.40/ 1.26/ 0.67 | fold DD 21/30/34/22%
Gen 10241 | fit 149.890 | fold Calmar 597.22/ 0.40/ 1.26/ 0.67 | fold DD 21/30/34/22%
Gen 10246 | fit 149.890 | fold Calmar 597.22/ 0.40/ 1.26/ 0.67 | fold DD 21/30/34/22%
Gen 10251 | fit 149.890 | fold Calmar 597.22/ 0.40/ 1.26/ 0.67 | fold DD 21/30/34/22%
Gen 10256 | fit 149.890 | fold Calmar 597.22/ 0.40/ 1.26/ 0.67 | fold DD 21/30/34/22%
Gen 10261 | fit 149.890 | fold Calmar 597.22/ 0.40/ 1.26/ 0.67 | fold DD 21/30/34/22%
Gen 10266 | fit 149.890 | fold Calmar 597.22/ 0.40/ 1.26/ 0.67 | fold DD 21/30/34/22%
Gen 10271 | fit 149.890 | fold Calmar 597.22/ 0.40/ 1.26/ 0.67 | fold DD 21/30/34/22%
Gen 10276 | fit 149.890 | fold Calmar 597.22/ 0.40/ 1.26/ 0.67 | fold DD 21/30/34/22%
Gen 10281 | fit 149.890 | fold Calmar 597.22/ 0.40/ 1.26/ 0.67 | fold DD 21/30/34/22%
Gen 10286 | fit 149.890 | fold Calmar 597.22/ 0.40/ 1.26/ 0.67 | fold DD 21/30/34/22%
Gen 10291 | fit 149.890 | fold Calmar 597.22/ 0.40/ 1.26/ 0.67 | fold DD 21/30/34/22%
Gen 10296 | fit 149.890 | fold Calmar 597.22/ 0.40/ 1.26/ 0.67 | fold DD 21/30/34/22%
Gen 10301 | fit 149.890 | fold Calmar 597.22/ 0.40/ 1.26/ 0.67 | fold DD 21/30/34/22%
Gen 10306 | fit 149.890 | fold Calmar 597.22/ 0.40/ 1.26/ 0.67 | fold DD 21/30/34/22%
Gen 10311 | fit 149.890 | fold Calmar 597.22/ 0.40/ 1.26/ 0.67 | fold DD 21/30/34/22%
Gen 10316 | fit 149.890 | fold Calmar 597.22/ 0.40/ 1.26/ 0.67 | fold DD 21/30/34/22%
Gen 10321 | fit 149.890 | fold Calmar 597.22/ 0.40/ 1.26/ 0.67 | fold DD 21/30/34/22%
Gen 10326 | fit 149.890 | fold Calmar 597.22/ 0.40/ 1.26/ 0.67 | fold DD 21/30/34/22%
Gen 10331 | fit 149.890 | fold Calmar 597.22/ 0.40/ 1.26/ 0.67 | fold DD 21/30/34/22%
Gen 10336 | fit 149.890 | fold Calmar 597.22/ 0.40/ 1.26/ 0.67 | fold DD 21/30/34/22%
Gen 10341 | fit 149.890 | fold Calmar 597.22/ 0.40/ 1.26/ 0.67 | fold DD 21/30/34/22%
Gen 10346 | fit 149.890 | fold Calmar 597.22/ 0.40/ 1.26/ 0.67 | fold DD 21/30/34/22%
Gen 10351 | fit 149.890 | fold Calmar 597.22/ 0.40/ 1.26/ 0.67 | fold DD 21/30/34/22%
Gen 10356 | fit 149.890 | fold Calmar 597.22/ 0.40/ 1.26/ 0.67 | fold DD 21/30/34/22%
Gen 10361 | fit 149.890 | fold Calmar 597.22/ 0.40/ 1.26/ 0.67 | fold DD 21/30/34/22%
Gen 10366 | fit 149.890 | fold Calmar 597.22/ 0.40/ 1.26/ 0.67 | fold DD 21/30/34/22%
Gen 10371 | fit 149.890 | fold Calmar 597.22/ 0.40/ 1.26/ 0.67 | fold DD 21/30/34/22%
Gen 10376 | fit 149.890 | fold Calmar 597.22/ 0.40/ 1.26/ 0.67 | fold DD 21/30/34/22%
Gen 10381 | fit 149.890 | fold Calmar 597.22/ 0.40/ 1.26/ 0.67 | fold DD 21/30/34/22%
Gen 10386 | fit 149.890 | fold Calmar 597.22/ 0.40/ 1.26/ 0.67 | fold DD 21/30/34/22%
Gen 10391 | fit 149.890 | fold Calmar 597.22/ 0.40/ 1.26/ 0.67 | fold DD 21/30/34/22%
Gen 10396 | fit 149.890 | fold Calmar 597.22/ 0.40/ 1.26/ 0.67 | fold DD 21/30/34/22%
Gen 10401 | fit 149.890 | fold Calmar 597.22/ 0.40/ 1.26/ 0.67 | fold DD 21/30/34/22%
Gen 10406 | fit 149.890 | fold Calmar 597.22/ 0.40/ 1.26/ 0.67 | fold DD 21/30/34/22%
Gen 10411 | fit 149.890 | fold Calmar 597.22/ 0.40/ 1.26/ 0.67 | fold DD 21/30/34/22%
Gen 10416 | fit 149.890 | fold Calmar 597.22/ 0.40/ 1.26/ 0.67 | fold DD 21/30/34/22%
Gen 10421 | fit 149.890 | fold Calmar 597.22/ 0.40/ 1.26/ 0.67 | fold DD 21/30/34/22%
Gen 10426 | fit 149.890 | fold Calmar 597.22/ 0.40/ 1.26/ 0.67 | fold DD 21/30/34/22%
Gen 10431 | fit 149.890 | fold Calmar 597.22/ 0.40/ 1.26/ 0.67 | fold DD 21/30/34/22%
Gen 10436 | fit 149.890 | fold Calmar 597.22/ 0.40/ 1.26/ 0.67 | fold DD 21/30/34/22%
Gen 10441 | fit 149.890 | fold Calmar 597.22/ 0.40/ 1.26/ 0.67 | fold DD 21/30/34/22%
Gen 10446 | fit 149.890 | fold Calmar 597.22/ 0.40/ 1.26/ 0.67 | fold DD 21/30/34/22%
Gen 10451 | fit 149.890 | fold Calmar 597.22/ 0.40/ 1.26/ 0.67 | fold DD 21/30/34/22%
Gen 10456 | fit 149.890 | fold Calmar 597.22/ 0.40/ 1.26/ 0.67 | fold DD 21/30/34/22%
Gen 10461 | fit 149.890 | fold Calmar 597.22/ 0.40/ 1.26/ 0.67 | fold DD 21/30/34/22%
Gen 10466 | fit 149.890 | fold Calmar 597.22/ 0.40/ 1.26/ 0.67 | fold DD 21/30/34/22%
Gen 10471 | fit 149.890 | fold Calmar 597.22/ 0.40/ 1.26/ 0.67 | fold DD 21/30/34/22%
Gen 10476 | fit 149.890 | fold Calmar 597.22/ 0.40/ 1.26/ 0.67 | fold DD 21/30/34/22%
Gen 10481 | fit 149.890 | fold Calmar 597.22/ 0.40/ 1.26/ 0.67 | fold DD 21/30/34/22%
Gen 10486 | fit 149.890 | fold Calmar 597.22/ 0.40/ 1.26/ 0.67 | fold DD 21/30/34/22%
Gen 10491 | fit 149.890 | fold Calmar 597.22/ 0.40/ 1.26/ 0.67 | fold DD 21/30/34/22%
Gen 10496 | fit 149.890 | fold Calmar 597.22/ 0.40/ 1.26/ 0.67 | fold DD 21/30/34/22%
Gen 10501 | fit 149.890 | fold Calmar 597.22/ 0.40/ 1.26/ 0.67 | fold DD 21/30/34/22%
Gen 10506 | fit 149.890 | fold Calmar 597.22/ 0.40/ 1.26/ 0.67 | fold DD 21/30/34/22%
Gen 10511 | fit 149.890 | fold Calmar 597.22/ 0.40/ 1.26/ 0.67 | fold DD 21/30/34/22%
Gen 10516 | fit 149.890 | fold Calmar 597.22/ 0.40/ 1.26/ 0.67 | fold DD 21/30/34/22%
Gen 10521 | fit 149.890 | fold Calmar 597.22/ 0.40/ 1.26/ 0.67 | fold DD 21/30/34/22%
Gen 10526 | fit 149.890 | fold Calmar 597.22/ 0.40/ 1.26/ 0.67 | fold DD 21/30/34/22%
Gen 10531 | fit 149.890 | fold Calmar 597.22/ 0.40/ 1.26/ 0.67 | fold DD 21/30/34/22%
Gen 10536 | fit 149.890 | fold Calmar 597.22/ 0.40/ 1.26/ 0.67 | fold DD 21/30/34/22%
Gen 10541 | fit 149.890 | fold Calmar 597.22/ 0.40/ 1.26/ 0.67 | fold DD 21/30/34/22%
Gen 10546 | fit 149.890 | fold Calmar 597.22/ 0.40/ 1.26/ 0.67 | fold DD 21/30/34/22%
Gen 10551 | fit 149.890 | fold Calmar 597.22/ 0.40/ 1.26/ 0.67 | fold DD 21/30/34/22%
Gen 10556 | fit 149.890 | fold Calmar 597.22/ 0.40/ 1.26/ 0.67 | fold DD 21/30/34/22%
Gen 10561 | fit 149.890 | fold Calmar 597.22/ 0.40/ 1.26/ 0.67 | fold DD 21/30/34/22%
Gen 10566 | fit 149.890 | fold Calmar 597.22/ 0.40/ 1.26/ 0.67 | fold DD 21/30/34/22%
Gen 10571 | fit 149.890 | fold Calmar 597.22/ 0.40/ 1.26/ 0.67 | fold DD 21/30/34/22%
Gen 10576 | fit 149.890 | fold Calmar 597.22/ 0.40/ 1.26/ 0.67 | fold DD 21/30/34/22%
Gen 10581 | fit 149.890 | fold Calmar 597.22/ 0.40/ 1.26/ 0.67 | fold DD 21/30/34/22%
Gen 10586 | fit 149.890 | fold Calmar 597.22/ 0.40/ 1.26/ 0.67 | fold DD 21/30/34/22%
Gen 10591 | fit 149.890 | fold Calmar 597.22/ 0.40/ 1.26/ 0.67 | fold DD 21/30/34/22%
Gen 10596 | fit 149.890 | fold Calmar 597.22/ 0.40/ 1.26/ 0.67 | fold DD 21/30/34/22%
Gen 10601 | fit 149.890 | fold Calmar 597.22/ 0.40/ 1.26/ 0.67 | fold DD 21/30/34/22%
Gen 10606 | fit 149.890 | fold Calmar 597.22/ 0.40/ 1.26/ 0.67 | fold DD 21/30/34/22%
Gen 10611 | fit 149.890 | fold Calmar 597.22/ 0.40/ 1.26/ 0.67 | fold DD 21/30/34/22%
Gen 10616 | fit 149.890 | fold Calmar 597.22/ 0.40/ 1.26/ 0.67 | fold DD 21/30/34/22%
Gen 10621 | fit 149.890 | fold Calmar 597.22/ 0.40/ 1.26/ 0.67 | fold DD 21/30/34/22%
Gen 10626 | fit 149.890 | fold Calmar 597.22/ 0.40/ 1.26/ 0.67 | fold DD 21/30/34/22%
Gen 10631 | fit 149.890 | fold Calmar 597.22/ 0.40/ 1.26/ 0.67 | fold DD 21/30/34/22%
Gen 10636 | fit 149.890 | fold Calmar 597.22/ 0.40/ 1.26/ 0.67 | fold DD 21/30/34/22%
Gen 10641 | fit 149.890 | fold Calmar 597.22/ 0.40/ 1.26/ 0.67 | fold DD 21/30/34/22%
Gen 10646 | fit 149.890 | fold Calmar 597.22/ 0.40/ 1.26/ 0.67 | fold DD 21/30/34/22%
Gen 10651 | fit 149.890 | fold Calmar 597.22/ 0.40/ 1.26/ 0.67 | fold DD 21/30/34/22%
Gen 10656 | fit 149.890 | fold Calmar 597.22/ 0.40/ 1.26/ 0.67 | fold DD 21/30/34/22%
Gen 10661 | fit 149.890 | fold Calmar 597.22/ 0.40/ 1.26/ 0.67 | fold DD 21/30/34/22%
Gen 10666 | fit 149.890 | fold Calmar 597.22/ 0.40/ 1.26/ 0.67 | fold DD 21/30/34/22%
Gen 10671 | fit 149.890 | fold Calmar 597.22/ 0.40/ 1.26/ 0.67 | fold DD 21/30/34/22%
Gen 10676 | fit 149.890 | fold Calmar 597.22/ 0.40/ 1.26/ 0.67 | fold DD 21/30/34/22%
Gen 10681 | fit 149.890 | fold Calmar 597.22/ 0.40/ 1.26/ 0.67 | fold DD 21/30/34/22%
Gen 10686 | fit 149.890 | fold Calmar 597.22/ 0.40/ 1.26/ 0.67 | fold DD 21/30/34/22%
Gen 10691 | fit 149.890 | fold Calmar 597.22/ 0.40/ 1.26/ 0.67 | fold DD 21/30/34/22%
Gen 10696 | fit 149.890 | fold Calmar 597.22/ 0.40/ 1.26/ 0.67 | fold DD 21/30/34/22%
Gen 10701 | fit 149.890 | fold Calmar 597.22/ 0.40/ 1.26/ 0.67 | fold DD 21/30/34/22%
Gen 10706 | fit 149.890 | fold Calmar 597.22/ 0.40/ 1.26/ 0.67 | fold DD 21/30/34/22%
Gen 10711 | fit 149.890 | fold Calmar 597.22/ 0.40/ 1.26/ 0.67 | fold DD 21/30/34/22%
Gen 10716 | fit 149.890 | fold Calmar 597.22/ 0.40/ 1.26/ 0.67 | fold DD 21/30/34/22%
Gen 10721 | fit 149.890 | fold Calmar 597.22/ 0.40/ 1.26/ 0.67 | fold DD 21/30/34/22%
Gen 10726 | fit 149.890 | fold Calmar 597.22/ 0.40/ 1.26/ 0.67 | fold DD 21/30/34/22%
Gen 10731 | fit 149.890 | fold Calmar 597.22/ 0.40/ 1.26/ 0.67 | fold DD 21/30/34/22%
Gen 10736 | fit 149.890 | fold Calmar 597.22/ 0.40/ 1.26/ 0.67 | fold DD 21/30/34/22%
Gen 10741 | fit 149.890 | fold Calmar 597.22/ 0.40/ 1.26/ 0.67 | fold DD 21/30/34/22%
Gen 10746 | fit 149.890 | fold Calmar 597.22/ 0.40/ 1.26/ 0.67 | fold DD 21/30/34/22%
Gen 10751 | fit 149.890 | fold Calmar 597.22/ 0.40/ 1.26/ 0.67 | fold DD 21/30/34/22%
Gen 10756 | fit 149.890 | fold Calmar 597.22/ 0.40/ 1.26/ 0.67 | fold DD 21/30/34/22%
Gen 10761 | fit 149.890 | fold Calmar 597.22/ 0.40/ 1.26/ 0.67 | fold DD 21/30/34/22%
Gen 10766 | fit 149.890 | fold Calmar 597.22/ 0.40/ 1.26/ 0.67 | fold DD 21/30/34/22%
Gen 10771 | fit 149.890 | fold Calmar 597.22/ 0.40/ 1.26/ 0.67 | fold DD 21/30/34/22%
Gen 10776 | fit 149.890 | fold Calmar 597.22/ 0.40/ 1.26/ 0.67 | fold DD 21/30/34/22%
Gen 10781 | fit 149.890 | fold Calmar 597.22/ 0.40/ 1.26/ 0.67 | fold DD 21/30/34/22%
Gen 10786 | fit 149.890 | fold Calmar 597.22/ 0.40/ 1.26/ 0.67 | fold DD 21/30/34/22%
Gen 10791 | fit 149.890 | fold Calmar 597.22/ 0.40/ 1.26/ 0.67 | fold DD 21/30/34/22%
Gen 10796 | fit 149.890 | fold Calmar 597.22/ 0.40/ 1.26/ 0.67 | fold DD 21/30/34/22%
Gen 10801 | fit 149.890 | fold Calmar 597.22/ 0.40/ 1.26/ 0.67 | fold DD 21/30/34/22%
Gen 10806 | fit 149.890 | fold Calmar 597.22/ 0.40/ 1.26/ 0.67 | fold DD 21/30/34/22%
Gen 10811 | fit 149.890 | fold Calmar 597.22/ 0.40/ 1.26/ 0.67 | fold DD 21/30/34/22%
Gen 10816 | fit 149.890 | fold Calmar 597.22/ 0.40/ 1.26/ 0.67 | fold DD 21/30/34/22%
Gen 10821 | fit 149.890 | fold Calmar 597.22/ 0.40/ 1.26/ 0.67 | fold DD 21/30/34/22%
Gen 10826 | fit 149.890 | fold Calmar 597.22/ 0.40/ 1.26/ 0.67 | fold DD 21/30/34/22%
Gen 10831 | fit 149.890 | fold Calmar 597.22/ 0.40/ 1.26/ 0.67 | fold DD 21/30/34/22%
Gen 10836 | fit 149.890 | fold Calmar 597.22/ 0.40/ 1.26/ 0.67 | fold DD 21/30/34/22%
Gen 10841 | fit 149.890 | fold Calmar 597.22/ 0.40/ 1.26/ 0.67 | fold DD 21/30/34/22%
Gen 10846 | fit 149.890 | fold Calmar 597.22/ 0.40/ 1.26/ 0.67 | fold DD 21/30/34/22%
Gen 10851 | fit 149.890 | fold Calmar 597.22/ 0.40/ 1.26/ 0.67 | fold DD 21/30/34/22%
Gen 10856 | fit 149.890 | fold Calmar 597.22/ 0.40/ 1.26/ 0.67 | fold DD 21/30/34/22%
Gen 10861 | fit 149.890 | fold Calmar 597.22/ 0.40/ 1.26/ 0.67 | fold DD 21/30/34/22%
Gen 10866 | fit 149.890 | fold Calmar 597.22/ 0.40/ 1.26/ 0.67 | fold DD 21/30/34/22%
Gen 10871 | fit 149.890 | fold Calmar 597.22/ 0.40/ 1.26/ 0.67 | fold DD 21/30/34/22%
Gen 10876 | fit 149.890 | fold Calmar 597.22/ 0.40/ 1.26/ 0.67 | fold DD 21/30/34/22%
Gen 10881 | fit 149.890 | fold Calmar 597.22/ 0.40/ 1.26/ 0.67 | fold DD 21/30/34/22%
Gen 10886 | fit 149.890 | fold Calmar 597.22/ 0.40/ 1.26/ 0.67 | fold DD 21/30/34/22%
Gen 10891 | fit 149.890 | fold Calmar 597.22/ 0.40/ 1.26/ 0.67 | fold DD 21/30/34/22%
Gen 10896 | fit 149.890 | fold Calmar 597.22/ 0.40/ 1.26/ 0.67 | fold DD 21/30/34/22%
Gen 10901 | fit 149.890 | fold Calmar 597.22/ 0.40/ 1.26/ 0.67 | fold DD 21/30/34/22%
Gen 10906 | fit 149.890 | fold Calmar 597.22/ 0.40/ 1.26/ 0.67 | fold DD 21/30/34/22%
Gen 10911 | fit 149.890 | fold Calmar 597.22/ 0.40/ 1.26/ 0.67 | fold DD 21/30/34/22%
Gen 10916 | fit 149.890 | fold Calmar 597.22/ 0.40/ 1.26/ 0.67 | fold DD 21/30/34/22%
Gen 10921 | fit 149.890 | fold Calmar 597.22/ 0.40/ 1.26/ 0.67 | fold DD 21/30/34/22%
Gen 10926 | fit 149.890 | fold Calmar 597.22/ 0.40/ 1.26/ 0.67 | fold DD 21/30/34/22%
Gen 10931 | fit 149.890 | fold Calmar 597.22/ 0.40/ 1.26/ 0.67 | fold DD 21/30/34/22%
Gen 10936 | fit 149.890 | fold Calmar 597.22/ 0.40/ 1.26/ 0.67 | fold DD 21/30/34/22%
Gen 10941 | fit 149.890 | fold Calmar 597.22/ 0.40/ 1.26/ 0.67 | fold DD 21/30/34/22%
Gen 10946 | fit 149.890 | fold Calmar 597.22/ 0.40/ 1.26/ 0.67 | fold DD 21/30/34/22%
Gen 10951 | fit 149.890 | fold Calmar 597.22/ 0.40/ 1.26/ 0.67 | fold DD 21/30/34/22%
Gen 10956 | fit 149.890 | fold Calmar 597.22/ 0.40/ 1.26/ 0.67 | fold DD 21/30/34/22%
Gen 10961 | fit 149.890 | fold Calmar 597.22/ 0.40/ 1.26/ 0.67 | fold DD 21/30/34/22%
Gen 10966 | fit 149.890 | fold Calmar 597.22/ 0.40/ 1.26/ 0.67 | fold DD 21/30/34/22%
Gen 10971 | fit 149.890 | fold Calmar 597.22/ 0.40/ 1.26/ 0.67 | fold DD 21/30/34/22%
Gen 10976 | fit 149.890 | fold Calmar 597.22/ 0.40/ 1.26/ 0.67 | fold DD 21/30/34/22%
Gen 10981 | fit 149.890 | fold Calmar 597.22/ 0.40/ 1.26/ 0.67 | fold DD 21/30/34/22%
Gen 10986 | fit 149.890 | fold Calmar 597.22/ 0.40/ 1.26/ 0.67 | fold DD 21/30/34/22%
Gen 10991 | fit 149.890 | fold Calmar 597.22/ 0.40/ 1.26/ 0.67 | fold DD 21/30/34/22%
Gen 10996 | fit 149.890 | fold Calmar 597.22/ 0.40/ 1.26/ 0.67 | fold DD 21/30/34/22%
Gen 11001 | fit 149.890 | fold Calmar 597.22/ 0.40/ 1.26/ 0.67 | fold DD 21/30/34/22%
Gen 11006 | fit 149.890 | fold Calmar 597.22/ 0.40/ 1.26/ 0.67 | fold DD 21/30/34/22%
Gen 11011 | fit 149.890 | fold Calmar 597.22/ 0.40/ 1.26/ 0.67 | fold DD 21/30/34/22%
Gen 11016 | fit 149.890 | fold Calmar 597.22/ 0.40/ 1.26/ 0.67 | fold DD 21/30/34/22%
Gen 11021 | fit 149.890 | fold Calmar 597.22/ 0.40/ 1.26/ 0.67 | fold DD 21/30/34/22%
Gen 11026 | fit 149.890 | fold Calmar 597.22/ 0.40/ 1.26/ 0.67 | fold DD 21/30/34/22%
Gen 11031 | fit 149.890 | fold Calmar 597.22/ 0.40/ 1.26/ 0.67 | fold DD 21/30/34/22%
Gen 11036 | fit 149.890 | fold Calmar 597.22/ 0.40/ 1.26/ 0.67 | fold DD 21/30/34/22%
Gen 11041 | fit 149.890 | fold Calmar 597.22/ 0.40/ 1.26/ 0.67 | fold DD 21/30/34/22%
Gen 11046 | fit 149.890 | fold Calmar 597.22/ 0.40/ 1.26/ 0.67 | fold DD 21/30/34/22%
Gen 11051 | fit 149.890 | fold Calmar 597.22/ 0.40/ 1.26/ 0.67 | fold DD 21/30/34/22%
Gen 11056 | fit 149.890 | fold Calmar 597.22/ 0.40/ 1.26/ 0.67 | fold DD 21/30/34/22%
Gen 11061 | fit 149.890 | fold Calmar 597.22/ 0.40/ 1.26/ 0.67 | fold DD 21/30/34/22%
Gen 11066 | fit 149.890 | fold Calmar 597.22/ 0.40/ 1.26/ 0.67 | fold DD 21/30/34/22%
Gen 11071 | fit 149.890 | fold Calmar 597.22/ 0.40/ 1.26/ 0.67 | fold DD 21/30/34/22%
Gen 11076 | fit 149.890 | fold Calmar 597.22/ 0.40/ 1.26/ 0.67 | fold DD 21/30/34/22%
Gen 11081 | fit 149.890 | fold Calmar 597.22/ 0.40/ 1.26/ 0.67 | fold DD 21/30/34/22%
Gen 11086 | fit 149.890 | fold Calmar 597.22/ 0.40/ 1.26/ 0.67 | fold DD 21/30/34/22%
Gen 11091 | fit 149.890 | fold Calmar 597.22/ 0.40/ 1.26/ 0.67 | fold DD 21/30/34/22%
Gen 11096 | fit 149.890 | fold Calmar 597.22/ 0.40/ 1.26/ 0.67 | fold DD 21/30/34/22%
Gen 11101 | fit 149.890 | fold Calmar 597.22/ 0.40/ 1.26/ 0.67 | fold DD 21/30/34/22%
Gen 11106 | fit 149.890 | fold Calmar 597.22/ 0.40/ 1.26/ 0.67 | fold DD 21/30/34/22%
Gen 11111 | fit 149.890 | fold Calmar 597.22/ 0.40/ 1.26/ 0.67 | fold DD 21/30/34/22%
Gen 11116 | fit 149.890 | fold Calmar 597.22/ 0.40/ 1.26/ 0.67 | fold DD 21/30/34/22%
Gen 11121 | fit 149.890 | fold Calmar 597.22/ 0.40/ 1.26/ 0.67 | fold DD 21/30/34/22%
Gen 11126 | fit 149.890 | fold Calmar 597.22/ 0.40/ 1.26/ 0.67 | fold DD 21/30/34/22%
Gen 11131 | fit 149.890 | fold Calmar 597.22/ 0.40/ 1.26/ 0.67 | fold DD 21/30/34/22%
Gen 11136 | fit 149.890 | fold Calmar 597.22/ 0.40/ 1.26/ 0.67 | fold DD 21/30/34/22%
Gen 11141 | fit 149.890 | fold Calmar 597.22/ 0.40/ 1.26/ 0.67 | fold DD 21/30/34/22%
Gen 11146 | fit 149.890 | fold Calmar 597.22/ 0.40/ 1.26/ 0.67 | fold DD 21/30/34/22%
Gen 11151 | fit 149.890 | fold Calmar 597.22/ 0.40/ 1.26/ 0.67 | fold DD 21/30/34/22%
Gen 11156 | fit 149.890 | fold Calmar 597.22/ 0.40/ 1.26/ 0.67 | fold DD 21/30/34/22%
Gen 11161 | fit 149.890 | fold Calmar 597.22/ 0.40/ 1.26/ 0.67 | fold DD 21/30/34/22%
Gen 11166 | fit 149.890 | fold Calmar 597.22/ 0.40/ 1.26/ 0.67 | fold DD 21/30/34/22%
Gen 11171 | fit 149.890 | fold Calmar 597.22/ 0.40/ 1.26/ 0.67 | fold DD 21/30/34/22%
Gen 11176 | fit 149.890 | fold Calmar 597.22/ 0.40/ 1.26/ 0.67 | fold DD 21/30/34/22%
Gen 11181 | fit 149.890 | fold Calmar 597.22/ 0.40/ 1.26/ 0.67 | fold DD 21/30/34/22%
Gen 11186 | fit 149.890 | fold Calmar 597.22/ 0.40/ 1.26/ 0.67 | fold DD 21/30/34/22%
Gen 11191 | fit 149.890 | fold Calmar 597.22/ 0.40/ 1.26/ 0.67 | fold DD 21/30/34/22%
Gen 11196 | fit 149.890 | fold Calmar 597.22/ 0.40/ 1.26/ 0.67 | fold DD 21/30/34/22%
Gen 11201 | fit 149.890 | fold Calmar 597.22/ 0.40/ 1.26/ 0.67 | fold DD 21/30/34/22%
Gen 11206 | fit 149.890 | fold Calmar 597.22/ 0.40/ 1.26/ 0.67 | fold DD 21/30/34/22%
Gen 11211 | fit 149.890 | fold Calmar 597.22/ 0.40/ 1.26/ 0.67 | fold DD 21/30/34/22%
Gen 11216 | fit 149.890 | fold Calmar 597.22/ 0.40/ 1.26/ 0.67 | fold DD 21/30/34/22%
Gen 11221 | fit 149.890 | fold Calmar 597.22/ 0.40/ 1.26/ 0.67 | fold DD 21/30/34/22%
Gen 11226 | fit 149.890 | fold Calmar 597.22/ 0.40/ 1.26/ 0.67 | fold DD 21/30/34/22%
Gen 11231 | fit 149.890 | fold Calmar 597.22/ 0.40/ 1.26/ 0.67 | fold DD 21/30/34/22%
Gen 11236 | fit 149.890 | fold Calmar 597.22/ 0.40/ 1.26/ 0.67 | fold DD 21/30/34/22%
Gen 11241 | fit 149.890 | fold Calmar 597.22/ 0.40/ 1.26/ 0.67 | fold DD 21/30/34/22%
Gen 11246 | fit 149.890 | fold Calmar 597.22/ 0.40/ 1.26/ 0.67 | fold DD 21/30/34/22%
Gen 11251 | fit 149.890 | fold Calmar 597.22/ 0.40/ 1.26/ 0.67 | fold DD 21/30/34/22%
Gen 11256 | fit 149.890 | fold Calmar 597.22/ 0.40/ 1.26/ 0.67 | fold DD 21/30/34/22%
Gen 11261 | fit 149.890 | fold Calmar 597.22/ 0.40/ 1.26/ 0.67 | fold DD 21/30/34/22%
Gen 11266 | fit 149.890 | fold Calmar 597.22/ 0.40/ 1.26/ 0.67 | fold DD 21/30/34/22%
Gen 11271 | fit 149.890 | fold Calmar 597.22/ 0.40/ 1.26/ 0.67 | fold DD 21/30/34/22%
Gen 11276 | fit 149.890 | fold Calmar 597.22/ 0.40/ 1.26/ 0.67 | fold DD 21/30/34/22%
Gen 11281 | fit 149.890 | fold Calmar 597.22/ 0.40/ 1.26/ 0.67 | fold DD 21/30/34/22%
Gen 11286 | fit 149.890 | fold Calmar 597.22/ 0.40/ 1.26/ 0.67 | fold DD 21/30/34/22%
Gen 11291 | fit 149.890 | fold Calmar 597.22/ 0.40/ 1.26/ 0.67 | fold DD 21/30/34/22%
Gen 11296 | fit 149.890 | fold Calmar 597.22/ 0.40/ 1.26/ 0.67 | fold DD 21/30/34/22%
Gen 11301 | fit 149.890 | fold Calmar 597.22/ 0.40/ 1.26/ 0.67 | fold DD 21/30/34/22%
Gen 11306 | fit 149.890 | fold Calmar 597.22/ 0.40/ 1.26/ 0.67 | fold DD 21/30/34/22%
Gen 11311 | fit 149.890 | fold Calmar 597.22/ 0.40/ 1.26/ 0.67 | fold DD 21/30/34/22%
Gen 11316 | fit 149.890 | fold Calmar 597.22/ 0.40/ 1.26/ 0.67 | fold DD 21/30/34/22%
Gen 11321 | fit 149.890 | fold Calmar 597.22/ 0.40/ 1.26/ 0.67 | fold DD 21/30/34/22%
Gen 11326 | fit 149.890 | fold Calmar 597.22/ 0.40/ 1.26/ 0.67 | fold DD 21/30/34/22%
Gen 11331 | fit 149.890 | fold Calmar 597.22/ 0.40/ 1.26/ 0.67 | fold DD 21/30/34/22%
Gen 11336 | fit 149.890 | fold Calmar 597.22/ 0.40/ 1.26/ 0.67 | fold DD 21/30/34/22%
Gen 11341 | fit 149.890 | fold Calmar 597.22/ 0.40/ 1.26/ 0.67 | fold DD 21/30/34/22%
Gen 11346 | fit 149.890 | fold Calmar 597.22/ 0.40/ 1.26/ 0.67 | fold DD 21/30/34/22%
Gen 11351 | fit 149.890 | fold Calmar 597.22/ 0.40/ 1.26/ 0.67 | fold DD 21/30/34/22%
Gen 11356 | fit 149.890 | fold Calmar 597.22/ 0.40/ 1.26/ 0.67 | fold DD 21/30/34/22%
Gen 11361 | fit 149.890 | fold Calmar 597.22/ 0.40/ 1.26/ 0.67 | fold DD 21/30/34/22%
Gen 11366 | fit 149.890 | fold Calmar 597.22/ 0.40/ 1.26/ 0.67 | fold DD 21/30/34/22%
Gen 11371 | fit 149.890 | fold Calmar 597.22/ 0.40/ 1.26/ 0.67 | fold DD 21/30/34/22%
Gen 11376 | fit 149.890 | fold Calmar 597.22/ 0.40/ 1.26/ 0.67 | fold DD 21/30/34/22%
Gen 11381 | fit 149.890 | fold Calmar 597.22/ 0.40/ 1.26/ 0.67 | fold DD 21/30/34/22%
Gen 11386 | fit 149.890 | fold Calmar 597.22/ 0.40/ 1.26/ 0.67 | fold DD 21/30/34/22%
Gen 11391 | fit 149.890 | fold Calmar 597.22/ 0.40/ 1.26/ 0.67 | fold DD 21/30/34/22%
Gen 11396 | fit 149.890 | fold Calmar 597.22/ 0.40/ 1.26/ 0.67 | fold DD 21/30/34/22%
Gen 11401 | fit 149.890 | fold Calmar 597.22/ 0.40/ 1.26/ 0.67 | fold DD 21/30/34/22%
Gen 11406 | fit 149.890 | fold Calmar 597.22/ 0.40/ 1.26/ 0.67 | fold DD 21/30/34/22%
Gen 11411 | fit 149.890 | fold Calmar 597.22/ 0.40/ 1.26/ 0.67 | fold DD 21/30/34/22%
Gen 11416 | fit 149.890 | fold Calmar 597.22/ 0.40/ 1.26/ 0.67 | fold DD 21/30/34/22%
Gen 11421 | fit 149.890 | fold Calmar 597.22/ 0.40/ 1.26/ 0.67 | fold DD 21/30/34/22%
Gen 11426 | fit 149.890 | fold Calmar 597.22/ 0.40/ 1.26/ 0.67 | fold DD 21/30/34/22%
Gen 11431 | fit 149.890 | fold Calmar 597.22/ 0.40/ 1.26/ 0.67 | fold DD 21/30/34/22%
Gen 11436 | fit 149.890 | fold Calmar 597.22/ 0.40/ 1.26/ 0.67 | fold DD 21/30/34/22%
Gen 11441 | fit 149.890 | fold Calmar 597.22/ 0.40/ 1.26/ 0.67 | fold DD 21/30/34/22%
Gen 11446 | fit 149.890 | fold Calmar 597.22/ 0.40/ 1.26/ 0.67 | fold DD 21/30/34/22%
Gen 11451 | fit 149.890 | fold Calmar 597.22/ 0.40/ 1.26/ 0.67 | fold DD 21/30/34/22%
Gen 11456 | fit 149.890 | fold Calmar 597.22/ 0.40/ 1.26/ 0.67 | fold DD 21/30/34/22%
Gen 11461 | fit 149.890 | fold Calmar 597.22/ 0.40/ 1.26/ 0.67 | fold DD 21/30/34/22%
Gen 11466 | fit 149.890 | fold Calmar 597.22/ 0.40/ 1.26/ 0.67 | fold DD 21/30/34/22%
Gen 11471 | fit 149.890 | fold Calmar 597.22/ 0.40/ 1.26/ 0.67 | fold DD 21/30/34/22%
Gen 11476 | fit 149.890 | fold Calmar 597.22/ 0.40/ 1.26/ 0.67 | fold DD 21/30/34/22%
Gen 11481 | fit 149.890 | fold Calmar 597.22/ 0.40/ 1.26/ 0.67 | fold DD 21/30/34/22%
Gen 11486 | fit 149.890 | fold Calmar 597.22/ 0.40/ 1.26/ 0.67 | fold DD 21/30/34/22%
Gen 11491 | fit 149.890 | fold Calmar 597.22/ 0.40/ 1.26/ 0.67 | fold DD 21/30/34/22%
Gen 11496 | fit 149.890 | fold Calmar 597.22/ 0.40/ 1.26/ 0.67 | fold DD 21/30/34/22%
Gen 11501 | fit 149.890 | fold Calmar 597.22/ 0.40/ 1.26/ 0.67 | fold DD 21/30/34/22%
Gen 11506 | fit 149.890 | fold Calmar 597.22/ 0.40/ 1.26/ 0.67 | fold DD 21/30/34/22%
Gen 11511 | fit 149.890 | fold Calmar 597.22/ 0.40/ 1.26/ 0.67 | fold DD 21/30/34/22%
Gen 11516 | fit 149.890 | fold Calmar 597.22/ 0.40/ 1.26/ 0.67 | fold DD 21/30/34/22%
Gen 11521 | fit 149.890 | fold Calmar 597.22/ 0.40/ 1.26/ 0.67 | fold DD 21/30/34/22%
Gen 11526 | fit 149.890 | fold Calmar 597.22/ 0.40/ 1.26/ 0.67 | fold DD 21/30/34/22%
Gen 11531 | fit 149.890 | fold Calmar 597.22/ 0.40/ 1.26/ 0.67 | fold DD 21/30/34/22%
Gen 11536 | fit 149.890 | fold Calmar 597.22/ 0.40/ 1.26/ 0.67 | fold DD 21/30/34/22%
Gen 11541 | fit 149.890 | fold Calmar 597.22/ 0.40/ 1.26/ 0.67 | fold DD 21/30/34/22%
Gen 11546 | fit 149.890 | fold Calmar 597.22/ 0.40/ 1.26/ 0.67 | fold DD 21/30/34/22%
Gen 11551 | fit 149.890 | fold Calmar 597.22/ 0.40/ 1.26/ 0.67 | fold DD 21/30/34/22%
Gen 11556 | fit 149.890 | fold Calmar 597.22/ 0.40/ 1.26/ 0.67 | fold DD 21/30/34/22%
Gen 11561 | fit 149.890 | fold Calmar 597.22/ 0.40/ 1.26/ 0.67 | fold DD 21/30/34/22%
Gen 11566 | fit 149.890 | fold Calmar 597.22/ 0.40/ 1.26/ 0.67 | fold DD 21/30/34/22%
Gen 11571 | fit 149.890 | fold Calmar 597.22/ 0.40/ 1.26/ 0.67 | fold DD 21/30/34/22%
Gen 11576 | fit 149.890 | fold Calmar 597.22/ 0.40/ 1.26/ 0.67 | fold DD 21/30/34/22%
Gen 11581 | fit 149.890 | fold Calmar 597.22/ 0.40/ 1.26/ 0.67 | fold DD 21/30/34/22%
Gen 11586 | fit 149.890 | fold Calmar 597.22/ 0.40/ 1.26/ 0.67 | fold DD 21/30/34/22%
Gen 11591 | fit 149.890 | fold Calmar 597.22/ 0.40/ 1.26/ 0.67 | fold DD 21/30/34/22%
Gen 11596 | fit 149.890 | fold Calmar 597.22/ 0.40/ 1.26/ 0.67 | fold DD 21/30/34/22%
Gen 11601 | fit 149.890 | fold Calmar 597.22/ 0.40/ 1.26/ 0.67 | fold DD 21/30/34/22%
Gen 11606 | fit 149.890 | fold Calmar 597.22/ 0.40/ 1.26/ 0.67 | fold DD 21/30/34/22%
Gen 11611 | fit 149.890 | fold Calmar 597.22/ 0.40/ 1.26/ 0.67 | fold DD 21/30/34/22%
Gen 11616 | fit 149.890 | fold Calmar 597.22/ 0.40/ 1.26/ 0.67 | fold DD 21/30/34/22%
Gen 11621 | fit 149.890 | fold Calmar 597.22/ 0.40/ 1.26/ 0.67 | fold DD 21/30/34/22%
Gen 11626 | fit 149.890 | fold Calmar 597.22/ 0.40/ 1.26/ 0.67 | fold DD 21/30/34/22%
Gen 11631 | fit 149.890 | fold Calmar 597.22/ 0.40/ 1.26/ 0.67 | fold DD 21/30/34/22%
Gen 11636 | fit 149.890 | fold Calmar 597.22/ 0.40/ 1.26/ 0.67 | fold DD 21/30/34/22%
Gen 11641 | fit 149.890 | fold Calmar 597.22/ 0.40/ 1.26/ 0.67 | fold DD 21/30/34/22%
Gen 11646 | fit 149.890 | fold Calmar 597.22/ 0.40/ 1.26/ 0.67 | fold DD 21/30/34/22%
Gen 11651 | fit 149.890 | fold Calmar 597.22/ 0.40/ 1.26/ 0.67 | fold DD 21/30/34/22%
Gen 11656 | fit 149.890 | fold Calmar 597.22/ 0.40/ 1.26/ 0.67 | fold DD 21/30/34/22%
Gen 11661 | fit 149.890 | fold Calmar 597.22/ 0.40/ 1.26/ 0.67 | fold DD 21/30/34/22%
Gen 11666 | fit 149.890 | fold Calmar 597.22/ 0.40/ 1.26/ 0.67 | fold DD 21/30/34/22%
Gen 11671 | fit 149.890 | fold Calmar 597.22/ 0.40/ 1.26/ 0.67 | fold DD 21/30/34/22%
Gen 11676 | fit 149.890 | fold Calmar 597.22/ 0.40/ 1.26/ 0.67 | fold DD 21/30/34/22%
Gen 11681 | fit 149.890 | fold Calmar 597.22/ 0.40/ 1.26/ 0.67 | fold DD 21/30/34/22%
Gen 11686 | fit 149.890 | fold Calmar 597.22/ 0.40/ 1.26/ 0.67 | fold DD 21/30/34/22%
Gen 11691 | fit 149.890 | fold Calmar 597.22/ 0.40/ 1.26/ 0.67 | fold DD 21/30/34/22%
Gen 11696 | fit 149.890 | fold Calmar 597.22/ 0.40/ 1.26/ 0.67 | fold DD 21/30/34/22%
Gen 11701 | fit 149.890 | fold Calmar 597.22/ 0.40/ 1.26/ 0.67 | fold DD 21/30/34/22%
Gen 11706 | fit 149.890 | fold Calmar 597.22/ 0.40/ 1.26/ 0.67 | fold DD 21/30/34/22%
Gen 11711 | fit 149.890 | fold Calmar 597.22/ 0.40/ 1.26/ 0.67 | fold DD 21/30/34/22%
Gen 11716 | fit 149.890 | fold Calmar 597.22/ 0.40/ 1.26/ 0.67 | fold DD 21/30/34/22%
Gen 11721 | fit 149.890 | fold Calmar 597.22/ 0.40/ 1.26/ 0.67 | fold DD 21/30/34/22%
Gen 11726 | fit 149.890 | fold Calmar 597.22/ 0.40/ 1.26/ 0.67 | fold DD 21/30/34/22%
Gen 11731 | fit 149.890 | fold Calmar 597.22/ 0.40/ 1.26/ 0.67 | fold DD 21/30/34/22%
Gen 11736 | fit 149.890 | fold Calmar 597.22/ 0.40/ 1.26/ 0.67 | fold DD 21/30/34/22%
Gen 11741 | fit 149.890 | fold Calmar 597.22/ 0.40/ 1.26/ 0.67 | fold DD 21/30/34/22%
Gen 11746 | fit 149.890 | fold Calmar 597.22/ 0.40/ 1.26/ 0.67 | fold DD 21/30/34/22%
Gen 11751 | fit 149.890 | fold Calmar 597.22/ 0.40/ 1.26/ 0.67 | fold DD 21/30/34/22%
Gen 11756 | fit 149.890 | fold Calmar 597.22/ 0.40/ 1.26/ 0.67 | fold DD 21/30/34/22%
Gen 11761 | fit 149.890 | fold Calmar 597.22/ 0.40/ 1.26/ 0.67 | fold DD 21/30/34/22%
Gen 11766 | fit 149.890 | fold Calmar 597.22/ 0.40/ 1.26/ 0.67 | fold DD 21/30/34/22%
Gen 11771 | fit 149.890 | fold Calmar 597.22/ 0.40/ 1.26/ 0.67 | fold DD 21/30/34/22%
Gen 11776 | fit 149.890 | fold Calmar 597.22/ 0.40/ 1.26/ 0.67 | fold DD 21/30/34/22%
Gen 11781 | fit 149.890 | fold Calmar 597.22/ 0.40/ 1.26/ 0.67 | fold DD 21/30/34/22%
Gen 11786 | fit 149.890 | fold Calmar 597.22/ 0.40/ 1.26/ 0.67 | fold DD 21/30/34/22%
Gen 11791 | fit 149.890 | fold Calmar 597.22/ 0.40/ 1.26/ 0.67 | fold DD 21/30/34/22%
Gen 11796 | fit 149.890 | fold Calmar 597.22/ 0.40/ 1.26/ 0.67 | fold DD 21/30/34/22%
Gen 11801 | fit 149.890 | fold Calmar 597.22/ 0.40/ 1.26/ 0.67 | fold DD 21/30/34/22%
Gen 11806 | fit 149.890 | fold Calmar 597.22/ 0.40/ 1.26/ 0.67 | fold DD 21/30/34/22%
Gen 11811 | fit 149.890 | fold Calmar 597.22/ 0.40/ 1.26/ 0.67 | fold DD 21/30/34/22%
Gen 11816 | fit 149.890 | fold Calmar 597.22/ 0.40/ 1.26/ 0.67 | fold DD 21/30/34/22%
Gen 11821 | fit 149.890 | fold Calmar 597.22/ 0.40/ 1.26/ 0.67 | fold DD 21/30/34/22%
Gen 11826 | fit 149.890 | fold Calmar 597.22/ 0.40/ 1.26/ 0.67 | fold DD 21/30/34/22%
Gen 11831 | fit 149.890 | fold Calmar 597.22/ 0.40/ 1.26/ 0.67 | fold DD 21/30/34/22%
Gen 11836 | fit 149.890 | fold Calmar 597.22/ 0.40/ 1.26/ 0.67 | fold DD 21/30/34/22%
Gen 11841 | fit 149.890 | fold Calmar 597.22/ 0.40/ 1.26/ 0.67 | fold DD 21/30/34/22%
Gen 11846 | fit 149.890 | fold Calmar 597.22/ 0.40/ 1.26/ 0.67 | fold DD 21/30/34/22%
Gen 11851 | fit 149.890 | fold Calmar 597.22/ 0.40/ 1.26/ 0.67 | fold DD 21/30/34/22%
Gen 11856 | fit 149.890 | fold Calmar 597.22/ 0.40/ 1.26/ 0.67 | fold DD 21/30/34/22%
Gen 11861 | fit 149.890 | fold Calmar 597.22/ 0.40/ 1.26/ 0.67 | fold DD 21/30/34/22%
Gen 11866 | fit 149.890 | fold Calmar 597.22/ 0.40/ 1.26/ 0.67 | fold DD 21/30/34/22%
Gen 11871 | fit 149.890 | fold Calmar 597.22/ 0.40/ 1.26/ 0.67 | fold DD 21/30/34/22%
Gen 11876 | fit 149.890 | fold Calmar 597.22/ 0.40/ 1.26/ 0.67 | fold DD 21/30/34/22%
Gen 11881 | fit 149.890 | fold Calmar 597.22/ 0.40/ 1.26/ 0.67 | fold DD 21/30/34/22%
Gen 11886 | fit 149.890 | fold Calmar 597.22/ 0.40/ 1.26/ 0.67 | fold DD 21/30/34/22%
Gen 11891 | fit 149.890 | fold Calmar 597.22/ 0.40/ 1.26/ 0.67 | fold DD 21/30/34/22%
Gen 11896 | fit 149.890 | fold Calmar 597.22/ 0.40/ 1.26/ 0.67 | fold DD 21/30/34/22%
Gen 11901 | fit 149.890 | fold Calmar 597.22/ 0.40/ 1.26/ 0.67 | fold DD 21/30/34/22%
Gen 11906 | fit 149.890 | fold Calmar 597.22/ 0.40/ 1.26/ 0.67 | fold DD 21/30/34/22%
Gen 11911 | fit 149.890 | fold Calmar 597.22/ 0.40/ 1.26/ 0.67 | fold DD 21/30/34/22%
Gen 11916 | fit 149.890 | fold Calmar 597.22/ 0.40/ 1.26/ 0.67 | fold DD 21/30/34/22%
Gen 11921 | fit 149.890 | fold Calmar 597.22/ 0.40/ 1.26/ 0.67 | fold DD 21/30/34/22%
Gen 11926 | fit 149.890 | fold Calmar 597.22/ 0.40/ 1.26/ 0.67 | fold DD 21/30/34/22%
Gen 11931 | fit 149.890 | fold Calmar 597.22/ 0.40/ 1.26/ 0.67 | fold DD 21/30/34/22%
Gen 11936 | fit 149.890 | fold Calmar 597.22/ 0.40/ 1.26/ 0.67 | fold DD 21/30/34/22%
Gen 11941 | fit 149.890 | fold Calmar 597.22/ 0.40/ 1.26/ 0.67 | fold DD 21/30/34/22%
Gen 11946 | fit 149.890 | fold Calmar 597.22/ 0.40/ 1.26/ 0.67 | fold DD 21/30/34/22%
Gen 11951 | fit 149.890 | fold Calmar 597.22/ 0.40/ 1.26/ 0.67 | fold DD 21/30/34/22%
Gen 11956 | fit 149.890 | fold Calmar 597.22/ 0.40/ 1.26/ 0.67 | fold DD 21/30/34/22%
Gen 11961 | fit 149.890 | fold Calmar 597.22/ 0.40/ 1.26/ 0.67 | fold DD 21/30/34/22%
Gen 11966 | fit 149.890 | fold Calmar 597.22/ 0.40/ 1.26/ 0.67 | fold DD 21/30/34/22%
Gen 11971 | fit 149.890 | fold Calmar 597.22/ 0.40/ 1.26/ 0.67 | fold DD 21/30/34/22%
Gen 11976 | fit 149.890 | fold Calmar 597.22/ 0.40/ 1.26/ 0.67 | fold DD 21/30/34/22%
Gen 11981 | fit 149.890 | fold Calmar 597.22/ 0.40/ 1.26/ 0.67 | fold DD 21/30/34/22%
Gen 11986 | fit 149.890 | fold Calmar 597.22/ 0.40/ 1.26/ 0.67 | fold DD 21/30/34/22%
Gen 11991 | fit 149.890 | fold Calmar 597.22/ 0.40/ 1.26/ 0.67 | fold DD 21/30/34/22%
Gen 11996 | fit 149.890 | fold Calmar 597.22/ 0.40/ 1.26/ 0.67 | fold DD 21/30/34/22%
Gen 12001 | fit 149.890 | fold Calmar 597.22/ 0.40/ 1.26/ 0.67 | fold DD 21/30/34/22%
Gen 12006 | fit 149.890 | fold Calmar 597.22/ 0.40/ 1.26/ 0.67 | fold DD 21/30/34/22%
Gen 12011 | fit 149.890 | fold Calmar 597.22/ 0.40/ 1.26/ 0.67 | fold DD 21/30/34/22%
Gen 12016 | fit 149.890 | fold Calmar 597.22/ 0.40/ 1.26/ 0.67 | fold DD 21/30/34/22%
Gen 12021 | fit 149.890 | fold Calmar 597.22/ 0.40/ 1.26/ 0.67 | fold DD 21/30/34/22%
Gen 12026 | fit 149.890 | fold Calmar 597.22/ 0.40/ 1.26/ 0.67 | fold DD 21/30/34/22%
Gen 12031 | fit 149.890 | fold Calmar 597.22/ 0.40/ 1.26/ 0.67 | fold DD 21/30/34/22%
Gen 12036 | fit 149.890 | fold Calmar 597.22/ 0.40/ 1.26/ 0.67 | fold DD 21/30/34/22%
Gen 12041 | fit 149.890 | fold Calmar 597.22/ 0.40/ 1.26/ 0.67 | fold DD 21/30/34/22%
Gen 12046 | fit 149.890 | fold Calmar 597.22/ 0.40/ 1.26/ 0.67 | fold DD 21/30/34/22%
Gen 12051 | fit 149.890 | fold Calmar 597.22/ 0.40/ 1.26/ 0.67 | fold DD 21/30/34/22%
Gen 12056 | fit 149.890 | fold Calmar 597.22/ 0.40/ 1.26/ 0.67 | fold DD 21/30/34/22%
Gen 12061 | fit 149.890 | fold Calmar 597.22/ 0.40/ 1.26/ 0.67 | fold DD 21/30/34/22%
Gen 12066 | fit 149.890 | fold Calmar 597.22/ 0.40/ 1.26/ 0.67 | fold DD 21/30/34/22%
Gen 12071 | fit 149.890 | fold Calmar 597.22/ 0.40/ 1.26/ 0.67 | fold DD 21/30/34/22%
Gen 12076 | fit 149.890 | fold Calmar 597.22/ 0.40/ 1.26/ 0.67 | fold DD 21/30/34/22%
Gen 12081 | fit 149.890 | fold Calmar 597.22/ 0.40/ 1.26/ 0.67 | fold DD 21/30/34/22%
Gen 12086 | fit 149.890 | fold Calmar 597.22/ 0.40/ 1.26/ 0.67 | fold DD 21/30/34/22%
Gen 12091 | fit 149.890 | fold Calmar 597.22/ 0.40/ 1.26/ 0.67 | fold DD 21/30/34/22%
Gen 12096 | fit 149.890 | fold Calmar 597.22/ 0.40/ 1.26/ 0.67 | fold DD 21/30/34/22%
Gen 12101 | fit 149.890 | fold Calmar 597.22/ 0.40/ 1.26/ 0.67 | fold DD 21/30/34/22%
Gen 12106 | fit 149.890 | fold Calmar 597.22/ 0.40/ 1.26/ 0.67 | fold DD 21/30/34/22%
Gen 12111 | fit 149.890 | fold Calmar 597.22/ 0.40/ 1.26/ 0.67 | fold DD 21/30/34/22%
Gen 12116 | fit 149.890 | fold Calmar 597.22/ 0.40/ 1.26/ 0.67 | fold DD 21/30/34/22%
Gen 12121 | fit 149.890 | fold Calmar 597.22/ 0.40/ 1.26/ 0.67 | fold DD 21/30/34/22%
Gen 12126 | fit 149.890 | fold Calmar 597.22/ 0.40/ 1.26/ 0.67 | fold DD 21/30/34/22%
Gen 12131 | fit 149.890 | fold Calmar 597.22/ 0.40/ 1.26/ 0.67 | fold DD 21/30/34/22%
Gen 12136 | fit 149.890 | fold Calmar 597.22/ 0.40/ 1.26/ 0.67 | fold DD 21/30/34/22%
Gen 12141 | fit 149.890 | fold Calmar 597.22/ 0.40/ 1.26/ 0.67 | fold DD 21/30/34/22%
Gen 12146 | fit 149.890 | fold Calmar 597.22/ 0.40/ 1.26/ 0.67 | fold DD 21/30/34/22%
Gen 12151 | fit 149.890 | fold Calmar 597.22/ 0.40/ 1.26/ 0.67 | fold DD 21/30/34/22%
Gen 12156 | fit 149.890 | fold Calmar 597.22/ 0.40/ 1.26/ 0.67 | fold DD 21/30/34/22%
Gen 12161 | fit 149.890 | fold Calmar 597.22/ 0.40/ 1.26/ 0.67 | fold DD 21/30/34/22%
Gen 12166 | fit 149.890 | fold Calmar 597.22/ 0.40/ 1.26/ 0.67 | fold DD 21/30/34/22%
Gen 12171 | fit 149.890 | fold Calmar 597.22/ 0.40/ 1.26/ 0.67 | fold DD 21/30/34/22%
Gen 12176 | fit 149.890 | fold Calmar 597.22/ 0.40/ 1.26/ 0.67 | fold DD 21/30/34/22%
Gen 12181 | fit 149.890 | fold Calmar 597.22/ 0.40/ 1.26/ 0.67 | fold DD 21/30/34/22%
Gen 12186 | fit 149.890 | fold Calmar 597.22/ 0.40/ 1.26/ 0.67 | fold DD 21/30/34/22%
Gen 12191 | fit 149.890 | fold Calmar 597.22/ 0.40/ 1.26/ 0.67 | fold DD 21/30/34/22%
Gen 12196 | fit 149.890 | fold Calmar 597.22/ 0.40/ 1.26/ 0.67 | fold DD 21/30/34/22%
Gen 12201 | fit 149.890 | fold Calmar 597.22/ 0.40/ 1.26/ 0.67 | fold DD 21/30/34/22%
Gen 12206 | fit 149.890 | fold Calmar 597.22/ 0.40/ 1.26/ 0.67 | fold DD 21/30/34/22%
Gen 12211 | fit 149.890 | fold Calmar 597.22/ 0.40/ 1.26/ 0.67 | fold DD 21/30/34/22%
Gen 12216 | fit 149.890 | fold Calmar 597.22/ 0.40/ 1.26/ 0.67 | fold DD 21/30/34/22%
Gen 12221 | fit 149.890 | fold Calmar 597.22/ 0.40/ 1.26/ 0.67 | fold DD 21/30/34/22%
Gen 12226 | fit 149.890 | fold Calmar 597.22/ 0.40/ 1.26/ 0.67 | fold DD 21/30/34/22%
Gen 12231 | fit 149.890 | fold Calmar 597.22/ 0.40/ 1.26/ 0.67 | fold DD 21/30/34/22%
Gen 12236 | fit 149.890 | fold Calmar 597.22/ 0.40/ 1.26/ 0.67 | fold DD 21/30/34/22%
Gen 12241 | fit 149.890 | fold Calmar 597.22/ 0.40/ 1.26/ 0.67 | fold DD 21/30/34/22%
Gen 12246 | fit 149.890 | fold Calmar 597.22/ 0.40/ 1.26/ 0.67 | fold DD 21/30/34/22%
Gen 12251 | fit 149.890 | fold Calmar 597.22/ 0.40/ 1.26/ 0.67 | fold DD 21/30/34/22%
Gen 12256 | fit 149.890 | fold Calmar 597.22/ 0.40/ 1.26/ 0.67 | fold DD 21/30/34/22%
Gen 12261 | fit 149.890 | fold Calmar 597.22/ 0.40/ 1.26/ 0.67 | fold DD 21/30/34/22%
Gen 12266 | fit 149.890 | fold Calmar 597.22/ 0.40/ 1.26/ 0.67 | fold DD 21/30/34/22%
Gen 12271 | fit 149.890 | fold Calmar 597.22/ 0.40/ 1.26/ 0.67 | fold DD 21/30/34/22%
Gen 12276 | fit 149.890 | fold Calmar 597.22/ 0.40/ 1.26/ 0.67 | fold DD 21/30/34/22%
Gen 12281 | fit 149.890 | fold Calmar 597.22/ 0.40/ 1.26/ 0.67 | fold DD 21/30/34/22%
Gen 12286 | fit 149.890 | fold Calmar 597.22/ 0.40/ 1.26/ 0.67 | fold DD 21/30/34/22%
Gen 12291 | fit 149.890 | fold Calmar 597.22/ 0.40/ 1.26/ 0.67 | fold DD 21/30/34/22%
Gen 12296 | fit 149.890 | fold Calmar 597.22/ 0.40/ 1.26/ 0.67 | fold DD 21/30/34/22%
Gen 12301 | fit 149.890 | fold Calmar 597.22/ 0.40/ 1.26/ 0.67 | fold DD 21/30/34/22%
Gen 12306 | fit 149.890 | fold Calmar 597.22/ 0.40/ 1.26/ 0.67 | fold DD 21/30/34/22%
Gen 12311 | fit 149.890 | fold Calmar 597.22/ 0.40/ 1.26/ 0.67 | fold DD 21/30/34/22%
Gen 12316 | fit 149.890 | fold Calmar 597.22/ 0.40/ 1.26/ 0.67 | fold DD 21/30/34/22%
Gen 12321 | fit 149.890 | fold Calmar 597.22/ 0.40/ 1.26/ 0.67 | fold DD 21/30/34/22%
Gen 12326 | fit 149.890 | fold Calmar 597.22/ 0.40/ 1.26/ 0.67 | fold DD 21/30/34/22%
Gen 12331 | fit 149.890 | fold Calmar 597.22/ 0.40/ 1.26/ 0.67 | fold DD 21/30/34/22%
Gen 12336 | fit 149.890 | fold Calmar 597.22/ 0.40/ 1.26/ 0.67 | fold DD 21/30/34/22%
Gen 12341 | fit 149.890 | fold Calmar 597.22/ 0.40/ 1.26/ 0.67 | fold DD 21/30/34/22%
Gen 12346 | fit 149.890 | fold Calmar 597.22/ 0.40/ 1.26/ 0.67 | fold DD 21/30/34/22%
Gen 12351 | fit 149.890 | fold Calmar 597.22/ 0.40/ 1.26/ 0.67 | fold DD 21/30/34/22%
Gen 12356 | fit 149.890 | fold Calmar 597.22/ 0.40/ 1.26/ 0.67 | fold DD 21/30/34/22%
Gen 12361 | fit 149.890 | fold Calmar 597.22/ 0.40/ 1.26/ 0.67 | fold DD 21/30/34/22%
Gen 12366 | fit 149.890 | fold Calmar 597.22/ 0.40/ 1.26/ 0.67 | fold DD 21/30/34/22%
Gen 12371 | fit 149.890 | fold Calmar 597.22/ 0.40/ 1.26/ 0.67 | fold DD 21/30/34/22%
Gen 12376 | fit 149.890 | fold Calmar 597.22/ 0.40/ 1.26/ 0.67 | fold DD 21/30/34/22%
Gen 12381 | fit 149.890 | fold Calmar 597.22/ 0.40/ 1.26/ 0.67 | fold DD 21/30/34/22%
Gen 12386 | fit 149.890 | fold Calmar 597.22/ 0.40/ 1.26/ 0.67 | fold DD 21/30/34/22%
Gen 12391 | fit 149.890 | fold Calmar 597.22/ 0.40/ 1.26/ 0.67 | fold DD 21/30/34/22%
Gen 12396 | fit 149.890 | fold Calmar 597.22/ 0.40/ 1.26/ 0.67 | fold DD 21/30/34/22%
Gen 12401 | fit 149.890 | fold Calmar 597.22/ 0.40/ 1.26/ 0.67 | fold DD 21/30/34/22%
Gen 12406 | fit 149.890 | fold Calmar 597.22/ 0.40/ 1.26/ 0.67 | fold DD 21/30/34/22%
Gen 12411 | fit 149.890 | fold Calmar 597.22/ 0.40/ 1.26/ 0.67 | fold DD 21/30/34/22%
Gen 12416 | fit 149.890 | fold Calmar 597.22/ 0.40/ 1.26/ 0.67 | fold DD 21/30/34/22%
Gen 12421 | fit 149.890 | fold Calmar 597.22/ 0.40/ 1.26/ 0.67 | fold DD 21/30/34/22%
Gen 12426 | fit 149.890 | fold Calmar 597.22/ 0.40/ 1.26/ 0.67 | fold DD 21/30/34/22%
Gen 12431 | fit 149.890 | fold Calmar 597.22/ 0.40/ 1.26/ 0.67 | fold DD 21/30/34/22%
Gen 12436 | fit 149.890 | fold Calmar 597.22/ 0.40/ 1.26/ 0.67 | fold DD 21/30/34/22%
Gen 12441 | fit 149.890 | fold Calmar 597.22/ 0.40/ 1.26/ 0.67 | fold DD 21/30/34/22%
Gen 12446 | fit 149.890 | fold Calmar 597.22/ 0.40/ 1.26/ 0.67 | fold DD 21/30/34/22%
Gen 12451 | fit 149.890 | fold Calmar 597.22/ 0.40/ 1.26/ 0.67 | fold DD 21/30/34/22%
Gen 12456 | fit 149.890 | fold Calmar 597.22/ 0.40/ 1.26/ 0.67 | fold DD 21/30/34/22%
Gen 12461 | fit 149.890 | fold Calmar 597.22/ 0.40/ 1.26/ 0.67 | fold DD 21/30/34/22%
Gen 12466 | fit 149.890 | fold Calmar 597.22/ 0.40/ 1.26/ 0.67 | fold DD 21/30/34/22%
Gen 12471 | fit 149.890 | fold Calmar 597.22/ 0.40/ 1.26/ 0.67 | fold DD 21/30/34/22%
Gen 12476 | fit 149.890 | fold Calmar 597.22/ 0.40/ 1.26/ 0.67 | fold DD 21/30/34/22%
Gen 12481 | fit 149.890 | fold Calmar 597.22/ 0.40/ 1.26/ 0.67 | fold DD 21/30/34/22%
Gen 12486 | fit 149.890 | fold Calmar 597.22/ 0.40/ 1.26/ 0.67 | fold DD 21/30/34/22%
Gen 12491 | fit 149.890 | fold Calmar 597.22/ 0.40/ 1.26/ 0.67 | fold DD 21/30/34/22%
Gen 12496 | fit 149.890 | fold Calmar 597.22/ 0.40/ 1.26/ 0.67 | fold DD 21/30/34/22%
Gen 12501 | fit 149.890 | fold Calmar 597.22/ 0.40/ 1.26/ 0.67 | fold DD 21/30/34/22%
Gen 12506 | fit 149.890 | fold Calmar 597.22/ 0.40/ 1.26/ 0.67 | fold DD 21/30/34/22%
Gen 12511 | fit 149.890 | fold Calmar 597.22/ 0.40/ 1.26/ 0.67 | fold DD 21/30/34/22%
Gen 12516 | fit 149.890 | fold Calmar 597.22/ 0.40/ 1.26/ 0.67 | fold DD 21/30/34/22%
Gen 12521 | fit 149.890 | fold Calmar 597.22/ 0.40/ 1.26/ 0.67 | fold DD 21/30/34/22%
Gen 12526 | fit 149.890 | fold Calmar 597.22/ 0.40/ 1.26/ 0.67 | fold DD 21/30/34/22%
Gen 12531 | fit 149.890 | fold Calmar 597.22/ 0.40/ 1.26/ 0.67 | fold DD 21/30/34/22%
Gen 12536 | fit 149.890 | fold Calmar 597.22/ 0.40/ 1.26/ 0.67 | fold DD 21/30/34/22%
Gen 12541 | fit 149.890 | fold Calmar 597.22/ 0.40/ 1.26/ 0.67 | fold DD 21/30/34/22%
Gen 12546 | fit 149.890 | fold Calmar 597.22/ 0.40/ 1.26/ 0.67 | fold DD 21/30/34/22%
Gen 12551 | fit 149.890 | fold Calmar 597.22/ 0.40/ 1.26/ 0.67 | fold DD 21/30/34/22%
Gen 12556 | fit 149.890 | fold Calmar 597.22/ 0.40/ 1.26/ 0.67 | fold DD 21/30/34/22%
Gen 12561 | fit 149.890 | fold Calmar 597.22/ 0.40/ 1.26/ 0.67 | fold DD 21/30/34/22%
Gen 12566 | fit 149.890 | fold Calmar 597.22/ 0.40/ 1.26/ 0.67 | fold DD 21/30/34/22%
Gen 12571 | fit 149.890 | fold Calmar 597.22/ 0.40/ 1.26/ 0.67 | fold DD 21/30/34/22%
Gen 12576 | fit 149.890 | fold Calmar 597.22/ 0.40/ 1.26/ 0.67 | fold DD 21/30/34/22%
Gen 12581 | fit 149.890 | fold Calmar 597.22/ 0.40/ 1.26/ 0.67 | fold DD 21/30/34/22%
Gen 12586 | fit 149.890 | fold Calmar 597.22/ 0.40/ 1.26/ 0.67 | fold DD 21/30/34/22%
Gen 12591 | fit 149.890 | fold Calmar 597.22/ 0.40/ 1.26/ 0.67 | fold DD 21/30/34/22%
Gen 12596 | fit 149.890 | fold Calmar 597.22/ 0.40/ 1.26/ 0.67 | fold DD 21/30/34/22%
Gen 12601 | fit 149.890 | fold Calmar 597.22/ 0.40/ 1.26/ 0.67 | fold DD 21/30/34/22%
Gen 12606 | fit 149.890 | fold Calmar 597.22/ 0.40/ 1.26/ 0.67 | fold DD 21/30/34/22%
Gen 12611 | fit 149.890 | fold Calmar 597.22/ 0.40/ 1.26/ 0.67 | fold DD 21/30/34/22%
Gen 12616 | fit 149.890 | fold Calmar 597.22/ 0.40/ 1.26/ 0.67 | fold DD 21/30/34/22%
Gen 12621 | fit 149.890 | fold Calmar 597.22/ 0.40/ 1.26/ 0.67 | fold DD 21/30/34/22%
Gen 12626 | fit 149.890 | fold Calmar 597.22/ 0.40/ 1.26/ 0.67 | fold DD 21/30/34/22%
Gen 12631 | fit 149.890 | fold Calmar 597.22/ 0.40/ 1.26/ 0.67 | fold DD 21/30/34/22%
Gen 12636 | fit 149.890 | fold Calmar 597.22/ 0.40/ 1.26/ 0.67 | fold DD 21/30/34/22%
Gen 12641 | fit 149.890 | fold Calmar 597.22/ 0.40/ 1.26/ 0.67 | fold DD 21/30/34/22%
Gen 12646 | fit 149.890 | fold Calmar 597.22/ 0.40/ 1.26/ 0.67 | fold DD 21/30/34/22%
Gen 12651 | fit 149.890 | fold Calmar 597.22/ 0.40/ 1.26/ 0.67 | fold DD 21/30/34/22%
Gen 12656 | fit 149.890 | fold Calmar 597.22/ 0.40/ 1.26/ 0.67 | fold DD 21/30/34/22%
Gen 12661 | fit 149.890 | fold Calmar 597.22/ 0.40/ 1.26/ 0.67 | fold DD 21/30/34/22%
Gen 12666 | fit 149.890 | fold Calmar 597.22/ 0.40/ 1.26/ 0.67 | fold DD 21/30/34/22%
Gen 12671 | fit 149.890 | fold Calmar 597.22/ 0.40/ 1.26/ 0.67 | fold DD 21/30/34/22%
Gen 12676 | fit 149.890 | fold Calmar 597.22/ 0.40/ 1.26/ 0.67 | fold DD 21/30/34/22%
Gen 12681 | fit 149.890 | fold Calmar 597.22/ 0.40/ 1.26/ 0.67 | fold DD 21/30/34/22%
Gen 12686 | fit 149.890 | fold Calmar 597.22/ 0.40/ 1.26/ 0.67 | fold DD 21/30/34/22%
Gen 12691 | fit 149.890 | fold Calmar 597.22/ 0.40/ 1.26/ 0.67 | fold DD 21/30/34/22%
Gen 12696 | fit 149.890 | fold Calmar 597.22/ 0.40/ 1.26/ 0.67 | fold DD 21/30/34/22%
Gen 12701 | fit 149.890 | fold Calmar 597.22/ 0.40/ 1.26/ 0.67 | fold DD 21/30/34/22%
Gen 12706 | fit 149.890 | fold Calmar 597.22/ 0.40/ 1.26/ 0.67 | fold DD 21/30/34/22%
Gen 12711 | fit 149.890 | fold Calmar 597.22/ 0.40/ 1.26/ 0.67 | fold DD 21/30/34/22%
Gen 12716 | fit 149.890 | fold Calmar 597.22/ 0.40/ 1.26/ 0.67 | fold DD 21/30/34/22%
Gen 12721 | fit 149.890 | fold Calmar 597.22/ 0.40/ 1.26/ 0.67 | fold DD 21/30/34/22%
Gen 12726 | fit 149.890 | fold Calmar 597.22/ 0.40/ 1.26/ 0.67 | fold DD 21/30/34/22%
Gen 12731 | fit 149.890 | fold Calmar 597.22/ 0.40/ 1.26/ 0.67 | fold DD 21/30/34/22%
Gen 12736 | fit 149.890 | fold Calmar 597.22/ 0.40/ 1.26/ 0.67 | fold DD 21/30/34/22%
Gen 12741 | fit 149.890 | fold Calmar 597.22/ 0.40/ 1.26/ 0.67 | fold DD 21/30/34/22%
Gen 12746 | fit 149.890 | fold Calmar 597.22/ 0.40/ 1.26/ 0.67 | fold DD 21/30/34/22%
Gen 12751 | fit 149.890 | fold Calmar 597.22/ 0.40/ 1.26/ 0.67 | fold DD 21/30/34/22%
Gen 12756 | fit 149.890 | fold Calmar 597.22/ 0.40/ 1.26/ 0.67 | fold DD 21/30/34/22%
Gen 12761 | fit 149.890 | fold Calmar 597.22/ 0.40/ 1.26/ 0.67 | fold DD 21/30/34/22%
Gen 12766 | fit 149.890 | fold Calmar 597.22/ 0.40/ 1.26/ 0.67 | fold DD 21/30/34/22%
Gen 12771 | fit 149.890 | fold Calmar 597.22/ 0.40/ 1.26/ 0.67 | fold DD 21/30/34/22%
Gen 12776 | fit 149.890 | fold Calmar 597.22/ 0.40/ 1.26/ 0.67 | fold DD 21/30/34/22%
Gen 12781 | fit 149.890 | fold Calmar 597.22/ 0.40/ 1.26/ 0.67 | fold DD 21/30/34/22%
Gen 12786 | fit 149.890 | fold Calmar 597.22/ 0.40/ 1.26/ 0.67 | fold DD 21/30/34/22%
Gen 12791 | fit 149.890 | fold Calmar 597.22/ 0.40/ 1.26/ 0.67 | fold DD 21/30/34/22%
Gen 12796 | fit 149.890 | fold Calmar 597.22/ 0.40/ 1.26/ 0.67 | fold DD 21/30/34/22%
Gen 12801 | fit 149.890 | fold Calmar 597.22/ 0.40/ 1.26/ 0.67 | fold DD 21/30/34/22%
Gen 12806 | fit 149.890 | fold Calmar 597.22/ 0.40/ 1.26/ 0.67 | fold DD 21/30/34/22%
Gen 12811 | fit 149.890 | fold Calmar 597.22/ 0.40/ 1.26/ 0.67 | fold DD 21/30/34/22%
Gen 12816 | fit 149.890 | fold Calmar 597.22/ 0.40/ 1.26/ 0.67 | fold DD 21/30/34/22%
Gen 12821 | fit 149.890 | fold Calmar 597.22/ 0.40/ 1.26/ 0.67 | fold DD 21/30/34/22%
Gen 12826 | fit 149.890 | fold Calmar 597.22/ 0.40/ 1.26/ 0.67 | fold DD 21/30/34/22%
Gen 12831 | fit 149.890 | fold Calmar 597.22/ 0.40/ 1.26/ 0.67 | fold DD 21/30/34/22%
Gen 12836 | fit 149.890 | fold Calmar 597.22/ 0.40/ 1.26/ 0.67 | fold DD 21/30/34/22%
Gen 12841 | fit 149.890 | fold Calmar 597.22/ 0.40/ 1.26/ 0.67 | fold DD 21/30/34/22%
Gen 12846 | fit 149.890 | fold Calmar 597.22/ 0.40/ 1.26/ 0.67 | fold DD 21/30/34/22%
Gen 12851 | fit 149.890 | fold Calmar 597.22/ 0.40/ 1.26/ 0.67 | fold DD 21/30/34/22%
Gen 12856 | fit 149.890 | fold Calmar 597.22/ 0.40/ 1.26/ 0.67 | fold DD 21/30/34/22%
Gen 12861 | fit 149.890 | fold Calmar 597.22/ 0.40/ 1.26/ 0.67 | fold DD 21/30/34/22%
Gen 12866 | fit 149.890 | fold Calmar 597.22/ 0.40/ 1.26/ 0.67 | fold DD 21/30/34/22%
Gen 12871 | fit 149.890 | fold Calmar 597.22/ 0.40/ 1.26/ 0.67 | fold DD 21/30/34/22%
Gen 12876 | fit 149.890 | fold Calmar 597.22/ 0.40/ 1.26/ 0.67 | fold DD 21/30/34/22%
Gen 12881 | fit 149.890 | fold Calmar 597.22/ 0.40/ 1.26/ 0.67 | fold DD 21/30/34/22%
Gen 12886 | fit 149.890 | fold Calmar 597.22/ 0.40/ 1.26/ 0.67 | fold DD 21/30/34/22%
Gen 12891 | fit 149.890 | fold Calmar 597.22/ 0.40/ 1.26/ 0.67 | fold DD 21/30/34/22%
Gen 12896 | fit 149.890 | fold Calmar 597.22/ 0.40/ 1.26/ 0.67 | fold DD 21/30/34/22%
Gen 12901 | fit 149.890 | fold Calmar 597.22/ 0.40/ 1.26/ 0.67 | fold DD 21/30/34/22%
Gen 12906 | fit 149.890 | fold Calmar 597.22/ 0.40/ 1.26/ 0.67 | fold DD 21/30/34/22%
Gen 12911 | fit 149.890 | fold Calmar 597.22/ 0.40/ 1.26/ 0.67 | fold DD 21/30/34/22%
Gen 12916 | fit 149.890 | fold Calmar 597.22/ 0.40/ 1.26/ 0.67 | fold DD 21/30/34/22%
Gen 12921 | fit 149.890 | fold Calmar 597.22/ 0.40/ 1.26/ 0.67 | fold DD 21/30/34/22%
Gen 12926 | fit 149.890 | fold Calmar 597.22/ 0.40/ 1.26/ 0.67 | fold DD 21/30/34/22%
Gen 12931 | fit 149.890 | fold Calmar 597.22/ 0.40/ 1.26/ 0.67 | fold DD 21/30/34/22%
Gen 12936 | fit 149.890 | fold Calmar 597.22/ 0.40/ 1.26/ 0.67 | fold DD 21/30/34/22%
Gen 12941 | fit 149.890 | fold Calmar 597.22/ 0.40/ 1.26/ 0.67 | fold DD 21/30/34/22%
Gen 12946 | fit 149.890 | fold Calmar 597.22/ 0.40/ 1.26/ 0.67 | fold DD 21/30/34/22%
Gen 12951 | fit 149.890 | fold Calmar 597.22/ 0.40/ 1.26/ 0.67 | fold DD 21/30/34/22%
Gen 12956 | fit 149.890 | fold Calmar 597.22/ 0.40/ 1.26/ 0.67 | fold DD 21/30/34/22%
Gen 12961 | fit 149.890 | fold Calmar 597.22/ 0.40/ 1.26/ 0.67 | fold DD 21/30/34/22%
Gen 12966 | fit 149.890 | fold Calmar 597.22/ 0.40/ 1.26/ 0.67 | fold DD 21/30/34/22%
Gen 12971 | fit 149.890 | fold Calmar 597.22/ 0.40/ 1.26/ 0.67 | fold DD 21/30/34/22%
Gen 12976 | fit 149.890 | fold Calmar 597.22/ 0.40/ 1.26/ 0.67 | fold DD 21/30/34/22%
Gen 12981 | fit 149.890 | fold Calmar 597.22/ 0.40/ 1.26/ 0.67 | fold DD 21/30/34/22%
Gen 12986 | fit 149.890 | fold Calmar 597.22/ 0.40/ 1.26/ 0.67 | fold DD 21/30/34/22%
Gen 12991 | fit 149.890 | fold Calmar 597.22/ 0.40/ 1.26/ 0.67 | fold DD 21/30/34/22%
Gen 12996 | fit 149.890 | fold Calmar 597.22/ 0.40/ 1.26/ 0.67 | fold DD 21/30/34/22%
Gen 13001 | fit 149.890 | fold Calmar 597.22/ 0.40/ 1.26/ 0.67 | fold DD 21/30/34/22%
Gen 13006 | fit 149.890 | fold Calmar 597.22/ 0.40/ 1.26/ 0.67 | fold DD 21/30/34/22%
Gen 13011 | fit 149.890 | fold Calmar 597.22/ 0.40/ 1.26/ 0.67 | fold DD 21/30/34/22%
Gen 13016 | fit 149.890 | fold Calmar 597.22/ 0.40/ 1.26/ 0.67 | fold DD 21/30/34/22%
Gen 13021 | fit 149.890 | fold Calmar 597.22/ 0.40/ 1.26/ 0.67 | fold DD 21/30/34/22%
Gen 13026 | fit 149.890 | fold Calmar 597.22/ 0.40/ 1.26/ 0.67 | fold DD 21/30/34/22%
Gen 13031 | fit 149.890 | fold Calmar 597.22/ 0.40/ 1.26/ 0.67 | fold DD 21/30/34/22%
Gen 13036 | fit 149.890 | fold Calmar 597.22/ 0.40/ 1.26/ 0.67 | fold DD 21/30/34/22%
Gen 13041 | fit 149.890 | fold Calmar 597.22/ 0.40/ 1.26/ 0.67 | fold DD 21/30/34/22%
Gen 13046 | fit 149.890 | fold Calmar 597.22/ 0.40/ 1.26/ 0.67 | fold DD 21/30/34/22%
Gen 13051 | fit 149.890 | fold Calmar 597.22/ 0.40/ 1.26/ 0.67 | fold DD 21/30/34/22%
Gen 13056 | fit 149.890 | fold Calmar 597.22/ 0.40/ 1.26/ 0.67 | fold DD 21/30/34/22%
Gen 13061 | fit 149.890 | fold Calmar 597.22/ 0.40/ 1.26/ 0.67 | fold DD 21/30/34/22%
Gen 13066 | fit 149.890 | fold Calmar 597.22/ 0.40/ 1.26/ 0.67 | fold DD 21/30/34/22%
Gen 13071 | fit 149.890 | fold Calmar 597.22/ 0.40/ 1.26/ 0.67 | fold DD 21/30/34/22%
Gen 13076 | fit 149.890 | fold Calmar 597.22/ 0.40/ 1.26/ 0.67 | fold DD 21/30/34/22%
Gen 13081 | fit 149.890 | fold Calmar 597.22/ 0.40/ 1.26/ 0.67 | fold DD 21/30/34/22%
Gen 13086 | fit 149.890 | fold Calmar 597.22/ 0.40/ 1.26/ 0.67 | fold DD 21/30/34/22%
Gen 13091 | fit 149.890 | fold Calmar 597.22/ 0.40/ 1.26/ 0.67 | fold DD 21/30/34/22%
Gen 13096 | fit 149.890 | fold Calmar 597.22/ 0.40/ 1.26/ 0.67 | fold DD 21/30/34/22%
Gen 13101 | fit 149.890 | fold Calmar 597.22/ 0.40/ 1.26/ 0.67 | fold DD 21/30/34/22%
Gen 13106 | fit 149.890 | fold Calmar 597.22/ 0.40/ 1.26/ 0.67 | fold DD 21/30/34/22%
Gen 13111 | fit 149.890 | fold Calmar 597.22/ 0.40/ 1.26/ 0.67 | fold DD 21/30/34/22%
Gen 13116 | fit 149.890 | fold Calmar 597.22/ 0.40/ 1.26/ 0.67 | fold DD 21/30/34/22%
Gen 13121 | fit 149.890 | fold Calmar 597.22/ 0.40/ 1.26/ 0.67 | fold DD 21/30/34/22%
Gen 13126 | fit 149.890 | fold Calmar 597.22/ 0.40/ 1.26/ 0.67 | fold DD 21/30/34/22%
Gen 13131 | fit 149.890 | fold Calmar 597.22/ 0.40/ 1.26/ 0.67 | fold DD 21/30/34/22%
Gen 13136 | fit 149.890 | fold Calmar 597.22/ 0.40/ 1.26/ 0.67 | fold DD 21/30/34/22%
Gen 13141 | fit 149.890 | fold Calmar 597.22/ 0.40/ 1.26/ 0.67 | fold DD 21/30/34/22%
Gen 13146 | fit 149.890 | fold Calmar 597.22/ 0.40/ 1.26/ 0.67 | fold DD 21/30/34/22%
Gen 13151 | fit 149.890 | fold Calmar 597.22/ 0.40/ 1.26/ 0.67 | fold DD 21/30/34/22%
Gen 13156 | fit 149.890 | fold Calmar 597.22/ 0.40/ 1.26/ 0.67 | fold DD 21/30/34/22%
Gen 13161 | fit 149.890 | fold Calmar 597.22/ 0.40/ 1.26/ 0.67 | fold DD 21/30/34/22%
Gen 13166 | fit 149.890 | fold Calmar 597.22/ 0.40/ 1.26/ 0.67 | fold DD 21/30/34/22%
Gen 13171 | fit 149.890 | fold Calmar 597.22/ 0.40/ 1.26/ 0.67 | fold DD 21/30/34/22%
Gen 13176 | fit 149.890 | fold Calmar 597.22/ 0.40/ 1.26/ 0.67 | fold DD 21/30/34/22%
Gen 13181 | fit 149.890 | fold Calmar 597.22/ 0.40/ 1.26/ 0.67 | fold DD 21/30/34/22%
Gen 13186 | fit 149.890 | fold Calmar 597.22/ 0.40/ 1.26/ 0.67 | fold DD 21/30/34/22%
Gen 13191 | fit 149.890 | fold Calmar 597.22/ 0.40/ 1.26/ 0.67 | fold DD 21/30/34/22%
Gen 13196 | fit 149.890 | fold Calmar 597.22/ 0.40/ 1.26/ 0.67 | fold DD 21/30/34/22%
Gen 13201 | fit 149.890 | fold Calmar 597.22/ 0.40/ 1.26/ 0.67 | fold DD 21/30/34/22%
Gen 13206 | fit 149.890 | fold Calmar 597.22/ 0.40/ 1.26/ 0.67 | fold DD 21/30/34/22%
Gen 13211 | fit 149.890 | fold Calmar 597.22/ 0.40/ 1.26/ 0.67 | fold DD 21/30/34/22%
Gen 13216 | fit 149.890 | fold Calmar 597.22/ 0.40/ 1.26/ 0.67 | fold DD 21/30/34/22%
Gen 13221 | fit 149.890 | fold Calmar 597.22/ 0.40/ 1.26/ 0.67 | fold DD 21/30/34/22%
Gen 13226 | fit 149.890 | fold Calmar 597.22/ 0.40/ 1.26/ 0.67 | fold DD 21/30/34/22%
Gen 13231 | fit 149.890 | fold Calmar 597.22/ 0.40/ 1.26/ 0.67 | fold DD 21/30/34/22%
Gen 13236 | fit 149.890 | fold Calmar 597.22/ 0.40/ 1.26/ 0.67 | fold DD 21/30/34/22%
Gen 13241 | fit 149.890 | fold Calmar 597.22/ 0.40/ 1.26/ 0.67 | fold DD 21/30/34/22%
Gen 13246 | fit 149.890 | fold Calmar 597.22/ 0.40/ 1.26/ 0.67 | fold DD 21/30/34/22%
Gen 13251 | fit 149.890 | fold Calmar 597.22/ 0.40/ 1.26/ 0.67 | fold DD 21/30/34/22%
Gen 13256 | fit 149.890 | fold Calmar 597.22/ 0.40/ 1.26/ 0.67 | fold DD 21/30/34/22%
Gen 13261 | fit 149.890 | fold Calmar 597.22/ 0.40/ 1.26/ 0.67 | fold DD 21/30/34/22%
Gen 13266 | fit 149.890 | fold Calmar 597.22/ 0.40/ 1.26/ 0.67 | fold DD 21/30/34/22%
Gen 13271 | fit 149.890 | fold Calmar 597.22/ 0.40/ 1.26/ 0.67 | fold DD 21/30/34/22%
Gen 13276 | fit 149.890 | fold Calmar 597.22/ 0.40/ 1.26/ 0.67 | fold DD 21/30/34/22%
Gen 13281 | fit 149.890 | fold Calmar 597.22/ 0.40/ 1.26/ 0.67 | fold DD 21/30/34/22%
Gen 13286 | fit 149.890 | fold Calmar 597.22/ 0.40/ 1.26/ 0.67 | fold DD 21/30/34/22%
Gen 13291 | fit 149.890 | fold Calmar 597.22/ 0.40/ 1.26/ 0.67 | fold DD 21/30/34/22%
Gen 13296 | fit 149.890 | fold Calmar 597.22/ 0.40/ 1.26/ 0.67 | fold DD 21/30/34/22%
Gen 13301 | fit 149.890 | fold Calmar 597.22/ 0.40/ 1.26/ 0.67 | fold DD 21/30/34/22%
Gen 13306 | fit 149.890 | fold Calmar 597.22/ 0.40/ 1.26/ 0.67 | fold DD 21/30/34/22%
Gen 13311 | fit 149.890 | fold Calmar 597.22/ 0.40/ 1.26/ 0.67 | fold DD 21/30/34/22%
Gen 13316 | fit 149.890 | fold Calmar 597.22/ 0.40/ 1.26/ 0.67 | fold DD 21/30/34/22%
Gen 13321 | fit 149.890 | fold Calmar 597.22/ 0.40/ 1.26/ 0.67 | fold DD 21/30/34/22%
Gen 13326 | fit 149.890 | fold Calmar 597.22/ 0.40/ 1.26/ 0.67 | fold DD 21/30/34/22%
Gen 13331 | fit 149.890 | fold Calmar 597.22/ 0.40/ 1.26/ 0.67 | fold DD 21/30/34/22%
Gen 13336 | fit 149.890 | fold Calmar 597.22/ 0.40/ 1.26/ 0.67 | fold DD 21/30/34/22%
Gen 13341 | fit 149.890 | fold Calmar 597.22/ 0.40/ 1.26/ 0.67 | fold DD 21/30/34/22%
Gen 13346 | fit 149.890 | fold Calmar 597.22/ 0.40/ 1.26/ 0.67 | fold DD 21/30/34/22%
Gen 13351 | fit 149.890 | fold Calmar 597.22/ 0.40/ 1.26/ 0.67 | fold DD 21/30/34/22%
Gen 13356 | fit 149.890 | fold Calmar 597.22/ 0.40/ 1.26/ 0.67 | fold DD 21/30/34/22%
Gen 13361 | fit 149.890 | fold Calmar 597.22/ 0.40/ 1.26/ 0.67 | fold DD 21/30/34/22%
Gen 13366 | fit 149.890 | fold Calmar 597.22/ 0.40/ 1.26/ 0.67 | fold DD 21/30/34/22%
Gen 13371 | fit 149.890 | fold Calmar 597.22/ 0.40/ 1.26/ 0.67 | fold DD 21/30/34/22%
Gen 13376 | fit 149.890 | fold Calmar 597.22/ 0.40/ 1.26/ 0.67 | fold DD 21/30/34/22%
Gen 13381 | fit 149.890 | fold Calmar 597.22/ 0.40/ 1.26/ 0.67 | fold DD 21/30/34/22%
Gen 13386 | fit 149.890 | fold Calmar 597.22/ 0.40/ 1.26/ 0.67 | fold DD 21/30/34/22%
Gen 13391 | fit 149.890 | fold Calmar 597.22/ 0.40/ 1.26/ 0.67 | fold DD 21/30/34/22%
Gen 13396 | fit 149.890 | fold Calmar 597.22/ 0.40/ 1.26/ 0.67 | fold DD 21/30/34/22%
Gen 13401 | fit 149.890 | fold Calmar 597.22/ 0.40/ 1.26/ 0.67 | fold DD 21/30/34/22%
Gen 13406 | fit 149.890 | fold Calmar 597.22/ 0.40/ 1.26/ 0.67 | fold DD 21/30/34/22%
Gen 13411 | fit 149.890 | fold Calmar 597.22/ 0.40/ 1.26/ 0.67 | fold DD 21/30/34/22%
Gen 13416 | fit 149.890 | fold Calmar 597.22/ 0.40/ 1.26/ 0.67 | fold DD 21/30/34/22%
Gen 13421 | fit 149.890 | fold Calmar 597.22/ 0.40/ 1.26/ 0.67 | fold DD 21/30/34/22%
Gen 13426 | fit 149.890 | fold Calmar 597.22/ 0.40/ 1.26/ 0.67 | fold DD 21/30/34/22%
Gen 13431 | fit 149.890 | fold Calmar 597.22/ 0.40/ 1.26/ 0.67 | fold DD 21/30/34/22%
Gen 13436 | fit 149.890 | fold Calmar 597.22/ 0.40/ 1.26/ 0.67 | fold DD 21/30/34/22%
Gen 13441 | fit 149.890 | fold Calmar 597.22/ 0.40/ 1.26/ 0.67 | fold DD 21/30/34/22%
Gen 13446 | fit 149.890 | fold Calmar 597.22/ 0.40/ 1.26/ 0.67 | fold DD 21/30/34/22%
Gen 13451 | fit 149.890 | fold Calmar 597.22/ 0.40/ 1.26/ 0.67 | fold DD 21/30/34/22%
Gen 13456 | fit 149.890 | fold Calmar 597.22/ 0.40/ 1.26/ 0.67 | fold DD 21/30/34/22%
Gen 13461 | fit 149.890 | fold Calmar 597.22/ 0.40/ 1.26/ 0.67 | fold DD 21/30/34/22%
Gen 13466 | fit 149.890 | fold Calmar 597.22/ 0.40/ 1.26/ 0.67 | fold DD 21/30/34/22%
Gen 13471 | fit 149.890 | fold Calmar 597.22/ 0.40/ 1.26/ 0.67 | fold DD 21/30/34/22%
Gen 13476 | fit 149.890 | fold Calmar 597.22/ 0.40/ 1.26/ 0.67 | fold DD 21/30/34/22%
Gen 13481 | fit 149.890 | fold Calmar 597.22/ 0.40/ 1.26/ 0.67 | fold DD 21/30/34/22%
Gen 13486 | fit 149.890 | fold Calmar 597.22/ 0.40/ 1.26/ 0.67 | fold DD 21/30/34/22%
Gen 13491 | fit 149.890 | fold Calmar 597.22/ 0.40/ 1.26/ 0.67 | fold DD 21/30/34/22%
Gen 13496 | fit 149.890 | fold Calmar 597.22/ 0.40/ 1.26/ 0.67 | fold DD 21/30/34/22%
Gen 13501 | fit 149.890 | fold Calmar 597.22/ 0.40/ 1.26/ 0.67 | fold DD 21/30/34/22%
Gen 13506 | fit 149.890 | fold Calmar 597.22/ 0.40/ 1.26/ 0.67 | fold DD 21/30/34/22%
Gen 13511 | fit 149.890 | fold Calmar 597.22/ 0.40/ 1.26/ 0.67 | fold DD 21/30/34/22%
Gen 13516 | fit 149.890 | fold Calmar 597.22/ 0.40/ 1.26/ 0.67 | fold DD 21/30/34/22%
Gen 13521 | fit 149.890 | fold Calmar 597.22/ 0.40/ 1.26/ 0.67 | fold DD 21/30/34/22%
Gen 13526 | fit 149.890 | fold Calmar 597.22/ 0.40/ 1.26/ 0.67 | fold DD 21/30/34/22%
Gen 13531 | fit 149.890 | fold Calmar 597.22/ 0.40/ 1.26/ 0.67 | fold DD 21/30/34/22%
Gen 13536 | fit 149.890 | fold Calmar 597.22/ 0.40/ 1.26/ 0.67 | fold DD 21/30/34/22%
Gen 13541 | fit 149.890 | fold Calmar 597.22/ 0.40/ 1.26/ 0.67 | fold DD 21/30/34/22%
Gen 13546 | fit 149.890 | fold Calmar 597.22/ 0.40/ 1.26/ 0.67 | fold DD 21/30/34/22%
Gen 13551 | fit 149.890 | fold Calmar 597.22/ 0.40/ 1.26/ 0.67 | fold DD 21/30/34/22%
Gen 13556 | fit 149.890 | fold Calmar 597.22/ 0.40/ 1.26/ 0.67 | fold DD 21/30/34/22%
Gen 13561 | fit 149.890 | fold Calmar 597.22/ 0.40/ 1.26/ 0.67 | fold DD 21/30/34/22%
Gen 13566 | fit 149.890 | fold Calmar 597.22/ 0.40/ 1.26/ 0.67 | fold DD 21/30/34/22%
Gen 13571 | fit 149.890 | fold Calmar 597.22/ 0.40/ 1.26/ 0.67 | fold DD 21/30/34/22%
Gen 13576 | fit 149.890 | fold Calmar 597.22/ 0.40/ 1.26/ 0.67 | fold DD 21/30/34/22%
Gen 13581 | fit 149.890 | fold Calmar 597.22/ 0.40/ 1.26/ 0.67 | fold DD 21/30/34/22%
Gen 13586 | fit 149.890 | fold Calmar 597.22/ 0.40/ 1.26/ 0.67 | fold DD 21/30/34/22%
Gen 13591 | fit 149.890 | fold Calmar 597.22/ 0.40/ 1.26/ 0.67 | fold DD 21/30/34/22%
Gen 13596 | fit 149.890 | fold Calmar 597.22/ 0.40/ 1.26/ 0.67 | fold DD 21/30/34/22%
Gen 13601 | fit 149.890 | fold Calmar 597.22/ 0.40/ 1.26/ 0.67 | fold DD 21/30/34/22%
Gen 13606 | fit 149.890 | fold Calmar 597.22/ 0.40/ 1.26/ 0.67 | fold DD 21/30/34/22%
Gen 13611 | fit 149.890 | fold Calmar 597.22/ 0.40/ 1.26/ 0.67 | fold DD 21/30/34/22%
Gen 13616 | fit 149.890 | fold Calmar 597.22/ 0.40/ 1.26/ 0.67 | fold DD 21/30/34/22%
Gen 13621 | fit 149.890 | fold Calmar 597.22/ 0.40/ 1.26/ 0.67 | fold DD 21/30/34/22%
Gen 13626 | fit 149.890 | fold Calmar 597.22/ 0.40/ 1.26/ 0.67 | fold DD 21/30/34/22%
Gen 13631 | fit 149.890 | fold Calmar 597.22/ 0.40/ 1.26/ 0.67 | fold DD 21/30/34/22%
Gen 13636 | fit 149.890 | fold Calmar 597.22/ 0.40/ 1.26/ 0.67 | fold DD 21/30/34/22%
Gen 13641 | fit 149.890 | fold Calmar 597.22/ 0.40/ 1.26/ 0.67 | fold DD 21/30/34/22%
Gen 13646 | fit 149.890 | fold Calmar 597.22/ 0.40/ 1.26/ 0.67 | fold DD 21/30/34/22%
Gen 13651 | fit 149.890 | fold Calmar 597.22/ 0.40/ 1.26/ 0.67 | fold DD 21/30/34/22%
Gen 13656 | fit 149.890 | fold Calmar 597.22/ 0.40/ 1.26/ 0.67 | fold DD 21/30/34/22%
Gen 13661 | fit 149.890 | fold Calmar 597.22/ 0.40/ 1.26/ 0.67 | fold DD 21/30/34/22%
Gen 13666 | fit 149.890 | fold Calmar 597.22/ 0.40/ 1.26/ 0.67 | fold DD 21/30/34/22%
Gen 13671 | fit 149.890 | fold Calmar 597.22/ 0.40/ 1.26/ 0.67 | fold DD 21/30/34/22%
Gen 13676 | fit 149.890 | fold Calmar 597.22/ 0.40/ 1.26/ 0.67 | fold DD 21/30/34/22%
Gen 13681 | fit 149.890 | fold Calmar 597.22/ 0.40/ 1.26/ 0.67 | fold DD 21/30/34/22%
Gen 13686 | fit 149.890 | fold Calmar 597.22/ 0.40/ 1.26/ 0.67 | fold DD 21/30/34/22%
Gen 13691 | fit 149.890 | fold Calmar 597.22/ 0.40/ 1.26/ 0.67 | fold DD 21/30/34/22%
Gen 13696 | fit 149.890 | fold Calmar 597.22/ 0.40/ 1.26/ 0.67 | fold DD 21/30/34/22%
Gen 13701 | fit 149.890 | fold Calmar 597.22/ 0.40/ 1.26/ 0.67 | fold DD 21/30/34/22%
Gen 13706 | fit 149.890 | fold Calmar 597.22/ 0.40/ 1.26/ 0.67 | fold DD 21/30/34/22%
Gen 13711 | fit 149.890 | fold Calmar 597.22/ 0.40/ 1.26/ 0.67 | fold DD 21/30/34/22%
Gen 13716 | fit 149.890 | fold Calmar 597.22/ 0.40/ 1.26/ 0.67 | fold DD 21/30/34/22%
Gen 13721 | fit 149.890 | fold Calmar 597.22/ 0.40/ 1.26/ 0.67 | fold DD 21/30/34/22%
Gen 13726 | fit 149.890 | fold Calmar 597.22/ 0.40/ 1.26/ 0.67 | fold DD 21/30/34/22%
Gen 13731 | fit 149.890 | fold Calmar 597.22/ 0.40/ 1.26/ 0.67 | fold DD 21/30/34/22%
Gen 13736 | fit 149.890 | fold Calmar 597.22/ 0.40/ 1.26/ 0.67 | fold DD 21/30/34/22%
Gen 13741 | fit 149.890 | fold Calmar 597.22/ 0.40/ 1.26/ 0.67 | fold DD 21/30/34/22%
Gen 13746 | fit 149.890 | fold Calmar 597.22/ 0.40/ 1.26/ 0.67 | fold DD 21/30/34/22%
Gen 13751 | fit 149.890 | fold Calmar 597.22/ 0.40/ 1.26/ 0.67 | fold DD 21/30/34/22%
Gen 13756 | fit 149.890 | fold Calmar 597.22/ 0.40/ 1.26/ 0.67 | fold DD 21/30/34/22%
Gen 13761 | fit 149.890 | fold Calmar 597.22/ 0.40/ 1.26/ 0.67 | fold DD 21/30/34/22%
Gen 13766 | fit 149.890 | fold Calmar 597.22/ 0.40/ 1.26/ 0.67 | fold DD 21/30/34/22%
Gen 13771 | fit 149.890 | fold Calmar 597.22/ 0.40/ 1.26/ 0.67 | fold DD 21/30/34/22%
Gen 13776 | fit 149.890 | fold Calmar 597.22/ 0.40/ 1.26/ 0.67 | fold DD 21/30/34/22%
Gen 13781 | fit 149.890 | fold Calmar 597.22/ 0.40/ 1.26/ 0.67 | fold DD 21/30/34/22%
Gen 13786 | fit 149.890 | fold Calmar 597.22/ 0.40/ 1.26/ 0.67 | fold DD 21/30/34/22%
Gen 13791 | fit 149.890 | fold Calmar 597.22/ 0.40/ 1.26/ 0.67 | fold DD 21/30/34/22%
Gen 13796 | fit 149.890 | fold Calmar 597.22/ 0.40/ 1.26/ 0.67 | fold DD 21/30/34/22%
Gen 13801 | fit 149.890 | fold Calmar 597.22/ 0.40/ 1.26/ 0.67 | fold DD 21/30/34/22%
Gen 13806 | fit 149.890 | fold Calmar 597.22/ 0.40/ 1.26/ 0.67 | fold DD 21/30/34/22%
Gen 13811 | fit 149.890 | fold Calmar 597.22/ 0.40/ 1.26/ 0.67 | fold DD 21/30/34/22%
Gen 13816 | fit 149.890 | fold Calmar 597.22/ 0.40/ 1.26/ 0.67 | fold DD 21/30/34/22%
Gen 13821 | fit 149.890 | fold Calmar 597.22/ 0.40/ 1.26/ 0.67 | fold DD 21/30/34/22%
Gen 13826 | fit 149.890 | fold Calmar 597.22/ 0.40/ 1.26/ 0.67 | fold DD 21/30/34/22%
Gen 13831 | fit 149.890 | fold Calmar 597.22/ 0.40/ 1.26/ 0.67 | fold DD 21/30/34/22%
Gen 13836 | fit 149.890 | fold Calmar 597.22/ 0.40/ 1.26/ 0.67 | fold DD 21/30/34/22%
Gen 13841 | fit 149.890 | fold Calmar 597.22/ 0.40/ 1.26/ 0.67 | fold DD 21/30/34/22%
Gen 13846 | fit 149.890 | fold Calmar 597.22/ 0.40/ 1.26/ 0.67 | fold DD 21/30/34/22%
Gen 13851 | fit 149.890 | fold Calmar 597.22/ 0.40/ 1.26/ 0.67 | fold DD 21/30/34/22%
Gen 13856 | fit 149.890 | fold Calmar 597.22/ 0.40/ 1.26/ 0.67 | fold DD 21/30/34/22%
Gen 13861 | fit 149.890 | fold Calmar 597.22/ 0.40/ 1.26/ 0.67 | fold DD 21/30/34/22%
Gen 13866 | fit 149.890 | fold Calmar 597.22/ 0.40/ 1.26/ 0.67 | fold DD 21/30/34/22%
Gen 13871 | fit 149.890 | fold Calmar 597.22/ 0.40/ 1.26/ 0.67 | fold DD 21/30/34/22%
Gen 13876 | fit 149.890 | fold Calmar 597.22/ 0.40/ 1.26/ 0.67 | fold DD 21/30/34/22%
Gen 13881 | fit 149.890 | fold Calmar 597.22/ 0.40/ 1.26/ 0.67 | fold DD 21/30/34/22%
Gen 13886 | fit 149.890 | fold Calmar 597.22/ 0.40/ 1.26/ 0.67 | fold DD 21/30/34/22%
Gen 13891 | fit 149.890 | fold Calmar 597.22/ 0.40/ 1.26/ 0.67 | fold DD 21/30/34/22%
Gen 13896 | fit 149.890 | fold Calmar 597.22/ 0.40/ 1.26/ 0.67 | fold DD 21/30/34/22%
Gen 13901 | fit 149.890 | fold Calmar 597.22/ 0.40/ 1.26/ 0.67 | fold DD 21/30/34/22%
Gen 13906 | fit 149.890 | fold Calmar 597.22/ 0.40/ 1.26/ 0.67 | fold DD 21/30/34/22%
Gen 13911 | fit 149.890 | fold Calmar 597.22/ 0.40/ 1.26/ 0.67 | fold DD 21/30/34/22%
Gen 13916 | fit 149.890 | fold Calmar 597.22/ 0.40/ 1.26/ 0.67 | fold DD 21/30/34/22%
Gen 13921 | fit 149.890 | fold Calmar 597.22/ 0.40/ 1.26/ 0.67 | fold DD 21/30/34/22%
Gen 13926 | fit 149.890 | fold Calmar 597.22/ 0.40/ 1.26/ 0.67 | fold DD 21/30/34/22%
Gen 13931 | fit 149.890 | fold Calmar 597.22/ 0.40/ 1.26/ 0.67 | fold DD 21/30/34/22%
Gen 13936 | fit 149.890 | fold Calmar 597.22/ 0.40/ 1.26/ 0.67 | fold DD 21/30/34/22%
Gen 13941 | fit 149.890 | fold Calmar 597.22/ 0.40/ 1.26/ 0.67 | fold DD 21/30/34/22%
Gen 13946 | fit 149.890 | fold Calmar 597.22/ 0.40/ 1.26/ 0.67 | fold DD 21/30/34/22%
Gen 13951 | fit 149.890 | fold Calmar 597.22/ 0.40/ 1.26/ 0.67 | fold DD 21/30/34/22%
Gen 13956 | fit 149.890 | fold Calmar 597.22/ 0.40/ 1.26/ 0.67 | fold DD 21/30/34/22%
Gen 13961 | fit 149.890 | fold Calmar 597.22/ 0.40/ 1.26/ 0.67 | fold DD 21/30/34/22%
Gen 13966 | fit 149.890 | fold Calmar 597.22/ 0.40/ 1.26/ 0.67 | fold DD 21/30/34/22%
Gen 13971 | fit 149.890 | fold Calmar 597.22/ 0.40/ 1.26/ 0.67 | fold DD 21/30/34/22%
Gen 13976 | fit 149.890 | fold Calmar 597.22/ 0.40/ 1.26/ 0.67 | fold DD 21/30/34/22%
Gen 13981 | fit 149.890 | fold Calmar 597.22/ 0.40/ 1.26/ 0.67 | fold DD 21/30/34/22%
Gen 13986 | fit 149.890 | fold Calmar 597.22/ 0.40/ 1.26/ 0.67 | fold DD 21/30/34/22%
Gen 13991 | fit 149.890 | fold Calmar 597.22/ 0.40/ 1.26/ 0.67 | fold DD 21/30/34/22%
Gen 13996 | fit 149.890 | fold Calmar 597.22/ 0.40/ 1.26/ 0.67 | fold DD 21/30/34/22%
Gen 14001 | fit 149.890 | fold Calmar 597.22/ 0.40/ 1.26/ 0.67 | fold DD 21/30/34/22%
Gen 14006 | fit 149.890 | fold Calmar 597.22/ 0.40/ 1.26/ 0.67 | fold DD 21/30/34/22%
Gen 14011 | fit 149.890 | fold Calmar 597.22/ 0.40/ 1.26/ 0.67 | fold DD 21/30/34/22%
Gen 14016 | fit 149.890 | fold Calmar 597.22/ 0.40/ 1.26/ 0.67 | fold DD 21/30/34/22%
Gen 14021 | fit 149.890 | fold Calmar 597.22/ 0.40/ 1.26/ 0.67 | fold DD 21/30/34/22%
Gen 14026 | fit 149.890 | fold Calmar 597.22/ 0.40/ 1.26/ 0.67 | fold DD 21/30/34/22%
Gen 14031 | fit 149.890 | fold Calmar 597.22/ 0.40/ 1.26/ 0.67 | fold DD 21/30/34/22%
Gen 14036 | fit 149.890 | fold Calmar 597.22/ 0.40/ 1.26/ 0.67 | fold DD 21/30/34/22%
Gen 14041 | fit 149.890 | fold Calmar 597.22/ 0.40/ 1.26/ 0.67 | fold DD 21/30/34/22%
Gen 14046 | fit 149.890 | fold Calmar 597.22/ 0.40/ 1.26/ 0.67 | fold DD 21/30/34/22%
Gen 14051 | fit 149.890 | fold Calmar 597.22/ 0.40/ 1.26/ 0.67 | fold DD 21/30/34/22%
Gen 14056 | fit 149.890 | fold Calmar 597.22/ 0.40/ 1.26/ 0.67 | fold DD 21/30/34/22%
Gen 14061 | fit 149.890 | fold Calmar 597.22/ 0.40/ 1.26/ 0.67 | fold DD 21/30/34/22%
Gen 14066 | fit 149.890 | fold Calmar 597.22/ 0.40/ 1.26/ 0.67 | fold DD 21/30/34/22%
Gen 14071 | fit 149.890 | fold Calmar 597.22/ 0.40/ 1.26/ 0.67 | fold DD 21/30/34/22%
Gen 14076 | fit 149.890 | fold Calmar 597.22/ 0.40/ 1.26/ 0.67 | fold DD 21/30/34/22%
Gen 14081 | fit 149.890 | fold Calmar 597.22/ 0.40/ 1.26/ 0.67 | fold DD 21/30/34/22%
Gen 14086 | fit 149.890 | fold Calmar 597.22/ 0.40/ 1.26/ 0.67 | fold DD 21/30/34/22%
Gen 14091 | fit 149.890 | fold Calmar 597.22/ 0.40/ 1.26/ 0.67 | fold DD 21/30/34/22%
Gen 14096 | fit 149.890 | fold Calmar 597.22/ 0.40/ 1.26/ 0.67 | fold DD 21/30/34/22%
Gen 14101 | fit 149.890 | fold Calmar 597.22/ 0.40/ 1.26/ 0.67 | fold DD 21/30/34/22%
Gen 14106 | fit 149.890 | fold Calmar 597.22/ 0.40/ 1.26/ 0.67 | fold DD 21/30/34/22%
Gen 14111 | fit 149.890 | fold Calmar 597.22/ 0.40/ 1.26/ 0.67 | fold DD 21/30/34/22%
Gen 14116 | fit 149.890 | fold Calmar 597.22/ 0.40/ 1.26/ 0.67 | fold DD 21/30/34/22%
Gen 14121 | fit 149.890 | fold Calmar 597.22/ 0.40/ 1.26/ 0.67 | fold DD 21/30/34/22%
Gen 14126 | fit 149.890 | fold Calmar 597.22/ 0.40/ 1.26/ 0.67 | fold DD 21/30/34/22%
Gen 14131 | fit 149.890 | fold Calmar 597.22/ 0.40/ 1.26/ 0.67 | fold DD 21/30/34/22%
Gen 14136 | fit 149.890 | fold Calmar 597.22/ 0.40/ 1.26/ 0.67 | fold DD 21/30/34/22%
Gen 14141 | fit 149.890 | fold Calmar 597.22/ 0.40/ 1.26/ 0.67 | fold DD 21/30/34/22%
Gen 14146 | fit 149.890 | fold Calmar 597.22/ 0.40/ 1.26/ 0.67 | fold DD 21/30/34/22%
Gen 14151 | fit 149.890 | fold Calmar 597.22/ 0.40/ 1.26/ 0.67 | fold DD 21/30/34/22%
Gen 14156 | fit 149.890 | fold Calmar 597.22/ 0.40/ 1.26/ 0.67 | fold DD 21/30/34/22%
Gen 14161 | fit 149.890 | fold Calmar 597.22/ 0.40/ 1.26/ 0.67 | fold DD 21/30/34/22%
Gen 14166 | fit 149.890 | fold Calmar 597.22/ 0.40/ 1.26/ 0.67 | fold DD 21/30/34/22%
Gen 14171 | fit 149.890 | fold Calmar 597.22/ 0.40/ 1.26/ 0.67 | fold DD 21/30/34/22%
Gen 14176 | fit 149.890 | fold Calmar 597.22/ 0.40/ 1.26/ 0.67 | fold DD 21/30/34/22%
Gen 14181 | fit 149.890 | fold Calmar 597.22/ 0.40/ 1.26/ 0.67 | fold DD 21/30/34/22%
Gen 14186 | fit 149.890 | fold Calmar 597.22/ 0.40/ 1.26/ 0.67 | fold DD 21/30/34/22%
Gen 14191 | fit 149.890 | fold Calmar 597.22/ 0.40/ 1.26/ 0.67 | fold DD 21/30/34/22%
Gen 14196 | fit 149.890 | fold Calmar 597.22/ 0.40/ 1.26/ 0.67 | fold DD 21/30/34/22%
Gen 14201 | fit 149.890 | fold Calmar 597.22/ 0.40/ 1.26/ 0.67 | fold DD 21/30/34/22%
Gen 14206 | fit 149.890 | fold Calmar 597.22/ 0.40/ 1.26/ 0.67 | fold DD 21/30/34/22%
Gen 14211 | fit 149.890 | fold Calmar 597.22/ 0.40/ 1.26/ 0.67 | fold DD 21/30/34/22%
Gen 14216 | fit 149.890 | fold Calmar 597.22/ 0.40/ 1.26/ 0.67 | fold DD 21/30/34/22%
Gen 14221 | fit 149.890 | fold Calmar 597.22/ 0.40/ 1.26/ 0.67 | fold DD 21/30/34/22%
Gen 14226 | fit 149.890 | fold Calmar 597.22/ 0.40/ 1.26/ 0.67 | fold DD 21/30/34/22%
Gen 14231 | fit 149.890 | fold Calmar 597.22/ 0.40/ 1.26/ 0.67 | fold DD 21/30/34/22%
Gen 14236 | fit 149.890 | fold Calmar 597.22/ 0.40/ 1.26/ 0.67 | fold DD 21/30/34/22%
Gen 14241 | fit 149.890 | fold Calmar 597.22/ 0.40/ 1.26/ 0.67 | fold DD 21/30/34/22%
Gen 14246 | fit 149.890 | fold Calmar 597.22/ 0.40/ 1.26/ 0.67 | fold DD 21/30/34/22%
Gen 14251 | fit 149.890 | fold Calmar 597.22/ 0.40/ 1.26/ 0.67 | fold DD 21/30/34/22%
Gen 14256 | fit 149.890 | fold Calmar 597.22/ 0.40/ 1.26/ 0.67 | fold DD 21/30/34/22%
Gen 14261 | fit 149.890 | fold Calmar 597.22/ 0.40/ 1.26/ 0.67 | fold DD 21/30/34/22%
Gen 14266 | fit 149.890 | fold Calmar 597.22/ 0.40/ 1.26/ 0.67 | fold DD 21/30/34/22%
Gen 14271 | fit 149.890 | fold Calmar 597.22/ 0.40/ 1.26/ 0.67 | fold DD 21/30/34/22%
Gen 14276 | fit 149.890 | fold Calmar 597.22/ 0.40/ 1.26/ 0.67 | fold DD 21/30/34/22%
Gen 14281 | fit 149.890 | fold Calmar 597.22/ 0.40/ 1.26/ 0.67 | fold DD 21/30/34/22%
Gen 14286 | fit 149.890 | fold Calmar 597.22/ 0.40/ 1.26/ 0.67 | fold DD 21/30/34/22%
Gen 14291 | fit 149.890 | fold Calmar 597.22/ 0.40/ 1.26/ 0.67 | fold DD 21/30/34/22%
Gen 14296 | fit 149.890 | fold Calmar 597.22/ 0.40/ 1.26/ 0.67 | fold DD 21/30/34/22%
Gen 14301 | fit 149.890 | fold Calmar 597.22/ 0.40/ 1.26/ 0.67 | fold DD 21/30/34/22%
Gen 14306 | fit 149.890 | fold Calmar 597.22/ 0.40/ 1.26/ 0.67 | fold DD 21/30/34/22%
Gen 14311 | fit 149.890 | fold Calmar 597.22/ 0.40/ 1.26/ 0.67 | fold DD 21/30/34/22%
Gen 14316 | fit 149.890 | fold Calmar 597.22/ 0.40/ 1.26/ 0.67 | fold DD 21/30/34/22%
Gen 14321 | fit 149.890 | fold Calmar 597.22/ 0.40/ 1.26/ 0.67 | fold DD 21/30/34/22%
Gen 14326 | fit 149.890 | fold Calmar 597.22/ 0.40/ 1.26/ 0.67 | fold DD 21/30/34/22%
Gen 14331 | fit 149.890 | fold Calmar 597.22/ 0.40/ 1.26/ 0.67 | fold DD 21/30/34/22%
Gen 14336 | fit 149.890 | fold Calmar 597.22/ 0.40/ 1.26/ 0.67 | fold DD 21/30/34/22%
Gen 14341 | fit 149.890 | fold Calmar 597.22/ 0.40/ 1.26/ 0.67 | fold DD 21/30/34/22%
Gen 14346 | fit 149.890 | fold Calmar 597.22/ 0.40/ 1.26/ 0.67 | fold DD 21/30/34/22%
Gen 14351 | fit 149.890 | fold Calmar 597.22/ 0.40/ 1.26/ 0.67 | fold DD 21/30/34/22%
Gen 14356 | fit 149.890 | fold Calmar 597.22/ 0.40/ 1.26/ 0.67 | fold DD 21/30/34/22%
Gen 14361 | fit 149.890 | fold Calmar 597.22/ 0.40/ 1.26/ 0.67 | fold DD 21/30/34/22%
Gen 14366 | fit 149.890 | fold Calmar 597.22/ 0.40/ 1.26/ 0.67 | fold DD 21/30/34/22%
Gen 14371 | fit 149.890 | fold Calmar 597.22/ 0.40/ 1.26/ 0.67 | fold DD 21/30/34/22%
Gen 14376 | fit 149.890 | fold Calmar 597.22/ 0.40/ 1.26/ 0.67 | fold DD 21/30/34/22%
Gen 14381 | fit 149.890 | fold Calmar 597.22/ 0.40/ 1.26/ 0.67 | fold DD 21/30/34/22%
Gen 14386 | fit 149.890 | fold Calmar 597.22/ 0.40/ 1.26/ 0.67 | fold DD 21/30/34/22%
Gen 14391 | fit 149.890 | fold Calmar 597.22/ 0.40/ 1.26/ 0.67 | fold DD 21/30/34/22%
Gen 14396 | fit 149.890 | fold Calmar 597.22/ 0.40/ 1.26/ 0.67 | fold DD 21/30/34/22%
Gen 14401 | fit 149.890 | fold Calmar 597.22/ 0.40/ 1.26/ 0.67 | fold DD 21/30/34/22%
Gen 14406 | fit 149.890 | fold Calmar 597.22/ 0.40/ 1.26/ 0.67 | fold DD 21/30/34/22%
Gen 14411 | fit 149.890 | fold Calmar 597.22/ 0.40/ 1.26/ 0.67 | fold DD 21/30/34/22%
Gen 14416 | fit 149.890 | fold Calmar 597.22/ 0.40/ 1.26/ 0.67 | fold DD 21/30/34/22%
Gen 14421 | fit 149.890 | fold Calmar 597.22/ 0.40/ 1.26/ 0.67 | fold DD 21/30/34/22%
Gen 14426 | fit 149.890 | fold Calmar 597.22/ 0.40/ 1.26/ 0.67 | fold DD 21/30/34/22%
Gen 14431 | fit 149.890 | fold Calmar 597.22/ 0.40/ 1.26/ 0.67 | fold DD 21/30/34/22%
Gen 14436 | fit 149.890 | fold Calmar 597.22/ 0.40/ 1.26/ 0.67 | fold DD 21/30/34/22%
Gen 14441 | fit 149.890 | fold Calmar 597.22/ 0.40/ 1.26/ 0.67 | fold DD 21/30/34/22%
Gen 14446 | fit 149.890 | fold Calmar 597.22/ 0.40/ 1.26/ 0.67 | fold DD 21/30/34/22%
Gen 14451 | fit 149.890 | fold Calmar 597.22/ 0.40/ 1.26/ 0.67 | fold DD 21/30/34/22%
Gen 14456 | fit 149.890 | fold Calmar 597.22/ 0.40/ 1.26/ 0.67 | fold DD 21/30/34/22%
Gen 14461 | fit 149.890 | fold Calmar 597.22/ 0.40/ 1.26/ 0.67 | fold DD 21/30/34/22%
Gen 14466 | fit 149.890 | fold Calmar 597.22/ 0.40/ 1.26/ 0.67 | fold DD 21/30/34/22%
Gen 14471 | fit 149.890 | fold Calmar 597.22/ 0.40/ 1.26/ 0.67 | fold DD 21/30/34/22%
Gen 14476 | fit 149.890 | fold Calmar 597.22/ 0.40/ 1.26/ 0.67 | fold DD 21/30/34/22%
Gen 14481 | fit 149.890 | fold Calmar 597.22/ 0.40/ 1.26/ 0.67 | fold DD 21/30/34/22%
Gen 14486 | fit 149.890 | fold Calmar 597.22/ 0.40/ 1.26/ 0.67 | fold DD 21/30/34/22%
Gen 14491 | fit 149.890 | fold Calmar 597.22/ 0.40/ 1.26/ 0.67 | fold DD 21/30/34/22%
Gen 14496 | fit 149.890 | fold Calmar 597.22/ 0.40/ 1.26/ 0.67 | fold DD 21/30/34/22%
Gen 14501 | fit 149.890 | fold Calmar 597.22/ 0.40/ 1.26/ 0.67 | fold DD 21/30/34/22%
Gen 14506 | fit 149.890 | fold Calmar 597.22/ 0.40/ 1.26/ 0.67 | fold DD 21/30/34/22%
Gen 14511 | fit 149.890 | fold Calmar 597.22/ 0.40/ 1.26/ 0.67 | fold DD 21/30/34/22%
Gen 14516 | fit 149.890 | fold Calmar 597.22/ 0.40/ 1.26/ 0.67 | fold DD 21/30/34/22%
Gen 14521 | fit 149.890 | fold Calmar 597.22/ 0.40/ 1.26/ 0.67 | fold DD 21/30/34/22%
Gen 14526 | fit 149.890 | fold Calmar 597.22/ 0.40/ 1.26/ 0.67 | fold DD 21/30/34/22%
Gen 14531 | fit 149.890 | fold Calmar 597.22/ 0.40/ 1.26/ 0.67 | fold DD 21/30/34/22%
Gen 14536 | fit 149.890 | fold Calmar 597.22/ 0.40/ 1.26/ 0.67 | fold DD 21/30/34/22%
Gen 14541 | fit 149.890 | fold Calmar 597.22/ 0.40/ 1.26/ 0.67 | fold DD 21/30/34/22%
Gen 14546 | fit 149.890 | fold Calmar 597.22/ 0.40/ 1.26/ 0.67 | fold DD 21/30/34/22%
Gen 14551 | fit 149.890 | fold Calmar 597.22/ 0.40/ 1.26/ 0.67 | fold DD 21/30/34/22%
Gen 14556 | fit 149.890 | fold Calmar 597.22/ 0.40/ 1.26/ 0.67 | fold DD 21/30/34/22%
Gen 14561 | fit 149.890 | fold Calmar 597.22/ 0.40/ 1.26/ 0.67 | fold DD 21/30/34/22%
Gen 14566 | fit 149.890 | fold Calmar 597.22/ 0.40/ 1.26/ 0.67 | fold DD 21/30/34/22%
Gen 14571 | fit 149.890 | fold Calmar 597.22/ 0.40/ 1.26/ 0.67 | fold DD 21/30/34/22%
Gen 14576 | fit 149.890 | fold Calmar 597.22/ 0.40/ 1.26/ 0.67 | fold DD 21/30/34/22%
Gen 14581 | fit 149.890 | fold Calmar 597.22/ 0.40/ 1.26/ 0.67 | fold DD 21/30/34/22%
Gen 14586 | fit 149.890 | fold Calmar 597.22/ 0.40/ 1.26/ 0.67 | fold DD 21/30/34/22%
Gen 14591 | fit 149.890 | fold Calmar 597.22/ 0.40/ 1.26/ 0.67 | fold DD 21/30/34/22%
Gen 14596 | fit 149.890 | fold Calmar 597.22/ 0.40/ 1.26/ 0.67 | fold DD 21/30/34/22%
Gen 14601 | fit 149.890 | fold Calmar 597.22/ 0.40/ 1.26/ 0.67 | fold DD 21/30/34/22%
Gen 14606 | fit 149.890 | fold Calmar 597.22/ 0.40/ 1.26/ 0.67 | fold DD 21/30/34/22%
Gen 14611 | fit 149.890 | fold Calmar 597.22/ 0.40/ 1.26/ 0.67 | fold DD 21/30/34/22%
Gen 14616 | fit 149.890 | fold Calmar 597.22/ 0.40/ 1.26/ 0.67 | fold DD 21/30/34/22%
Gen 14621 | fit 149.890 | fold Calmar 597.22/ 0.40/ 1.26/ 0.67 | fold DD 21/30/34/22%
Gen 14626 | fit 149.890 | fold Calmar 597.22/ 0.40/ 1.26/ 0.67 | fold DD 21/30/34/22%
Gen 14631 | fit 149.890 | fold Calmar 597.22/ 0.40/ 1.26/ 0.67 | fold DD 21/30/34/22%
Gen 14636 | fit 149.890 | fold Calmar 597.22/ 0.40/ 1.26/ 0.67 | fold DD 21/30/34/22%
Gen 14641 | fit 149.890 | fold Calmar 597.22/ 0.40/ 1.26/ 0.67 | fold DD 21/30/34/22%
Gen 14646 | fit 149.890 | fold Calmar 597.22/ 0.40/ 1.26/ 0.67 | fold DD 21/30/34/22%
Gen 14651 | fit 149.890 | fold Calmar 597.22/ 0.40/ 1.26/ 0.67 | fold DD 21/30/34/22%
Gen 14656 | fit 149.890 | fold Calmar 597.22/ 0.40/ 1.26/ 0.67 | fold DD 21/30/34/22%
Gen 14661 | fit 149.890 | fold Calmar 597.22/ 0.40/ 1.26/ 0.67 | fold DD 21/30/34/22%
Gen 14666 | fit 149.890 | fold Calmar 597.22/ 0.40/ 1.26/ 0.67 | fold DD 21/30/34/22%
Gen 14671 | fit 149.890 | fold Calmar 597.22/ 0.40/ 1.26/ 0.67 | fold DD 21/30/34/22%
Gen 14676 | fit 149.890 | fold Calmar 597.22/ 0.40/ 1.26/ 0.67 | fold DD 21/30/34/22%
Gen 14681 | fit 149.890 | fold Calmar 597.22/ 0.40/ 1.26/ 0.67 | fold DD 21/30/34/22%
Gen 14686 | fit 149.890 | fold Calmar 597.22/ 0.40/ 1.26/ 0.67 | fold DD 21/30/34/22%
Gen 14691 | fit 149.890 | fold Calmar 597.22/ 0.40/ 1.26/ 0.67 | fold DD 21/30/34/22%
Gen 14696 | fit 149.890 | fold Calmar 597.22/ 0.40/ 1.26/ 0.67 | fold DD 21/30/34/22%
Gen 14701 | fit 149.890 | fold Calmar 597.22/ 0.40/ 1.26/ 0.67 | fold DD 21/30/34/22%
Gen 14706 | fit 149.890 | fold Calmar 597.22/ 0.40/ 1.26/ 0.67 | fold DD 21/30/34/22%
Gen 14711 | fit 149.890 | fold Calmar 597.22/ 0.40/ 1.26/ 0.67 | fold DD 21/30/34/22%
Gen 14716 | fit 149.890 | fold Calmar 597.22/ 0.40/ 1.26/ 0.67 | fold DD 21/30/34/22%
Gen 14721 | fit 149.890 | fold Calmar 597.22/ 0.40/ 1.26/ 0.67 | fold DD 21/30/34/22%
Gen 14726 | fit 149.890 | fold Calmar 597.22/ 0.40/ 1.26/ 0.67 | fold DD 21/30/34/22%
Gen 14731 | fit 149.890 | fold Calmar 597.22/ 0.40/ 1.26/ 0.67 | fold DD 21/30/34/22%
Gen 14736 | fit 149.890 | fold Calmar 597.22/ 0.40/ 1.26/ 0.67 | fold DD 21/30/34/22%
Gen 14741 | fit 149.890 | fold Calmar 597.22/ 0.40/ 1.26/ 0.67 | fold DD 21/30/34/22%
Gen 14746 | fit 149.890 | fold Calmar 597.22/ 0.40/ 1.26/ 0.67 | fold DD 21/30/34/22%
Gen 14751 | fit 149.890 | fold Calmar 597.22/ 0.40/ 1.26/ 0.67 | fold DD 21/30/34/22%
Gen 14756 | fit 149.890 | fold Calmar 597.22/ 0.40/ 1.26/ 0.67 | fold DD 21/30/34/22%
Gen 14761 | fit 149.890 | fold Calmar 597.22/ 0.40/ 1.26/ 0.67 | fold DD 21/30/34/22%
Gen 14766 | fit 149.890 | fold Calmar 597.22/ 0.40/ 1.26/ 0.67 | fold DD 21/30/34/22%
Gen 14771 | fit 149.890 | fold Calmar 597.22/ 0.40/ 1.26/ 0.67 | fold DD 21/30/34/22%
Gen 14776 | fit 149.890 | fold Calmar 597.22/ 0.40/ 1.26/ 0.67 | fold DD 21/30/34/22%
Gen 14781 | fit 149.890 | fold Calmar 597.22/ 0.40/ 1.26/ 0.67 | fold DD 21/30/34/22%
Gen 14786 | fit 149.890 | fold Calmar 597.22/ 0.40/ 1.26/ 0.67 | fold DD 21/30/34/22%
Gen 14791 | fit 149.890 | fold Calmar 597.22/ 0.40/ 1.26/ 0.67 | fold DD 21/30/34/22%
Gen 14796 | fit 149.890 | fold Calmar 597.22/ 0.40/ 1.26/ 0.67 | fold DD 21/30/34/22%
Gen 14801 | fit 149.890 | fold Calmar 597.22/ 0.40/ 1.26/ 0.67 | fold DD 21/30/34/22%
Gen 14806 | fit 149.890 | fold Calmar 597.22/ 0.40/ 1.26/ 0.67 | fold DD 21/30/34/22%
Gen 14811 | fit 149.890 | fold Calmar 597.22/ 0.40/ 1.26/ 0.67 | fold DD 21/30/34/22%
Gen 14816 | fit 149.890 | fold Calmar 597.22/ 0.40/ 1.26/ 0.67 | fold DD 21/30/34/22%
Gen 14821 | fit 149.890 | fold Calmar 597.22/ 0.40/ 1.26/ 0.67 | fold DD 21/30/34/22%
Gen 14826 | fit 149.890 | fold Calmar 597.22/ 0.40/ 1.26/ 0.67 | fold DD 21/30/34/22%
Gen 14831 | fit 149.890 | fold Calmar 597.22/ 0.40/ 1.26/ 0.67 | fold DD 21/30/34/22%
Gen 14836 | fit 149.890 | fold Calmar 597.22/ 0.40/ 1.26/ 0.67 | fold DD 21/30/34/22%
Gen 14841 | fit 149.890 | fold Calmar 597.22/ 0.40/ 1.26/ 0.67 | fold DD 21/30/34/22%
Gen 14846 | fit 149.890 | fold Calmar 597.22/ 0.40/ 1.26/ 0.67 | fold DD 21/30/34/22%
Gen 14851 | fit 149.890 | fold Calmar 597.22/ 0.40/ 1.26/ 0.67 | fold DD 21/30/34/22%
Gen 14856 | fit 149.890 | fold Calmar 597.22/ 0.40/ 1.26/ 0.67 | fold DD 21/30/34/22%
Gen 14861 | fit 149.890 | fold Calmar 597.22/ 0.40/ 1.26/ 0.67 | fold DD 21/30/34/22%
Gen 14866 | fit 149.890 | fold Calmar 597.22/ 0.40/ 1.26/ 0.67 | fold DD 21/30/34/22%
Gen 14871 | fit 149.890 | fold Calmar 597.22/ 0.40/ 1.26/ 0.67 | fold DD 21/30/34/22%
Gen 14876 | fit 149.890 | fold Calmar 597.22/ 0.40/ 1.26/ 0.67 | fold DD 21/30/34/22%
Gen 14881 | fit 149.890 | fold Calmar 597.22/ 0.40/ 1.26/ 0.67 | fold DD 21/30/34/22%
Gen 14886 | fit 149.890 | fold Calmar 597.22/ 0.40/ 1.26/ 0.67 | fold DD 21/30/34/22%
Gen 14891 | fit 149.890 | fold Calmar 597.22/ 0.40/ 1.26/ 0.67 | fold DD 21/30/34/22%
Gen 14896 | fit 149.890 | fold Calmar 597.22/ 0.40/ 1.26/ 0.67 | fold DD 21/30/34/22%
Gen 14901 | fit 149.890 | fold Calmar 597.22/ 0.40/ 1.26/ 0.67 | fold DD 21/30/34/22%
Gen 14906 | fit 149.890 | fold Calmar 597.22/ 0.40/ 1.26/ 0.67 | fold DD 21/30/34/22%
Gen 14911 | fit 149.890 | fold Calmar 597.22/ 0.40/ 1.26/ 0.67 | fold DD 21/30/34/22%
Gen 14916 | fit 149.890 | fold Calmar 597.22/ 0.40/ 1.26/ 0.67 | fold DD 21/30/34/22%
Gen 14921 | fit 149.890 | fold Calmar 597.22/ 0.40/ 1.26/ 0.67 | fold DD 21/30/34/22%
Gen 14926 | fit 149.890 | fold Calmar 597.22/ 0.40/ 1.26/ 0.67 | fold DD 21/30/34/22%
Gen 14931 | fit 149.890 | fold Calmar 597.22/ 0.40/ 1.26/ 0.67 | fold DD 21/30/34/22%
Gen 14936 | fit 149.890 | fold Calmar 597.22/ 0.40/ 1.26/ 0.67 | fold DD 21/30/34/22%
Gen 14941 | fit 149.890 | fold Calmar 597.22/ 0.40/ 1.26/ 0.67 | fold DD 21/30/34/22%
Gen 14946 | fit 149.890 | fold Calmar 597.22/ 0.40/ 1.26/ 0.67 | fold DD 21/30/34/22%
Gen 14951 | fit 149.890 | fold Calmar 597.22/ 0.40/ 1.26/ 0.67 | fold DD 21/30/34/22%
Gen 14956 | fit 149.890 | fold Calmar 597.22/ 0.40/ 1.26/ 0.67 | fold DD 21/30/34/22%
Gen 14961 | fit 149.890 | fold Calmar 597.22/ 0.40/ 1.26/ 0.67 | fold DD 21/30/34/22%
Gen 14966 | fit 149.890 | fold Calmar 597.22/ 0.40/ 1.26/ 0.67 | fold DD 21/30/34/22%
Gen 14971 | fit 149.890 | fold Calmar 597.22/ 0.40/ 1.26/ 0.67 | fold DD 21/30/34/22%
Gen 14976 | fit 149.890 | fold Calmar 597.22/ 0.40/ 1.26/ 0.67 | fold DD 21/30/34/22%
Gen 14981 | fit 149.890 | fold Calmar 597.22/ 0.40/ 1.26/ 0.67 | fold DD 21/30/34/22%
Gen 14986 | fit 149.890 | fold Calmar 597.22/ 0.40/ 1.26/ 0.67 | fold DD 21/30/34/22%
Gen 14991 | fit 149.890 | fold Calmar 597.22/ 0.40/ 1.26/ 0.67 | fold DD 21/30/34/22%
Gen 14996 | fit 149.890 | fold Calmar 597.22/ 0.40/ 1.26/ 0.67 | fold DD 21/30/34/22%
Gen 15001 | fit 149.890 | fold Calmar 597.22/ 0.40/ 1.26/ 0.67 | fold DD 21/30/34/22%
Gen 15006 | fit 149.890 | fold Calmar 597.22/ 0.40/ 1.26/ 0.67 | fold DD 21/30/34/22%
Gen 15011 | fit 149.890 | fold Calmar 597.22/ 0.40/ 1.26/ 0.67 | fold DD 21/30/34/22%
Gen 15016 | fit 149.890 | fold Calmar 597.22/ 0.40/ 1.26/ 0.67 | fold DD 21/30/34/22%
Gen 15021 | fit 149.890 | fold Calmar 597.22/ 0.40/ 1.26/ 0.67 | fold DD 21/30/34/22%
Gen 15026 | fit 149.890 | fold Calmar 597.22/ 0.40/ 1.26/ 0.67 | fold DD 21/30/34/22%
Gen 15031 | fit 149.890 | fold Calmar 597.22/ 0.40/ 1.26/ 0.67 | fold DD 21/30/34/22%
Gen 15036 | fit 149.890 | fold Calmar 597.22/ 0.40/ 1.26/ 0.67 | fold DD 21/30/34/22%
Gen 15041 | fit 149.890 | fold Calmar 597.22/ 0.40/ 1.26/ 0.67 | fold DD 21/30/34/22%
Gen 15046 | fit 149.890 | fold Calmar 597.22/ 0.40/ 1.26/ 0.67 | fold DD 21/30/34/22%
Gen 15051 | fit 149.890 | fold Calmar 597.22/ 0.40/ 1.26/ 0.67 | fold DD 21/30/34/22%
Gen 15056 | fit 149.890 | fold Calmar 597.22/ 0.40/ 1.26/ 0.67 | fold DD 21/30/34/22%
Gen 15061 | fit 149.890 | fold Calmar 597.22/ 0.40/ 1.26/ 0.67 | fold DD 21/30/34/22%
Gen 15066 | fit 149.890 | fold Calmar 597.22/ 0.40/ 1.26/ 0.67 | fold DD 21/30/34/22%
Gen 15071 | fit 149.890 | fold Calmar 597.22/ 0.40/ 1.26/ 0.67 | fold DD 21/30/34/22%
Gen 15076 | fit 149.890 | fold Calmar 597.22/ 0.40/ 1.26/ 0.67 | fold DD 21/30/34/22%
Gen 15081 | fit 149.890 | fold Calmar 597.22/ 0.40/ 1.26/ 0.67 | fold DD 21/30/34/22%
Gen 15086 | fit 149.890 | fold Calmar 597.22/ 0.40/ 1.26/ 0.67 | fold DD 21/30/34/22%
Gen 15091 | fit 149.890 | fold Calmar 597.22/ 0.40/ 1.26/ 0.67 | fold DD 21/30/34/22%
Gen 15096 | fit 149.890 | fold Calmar 597.22/ 0.40/ 1.26/ 0.67 | fold DD 21/30/34/22%
Gen 15101 | fit 149.890 | fold Calmar 597.22/ 0.40/ 1.26/ 0.67 | fold DD 21/30/34/22%
Gen 15106 | fit 149.890 | fold Calmar 597.22/ 0.40/ 1.26/ 0.67 | fold DD 21/30/34/22%
Gen 15111 | fit 149.890 | fold Calmar 597.22/ 0.40/ 1.26/ 0.67 | fold DD 21/30/34/22%
Gen 15116 | fit 149.890 | fold Calmar 597.22/ 0.40/ 1.26/ 0.67 | fold DD 21/30/34/22%
Gen 15121 | fit 149.890 | fold Calmar 597.22/ 0.40/ 1.26/ 0.67 | fold DD 21/30/34/22%
Gen 15126 | fit 149.890 | fold Calmar 597.22/ 0.40/ 1.26/ 0.67 | fold DD 21/30/34/22%
Gen 15131 | fit 149.890 | fold Calmar 597.22/ 0.40/ 1.26/ 0.67 | fold DD 21/30/34/22%
Gen 15136 | fit 149.890 | fold Calmar 597.22/ 0.40/ 1.26/ 0.67 | fold DD 21/30/34/22%
Gen 15141 | fit 149.890 | fold Calmar 597.22/ 0.40/ 1.26/ 0.67 | fold DD 21/30/34/22%
Gen 15146 | fit 149.890 | fold Calmar 597.22/ 0.40/ 1.26/ 0.67 | fold DD 21/30/34/22%
Gen 15151 | fit 149.890 | fold Calmar 597.22/ 0.40/ 1.26/ 0.67 | fold DD 21/30/34/22%
Gen 15156 | fit 149.890 | fold Calmar 597.22/ 0.40/ 1.26/ 0.67 | fold DD 21/30/34/22%
Gen 15161 | fit 149.890 | fold Calmar 597.22/ 0.40/ 1.26/ 0.67 | fold DD 21/30/34/22%
Gen 15166 | fit 149.890 | fold Calmar 597.22/ 0.40/ 1.26/ 0.67 | fold DD 21/30/34/22%
Gen 15171 | fit 149.890 | fold Calmar 597.22/ 0.40/ 1.26/ 0.67 | fold DD 21/30/34/22%
Gen 15176 | fit 149.890 | fold Calmar 597.22/ 0.40/ 1.26/ 0.67 | fold DD 21/30/34/22%
Gen 15181 | fit 149.890 | fold Calmar 597.22/ 0.40/ 1.26/ 0.67 | fold DD 21/30/34/22%
Gen 15186 | fit 149.890 | fold Calmar 597.22/ 0.40/ 1.26/ 0.67 | fold DD 21/30/34/22%
Gen 15191 | fit 149.890 | fold Calmar 597.22/ 0.40/ 1.26/ 0.67 | fold DD 21/30/34/22%
Gen 15196 | fit 149.890 | fold Calmar 597.22/ 0.40/ 1.26/ 0.67 | fold DD 21/30/34/22%
Gen 15201 | fit 149.890 | fold Calmar 597.22/ 0.40/ 1.26/ 0.67 | fold DD 21/30/34/22%
Gen 15206 | fit 149.890 | fold Calmar 597.22/ 0.40/ 1.26/ 0.67 | fold DD 21/30/34/22%
Gen 15211 | fit 149.890 | fold Calmar 597.22/ 0.40/ 1.26/ 0.67 | fold DD 21/30/34/22%
Gen 15216 | fit 149.890 | fold Calmar 597.22/ 0.40/ 1.26/ 0.67 | fold DD 21/30/34/22%
Gen 15221 | fit 149.890 | fold Calmar 597.22/ 0.40/ 1.26/ 0.67 | fold DD 21/30/34/22%
Gen 15226 | fit 149.890 | fold Calmar 597.22/ 0.40/ 1.26/ 0.67 | fold DD 21/30/34/22%
Gen 15231 | fit 149.890 | fold Calmar 597.22/ 0.40/ 1.26/ 0.67 | fold DD 21/30/34/22%
Gen 15236 | fit 149.890 | fold Calmar 597.22/ 0.40/ 1.26/ 0.67 | fold DD 21/30/34/22%
Gen 15241 | fit 149.890 | fold Calmar 597.22/ 0.40/ 1.26/ 0.67 | fold DD 21/30/34/22%
Gen 15246 | fit 149.890 | fold Calmar 597.22/ 0.40/ 1.26/ 0.67 | fold DD 21/30/34/22%
Gen 15251 | fit 149.890 | fold Calmar 597.22/ 0.40/ 1.26/ 0.67 | fold DD 21/30/34/22%
Gen 15256 | fit 149.890 | fold Calmar 597.22/ 0.40/ 1.26/ 0.67 | fold DD 21/30/34/22%
Gen 15261 | fit 149.890 | fold Calmar 597.22/ 0.40/ 1.26/ 0.67 | fold DD 21/30/34/22%
Gen 15266 | fit 149.890 | fold Calmar 597.22/ 0.40/ 1.26/ 0.67 | fold DD 21/30/34/22%
Gen 15271 | fit 149.890 | fold Calmar 597.22/ 0.40/ 1.26/ 0.67 | fold DD 21/30/34/22%
Gen 15276 | fit 149.890 | fold Calmar 597.22/ 0.40/ 1.26/ 0.67 | fold DD 21/30/34/22%
Gen 15281 | fit 149.890 | fold Calmar 597.22/ 0.40/ 1.26/ 0.67 | fold DD 21/30/34/22%
Gen 15286 | fit 149.890 | fold Calmar 597.22/ 0.40/ 1.26/ 0.67 | fold DD 21/30/34/22%
Gen 15291 | fit 149.890 | fold Calmar 597.22/ 0.40/ 1.26/ 0.67 | fold DD 21/30/34/22%
Gen 15296 | fit 149.890 | fold Calmar 597.22/ 0.40/ 1.26/ 0.67 | fold DD 21/30/34/22%
Gen 15301 | fit 149.890 | fold Calmar 597.22/ 0.40/ 1.26/ 0.67 | fold DD 21/30/34/22%
Gen 15306 | fit 149.890 | fold Calmar 597.22/ 0.40/ 1.26/ 0.67 | fold DD 21/30/34/22%
Gen 15311 | fit 149.890 | fold Calmar 597.22/ 0.40/ 1.26/ 0.67 | fold DD 21/30/34/22%
Gen 15316 | fit 149.890 | fold Calmar 597.22/ 0.40/ 1.26/ 0.67 | fold DD 21/30/34/22%
Gen 15321 | fit 149.890 | fold Calmar 597.22/ 0.40/ 1.26/ 0.67 | fold DD 21/30/34/22%
Gen 15326 | fit 149.890 | fold Calmar 597.22/ 0.40/ 1.26/ 0.67 | fold DD 21/30/34/22%
Gen 15331 | fit 149.890 | fold Calmar 597.22/ 0.40/ 1.26/ 0.67 | fold DD 21/30/34/22%
Gen 15336 | fit 149.890 | fold Calmar 597.22/ 0.40/ 1.26/ 0.67 | fold DD 21/30/34/22%
Gen 15341 | fit 149.890 | fold Calmar 597.22/ 0.40/ 1.26/ 0.67 | fold DD 21/30/34/22%
Gen 15346 | fit 149.890 | fold Calmar 597.22/ 0.40/ 1.26/ 0.67 | fold DD 21/30/34/22%
Gen 15351 | fit 149.890 | fold Calmar 597.22/ 0.40/ 1.26/ 0.67 | fold DD 21/30/34/22%
Gen 15356 | fit 149.890 | fold Calmar 597.22/ 0.40/ 1.26/ 0.67 | fold DD 21/30/34/22%
Gen 15361 | fit 149.890 | fold Calmar 597.22/ 0.40/ 1.26/ 0.67 | fold DD 21/30/34/22%
Gen 15366 | fit 149.890 | fold Calmar 597.22/ 0.40/ 1.26/ 0.67 | fold DD 21/30/34/22%
Gen 15371 | fit 149.890 | fold Calmar 597.22/ 0.40/ 1.26/ 0.67 | fold DD 21/30/34/22%
Gen 15376 | fit 149.890 | fold Calmar 597.22/ 0.40/ 1.26/ 0.67 | fold DD 21/30/34/22%
Gen 15381 | fit 149.890 | fold Calmar 597.22/ 0.40/ 1.26/ 0.67 | fold DD 21/30/34/22%
Gen 15386 | fit 149.890 | fold Calmar 597.22/ 0.40/ 1.26/ 0.67 | fold DD 21/30/34/22%
Gen 15391 | fit 149.890 | fold Calmar 597.22/ 0.40/ 1.26/ 0.67 | fold DD 21/30/34/22%
Gen 15396 | fit 149.890 | fold Calmar 597.22/ 0.40/ 1.26/ 0.67 | fold DD 21/30/34/22%
Gen 15401 | fit 149.890 | fold Calmar 597.22/ 0.40/ 1.26/ 0.67 | fold DD 21/30/34/22%
Gen 15406 | fit 149.890 | fold Calmar 597.22/ 0.40/ 1.26/ 0.67 | fold DD 21/30/34/22%
Gen 15411 | fit 149.890 | fold Calmar 597.22/ 0.40/ 1.26/ 0.67 | fold DD 21/30/34/22%
Gen 15416 | fit 149.890 | fold Calmar 597.22/ 0.40/ 1.26/ 0.67 | fold DD 21/30/34/22%
Gen 15421 | fit 149.890 | fold Calmar 597.22/ 0.40/ 1.26/ 0.67 | fold DD 21/30/34/22%
Gen 15426 | fit 149.890 | fold Calmar 597.22/ 0.40/ 1.26/ 0.67 | fold DD 21/30/34/22%
Gen 15431 | fit 149.890 | fold Calmar 597.22/ 0.40/ 1.26/ 0.67 | fold DD 21/30/34/22%
Gen 15436 | fit 149.890 | fold Calmar 597.22/ 0.40/ 1.26/ 0.67 | fold DD 21/30/34/22%
Gen 15441 | fit 149.890 | fold Calmar 597.22/ 0.40/ 1.26/ 0.67 | fold DD 21/30/34/22%
Gen 15446 | fit 149.890 | fold Calmar 597.22/ 0.40/ 1.26/ 0.67 | fold DD 21/30/34/22%
Gen 15451 | fit 149.890 | fold Calmar 597.22/ 0.40/ 1.26/ 0.67 | fold DD 21/30/34/22%
Gen 15456 | fit 149.890 | fold Calmar 597.22/ 0.40/ 1.26/ 0.67 | fold DD 21/30/34/22%
Gen 15461 | fit 149.890 | fold Calmar 597.22/ 0.40/ 1.26/ 0.67 | fold DD 21/30/34/22%
Gen 15466 | fit 149.890 | fold Calmar 597.22/ 0.40/ 1.26/ 0.67 | fold DD 21/30/34/22%
Gen 15471 | fit 149.890 | fold Calmar 597.22/ 0.40/ 1.26/ 0.67 | fold DD 21/30/34/22%
Gen 15476 | fit 149.890 | fold Calmar 597.22/ 0.40/ 1.26/ 0.67 | fold DD 21/30/34/22%
Gen 15481 | fit 149.890 | fold Calmar 597.22/ 0.40/ 1.26/ 0.67 | fold DD 21/30/34/22%
Gen 15486 | fit 149.890 | fold Calmar 597.22/ 0.40/ 1.26/ 0.67 | fold DD 21/30/34/22%
Gen 15491 | fit 149.890 | fold Calmar 597.22/ 0.40/ 1.26/ 0.67 | fold DD 21/30/34/22%
Gen 15496 | fit 149.890 | fold Calmar 597.22/ 0.40/ 1.26/ 0.67 | fold DD 21/30/34/22%
Gen 15501 | fit 149.890 | fold Calmar 597.22/ 0.40/ 1.26/ 0.67 | fold DD 21/30/34/22%
Gen 15506 | fit 149.890 | fold Calmar 597.22/ 0.40/ 1.26/ 0.67 | fold DD 21/30/34/22%
Gen 15511 | fit 149.890 | fold Calmar 597.22/ 0.40/ 1.26/ 0.67 | fold DD 21/30/34/22%
Gen 15516 | fit 149.890 | fold Calmar 597.22/ 0.40/ 1.26/ 0.67 | fold DD 21/30/34/22%
Gen 15521 | fit 149.890 | fold Calmar 597.22/ 0.40/ 1.26/ 0.67 | fold DD 21/30/34/22%
Gen 15526 | fit 149.890 | fold Calmar 597.22/ 0.40/ 1.26/ 0.67 | fold DD 21/30/34/22%
Gen 15531 | fit 149.890 | fold Calmar 597.22/ 0.40/ 1.26/ 0.67 | fold DD 21/30/34/22%
Gen 15536 | fit 149.890 | fold Calmar 597.22/ 0.40/ 1.26/ 0.67 | fold DD 21/30/34/22%
Gen 15541 | fit 149.890 | fold Calmar 597.22/ 0.40/ 1.26/ 0.67 | fold DD 21/30/34/22%
Gen 15546 | fit 149.890 | fold Calmar 597.22/ 0.40/ 1.26/ 0.67 | fold DD 21/30/34/22%
Gen 15551 | fit 149.890 | fold Calmar 597.22/ 0.40/ 1.26/ 0.67 | fold DD 21/30/34/22%
Gen 15556 | fit 149.890 | fold Calmar 597.22/ 0.40/ 1.26/ 0.67 | fold DD 21/30/34/22%
Gen 15561 | fit 149.890 | fold Calmar 597.22/ 0.40/ 1.26/ 0.67 | fold DD 21/30/34/22%
Gen 15566 | fit 149.890 | fold Calmar 597.22/ 0.40/ 1.26/ 0.67 | fold DD 21/30/34/22%
Gen 15571 | fit 149.890 | fold Calmar 597.22/ 0.40/ 1.26/ 0.67 | fold DD 21/30/34/22%
Gen 15576 | fit 149.890 | fold Calmar 597.22/ 0.40/ 1.26/ 0.67 | fold DD 21/30/34/22%
Gen 15581 | fit 149.890 | fold Calmar 597.22/ 0.40/ 1.26/ 0.67 | fold DD 21/30/34/22%
Gen 15586 | fit 149.890 | fold Calmar 597.22/ 0.40/ 1.26/ 0.67 | fold DD 21/30/34/22%
Gen 15591 | fit 149.890 | fold Calmar 597.22/ 0.40/ 1.26/ 0.67 | fold DD 21/30/34/22%
Gen 15596 | fit 149.890 | fold Calmar 597.22/ 0.40/ 1.26/ 0.67 | fold DD 21/30/34/22%
Gen 15601 | fit 149.890 | fold Calmar 597.22/ 0.40/ 1.26/ 0.67 | fold DD 21/30/34/22%
Gen 15606 | fit 149.890 | fold Calmar 597.22/ 0.40/ 1.26/ 0.67 | fold DD 21/30/34/22%
Gen 15611 | fit 149.890 | fold Calmar 597.22/ 0.40/ 1.26/ 0.67 | fold DD 21/30/34/22%
Gen 15616 | fit 149.890 | fold Calmar 597.22/ 0.40/ 1.26/ 0.67 | fold DD 21/30/34/22%
Gen 15621 | fit 149.890 | fold Calmar 597.22/ 0.40/ 1.26/ 0.67 | fold DD 21/30/34/22%
Gen 15626 | fit 149.890 | fold Calmar 597.22/ 0.40/ 1.26/ 0.67 | fold DD 21/30/34/22%
Gen 15631 | fit 149.890 | fold Calmar 597.22/ 0.40/ 1.26/ 0.67 | fold DD 21/30/34/22%
Gen 15636 | fit 149.890 | fold Calmar 597.22/ 0.40/ 1.26/ 0.67 | fold DD 21/30/34/22%
Gen 15641 | fit 149.890 | fold Calmar 597.22/ 0.40/ 1.26/ 0.67 | fold DD 21/30/34/22%
Gen 15646 | fit 149.890 | fold Calmar 597.22/ 0.40/ 1.26/ 0.67 | fold DD 21/30/34/22%
Gen 15651 | fit 149.890 | fold Calmar 597.22/ 0.40/ 1.26/ 0.67 | fold DD 21/30/34/22%
Gen 15656 | fit 149.890 | fold Calmar 597.22/ 0.40/ 1.26/ 0.67 | fold DD 21/30/34/22%
Gen 15661 | fit 149.890 | fold Calmar 597.22/ 0.40/ 1.26/ 0.67 | fold DD 21/30/34/22%
Gen 15666 | fit 149.890 | fold Calmar 597.22/ 0.40/ 1.26/ 0.67 | fold DD 21/30/34/22%
Gen 15671 | fit 149.890 | fold Calmar 597.22/ 0.40/ 1.26/ 0.67 | fold DD 21/30/34/22%
Gen 15676 | fit 149.890 | fold Calmar 597.22/ 0.40/ 1.26/ 0.67 | fold DD 21/30/34/22%
Gen 15681 | fit 149.890 | fold Calmar 597.22/ 0.40/ 1.26/ 0.67 | fold DD 21/30/34/22%
Gen 15686 | fit 149.890 | fold Calmar 597.22/ 0.40/ 1.26/ 0.67 | fold DD 21/30/34/22%
Gen 15691 | fit 149.890 | fold Calmar 597.22/ 0.40/ 1.26/ 0.67 | fold DD 21/30/34/22%
Gen 15696 | fit 149.890 | fold Calmar 597.22/ 0.40/ 1.26/ 0.67 | fold DD 21/30/34/22%
Gen 15701 | fit 149.890 | fold Calmar 597.22/ 0.40/ 1.26/ 0.67 | fold DD 21/30/34/22%
Gen 15706 | fit 149.890 | fold Calmar 597.22/ 0.40/ 1.26/ 0.67 | fold DD 21/30/34/22%
Gen 15711 | fit 149.890 | fold Calmar 597.22/ 0.40/ 1.26/ 0.67 | fold DD 21/30/34/22%
Gen 15716 | fit 149.890 | fold Calmar 597.22/ 0.40/ 1.26/ 0.67 | fold DD 21/30/34/22%
Gen 15721 | fit 149.890 | fold Calmar 597.22/ 0.40/ 1.26/ 0.67 | fold DD 21/30/34/22%
Gen 15726 | fit 149.890 | fold Calmar 597.22/ 0.40/ 1.26/ 0.67 | fold DD 21/30/34/22%
Gen 15731 | fit 149.890 | fold Calmar 597.22/ 0.40/ 1.26/ 0.67 | fold DD 21/30/34/22%
Gen 15736 | fit 149.890 | fold Calmar 597.22/ 0.40/ 1.26/ 0.67 | fold DD 21/30/34/22%
Gen 15741 | fit 149.890 | fold Calmar 597.22/ 0.40/ 1.26/ 0.67 | fold DD 21/30/34/22%
Gen 15746 | fit 149.890 | fold Calmar 597.22/ 0.40/ 1.26/ 0.67 | fold DD 21/30/34/22%
Gen 15751 | fit 149.890 | fold Calmar 597.22/ 0.40/ 1.26/ 0.67 | fold DD 21/30/34/22%
Gen 15756 | fit 149.890 | fold Calmar 597.22/ 0.40/ 1.26/ 0.67 | fold DD 21/30/34/22%
Gen 15761 | fit 149.890 | fold Calmar 597.22/ 0.40/ 1.26/ 0.67 | fold DD 21/30/34/22%
Gen 15766 | fit 149.890 | fold Calmar 597.22/ 0.40/ 1.26/ 0.67 | fold DD 21/30/34/22%
Gen 15771 | fit 149.890 | fold Calmar 597.22/ 0.40/ 1.26/ 0.67 | fold DD 21/30/34/22%
Gen 15776 | fit 149.890 | fold Calmar 597.22/ 0.40/ 1.26/ 0.67 | fold DD 21/30/34/22%
Gen 15781 | fit 149.890 | fold Calmar 597.22/ 0.40/ 1.26/ 0.67 | fold DD 21/30/34/22%
Gen 15786 | fit 149.890 | fold Calmar 597.22/ 0.40/ 1.26/ 0.67 | fold DD 21/30/34/22%
Gen 15791 | fit 149.890 | fold Calmar 597.22/ 0.40/ 1.26/ 0.67 | fold DD 21/30/34/22%
Gen 15796 | fit 149.890 | fold Calmar 597.22/ 0.40/ 1.26/ 0.67 | fold DD 21/30/34/22%
Gen 15801 | fit 149.890 | fold Calmar 597.22/ 0.40/ 1.26/ 0.67 | fold DD 21/30/34/22%
Gen 15806 | fit 149.890 | fold Calmar 597.22/ 0.40/ 1.26/ 0.67 | fold DD 21/30/34/22%
Gen 15811 | fit 149.890 | fold Calmar 597.22/ 0.40/ 1.26/ 0.67 | fold DD 21/30/34/22%
Gen 15816 | fit 149.890 | fold Calmar 597.22/ 0.40/ 1.26/ 0.67 | fold DD 21/30/34/22%
Gen 15821 | fit 149.890 | fold Calmar 597.22/ 0.40/ 1.26/ 0.67 | fold DD 21/30/34/22%
Gen 15826 | fit 149.890 | fold Calmar 597.22/ 0.40/ 1.26/ 0.67 | fold DD 21/30/34/22%
Gen 15831 | fit 149.890 | fold Calmar 597.22/ 0.40/ 1.26/ 0.67 | fold DD 21/30/34/22%
Gen 15836 | fit 149.890 | fold Calmar 597.22/ 0.40/ 1.26/ 0.67 | fold DD 21/30/34/22%
Gen 15841 | fit 149.890 | fold Calmar 597.22/ 0.40/ 1.26/ 0.67 | fold DD 21/30/34/22%
Gen 15846 | fit 149.890 | fold Calmar 597.22/ 0.40/ 1.26/ 0.67 | fold DD 21/30/34/22%
Gen 15851 | fit 149.890 | fold Calmar 597.22/ 0.40/ 1.26/ 0.67 | fold DD 21/30/34/22%
Gen 15856 | fit 149.890 | fold Calmar 597.22/ 0.40/ 1.26/ 0.67 | fold DD 21/30/34/22%
Gen 15861 | fit 149.890 | fold Calmar 597.22/ 0.40/ 1.26/ 0.67 | fold DD 21/30/34/22%
Gen 15866 | fit 149.890 | fold Calmar 597.22/ 0.40/ 1.26/ 0.67 | fold DD 21/30/34/22%
Gen 15871 | fit 149.890 | fold Calmar 597.22/ 0.40/ 1.26/ 0.67 | fold DD 21/30/34/22%
Gen 15876 | fit 149.890 | fold Calmar 597.22/ 0.40/ 1.26/ 0.67 | fold DD 21/30/34/22%
Gen 15881 | fit 149.890 | fold Calmar 597.22/ 0.40/ 1.26/ 0.67 | fold DD 21/30/34/22%
Gen 15886 | fit 149.890 | fold Calmar 597.22/ 0.40/ 1.26/ 0.67 | fold DD 21/30/34/22%
Gen 15891 | fit 149.890 | fold Calmar 597.22/ 0.40/ 1.26/ 0.67 | fold DD 21/30/34/22%
Gen 15896 | fit 149.890 | fold Calmar 597.22/ 0.40/ 1.26/ 0.67 | fold DD 21/30/34/22%
Gen 15901 | fit 149.890 | fold Calmar 597.22/ 0.40/ 1.26/ 0.67 | fold DD 21/30/34/22%
Gen 15906 | fit 149.890 | fold Calmar 597.22/ 0.40/ 1.26/ 0.67 | fold DD 21/30/34/22%
Gen 15911 | fit 149.890 | fold Calmar 597.22/ 0.40/ 1.26/ 0.67 | fold DD 21/30/34/22%
Gen 15916 | fit 149.890 | fold Calmar 597.22/ 0.40/ 1.26/ 0.67 | fold DD 21/30/34/22%
Gen 15921 | fit 149.890 | fold Calmar 597.22/ 0.40/ 1.26/ 0.67 | fold DD 21/30/34/22%
Gen 15926 | fit 149.890 | fold Calmar 597.22/ 0.40/ 1.26/ 0.67 | fold DD 21/30/34/22%
Gen 15931 | fit 149.890 | fold Calmar 597.22/ 0.40/ 1.26/ 0.67 | fold DD 21/30/34/22%
Gen 15936 | fit 149.890 | fold Calmar 597.22/ 0.40/ 1.26/ 0.67 | fold DD 21/30/34/22%
Gen 15941 | fit 149.890 | fold Calmar 597.22/ 0.40/ 1.26/ 0.67 | fold DD 21/30/34/22%
Gen 15946 | fit 149.890 | fold Calmar 597.22/ 0.40/ 1.26/ 0.67 | fold DD 21/30/34/22%
Gen 15951 | fit 149.890 | fold Calmar 597.22/ 0.40/ 1.26/ 0.67 | fold DD 21/30/34/22%
Gen 15956 | fit 149.890 | fold Calmar 597.22/ 0.40/ 1.26/ 0.67 | fold DD 21/30/34/22%
Gen 15961 | fit 149.890 | fold Calmar 597.22/ 0.40/ 1.26/ 0.67 | fold DD 21/30/34/22%
Gen 15966 | fit 149.890 | fold Calmar 597.22/ 0.40/ 1.26/ 0.67 | fold DD 21/30/34/22%
Gen 15971 | fit 149.890 | fold Calmar 597.22/ 0.40/ 1.26/ 0.67 | fold DD 21/30/34/22%
Gen 15976 | fit 149.890 | fold Calmar 597.22/ 0.40/ 1.26/ 0.67 | fold DD 21/30/34/22%
Gen 15981 | fit 149.890 | fold Calmar 597.22/ 0.40/ 1.26/ 0.67 | fold DD 21/30/34/22%
Gen 15986 | fit 149.890 | fold Calmar 597.22/ 0.40/ 1.26/ 0.67 | fold DD 21/30/34/22%
Gen 15991 | fit 149.890 | fold Calmar 597.22/ 0.40/ 1.26/ 0.67 | fold DD 21/30/34/22%
Gen 15996 | fit 149.890 | fold Calmar 597.22/ 0.40/ 1.26/ 0.67 | fold DD 21/30/34/22%
Gen 16001 | fit 149.890 | fold Calmar 597.22/ 0.40/ 1.26/ 0.67 | fold DD 21/30/34/22%
Gen 16006 | fit 149.890 | fold Calmar 597.22/ 0.40/ 1.26/ 0.67 | fold DD 21/30/34/22%
Gen 16011 | fit 149.890 | fold Calmar 597.22/ 0.40/ 1.26/ 0.67 | fold DD 21/30/34/22%
Gen 16016 | fit 149.890 | fold Calmar 597.22/ 0.40/ 1.26/ 0.67 | fold DD 21/30/34/22%
Gen 16021 | fit 149.890 | fold Calmar 597.22/ 0.40/ 1.26/ 0.67 | fold DD 21/30/34/22%
Gen 16026 | fit 149.890 | fold Calmar 597.22/ 0.40/ 1.26/ 0.67 | fold DD 21/30/34/22%
Gen 16031 | fit 149.890 | fold Calmar 597.22/ 0.40/ 1.26/ 0.67 | fold DD 21/30/34/22%
Gen 16036 | fit 149.890 | fold Calmar 597.22/ 0.40/ 1.26/ 0.67 | fold DD 21/30/34/22%
Gen 16041 | fit 149.890 | fold Calmar 597.22/ 0.40/ 1.26/ 0.67 | fold DD 21/30/34/22%
Gen 16046 | fit 149.890 | fold Calmar 597.22/ 0.40/ 1.26/ 0.67 | fold DD 21/30/34/22%
Gen 16051 | fit 149.890 | fold Calmar 597.22/ 0.40/ 1.26/ 0.67 | fold DD 21/30/34/22%
Gen 16056 | fit 149.890 | fold Calmar 597.22/ 0.40/ 1.26/ 0.67 | fold DD 21/30/34/22%
Gen 16061 | fit 149.890 | fold Calmar 597.22/ 0.40/ 1.26/ 0.67 | fold DD 21/30/34/22%
Gen 16066 | fit 149.890 | fold Calmar 597.22/ 0.40/ 1.26/ 0.67 | fold DD 21/30/34/22%
Gen 16071 | fit 149.890 | fold Calmar 597.22/ 0.40/ 1.26/ 0.67 | fold DD 21/30/34/22%
Gen 16076 | fit 149.890 | fold Calmar 597.22/ 0.40/ 1.26/ 0.67 | fold DD 21/30/34/22%
Gen 16081 | fit 149.890 | fold Calmar 597.22/ 0.40/ 1.26/ 0.67 | fold DD 21/30/34/22%
Gen 16086 | fit 149.890 | fold Calmar 597.22/ 0.40/ 1.26/ 0.67 | fold DD 21/30/34/22%
Gen 16091 | fit 149.890 | fold Calmar 597.22/ 0.40/ 1.26/ 0.67 | fold DD 21/30/34/22%
Gen 16096 | fit 149.890 | fold Calmar 597.22/ 0.40/ 1.26/ 0.67 | fold DD 21/30/34/22%
Gen 16101 | fit 149.890 | fold Calmar 597.22/ 0.40/ 1.26/ 0.67 | fold DD 21/30/34/22%
Gen 16106 | fit 149.890 | fold Calmar 597.22/ 0.40/ 1.26/ 0.67 | fold DD 21/30/34/22%
Gen 16111 | fit 149.890 | fold Calmar 597.22/ 0.40/ 1.26/ 0.67 | fold DD 21/30/34/22%
Gen 16116 | fit 149.890 | fold Calmar 597.22/ 0.40/ 1.26/ 0.67 | fold DD 21/30/34/22%
Gen 16121 | fit 149.890 | fold Calmar 597.22/ 0.40/ 1.26/ 0.67 | fold DD 21/30/34/22%
Gen 16126 | fit 149.890 | fold Calmar 597.22/ 0.40/ 1.26/ 0.67 | fold DD 21/30/34/22%
Gen 16131 | fit 149.890 | fold Calmar 597.22/ 0.40/ 1.26/ 0.67 | fold DD 21/30/34/22%
Gen 16136 | fit 149.890 | fold Calmar 597.22/ 0.40/ 1.26/ 0.67 | fold DD 21/30/34/22%
Gen 16141 | fit 149.890 | fold Calmar 597.22/ 0.40/ 1.26/ 0.67 | fold DD 21/30/34/22%
Gen 16146 | fit 149.890 | fold Calmar 597.22/ 0.40/ 1.26/ 0.67 | fold DD 21/30/34/22%
Gen 16151 | fit 149.890 | fold Calmar 597.22/ 0.40/ 1.26/ 0.67 | fold DD 21/30/34/22%
Gen 16156 | fit 149.890 | fold Calmar 597.22/ 0.40/ 1.26/ 0.67 | fold DD 21/30/34/22%
Gen 16161 | fit 149.890 | fold Calmar 597.22/ 0.40/ 1.26/ 0.67 | fold DD 21/30/34/22%
Gen 16166 | fit 149.890 | fold Calmar 597.22/ 0.40/ 1.26/ 0.67 | fold DD 21/30/34/22%
Gen 16171 | fit 149.890 | fold Calmar 597.22/ 0.40/ 1.26/ 0.67 | fold DD 21/30/34/22%
Gen 16176 | fit 149.890 | fold Calmar 597.22/ 0.40/ 1.26/ 0.67 | fold DD 21/30/34/22%
Gen 16181 | fit 149.890 | fold Calmar 597.22/ 0.40/ 1.26/ 0.67 | fold DD 21/30/34/22%
Gen 16186 | fit 149.890 | fold Calmar 597.22/ 0.40/ 1.26/ 0.67 | fold DD 21/30/34/22%
Gen 16191 | fit 149.890 | fold Calmar 597.22/ 0.40/ 1.26/ 0.67 | fold DD 21/30/34/22%
Gen 16196 | fit 149.890 | fold Calmar 597.22/ 0.40/ 1.26/ 0.67 | fold DD 21/30/34/22%
Gen 16201 | fit 149.890 | fold Calmar 597.22/ 0.40/ 1.26/ 0.67 | fold DD 21/30/34/22%
Gen 16206 | fit 149.890 | fold Calmar 597.22/ 0.40/ 1.26/ 0.67 | fold DD 21/30/34/22%
Gen 16211 | fit 149.890 | fold Calmar 597.22/ 0.40/ 1.26/ 0.67 | fold DD 21/30/34/22%
Gen 16216 | fit 149.890 | fold Calmar 597.22/ 0.40/ 1.26/ 0.67 | fold DD 21/30/34/22%
Gen 16221 | fit 149.890 | fold Calmar 597.22/ 0.40/ 1.26/ 0.67 | fold DD 21/30/34/22%
Gen 16226 | fit 149.890 | fold Calmar 597.22/ 0.40/ 1.26/ 0.67 | fold DD 21/30/34/22%
Gen 16231 | fit 149.890 | fold Calmar 597.22/ 0.40/ 1.26/ 0.67 | fold DD 21/30/34/22%
Gen 16236 | fit 149.890 | fold Calmar 597.22/ 0.40/ 1.26/ 0.67 | fold DD 21/30/34/22%
Gen 16241 | fit 149.890 | fold Calmar 597.22/ 0.40/ 1.26/ 0.67 | fold DD 21/30/34/22%
Gen 16246 | fit 149.890 | fold Calmar 597.22/ 0.40/ 1.26/ 0.67 | fold DD 21/30/34/22%
Gen 16251 | fit 149.890 | fold Calmar 597.22/ 0.40/ 1.26/ 0.67 | fold DD 21/30/34/22%
Gen 16256 | fit 149.890 | fold Calmar 597.22/ 0.40/ 1.26/ 0.67 | fold DD 21/30/34/22%
Gen 16261 | fit 149.890 | fold Calmar 597.22/ 0.40/ 1.26/ 0.67 | fold DD 21/30/34/22%
Gen 16266 | fit 149.890 | fold Calmar 597.22/ 0.40/ 1.26/ 0.67 | fold DD 21/30/34/22%
Gen 16271 | fit 149.890 | fold Calmar 597.22/ 0.40/ 1.26/ 0.67 | fold DD 21/30/34/22%
Gen 16276 | fit 149.890 | fold Calmar 597.22/ 0.40/ 1.26/ 0.67 | fold DD 21/30/34/22%
Gen 16281 | fit 149.890 | fold Calmar 597.22/ 0.40/ 1.26/ 0.67 | fold DD 21/30/34/22%
Gen 16286 | fit 149.890 | fold Calmar 597.22/ 0.40/ 1.26/ 0.67 | fold DD 21/30/34/22%
Gen 16291 | fit 149.890 | fold Calmar 597.22/ 0.40/ 1.26/ 0.67 | fold DD 21/30/34/22%
Gen 16296 | fit 149.890 | fold Calmar 597.22/ 0.40/ 1.26/ 0.67 | fold DD 21/30/34/22%
Gen 16301 | fit 149.890 | fold Calmar 597.22/ 0.40/ 1.26/ 0.67 | fold DD 21/30/34/22%
Gen 16306 | fit 149.890 | fold Calmar 597.22/ 0.40/ 1.26/ 0.67 | fold DD 21/30/34/22%
Gen 16311 | fit 149.890 | fold Calmar 597.22/ 0.40/ 1.26/ 0.67 | fold DD 21/30/34/22%
Gen 16316 | fit 149.890 | fold Calmar 597.22/ 0.40/ 1.26/ 0.67 | fold DD 21/30/34/22%
Gen 16321 | fit 149.890 | fold Calmar 597.22/ 0.40/ 1.26/ 0.67 | fold DD 21/30/34/22%
Gen 16326 | fit 149.890 | fold Calmar 597.22/ 0.40/ 1.26/ 0.67 | fold DD 21/30/34/22%
Gen 16331 | fit 149.890 | fold Calmar 597.22/ 0.40/ 1.26/ 0.67 | fold DD 21/30/34/22%
Gen 16336 | fit 149.890 | fold Calmar 597.22/ 0.40/ 1.26/ 0.67 | fold DD 21/30/34/22%
Gen 16341 | fit 149.890 | fold Calmar 597.22/ 0.40/ 1.26/ 0.67 | fold DD 21/30/34/22%
Gen 16346 | fit 149.890 | fold Calmar 597.22/ 0.40/ 1.26/ 0.67 | fold DD 21/30/34/22%
Gen 16351 | fit 149.890 | fold Calmar 597.22/ 0.40/ 1.26/ 0.67 | fold DD 21/30/34/22%
Gen 16356 | fit 149.890 | fold Calmar 597.22/ 0.40/ 1.26/ 0.67 | fold DD 21/30/34/22%
Gen 16361 | fit 149.890 | fold Calmar 597.22/ 0.40/ 1.26/ 0.67 | fold DD 21/30/34/22%
Gen 16366 | fit 149.890 | fold Calmar 597.22/ 0.40/ 1.26/ 0.67 | fold DD 21/30/34/22%
Gen 16371 | fit 149.890 | fold Calmar 597.22/ 0.40/ 1.26/ 0.67 | fold DD 21/30/34/22%
Gen 16376 | fit 149.890 | fold Calmar 597.22/ 0.40/ 1.26/ 0.67 | fold DD 21/30/34/22%
Gen 16381 | fit 149.890 | fold Calmar 597.22/ 0.40/ 1.26/ 0.67 | fold DD 21/30/34/22%
Gen 16386 | fit 149.890 | fold Calmar 597.22/ 0.40/ 1.26/ 0.67 | fold DD 21/30/34/22%
Gen 16391 | fit 149.890 | fold Calmar 597.22/ 0.40/ 1.26/ 0.67 | fold DD 21/30/34/22%
Gen 16396 | fit 149.890 | fold Calmar 597.22/ 0.40/ 1.26/ 0.67 | fold DD 21/30/34/22%
Gen 16401 | fit 149.890 | fold Calmar 597.22/ 0.40/ 1.26/ 0.67 | fold DD 21/30/34/22%
Gen 16406 | fit 149.890 | fold Calmar 597.22/ 0.40/ 1.26/ 0.67 | fold DD 21/30/34/22%
Gen 16411 | fit 149.890 | fold Calmar 597.22/ 0.40/ 1.26/ 0.67 | fold DD 21/30/34/22%
Gen 16416 | fit 149.890 | fold Calmar 597.22/ 0.40/ 1.26/ 0.67 | fold DD 21/30/34/22%
Gen 16421 | fit 149.890 | fold Calmar 597.22/ 0.40/ 1.26/ 0.67 | fold DD 21/30/34/22%
Gen 16426 | fit 149.890 | fold Calmar 597.22/ 0.40/ 1.26/ 0.67 | fold DD 21/30/34/22%
Gen 16431 | fit 149.890 | fold Calmar 597.22/ 0.40/ 1.26/ 0.67 | fold DD 21/30/34/22%
Gen 16436 | fit 149.890 | fold Calmar 597.22/ 0.40/ 1.26/ 0.67 | fold DD 21/30/34/22%
Gen 16441 | fit 149.890 | fold Calmar 597.22/ 0.40/ 1.26/ 0.67 | fold DD 21/30/34/22%
Gen 16446 | fit 149.890 | fold Calmar 597.22/ 0.40/ 1.26/ 0.67 | fold DD 21/30/34/22%
Gen 16451 | fit 149.890 | fold Calmar 597.22/ 0.40/ 1.26/ 0.67 | fold DD 21/30/34/22%
Gen 16456 | fit 149.890 | fold Calmar 597.22/ 0.40/ 1.26/ 0.67 | fold DD 21/30/34/22%
Gen 16461 | fit 149.890 | fold Calmar 597.22/ 0.40/ 1.26/ 0.67 | fold DD 21/30/34/22%
Gen 16466 | fit 149.890 | fold Calmar 597.22/ 0.40/ 1.26/ 0.67 | fold DD 21/30/34/22%
Gen 16471 | fit 149.890 | fold Calmar 597.22/ 0.40/ 1.26/ 0.67 | fold DD 21/30/34/22%
Gen 16476 | fit 149.890 | fold Calmar 597.22/ 0.40/ 1.26/ 0.67 | fold DD 21/30/34/22%
Gen 16481 | fit 149.890 | fold Calmar 597.22/ 0.40/ 1.26/ 0.67 | fold DD 21/30/34/22%
Gen 16486 | fit 149.890 | fold Calmar 597.22/ 0.40/ 1.26/ 0.67 | fold DD 21/30/34/22%
Gen 16491 | fit 149.890 | fold Calmar 597.22/ 0.40/ 1.26/ 0.67 | fold DD 21/30/34/22%
Gen 16496 | fit 149.890 | fold Calmar 597.22/ 0.40/ 1.26/ 0.67 | fold DD 21/30/34/22%
Gen 16501 | fit 149.890 | fold Calmar 597.22/ 0.40/ 1.26/ 0.67 | fold DD 21/30/34/22%
Gen 16506 | fit 149.890 | fold Calmar 597.22/ 0.40/ 1.26/ 0.67 | fold DD 21/30/34/22%
Gen 16511 | fit 149.890 | fold Calmar 597.22/ 0.40/ 1.26/ 0.67 | fold DD 21/30/34/22%
Gen 16516 | fit 149.890 | fold Calmar 597.22/ 0.40/ 1.26/ 0.67 | fold DD 21/30/34/22%
Gen 16521 | fit 149.890 | fold Calmar 597.22/ 0.40/ 1.26/ 0.67 | fold DD 21/30/34/22%
Gen 16526 | fit 149.890 | fold Calmar 597.22/ 0.40/ 1.26/ 0.67 | fold DD 21/30/34/22%
Gen 16531 | fit 149.890 | fold Calmar 597.22/ 0.40/ 1.26/ 0.67 | fold DD 21/30/34/22%
Gen 16536 | fit 149.890 | fold Calmar 597.22/ 0.40/ 1.26/ 0.67 | fold DD 21/30/34/22%

Evolution complete: 16538 gens, 10.0 min

================================================================================
BEST BOT — PER FOLD (GA optimized mean Calmar across these)
================================================================================
Fold 0 (2010-08-18 → 2017-08-27): CAGR 12640.0% | DD 21.2% | Calmar 597.22 | trades 97 | ✓
Fold 1 (2017-08-28 → 2019-06-08): CAGR 12.2% | DD 30.3% | Calmar 0.40 | trades 54 | ✓
Fold 2 (2019-06-09 → 2021-03-19): CAGR 42.9% | DD 34.0% | Calmar 1.26 | trades 140 | ✓
Fold 3 (2021-03-20 → 2022-12-31): CAGR 14.8% | DD 22.0% | Calmar 0.67 | trades 38 | ✓

================================================================================
BEST BOT — FULL TRAIN slice (concatenated 2010-2022)
================================================================================
Fitness (mean Calmar across folds w/ cliffs): 149.890
Final equity: $23948373 | Peak: $29979919
CAGR: 311.8% | Max DD: 52.0% | Sortino: 3.24 | Calmar: 6.00
Trades: 456 | Survived: 2602/2602 | Liquidated: NO
vs Buy-hold: $236320000 — BUY-HOLD WINS

================================================================================
BEST BOT — TEST slice (HELD OUT, honest OOS)
================================================================================
Final equity: $914 | Peak: $1201
CAGR: -2.4% | Max DD: 33.4% | Sortino: 1.93 | Calmar: -0.07
Trades: 181 | Survived: 1349/1349 | Liquidated: NO
vs Buy-hold: $4702 — BUY-HOLD WINS

Evolved genome:
  RSI 29.9/62.3 | MA 14/78/145d
  Entry threshold 0.61 | Base pos 100% | Vol scale 0.00
  Stop 2.0% | Target 100% | Hold 11d | Cool 0d
  Weights trend 0.71 RSI 0.35 momo 0.51
  Bearish event fear 0.95 memory 52d

Wrote v4-best-bot.json
