Argus v5 (macro + geo-mean K-fold + event delay + slippage) — run v5, budget 10 min, seed 42

Data: 3951 bars, 71 curated events, 3951 macro rows
Train: 2010-08-18 → 2022-12-31 (2602 bars, 7.1yr)
Test:  2023-01-01 → 2026-09-10 (1349 bars, 3.7yr)
Precomputed: indicators + event-state (1d delay) + macro state

Buy-hold train: $1000 → $236320000
Buy-hold test:  $1000 → $4702

K-fold: 4 folds within train slice
  Fold 0: 2010-08-18 → 2017-08-27 (650 bars)
  Fold 1: 2017-08-28 → 2019-06-08 (650 bars)
  Fold 2: 2019-06-09 → 2021-03-19 (650 bars)
  Fold 3: 2021-03-20 → 2022-12-31 (652 bars)

Gen    1 | fit   1.116 | fold Calmar  3.67/ 5.25/ 1.70/ 0.05 | fold DD  4/ 0/ 3/ 1%
Gen    2 | fit   2.079 | fold Calmar  4.88/ 1.46/ 1.23/ 2.14 | fold DD  8/ 5/ 7/ 3%
Gen    6 | fit   2.284 | fold Calmar  7.12/ 1.79/ 0.99/ 2.15 | fold DD  8/ 5/10/ 4%
Gen   11 | fit   3.377 | fold Calmar  8.70/14.96/ 0.64/ 1.57 | fold DD 11/ 2/14/ 9%
Gen   16 | fit   5.373 | fold Calmar 23.71/ 1.86/ 7.97/ 2.37 | fold DD 26/15/10/ 9%
Gen   21 | fit   6.325 | fold Calmar 28.47/ 3.26/ 8.81/ 1.95 | fold DD 24/ 9/10/ 9%
Gen   26 | fit   6.378 | fold Calmar 30.78/ 2.80/ 7.66/ 2.50 | fold DD 27/11/10/ 6%
Gen   31 | fit   6.757 | fold Calmar 31.93/ 3.77/ 8.85/ 1.95 | fold DD 25/10/11/ 9%
Gen   36 | fit   7.083 | fold Calmar 30.34/ 3.91/ 9.65/ 2.20 | fold DD 25/ 8/10/ 7%
Gen   41 | fit   7.342 | fold Calmar 30.92/ 4.24/ 9.55/ 2.32 | fold DD 25/ 7/ 9/ 6%
Gen   46 | fit   7.393 | fold Calmar 30.80/ 4.33/ 9.64/ 2.33 | fold DD 25/ 7/ 9/ 6%
Gen   51 | fit   7.557 | fold Calmar 28.51/ 4.01/11.13/ 2.56 | fold DD 24/ 7/ 9/ 6%
Gen   56 | fit   7.577 | fold Calmar 28.37/ 4.06/11.17/ 2.56 | fold DD 24/ 7/ 9/ 6%
Gen   61 | fit   7.604 | fold Calmar 26.78/ 4.18/11.60/ 2.57 | fold DD 24/ 7/ 8/ 6%
Gen   66 | fit   7.604 | fold Calmar 26.78/ 4.18/11.60/ 2.57 | fold DD 24/ 7/ 8/ 6%
Gen   71 | fit   7.646 | fold Calmar 27.67/ 4.18/11.46/ 2.58 | fold DD 24/ 7/ 8/ 5%
Gen   76 | fit   7.646 | fold Calmar 27.67/ 4.18/11.46/ 2.58 | fold DD 24/ 7/ 8/ 5%
Gen   81 | fit   7.652 | fold Calmar 27.71/ 4.18/11.47/ 2.58 | fold DD 24/ 7/ 8/ 5%
Gen   86 | fit   7.652 | fold Calmar 27.71/ 4.18/11.47/ 2.58 | fold DD 24/ 7/ 8/ 5%
Gen   91 | fit   7.653 | fold Calmar 27.75/ 4.18/11.46/ 2.58 | fold DD 24/ 7/ 8/ 5%
Gen   96 | fit   7.657 | fold Calmar 27.69/ 4.19/11.49/ 2.58 | fold DD 24/ 7/ 8/ 5%
Gen  101 | fit   7.657 | fold Calmar 27.69/ 4.19/11.49/ 2.58 | fold DD 24/ 7/ 8/ 5%
Gen  106 | fit   7.657 | fold Calmar 27.69/ 4.19/11.49/ 2.58 | fold DD 24/ 7/ 8/ 5%
Gen  111 | fit   7.657 | fold Calmar 27.69/ 4.19/11.49/ 2.58 | fold DD 24/ 7/ 8/ 5%
Gen  116 | fit   7.657 | fold Calmar 27.69/ 4.19/11.49/ 2.58 | fold DD 24/ 7/ 8/ 5%
Gen  121 | fit   7.657 | fold Calmar 27.69/ 4.19/11.49/ 2.58 | fold DD 24/ 7/ 8/ 5%
Gen  126 | fit   7.657 | fold Calmar 27.69/ 4.19/11.49/ 2.58 | fold DD 24/ 7/ 8/ 5%
Gen  131 | fit   7.657 | fold Calmar 27.69/ 4.19/11.49/ 2.58 | fold DD 24/ 7/ 8/ 5%
Gen  136 | fit   7.657 | fold Calmar 27.69/ 4.19/11.49/ 2.58 | fold DD 24/ 7/ 8/ 5%
Gen  141 | fit   7.657 | fold Calmar 27.69/ 4.19/11.49/ 2.58 | fold DD 24/ 7/ 8/ 5%
Gen  146 | fit   7.657 | fold Calmar 27.69/ 4.19/11.49/ 2.58 | fold DD 24/ 7/ 8/ 5%
Gen  151 | fit   7.657 | fold Calmar 27.69/ 4.19/11.49/ 2.58 | fold DD 24/ 7/ 8/ 5%
Gen  156 | fit   7.657 | fold Calmar 27.69/ 4.19/11.49/ 2.58 | fold DD 24/ 7/ 8/ 5%
Gen  161 | fit   7.657 | fold Calmar 27.69/ 4.19/11.49/ 2.58 | fold DD 24/ 7/ 8/ 5%
Gen  166 | fit   7.657 | fold Calmar 27.69/ 4.19/11.49/ 2.58 | fold DD 24/ 7/ 8/ 5%
Gen  171 | fit   7.657 | fold Calmar 27.69/ 4.19/11.49/ 2.58 | fold DD 24/ 7/ 8/ 5%
Gen  176 | fit   7.695 | fold Calmar 21.32/ 4.67/12.22/ 2.88 | fold DD 24/ 7/ 8/ 5%
Gen  181 | fit   7.791 | fold Calmar 22.66/ 4.67/12.08/ 2.88 | fold DD 27/ 7/ 8/ 5%
Gen  186 | fit   7.954 | fold Calmar 24.51/ 4.67/12.13/ 2.88 | fold DD 26/ 7/ 8/ 5%
Gen  191 | fit   8.047 | fold Calmar 25.85/ 4.63/12.17/ 2.88 | fold DD 22/ 7/ 8/ 5%
Gen  196 | fit   8.168 | fold Calmar 25.95/ 4.61/13.01/ 2.86 | fold DD 22/ 7/ 8/ 5%
Gen  201 | fit   8.179 | fold Calmar 26.05/ 4.61/13.03/ 2.86 | fold DD 22/ 7/ 8/ 5%
Gen  206 | fit   8.186 | fold Calmar 26.02/ 4.57/13.24/ 2.85 | fold DD 22/ 7/ 8/ 5%
Gen  211 | fit   8.216 | fold Calmar 26.97/ 4.59/12.87/ 2.86 | fold DD 22/ 7/ 8/ 5%
Gen  216 | fit   8.218 | fold Calmar 26.96/ 4.59/12.90/ 2.86 | fold DD 22/ 7/ 8/ 5%
Gen  221 | fit   8.218 | fold Calmar 26.92/ 4.61/12.90/ 2.85 | fold DD 22/ 7/ 8/ 5%
Gen  226 | fit   8.218 | fold Calmar 26.92/ 4.61/12.90/ 2.85 | fold DD 22/ 7/ 8/ 5%
Gen  231 | fit   8.218 | fold Calmar 26.92/ 4.61/12.90/ 2.85 | fold DD 22/ 7/ 8/ 5%
Gen  236 | fit   8.222 | fold Calmar 26.95/ 4.61/12.90/ 2.85 | fold DD 22/ 7/ 8/ 5%
Gen  241 | fit   8.222 | fold Calmar 26.95/ 4.61/12.91/ 2.85 | fold DD 22/ 7/ 8/ 5%
Gen  246 | fit   8.222 | fold Calmar 26.95/ 4.61/12.91/ 2.85 | fold DD 22/ 7/ 8/ 5%
Gen  251 | fit   8.222 | fold Calmar 26.95/ 4.61/12.91/ 2.85 | fold DD 22/ 7/ 8/ 5%
Gen  256 | fit   8.222 | fold Calmar 26.95/ 4.61/12.91/ 2.85 | fold DD 22/ 7/ 8/ 5%
Gen  261 | fit   8.222 | fold Calmar 26.94/ 4.61/12.91/ 2.85 | fold DD 22/ 7/ 8/ 5%
Gen  266 | fit   8.222 | fold Calmar 26.94/ 4.61/12.91/ 2.85 | fold DD 22/ 7/ 8/ 5%
Gen  271 | fit   8.222 | fold Calmar 26.94/ 4.61/12.91/ 2.85 | fold DD 22/ 7/ 8/ 5%
Gen  276 | fit   8.222 | fold Calmar 26.94/ 4.61/12.91/ 2.85 | fold DD 22/ 7/ 8/ 5%
Gen  281 | fit   8.222 | fold Calmar 26.94/ 4.61/12.91/ 2.85 | fold DD 22/ 7/ 8/ 5%
Gen  286 | fit   8.222 | fold Calmar 26.94/ 4.61/12.91/ 2.85 | fold DD 22/ 7/ 8/ 5%
Gen  291 | fit   8.222 | fold Calmar 26.94/ 4.61/12.91/ 2.85 | fold DD 22/ 7/ 8/ 5%
Gen  296 | fit   8.222 | fold Calmar 26.94/ 4.61/12.91/ 2.85 | fold DD 22/ 7/ 8/ 5%
Gen  301 | fit   8.222 | fold Calmar 26.94/ 4.61/12.91/ 2.85 | fold DD 22/ 7/ 8/ 5%
Gen  306 | fit   8.229 | fold Calmar 27.90/ 4.63/12.40/ 2.86 | fold DD 22/ 7/ 8/ 5%
Gen  311 | fit   8.230 | fold Calmar 27.79/ 4.64/12.44/ 2.86 | fold DD 22/ 7/ 8/ 5%
Gen  316 | fit   8.230 | fold Calmar 27.79/ 4.64/12.44/ 2.86 | fold DD 22/ 7/ 8/ 5%
Gen  321 | fit   8.233 | fold Calmar 27.79/ 4.63/12.48/ 2.86 | fold DD 22/ 7/ 8/ 5%
Gen  326 | fit   8.233 | fold Calmar 27.69/ 4.67/12.51/ 2.84 | fold DD 22/ 7/ 8/ 5%
Gen  331 | fit   8.235 | fold Calmar 27.78/ 4.63/12.52/ 2.86 | fold DD 22/ 7/ 8/ 5%
Gen  336 | fit   8.235 | fold Calmar 27.78/ 4.63/12.52/ 2.86 | fold DD 22/ 7/ 8/ 5%
Gen  341 | fit   8.235 | fold Calmar 27.78/ 4.63/12.52/ 2.86 | fold DD 22/ 7/ 8/ 5%
Gen  346 | fit   8.237 | fold Calmar 27.86/ 4.59/12.53/ 2.87 | fold DD 22/ 7/ 8/ 5%
Gen  351 | fit   8.237 | fold Calmar 27.86/ 4.59/12.53/ 2.87 | fold DD 22/ 7/ 8/ 5%
Gen  356 | fit   8.237 | fold Calmar 27.86/ 4.59/12.53/ 2.87 | fold DD 22/ 7/ 8/ 5%
Gen  361 | fit   8.237 | fold Calmar 27.86/ 4.59/12.53/ 2.87 | fold DD 22/ 7/ 8/ 5%
Gen  366 | fit   8.237 | fold Calmar 27.86/ 4.59/12.53/ 2.87 | fold DD 22/ 7/ 8/ 5%
Gen  371 | fit   8.237 | fold Calmar 27.85/ 4.59/12.54/ 2.87 | fold DD 22/ 7/ 8/ 5%
Gen  376 | fit   8.237 | fold Calmar 27.85/ 4.59/12.54/ 2.87 | fold DD 22/ 7/ 8/ 5%
Gen  381 | fit   8.237 | fold Calmar 27.85/ 4.59/12.54/ 2.87 | fold DD 22/ 7/ 8/ 5%
Gen  386 | fit   8.237 | fold Calmar 27.85/ 4.59/12.54/ 2.87 | fold DD 22/ 7/ 8/ 5%
Gen  391 | fit   8.237 | fold Calmar 27.85/ 4.59/12.54/ 2.87 | fold DD 22/ 7/ 8/ 5%
Gen  396 | fit   8.237 | fold Calmar 27.85/ 4.59/12.54/ 2.87 | fold DD 22/ 7/ 8/ 5%
Gen  401 | fit   8.237 | fold Calmar 27.85/ 4.59/12.54/ 2.87 | fold DD 22/ 7/ 8/ 5%
Gen  406 | fit   8.237 | fold Calmar 27.84/ 4.59/12.54/ 2.87 | fold DD 22/ 7/ 8/ 5%
Gen  411 | fit   8.237 | fold Calmar 27.84/ 4.59/12.54/ 2.87 | fold DD 22/ 7/ 8/ 5%
Gen  416 | fit   8.237 | fold Calmar 27.84/ 4.59/12.54/ 2.87 | fold DD 22/ 7/ 8/ 5%
Gen  421 | fit   8.237 | fold Calmar 27.84/ 4.59/12.54/ 2.87 | fold DD 22/ 7/ 8/ 5%
Gen  426 | fit   8.237 | fold Calmar 27.84/ 4.59/12.54/ 2.87 | fold DD 22/ 7/ 8/ 5%
Gen  431 | fit   8.237 | fold Calmar 27.84/ 4.59/12.54/ 2.87 | fold DD 22/ 7/ 8/ 5%
Gen  436 | fit   8.237 | fold Calmar 27.84/ 4.59/12.54/ 2.87 | fold DD 22/ 7/ 8/ 5%
Gen  441 | fit   8.237 | fold Calmar 27.84/ 4.59/12.54/ 2.87 | fold DD 22/ 7/ 8/ 5%
Gen  446 | fit   8.237 | fold Calmar 27.84/ 4.59/12.54/ 2.87 | fold DD 22/ 7/ 8/ 5%
Gen  451 | fit   8.237 | fold Calmar 27.84/ 4.59/12.54/ 2.87 | fold DD 22/ 7/ 8/ 5%
Gen  456 | fit   8.237 | fold Calmar 27.84/ 4.59/12.54/ 2.87 | fold DD 22/ 7/ 8/ 5%
Gen  461 | fit   8.237 | fold Calmar 27.84/ 4.59/12.54/ 2.87 | fold DD 22/ 7/ 8/ 5%
Gen  466 | fit   8.237 | fold Calmar 27.84/ 4.59/12.54/ 2.87 | fold DD 22/ 7/ 8/ 5%
Gen  471 | fit   8.237 | fold Calmar 27.84/ 4.59/12.54/ 2.87 | fold DD 22/ 7/ 8/ 5%
Gen  476 | fit   8.237 | fold Calmar 27.84/ 4.59/12.54/ 2.87 | fold DD 22/ 7/ 8/ 5%
Gen  481 | fit   8.237 | fold Calmar 27.84/ 4.59/12.54/ 2.87 | fold DD 22/ 7/ 8/ 5%
Gen  486 | fit   8.237 | fold Calmar 27.84/ 4.59/12.54/ 2.87 | fold DD 22/ 7/ 8/ 5%
Gen  491 | fit   8.237 | fold Calmar 27.84/ 4.59/12.54/ 2.87 | fold DD 22/ 7/ 8/ 5%
Gen  496 | fit   8.237 | fold Calmar 27.84/ 4.59/12.54/ 2.87 | fold DD 22/ 7/ 8/ 5%
Gen  501 | fit   8.237 | fold Calmar 27.84/ 4.59/12.54/ 2.87 | fold DD 22/ 7/ 8/ 5%
Gen  506 | fit   8.237 | fold Calmar 27.84/ 4.59/12.54/ 2.87 | fold DD 22/ 7/ 8/ 5%
Gen  511 | fit   8.237 | fold Calmar 27.84/ 4.59/12.54/ 2.87 | fold DD 22/ 7/ 8/ 5%
Gen  516 | fit   8.237 | fold Calmar 27.84/ 4.59/12.54/ 2.87 | fold DD 22/ 7/ 8/ 5%
Gen  521 | fit   8.237 | fold Calmar 27.84/ 4.59/12.54/ 2.87 | fold DD 22/ 7/ 8/ 5%
Gen  526 | fit   8.237 | fold Calmar 27.84/ 4.59/12.54/ 2.87 | fold DD 22/ 7/ 8/ 5%
Gen  531 | fit   8.237 | fold Calmar 27.84/ 4.59/12.54/ 2.87 | fold DD 22/ 7/ 8/ 5%
Gen  536 | fit   8.237 | fold Calmar 27.84/ 4.59/12.54/ 2.87 | fold DD 22/ 7/ 8/ 5%
Gen  541 | fit   8.237 | fold Calmar 27.84/ 4.59/12.54/ 2.87 | fold DD 22/ 7/ 8/ 5%
Gen  546 | fit   8.237 | fold Calmar 27.84/ 4.59/12.54/ 2.87 | fold DD 22/ 7/ 8/ 5%
Gen  551 | fit   8.237 | fold Calmar 27.84/ 4.59/12.54/ 2.87 | fold DD 22/ 7/ 8/ 5%
Gen  556 | fit   8.237 | fold Calmar 27.84/ 4.59/12.54/ 2.87 | fold DD 22/ 7/ 8/ 5%
Gen  561 | fit   8.237 | fold Calmar 27.84/ 4.59/12.54/ 2.87 | fold DD 22/ 7/ 8/ 5%
Gen  566 | fit   8.237 | fold Calmar 27.84/ 4.59/12.54/ 2.87 | fold DD 22/ 7/ 8/ 5%
Gen  571 | fit   8.237 | fold Calmar 27.84/ 4.59/12.54/ 2.87 | fold DD 22/ 7/ 8/ 5%
Gen  576 | fit   8.237 | fold Calmar 27.84/ 4.59/12.54/ 2.87 | fold DD 22/ 7/ 8/ 5%
Gen  581 | fit   8.237 | fold Calmar 27.84/ 4.59/12.54/ 2.87 | fold DD 22/ 7/ 8/ 5%
Gen  586 | fit   8.237 | fold Calmar 27.84/ 4.59/12.54/ 2.87 | fold DD 22/ 7/ 8/ 5%
Gen  591 | fit   8.237 | fold Calmar 27.84/ 4.59/12.54/ 2.87 | fold DD 22/ 7/ 8/ 5%
Gen  596 | fit   8.237 | fold Calmar 27.84/ 4.59/12.54/ 2.87 | fold DD 22/ 7/ 8/ 5%
Gen  601 | fit   8.237 | fold Calmar 27.84/ 4.59/12.54/ 2.87 | fold DD 22/ 7/ 8/ 5%
Gen  606 | fit   8.237 | fold Calmar 27.84/ 4.59/12.54/ 2.87 | fold DD 22/ 7/ 8/ 5%
Gen  611 | fit   8.237 | fold Calmar 27.84/ 4.59/12.54/ 2.87 | fold DD 22/ 7/ 8/ 5%
Gen  616 | fit   8.238 | fold Calmar 27.84/ 4.59/12.55/ 2.87 | fold DD 22/ 7/ 8/ 5%
Gen  621 | fit   8.238 | fold Calmar 27.84/ 4.59/12.55/ 2.87 | fold DD 22/ 7/ 8/ 5%
Gen  626 | fit   8.238 | fold Calmar 27.84/ 4.59/12.55/ 2.87 | fold DD 22/ 7/ 8/ 5%
Gen  631 | fit   8.238 | fold Calmar 27.84/ 4.59/12.55/ 2.87 | fold DD 22/ 7/ 8/ 5%
Gen  636 | fit   8.238 | fold Calmar 27.84/ 4.59/12.55/ 2.87 | fold DD 22/ 7/ 8/ 5%
Gen  641 | fit   8.238 | fold Calmar 27.84/ 4.59/12.55/ 2.87 | fold DD 22/ 7/ 8/ 5%
Gen  646 | fit   8.238 | fold Calmar 27.84/ 4.59/12.55/ 2.87 | fold DD 22/ 7/ 8/ 5%
Gen  651 | fit   8.238 | fold Calmar 27.84/ 4.59/12.55/ 2.87 | fold DD 22/ 7/ 8/ 5%
Gen  656 | fit   8.238 | fold Calmar 27.84/ 4.59/12.55/ 2.87 | fold DD 22/ 7/ 8/ 5%
Gen  661 | fit   8.238 | fold Calmar 27.84/ 4.59/12.55/ 2.87 | fold DD 22/ 7/ 8/ 5%
Gen  666 | fit   8.238 | fold Calmar 27.84/ 4.59/12.55/ 2.87 | fold DD 22/ 7/ 8/ 5%
Gen  671 | fit   8.238 | fold Calmar 27.84/ 4.59/12.55/ 2.87 | fold DD 22/ 7/ 8/ 5%
Gen  676 | fit   8.238 | fold Calmar 27.84/ 4.59/12.55/ 2.87 | fold DD 22/ 7/ 8/ 5%
Gen  681 | fit   8.238 | fold Calmar 27.84/ 4.59/12.55/ 2.87 | fold DD 22/ 7/ 8/ 5%
Gen  686 | fit   8.238 | fold Calmar 27.84/ 4.59/12.55/ 2.87 | fold DD 22/ 7/ 8/ 5%
Gen  691 | fit   8.238 | fold Calmar 27.84/ 4.59/12.55/ 2.87 | fold DD 22/ 7/ 8/ 5%
Gen  696 | fit   8.238 | fold Calmar 27.84/ 4.59/12.55/ 2.87 | fold DD 22/ 7/ 8/ 5%
Gen  701 | fit   8.238 | fold Calmar 27.84/ 4.59/12.55/ 2.87 | fold DD 22/ 7/ 8/ 5%
Gen  706 | fit   8.238 | fold Calmar 27.84/ 4.59/12.55/ 2.87 | fold DD 22/ 7/ 8/ 5%
Gen  711 | fit   8.238 | fold Calmar 27.84/ 4.59/12.55/ 2.87 | fold DD 22/ 7/ 8/ 5%
Gen  716 | fit   8.238 | fold Calmar 27.84/ 4.59/12.55/ 2.87 | fold DD 22/ 7/ 8/ 5%
Gen  721 | fit   8.238 | fold Calmar 27.84/ 4.59/12.55/ 2.87 | fold DD 22/ 7/ 8/ 5%
Gen  726 | fit   8.238 | fold Calmar 27.85/ 4.59/12.55/ 2.87 | fold DD 22/ 7/ 8/ 5%
Gen  731 | fit   8.238 | fold Calmar 27.85/ 4.59/12.55/ 2.87 | fold DD 22/ 7/ 8/ 5%
Gen  736 | fit   8.238 | fold Calmar 27.85/ 4.59/12.55/ 2.87 | fold DD 22/ 7/ 8/ 5%
Gen  741 | fit   8.238 | fold Calmar 27.85/ 4.59/12.55/ 2.87 | fold DD 22/ 7/ 8/ 5%
Gen  746 | fit   8.238 | fold Calmar 27.85/ 4.59/12.55/ 2.87 | fold DD 22/ 7/ 8/ 5%
Gen  751 | fit   8.238 | fold Calmar 27.85/ 4.59/12.55/ 2.87 | fold DD 22/ 7/ 8/ 5%
Gen  756 | fit   8.238 | fold Calmar 27.85/ 4.59/12.55/ 2.87 | fold DD 22/ 7/ 8/ 5%
Gen  761 | fit   8.238 | fold Calmar 27.85/ 4.59/12.55/ 2.87 | fold DD 22/ 7/ 8/ 5%
Gen  766 | fit   8.238 | fold Calmar 27.85/ 4.59/12.55/ 2.87 | fold DD 22/ 7/ 8/ 5%
Gen  771 | fit   8.238 | fold Calmar 27.85/ 4.59/12.55/ 2.87 | fold DD 22/ 7/ 8/ 5%
Gen  776 | fit   8.238 | fold Calmar 27.85/ 4.59/12.55/ 2.87 | fold DD 22/ 7/ 8/ 5%
Gen  781 | fit   8.238 | fold Calmar 27.85/ 4.59/12.55/ 2.87 | fold DD 22/ 7/ 8/ 5%
Gen  786 | fit   8.238 | fold Calmar 27.85/ 4.59/12.55/ 2.87 | fold DD 22/ 7/ 8/ 5%
Gen  791 | fit   8.238 | fold Calmar 27.85/ 4.59/12.55/ 2.87 | fold DD 22/ 7/ 8/ 5%
Gen  796 | fit   8.238 | fold Calmar 27.85/ 4.59/12.55/ 2.87 | fold DD 22/ 7/ 8/ 5%
Gen  801 | fit   8.238 | fold Calmar 27.85/ 4.59/12.55/ 2.87 | fold DD 22/ 7/ 8/ 5%
Gen  806 | fit   8.238 | fold Calmar 27.85/ 4.59/12.55/ 2.87 | fold DD 22/ 7/ 8/ 5%
Gen  811 | fit   8.238 | fold Calmar 27.85/ 4.59/12.55/ 2.87 | fold DD 22/ 7/ 8/ 5%
Gen  816 | fit   8.238 | fold Calmar 27.85/ 4.59/12.55/ 2.87 | fold DD 22/ 7/ 8/ 5%
Gen  821 | fit   8.238 | fold Calmar 27.85/ 4.59/12.55/ 2.87 | fold DD 22/ 7/ 8/ 5%
Gen  826 | fit   8.238 | fold Calmar 27.85/ 4.59/12.55/ 2.87 | fold DD 22/ 7/ 8/ 5%
Gen  831 | fit   8.238 | fold Calmar 27.85/ 4.59/12.55/ 2.87 | fold DD 22/ 7/ 8/ 5%
Gen  836 | fit   8.238 | fold Calmar 27.85/ 4.59/12.55/ 2.87 | fold DD 22/ 7/ 8/ 5%
Gen  841 | fit   8.238 | fold Calmar 27.85/ 4.59/12.55/ 2.87 | fold DD 22/ 7/ 8/ 5%
Gen  846 | fit   8.238 | fold Calmar 27.85/ 4.59/12.55/ 2.87 | fold DD 22/ 7/ 8/ 5%
Gen  851 | fit   8.238 | fold Calmar 27.85/ 4.59/12.55/ 2.87 | fold DD 22/ 7/ 8/ 5%
Gen  856 | fit   8.238 | fold Calmar 27.85/ 4.59/12.55/ 2.87 | fold DD 22/ 7/ 8/ 5%
Gen  861 | fit   8.238 | fold Calmar 27.85/ 4.59/12.55/ 2.87 | fold DD 22/ 7/ 8/ 5%
Gen  866 | fit   8.238 | fold Calmar 27.85/ 4.59/12.55/ 2.87 | fold DD 22/ 7/ 8/ 5%
Gen  871 | fit   8.238 | fold Calmar 27.85/ 4.59/12.55/ 2.87 | fold DD 22/ 7/ 8/ 5%
Gen  876 | fit   8.238 | fold Calmar 27.85/ 4.59/12.55/ 2.87 | fold DD 22/ 7/ 8/ 5%
Gen  881 | fit   8.238 | fold Calmar 27.85/ 4.59/12.55/ 2.87 | fold DD 22/ 7/ 8/ 5%
Gen  886 | fit   8.238 | fold Calmar 27.85/ 4.59/12.55/ 2.87 | fold DD 22/ 7/ 8/ 5%
Gen  891 | fit   8.238 | fold Calmar 27.85/ 4.59/12.55/ 2.87 | fold DD 22/ 7/ 8/ 5%
Gen  896 | fit   8.238 | fold Calmar 27.85/ 4.59/12.55/ 2.87 | fold DD 22/ 7/ 8/ 5%
Gen  901 | fit   8.238 | fold Calmar 27.85/ 4.59/12.55/ 2.87 | fold DD 22/ 7/ 8/ 5%
Gen  906 | fit   8.238 | fold Calmar 27.85/ 4.59/12.55/ 2.87 | fold DD 22/ 7/ 8/ 5%
Gen  911 | fit   8.238 | fold Calmar 27.85/ 4.59/12.55/ 2.87 | fold DD 22/ 7/ 8/ 5%
Gen  916 | fit   8.238 | fold Calmar 27.85/ 4.59/12.55/ 2.87 | fold DD 22/ 7/ 8/ 5%
Gen  921 | fit   8.238 | fold Calmar 27.85/ 4.59/12.55/ 2.87 | fold DD 22/ 7/ 8/ 5%
Gen  926 | fit   8.238 | fold Calmar 27.85/ 4.59/12.55/ 2.87 | fold DD 22/ 7/ 8/ 5%
Gen  931 | fit   8.238 | fold Calmar 27.85/ 4.59/12.55/ 2.87 | fold DD 22/ 7/ 8/ 5%
Gen  936 | fit   8.238 | fold Calmar 27.85/ 4.59/12.55/ 2.87 | fold DD 22/ 7/ 8/ 5%
Gen  941 | fit   8.238 | fold Calmar 27.85/ 4.59/12.55/ 2.87 | fold DD 22/ 7/ 8/ 5%
Gen  946 | fit   8.238 | fold Calmar 27.85/ 4.59/12.55/ 2.87 | fold DD 22/ 7/ 8/ 5%
Gen  951 | fit   8.238 | fold Calmar 27.85/ 4.59/12.55/ 2.87 | fold DD 22/ 7/ 8/ 5%
Gen  956 | fit   8.238 | fold Calmar 27.85/ 4.59/12.55/ 2.87 | fold DD 22/ 7/ 8/ 5%
Gen  961 | fit   8.238 | fold Calmar 27.85/ 4.59/12.55/ 2.87 | fold DD 22/ 7/ 8/ 5%
Gen  966 | fit   8.238 | fold Calmar 27.85/ 4.59/12.55/ 2.87 | fold DD 22/ 7/ 8/ 5%
Gen  971 | fit   8.238 | fold Calmar 27.85/ 4.59/12.55/ 2.87 | fold DD 22/ 7/ 8/ 5%
Gen  976 | fit   8.238 | fold Calmar 27.85/ 4.59/12.55/ 2.87 | fold DD 22/ 7/ 8/ 5%
Gen  981 | fit   8.238 | fold Calmar 27.85/ 4.59/12.55/ 2.87 | fold DD 22/ 7/ 8/ 5%
Gen  986 | fit   8.238 | fold Calmar 27.85/ 4.59/12.55/ 2.87 | fold DD 22/ 7/ 8/ 5%
Gen  991 | fit   8.238 | fold Calmar 27.85/ 4.59/12.55/ 2.87 | fold DD 22/ 7/ 8/ 5%
Gen  996 | fit   8.238 | fold Calmar 27.85/ 4.59/12.55/ 2.87 | fold DD 22/ 7/ 8/ 5%
Gen 1001 | fit   8.238 | fold Calmar 27.85/ 4.59/12.55/ 2.87 | fold DD 22/ 7/ 8/ 5%
Gen 1006 | fit   8.238 | fold Calmar 27.85/ 4.59/12.55/ 2.87 | fold DD 22/ 7/ 8/ 5%
Gen 1011 | fit   8.238 | fold Calmar 27.85/ 4.59/12.55/ 2.87 | fold DD 22/ 7/ 8/ 5%
Gen 1016 | fit   8.238 | fold Calmar 27.85/ 4.59/12.55/ 2.87 | fold DD 22/ 7/ 8/ 5%
Gen 1021 | fit   8.238 | fold Calmar 27.85/ 4.59/12.55/ 2.87 | fold DD 22/ 7/ 8/ 5%
Gen 1026 | fit   8.238 | fold Calmar 27.85/ 4.59/12.55/ 2.87 | fold DD 22/ 7/ 8/ 5%
Gen 1031 | fit   8.238 | fold Calmar 27.85/ 4.59/12.55/ 2.87 | fold DD 22/ 7/ 8/ 5%
Gen 1036 | fit   8.238 | fold Calmar 27.85/ 4.59/12.55/ 2.87 | fold DD 22/ 7/ 8/ 5%
Gen 1041 | fit   8.238 | fold Calmar 27.85/ 4.59/12.55/ 2.87 | fold DD 22/ 7/ 8/ 5%
Gen 1046 | fit   8.238 | fold Calmar 27.85/ 4.59/12.55/ 2.87 | fold DD 22/ 7/ 8/ 5%
Gen 1051 | fit   8.238 | fold Calmar 27.85/ 4.59/12.55/ 2.87 | fold DD 22/ 7/ 8/ 5%
Gen 1056 | fit   8.238 | fold Calmar 27.85/ 4.59/12.55/ 2.87 | fold DD 22/ 7/ 8/ 5%
Gen 1061 | fit   8.238 | fold Calmar 27.85/ 4.59/12.55/ 2.87 | fold DD 22/ 7/ 8/ 5%
Gen 1066 | fit   8.238 | fold Calmar 27.85/ 4.59/12.55/ 2.87 | fold DD 22/ 7/ 8/ 5%
Gen 1071 | fit   8.238 | fold Calmar 27.85/ 4.59/12.55/ 2.87 | fold DD 22/ 7/ 8/ 5%
Gen 1076 | fit   8.238 | fold Calmar 27.85/ 4.59/12.55/ 2.87 | fold DD 22/ 7/ 8/ 5%
Gen 1081 | fit   8.238 | fold Calmar 27.85/ 4.59/12.55/ 2.87 | fold DD 22/ 7/ 8/ 5%
Gen 1086 | fit   8.238 | fold Calmar 27.85/ 4.59/12.55/ 2.87 | fold DD 22/ 7/ 8/ 5%
Gen 1091 | fit   8.238 | fold Calmar 27.85/ 4.59/12.55/ 2.87 | fold DD 22/ 7/ 8/ 5%
Gen 1096 | fit   8.238 | fold Calmar 27.85/ 4.59/12.55/ 2.87 | fold DD 22/ 7/ 8/ 5%
Gen 1101 | fit   8.238 | fold Calmar 27.85/ 4.59/12.55/ 2.87 | fold DD 22/ 7/ 8/ 5%
Gen 1106 | fit   8.238 | fold Calmar 27.85/ 4.59/12.55/ 2.87 | fold DD 22/ 7/ 8/ 5%
Gen 1111 | fit   8.238 | fold Calmar 27.85/ 4.59/12.55/ 2.87 | fold DD 22/ 7/ 8/ 5%
Gen 1116 | fit   8.238 | fold Calmar 27.85/ 4.59/12.55/ 2.87 | fold DD 22/ 7/ 8/ 5%
Gen 1121 | fit   8.238 | fold Calmar 27.85/ 4.59/12.55/ 2.87 | fold DD 22/ 7/ 8/ 5%
Gen 1126 | fit   8.238 | fold Calmar 27.84/ 4.59/12.55/ 2.87 | fold DD 22/ 7/ 8/ 5%
Gen 1131 | fit   8.238 | fold Calmar 27.84/ 4.59/12.55/ 2.87 | fold DD 22/ 7/ 8/ 5%
Gen 1136 | fit   8.238 | fold Calmar 27.84/ 4.59/12.55/ 2.87 | fold DD 22/ 7/ 8/ 5%
Gen 1141 | fit   8.238 | fold Calmar 27.84/ 4.59/12.55/ 2.87 | fold DD 22/ 7/ 8/ 5%
Gen 1146 | fit   8.238 | fold Calmar 27.84/ 4.59/12.55/ 2.87 | fold DD 22/ 7/ 8/ 5%
Gen 1151 | fit   8.238 | fold Calmar 27.84/ 4.59/12.55/ 2.87 | fold DD 22/ 7/ 8/ 5%
Gen 1156 | fit   8.238 | fold Calmar 27.84/ 4.59/12.55/ 2.87 | fold DD 22/ 7/ 8/ 5%
Gen 1161 | fit   8.238 | fold Calmar 27.84/ 4.59/12.55/ 2.87 | fold DD 22/ 7/ 8/ 5%
Gen 1166 | fit   8.238 | fold Calmar 27.84/ 4.59/12.55/ 2.87 | fold DD 22/ 7/ 8/ 5%
Gen 1171 | fit   8.238 | fold Calmar 27.84/ 4.59/12.55/ 2.87 | fold DD 22/ 7/ 8/ 5%
Gen 1176 | fit   8.238 | fold Calmar 27.84/ 4.59/12.55/ 2.87 | fold DD 22/ 7/ 8/ 5%
Gen 1181 | fit   8.238 | fold Calmar 27.84/ 4.59/12.55/ 2.87 | fold DD 22/ 7/ 8/ 5%
Gen 1186 | fit   8.238 | fold Calmar 27.84/ 4.59/12.55/ 2.87 | fold DD 22/ 7/ 8/ 5%
Gen 1191 | fit   8.238 | fold Calmar 27.84/ 4.59/12.55/ 2.87 | fold DD 22/ 7/ 8/ 5%
Gen 1196 | fit   8.238 | fold Calmar 27.84/ 4.59/12.55/ 2.87 | fold DD 22/ 7/ 8/ 5%
Gen 1201 | fit   8.238 | fold Calmar 27.84/ 4.59/12.55/ 2.87 | fold DD 22/ 7/ 8/ 5%
Gen 1206 | fit   8.238 | fold Calmar 27.84/ 4.59/12.55/ 2.87 | fold DD 22/ 7/ 8/ 5%
Gen 1211 | fit   8.238 | fold Calmar 27.84/ 4.59/12.55/ 2.87 | fold DD 22/ 7/ 8/ 5%
Gen 1216 | fit   8.238 | fold Calmar 27.84/ 4.59/12.55/ 2.87 | fold DD 22/ 7/ 8/ 5%
Gen 1221 | fit   8.238 | fold Calmar 27.84/ 4.59/12.55/ 2.87 | fold DD 22/ 7/ 8/ 5%
Gen 1226 | fit   8.238 | fold Calmar 27.84/ 4.59/12.55/ 2.87 | fold DD 22/ 7/ 8/ 5%
Gen 1231 | fit   8.238 | fold Calmar 27.84/ 4.59/12.55/ 2.87 | fold DD 22/ 7/ 8/ 5%
Gen 1236 | fit   8.238 | fold Calmar 27.84/ 4.59/12.55/ 2.87 | fold DD 22/ 7/ 8/ 5%
Gen 1241 | fit   8.238 | fold Calmar 27.84/ 4.59/12.55/ 2.87 | fold DD 22/ 7/ 8/ 5%
Gen 1246 | fit   8.238 | fold Calmar 27.84/ 4.59/12.55/ 2.87 | fold DD 22/ 7/ 8/ 5%
Gen 1251 | fit   8.238 | fold Calmar 27.84/ 4.59/12.55/ 2.87 | fold DD 22/ 7/ 8/ 5%
Gen 1256 | fit   8.238 | fold Calmar 27.84/ 4.59/12.55/ 2.87 | fold DD 22/ 7/ 8/ 5%
Gen 1261 | fit   8.238 | fold Calmar 27.84/ 4.59/12.55/ 2.87 | fold DD 22/ 7/ 8/ 5%
Gen 1266 | fit   8.238 | fold Calmar 27.84/ 4.59/12.55/ 2.87 | fold DD 22/ 7/ 8/ 5%
Gen 1271 | fit   8.238 | fold Calmar 27.84/ 4.59/12.55/ 2.87 | fold DD 22/ 7/ 8/ 5%
Gen 1276 | fit   8.238 | fold Calmar 27.84/ 4.59/12.55/ 2.87 | fold DD 22/ 7/ 8/ 5%
Gen 1281 | fit   8.238 | fold Calmar 27.84/ 4.59/12.55/ 2.87 | fold DD 22/ 7/ 8/ 5%
Gen 1286 | fit   8.238 | fold Calmar 27.84/ 4.59/12.55/ 2.87 | fold DD 22/ 7/ 8/ 5%
Gen 1291 | fit   8.238 | fold Calmar 27.84/ 4.59/12.55/ 2.87 | fold DD 22/ 7/ 8/ 5%
Gen 1296 | fit   8.238 | fold Calmar 27.84/ 4.59/12.55/ 2.87 | fold DD 22/ 7/ 8/ 5%
Gen 1301 | fit   8.238 | fold Calmar 27.84/ 4.59/12.55/ 2.87 | fold DD 22/ 7/ 8/ 5%
Gen 1306 | fit   8.238 | fold Calmar 27.84/ 4.59/12.55/ 2.87 | fold DD 22/ 7/ 8/ 5%
Gen 1311 | fit   8.238 | fold Calmar 27.84/ 4.59/12.55/ 2.87 | fold DD 22/ 7/ 8/ 5%
Gen 1316 | fit   8.238 | fold Calmar 27.84/ 4.59/12.55/ 2.87 | fold DD 22/ 7/ 8/ 5%
Gen 1321 | fit   8.238 | fold Calmar 27.84/ 4.59/12.55/ 2.87 | fold DD 22/ 7/ 8/ 5%
Gen 1326 | fit   8.238 | fold Calmar 27.84/ 4.59/12.55/ 2.87 | fold DD 22/ 7/ 8/ 5%
Gen 1331 | fit   8.238 | fold Calmar 27.84/ 4.59/12.55/ 2.87 | fold DD 22/ 7/ 8/ 5%
Gen 1336 | fit   8.238 | fold Calmar 27.84/ 4.59/12.55/ 2.87 | fold DD 22/ 7/ 8/ 5%
Gen 1341 | fit   8.238 | fold Calmar 27.84/ 4.59/12.55/ 2.87 | fold DD 22/ 7/ 8/ 5%
Gen 1346 | fit   8.238 | fold Calmar 27.84/ 4.59/12.55/ 2.87 | fold DD 22/ 7/ 8/ 5%
Gen 1351 | fit   8.238 | fold Calmar 27.84/ 4.59/12.55/ 2.87 | fold DD 22/ 7/ 8/ 5%
Gen 1356 | fit   8.238 | fold Calmar 27.85/ 4.59/12.55/ 2.87 | fold DD 22/ 7/ 8/ 5%
Gen 1361 | fit   8.238 | fold Calmar 27.85/ 4.59/12.55/ 2.87 | fold DD 22/ 7/ 8/ 5%
Gen 1366 | fit   8.238 | fold Calmar 27.85/ 4.59/12.55/ 2.87 | fold DD 22/ 7/ 8/ 5%
Gen 1371 | fit   8.238 | fold Calmar 27.85/ 4.59/12.55/ 2.87 | fold DD 22/ 7/ 8/ 5%
Gen 1376 | fit   8.238 | fold Calmar 27.85/ 4.59/12.55/ 2.87 | fold DD 22/ 7/ 8/ 5%
Gen 1381 | fit   8.238 | fold Calmar 27.85/ 4.59/12.55/ 2.87 | fold DD 22/ 7/ 8/ 5%
Gen 1386 | fit   8.238 | fold Calmar 27.85/ 4.59/12.55/ 2.87 | fold DD 22/ 7/ 8/ 5%
Gen 1391 | fit   8.238 | fold Calmar 27.85/ 4.59/12.55/ 2.87 | fold DD 22/ 7/ 8/ 5%
Gen 1396 | fit   8.238 | fold Calmar 27.85/ 4.59/12.55/ 2.87 | fold DD 22/ 7/ 8/ 5%
Gen 1401 | fit   8.238 | fold Calmar 27.85/ 4.59/12.55/ 2.87 | fold DD 22/ 7/ 8/ 5%
Gen 1406 | fit   8.238 | fold Calmar 27.85/ 4.59/12.55/ 2.87 | fold DD 22/ 7/ 8/ 5%
Gen 1411 | fit   8.238 | fold Calmar 27.85/ 4.59/12.55/ 2.87 | fold DD 22/ 7/ 8/ 5%
Gen 1416 | fit   8.238 | fold Calmar 27.85/ 4.59/12.55/ 2.87 | fold DD 22/ 7/ 8/ 5%
Gen 1421 | fit   8.238 | fold Calmar 27.85/ 4.59/12.55/ 2.87 | fold DD 22/ 7/ 8/ 5%
Gen 1426 | fit   8.238 | fold Calmar 27.85/ 4.59/12.55/ 2.87 | fold DD 22/ 7/ 8/ 5%
Gen 1431 | fit   8.238 | fold Calmar 27.85/ 4.59/12.55/ 2.87 | fold DD 22/ 7/ 8/ 5%
Gen 1436 | fit   8.238 | fold Calmar 27.85/ 4.59/12.55/ 2.87 | fold DD 22/ 7/ 8/ 5%
Gen 1441 | fit   8.238 | fold Calmar 27.85/ 4.59/12.55/ 2.87 | fold DD 22/ 7/ 8/ 5%
Gen 1446 | fit   8.238 | fold Calmar 27.85/ 4.59/12.55/ 2.87 | fold DD 22/ 7/ 8/ 5%
Gen 1451 | fit   8.238 | fold Calmar 27.85/ 4.59/12.55/ 2.87 | fold DD 22/ 7/ 8/ 5%
Gen 1456 | fit   8.238 | fold Calmar 27.85/ 4.59/12.55/ 2.87 | fold DD 22/ 7/ 8/ 5%
Gen 1461 | fit   8.238 | fold Calmar 27.85/ 4.59/12.55/ 2.87 | fold DD 22/ 7/ 8/ 5%
Gen 1466 | fit   8.238 | fold Calmar 27.85/ 4.59/12.55/ 2.87 | fold DD 22/ 7/ 8/ 5%
Gen 1471 | fit   8.238 | fold Calmar 27.85/ 4.59/12.55/ 2.87 | fold DD 22/ 7/ 8/ 5%
Gen 1476 | fit   8.238 | fold Calmar 27.85/ 4.59/12.55/ 2.87 | fold DD 22/ 7/ 8/ 5%
Gen 1481 | fit   8.238 | fold Calmar 27.85/ 4.59/12.55/ 2.87 | fold DD 22/ 7/ 8/ 5%
Gen 1486 | fit   8.238 | fold Calmar 27.85/ 4.59/12.55/ 2.87 | fold DD 22/ 7/ 8/ 5%
Gen 1491 | fit   8.238 | fold Calmar 27.85/ 4.59/12.55/ 2.87 | fold DD 22/ 7/ 8/ 5%
Gen 1496 | fit   8.238 | fold Calmar 27.85/ 4.59/12.55/ 2.87 | fold DD 22/ 7/ 8/ 5%
Gen 1501 | fit   8.238 | fold Calmar 27.85/ 4.59/12.55/ 2.87 | fold DD 22/ 7/ 8/ 5%
Gen 1506 | fit   8.238 | fold Calmar 27.85/ 4.59/12.55/ 2.87 | fold DD 22/ 7/ 8/ 5%
Gen 1511 | fit   8.238 | fold Calmar 27.85/ 4.59/12.55/ 2.87 | fold DD 22/ 7/ 8/ 5%
Gen 1516 | fit   8.238 | fold Calmar 27.85/ 4.59/12.55/ 2.87 | fold DD 22/ 7/ 8/ 5%
Gen 1521 | fit   8.238 | fold Calmar 27.85/ 4.59/12.55/ 2.87 | fold DD 22/ 7/ 8/ 5%
Gen 1526 | fit   8.238 | fold Calmar 27.85/ 4.59/12.55/ 2.87 | fold DD 22/ 7/ 8/ 5%
Gen 1531 | fit   8.238 | fold Calmar 27.85/ 4.59/12.55/ 2.87 | fold DD 22/ 7/ 8/ 5%
Gen 1536 | fit   8.238 | fold Calmar 27.85/ 4.59/12.55/ 2.87 | fold DD 22/ 7/ 8/ 5%
Gen 1541 | fit   8.238 | fold Calmar 27.85/ 4.59/12.55/ 2.87 | fold DD 22/ 7/ 8/ 5%
Gen 1546 | fit   8.238 | fold Calmar 27.85/ 4.59/12.55/ 2.87 | fold DD 22/ 7/ 8/ 5%
Gen 1551 | fit   8.238 | fold Calmar 27.85/ 4.59/12.55/ 2.87 | fold DD 22/ 7/ 8/ 5%
Gen 1556 | fit   8.238 | fold Calmar 27.85/ 4.59/12.55/ 2.87 | fold DD 22/ 7/ 8/ 5%
Gen 1561 | fit   8.238 | fold Calmar 27.85/ 4.59/12.55/ 2.87 | fold DD 22/ 7/ 8/ 5%
Gen 1566 | fit   8.238 | fold Calmar 27.85/ 4.59/12.55/ 2.87 | fold DD 22/ 7/ 8/ 5%
Gen 1571 | fit   8.238 | fold Calmar 27.85/ 4.59/12.55/ 2.87 | fold DD 22/ 7/ 8/ 5%
Gen 1576 | fit   8.238 | fold Calmar 27.85/ 4.59/12.55/ 2.87 | fold DD 22/ 7/ 8/ 5%
Gen 1581 | fit   8.238 | fold Calmar 27.85/ 4.59/12.55/ 2.87 | fold DD 22/ 7/ 8/ 5%
Gen 1586 | fit   8.238 | fold Calmar 27.85/ 4.59/12.55/ 2.87 | fold DD 22/ 7/ 8/ 5%
Gen 1591 | fit   8.238 | fold Calmar 27.85/ 4.59/12.55/ 2.87 | fold DD 22/ 7/ 8/ 5%
Gen 1596 | fit   8.238 | fold Calmar 27.85/ 4.59/12.55/ 2.87 | fold DD 22/ 7/ 8/ 5%
Gen 1601 | fit   8.238 | fold Calmar 27.85/ 4.59/12.55/ 2.87 | fold DD 22/ 7/ 8/ 5%
Gen 1606 | fit   8.238 | fold Calmar 27.85/ 4.59/12.55/ 2.87 | fold DD 22/ 7/ 8/ 5%
Gen 1611 | fit   8.238 | fold Calmar 27.85/ 4.59/12.55/ 2.87 | fold DD 22/ 7/ 8/ 5%
Gen 1616 | fit   8.238 | fold Calmar 27.85/ 4.59/12.55/ 2.87 | fold DD 22/ 7/ 8/ 5%
Gen 1621 | fit   8.238 | fold Calmar 27.85/ 4.59/12.55/ 2.87 | fold DD 22/ 7/ 8/ 5%
Gen 1626 | fit   8.238 | fold Calmar 27.85/ 4.59/12.55/ 2.87 | fold DD 22/ 7/ 8/ 5%
Gen 1631 | fit   8.238 | fold Calmar 27.85/ 4.59/12.55/ 2.87 | fold DD 22/ 7/ 8/ 5%
Gen 1636 | fit   8.238 | fold Calmar 27.85/ 4.59/12.55/ 2.87 | fold DD 22/ 7/ 8/ 5%
Gen 1641 | fit   8.238 | fold Calmar 27.85/ 4.59/12.55/ 2.87 | fold DD 22/ 7/ 8/ 5%
Gen 1646 | fit   8.238 | fold Calmar 27.85/ 4.59/12.55/ 2.87 | fold DD 22/ 7/ 8/ 5%
Gen 1651 | fit   8.238 | fold Calmar 27.85/ 4.59/12.55/ 2.87 | fold DD 22/ 7/ 8/ 5%
Gen 1656 | fit   8.238 | fold Calmar 27.85/ 4.59/12.55/ 2.87 | fold DD 22/ 7/ 8/ 5%
Gen 1661 | fit   8.238 | fold Calmar 27.85/ 4.59/12.55/ 2.87 | fold DD 22/ 7/ 8/ 5%
Gen 1666 | fit   8.238 | fold Calmar 27.85/ 4.59/12.55/ 2.87 | fold DD 22/ 7/ 8/ 5%
Gen 1671 | fit   8.238 | fold Calmar 27.85/ 4.59/12.55/ 2.87 | fold DD 22/ 7/ 8/ 5%
Gen 1676 | fit   8.238 | fold Calmar 27.85/ 4.59/12.55/ 2.87 | fold DD 22/ 7/ 8/ 5%
Gen 1681 | fit   8.238 | fold Calmar 27.85/ 4.59/12.55/ 2.87 | fold DD 22/ 7/ 8/ 5%
Gen 1686 | fit   8.238 | fold Calmar 27.85/ 4.59/12.55/ 2.87 | fold DD 22/ 7/ 8/ 5%
Gen 1691 | fit   8.238 | fold Calmar 27.85/ 4.59/12.55/ 2.87 | fold DD 22/ 7/ 8/ 5%
Gen 1696 | fit   8.238 | fold Calmar 27.85/ 4.59/12.55/ 2.87 | fold DD 22/ 7/ 8/ 5%
Gen 1701 | fit   8.238 | fold Calmar 27.85/ 4.59/12.55/ 2.87 | fold DD 22/ 7/ 8/ 5%
Gen 1706 | fit   8.238 | fold Calmar 27.85/ 4.59/12.55/ 2.87 | fold DD 22/ 7/ 8/ 5%
Gen 1711 | fit   8.238 | fold Calmar 27.85/ 4.59/12.55/ 2.87 | fold DD 22/ 7/ 8/ 5%
Gen 1716 | fit   8.238 | fold Calmar 27.85/ 4.59/12.55/ 2.87 | fold DD 22/ 7/ 8/ 5%
Gen 1721 | fit   8.238 | fold Calmar 27.85/ 4.59/12.55/ 2.87 | fold DD 22/ 7/ 8/ 5%
Gen 1726 | fit   8.238 | fold Calmar 27.85/ 4.59/12.55/ 2.87 | fold DD 22/ 7/ 8/ 5%
Gen 1731 | fit   8.238 | fold Calmar 27.85/ 4.59/12.55/ 2.87 | fold DD 22/ 7/ 8/ 5%
Gen 1736 | fit   8.238 | fold Calmar 27.85/ 4.59/12.55/ 2.87 | fold DD 22/ 7/ 8/ 5%
Gen 1741 | fit   8.238 | fold Calmar 27.85/ 4.59/12.55/ 2.87 | fold DD 22/ 7/ 8/ 5%
Gen 1746 | fit   8.238 | fold Calmar 27.85/ 4.59/12.55/ 2.87 | fold DD 22/ 7/ 8/ 5%
Gen 1751 | fit   8.238 | fold Calmar 27.85/ 4.59/12.55/ 2.87 | fold DD 22/ 7/ 8/ 5%
Gen 1756 | fit   8.238 | fold Calmar 27.85/ 4.59/12.55/ 2.87 | fold DD 22/ 7/ 8/ 5%
Gen 1761 | fit   8.238 | fold Calmar 27.85/ 4.59/12.55/ 2.87 | fold DD 22/ 7/ 8/ 5%
Gen 1766 | fit   8.238 | fold Calmar 27.85/ 4.59/12.55/ 2.87 | fold DD 22/ 7/ 8/ 5%
Gen 1771 | fit   8.238 | fold Calmar 27.85/ 4.59/12.55/ 2.87 | fold DD 22/ 7/ 8/ 5%
Gen 1776 | fit   8.238 | fold Calmar 27.85/ 4.59/12.55/ 2.87 | fold DD 22/ 7/ 8/ 5%
Gen 1781 | fit   8.238 | fold Calmar 27.85/ 4.59/12.55/ 2.87 | fold DD 22/ 7/ 8/ 5%
Gen 1786 | fit   8.238 | fold Calmar 27.85/ 4.59/12.55/ 2.87 | fold DD 22/ 7/ 8/ 5%
Gen 1791 | fit   8.238 | fold Calmar 27.85/ 4.59/12.55/ 2.87 | fold DD 22/ 7/ 8/ 5%
Gen 1796 | fit   8.238 | fold Calmar 27.85/ 4.59/12.55/ 2.87 | fold DD 22/ 7/ 8/ 5%
Gen 1801 | fit   8.238 | fold Calmar 27.85/ 4.59/12.55/ 2.87 | fold DD 22/ 7/ 8/ 5%
Gen 1806 | fit   8.238 | fold Calmar 27.85/ 4.59/12.55/ 2.87 | fold DD 22/ 7/ 8/ 5%
Gen 1811 | fit   8.238 | fold Calmar 27.85/ 4.59/12.55/ 2.87 | fold DD 22/ 7/ 8/ 5%
Gen 1816 | fit   8.238 | fold Calmar 27.85/ 4.59/12.55/ 2.87 | fold DD 22/ 7/ 8/ 5%
Gen 1821 | fit   8.238 | fold Calmar 27.85/ 4.59/12.55/ 2.87 | fold DD 22/ 7/ 8/ 5%
Gen 1826 | fit   8.238 | fold Calmar 27.85/ 4.59/12.55/ 2.87 | fold DD 22/ 7/ 8/ 5%
Gen 1831 | fit   8.238 | fold Calmar 27.85/ 4.59/12.55/ 2.87 | fold DD 22/ 7/ 8/ 5%
Gen 1836 | fit   8.238 | fold Calmar 27.85/ 4.59/12.55/ 2.87 | fold DD 22/ 7/ 8/ 5%
Gen 1841 | fit   8.238 | fold Calmar 27.85/ 4.59/12.55/ 2.87 | fold DD 22/ 7/ 8/ 5%
Gen 1846 | fit   8.238 | fold Calmar 27.85/ 4.59/12.55/ 2.87 | fold DD 22/ 7/ 8/ 5%
Gen 1851 | fit   8.238 | fold Calmar 27.85/ 4.59/12.55/ 2.87 | fold DD 22/ 7/ 8/ 5%
Gen 1856 | fit   8.238 | fold Calmar 27.85/ 4.59/12.55/ 2.87 | fold DD 22/ 7/ 8/ 5%
Gen 1861 | fit   8.238 | fold Calmar 27.85/ 4.59/12.55/ 2.87 | fold DD 22/ 7/ 8/ 5%
Gen 1866 | fit   8.238 | fold Calmar 27.85/ 4.59/12.55/ 2.87 | fold DD 22/ 7/ 8/ 5%
Gen 1871 | fit   8.238 | fold Calmar 27.85/ 4.59/12.55/ 2.87 | fold DD 22/ 7/ 8/ 5%
Gen 1876 | fit   8.238 | fold Calmar 27.85/ 4.59/12.55/ 2.87 | fold DD 22/ 7/ 8/ 5%
Gen 1881 | fit   8.238 | fold Calmar 27.85/ 4.59/12.55/ 2.87 | fold DD 22/ 7/ 8/ 5%
Gen 1886 | fit   8.238 | fold Calmar 27.85/ 4.59/12.55/ 2.87 | fold DD 22/ 7/ 8/ 5%
Gen 1891 | fit   8.238 | fold Calmar 27.85/ 4.59/12.55/ 2.87 | fold DD 22/ 7/ 8/ 5%
Gen 1896 | fit   8.238 | fold Calmar 27.85/ 4.59/12.55/ 2.87 | fold DD 22/ 7/ 8/ 5%
Gen 1901 | fit   8.238 | fold Calmar 27.85/ 4.59/12.55/ 2.87 | fold DD 22/ 7/ 8/ 5%
Gen 1906 | fit   8.238 | fold Calmar 27.85/ 4.59/12.55/ 2.87 | fold DD 22/ 7/ 8/ 5%
Gen 1911 | fit   8.238 | fold Calmar 27.85/ 4.59/12.55/ 2.87 | fold DD 22/ 7/ 8/ 5%
Gen 1916 | fit   8.238 | fold Calmar 27.85/ 4.59/12.55/ 2.87 | fold DD 22/ 7/ 8/ 5%
Gen 1921 | fit   8.238 | fold Calmar 27.85/ 4.59/12.55/ 2.87 | fold DD 22/ 7/ 8/ 5%
Gen 1926 | fit   8.238 | fold Calmar 27.85/ 4.59/12.55/ 2.87 | fold DD 22/ 7/ 8/ 5%
Gen 1931 | fit   8.238 | fold Calmar 27.85/ 4.59/12.55/ 2.87 | fold DD 22/ 7/ 8/ 5%
Gen 1936 | fit   8.238 | fold Calmar 27.85/ 4.59/12.55/ 2.87 | fold DD 22/ 7/ 8/ 5%
Gen 1941 | fit   8.238 | fold Calmar 27.85/ 4.59/12.55/ 2.87 | fold DD 22/ 7/ 8/ 5%
Gen 1946 | fit   8.238 | fold Calmar 27.85/ 4.59/12.55/ 2.87 | fold DD 22/ 7/ 8/ 5%
Gen 1951 | fit   8.238 | fold Calmar 27.85/ 4.59/12.55/ 2.87 | fold DD 22/ 7/ 8/ 5%
Gen 1956 | fit   8.238 | fold Calmar 27.85/ 4.59/12.55/ 2.87 | fold DD 22/ 7/ 8/ 5%
Gen 1961 | fit   8.238 | fold Calmar 27.85/ 4.59/12.55/ 2.87 | fold DD 22/ 7/ 8/ 5%
Gen 1966 | fit   8.238 | fold Calmar 27.85/ 4.59/12.55/ 2.87 | fold DD 22/ 7/ 8/ 5%
Gen 1971 | fit   8.238 | fold Calmar 27.85/ 4.59/12.55/ 2.87 | fold DD 22/ 7/ 8/ 5%
Gen 1976 | fit   8.238 | fold Calmar 27.85/ 4.59/12.55/ 2.87 | fold DD 22/ 7/ 8/ 5%
Gen 1981 | fit   8.238 | fold Calmar 27.85/ 4.59/12.55/ 2.87 | fold DD 22/ 7/ 8/ 5%
Gen 1986 | fit   8.238 | fold Calmar 27.85/ 4.59/12.55/ 2.87 | fold DD 22/ 7/ 8/ 5%
Gen 1991 | fit   8.238 | fold Calmar 27.85/ 4.59/12.55/ 2.87 | fold DD 22/ 7/ 8/ 5%
Gen 1996 | fit   8.238 | fold Calmar 27.85/ 4.59/12.55/ 2.87 | fold DD 22/ 7/ 8/ 5%
Gen 2001 | fit   8.238 | fold Calmar 27.85/ 4.59/12.55/ 2.87 | fold DD 22/ 7/ 8/ 5%
Gen 2006 | fit   8.238 | fold Calmar 27.85/ 4.59/12.55/ 2.87 | fold DD 22/ 7/ 8/ 5%
Gen 2011 | fit   8.238 | fold Calmar 27.85/ 4.59/12.55/ 2.87 | fold DD 22/ 7/ 8/ 5%
Gen 2016 | fit   8.238 | fold Calmar 27.85/ 4.59/12.55/ 2.87 | fold DD 22/ 7/ 8/ 5%
Gen 2021 | fit   8.238 | fold Calmar 27.85/ 4.59/12.55/ 2.87 | fold DD 22/ 7/ 8/ 5%
Gen 2026 | fit   8.238 | fold Calmar 27.85/ 4.59/12.55/ 2.87 | fold DD 22/ 7/ 8/ 5%
Gen 2031 | fit   8.238 | fold Calmar 27.85/ 4.59/12.55/ 2.87 | fold DD 22/ 7/ 8/ 5%
Gen 2036 | fit   8.238 | fold Calmar 27.85/ 4.59/12.55/ 2.87 | fold DD 22/ 7/ 8/ 5%
Gen 2041 | fit   8.238 | fold Calmar 27.85/ 4.59/12.55/ 2.87 | fold DD 22/ 7/ 8/ 5%
Gen 2046 | fit   8.238 | fold Calmar 27.85/ 4.59/12.55/ 2.87 | fold DD 22/ 7/ 8/ 5%
Gen 2051 | fit   8.238 | fold Calmar 27.85/ 4.59/12.55/ 2.87 | fold DD 22/ 7/ 8/ 5%
Gen 2056 | fit   8.238 | fold Calmar 27.85/ 4.59/12.55/ 2.87 | fold DD 22/ 7/ 8/ 5%
Gen 2061 | fit   8.238 | fold Calmar 27.85/ 4.59/12.55/ 2.87 | fold DD 22/ 7/ 8/ 5%
Gen 2066 | fit   8.238 | fold Calmar 27.85/ 4.59/12.55/ 2.87 | fold DD 22/ 7/ 8/ 5%
Gen 2071 | fit   8.238 | fold Calmar 27.85/ 4.59/12.55/ 2.87 | fold DD 22/ 7/ 8/ 5%
Gen 2076 | fit   8.238 | fold Calmar 27.85/ 4.59/12.55/ 2.87 | fold DD 22/ 7/ 8/ 5%
Gen 2081 | fit   8.238 | fold Calmar 27.85/ 4.59/12.55/ 2.87 | fold DD 22/ 7/ 8/ 5%
Gen 2086 | fit   8.238 | fold Calmar 27.85/ 4.59/12.55/ 2.87 | fold DD 22/ 7/ 8/ 5%
Gen 2091 | fit   8.238 | fold Calmar 27.85/ 4.59/12.55/ 2.87 | fold DD 22/ 7/ 8/ 5%
Gen 2096 | fit   8.238 | fold Calmar 27.85/ 4.59/12.55/ 2.87 | fold DD 22/ 7/ 8/ 5%
Gen 2101 | fit   8.238 | fold Calmar 27.85/ 4.59/12.55/ 2.87 | fold DD 22/ 7/ 8/ 5%
Gen 2106 | fit   8.238 | fold Calmar 27.85/ 4.59/12.55/ 2.87 | fold DD 22/ 7/ 8/ 5%
Gen 2111 | fit   8.238 | fold Calmar 27.85/ 4.59/12.55/ 2.87 | fold DD 22/ 7/ 8/ 5%
Gen 2116 | fit   8.238 | fold Calmar 27.85/ 4.59/12.55/ 2.87 | fold DD 22/ 7/ 8/ 5%
Gen 2121 | fit   8.238 | fold Calmar 27.85/ 4.59/12.55/ 2.87 | fold DD 22/ 7/ 8/ 5%
Gen 2126 | fit   8.238 | fold Calmar 27.85/ 4.59/12.55/ 2.87 | fold DD 22/ 7/ 8/ 5%
Gen 2131 | fit   8.238 | fold Calmar 27.85/ 4.59/12.55/ 2.87 | fold DD 22/ 7/ 8/ 5%
Gen 2136 | fit   8.238 | fold Calmar 27.85/ 4.59/12.55/ 2.87 | fold DD 22/ 7/ 8/ 5%
Gen 2141 | fit   8.238 | fold Calmar 27.85/ 4.59/12.55/ 2.87 | fold DD 22/ 7/ 8/ 5%
Gen 2146 | fit   8.238 | fold Calmar 27.85/ 4.59/12.55/ 2.87 | fold DD 22/ 7/ 8/ 5%
Gen 2151 | fit   8.238 | fold Calmar 27.85/ 4.59/12.55/ 2.87 | fold DD 22/ 7/ 8/ 5%
Gen 2156 | fit   8.238 | fold Calmar 27.85/ 4.59/12.55/ 2.87 | fold DD 22/ 7/ 8/ 5%
Gen 2161 | fit   8.238 | fold Calmar 27.85/ 4.59/12.55/ 2.87 | fold DD 22/ 7/ 8/ 5%
Gen 2166 | fit   8.238 | fold Calmar 27.85/ 4.59/12.55/ 2.87 | fold DD 22/ 7/ 8/ 5%
Gen 2171 | fit   8.238 | fold Calmar 27.85/ 4.59/12.55/ 2.87 | fold DD 22/ 7/ 8/ 5%
Gen 2176 | fit   8.238 | fold Calmar 27.85/ 4.59/12.55/ 2.87 | fold DD 22/ 7/ 8/ 5%
Gen 2181 | fit   8.238 | fold Calmar 27.85/ 4.59/12.55/ 2.87 | fold DD 22/ 7/ 8/ 5%
Gen 2186 | fit   8.238 | fold Calmar 27.85/ 4.59/12.55/ 2.87 | fold DD 22/ 7/ 8/ 5%
Gen 2191 | fit   8.238 | fold Calmar 27.85/ 4.59/12.55/ 2.87 | fold DD 22/ 7/ 8/ 5%
Gen 2196 | fit   8.238 | fold Calmar 27.85/ 4.59/12.55/ 2.87 | fold DD 22/ 7/ 8/ 5%
Gen 2201 | fit   8.238 | fold Calmar 27.85/ 4.59/12.55/ 2.87 | fold DD 22/ 7/ 8/ 5%
Gen 2206 | fit   8.238 | fold Calmar 27.85/ 4.59/12.55/ 2.87 | fold DD 22/ 7/ 8/ 5%
Gen 2211 | fit   8.238 | fold Calmar 27.85/ 4.59/12.55/ 2.87 | fold DD 22/ 7/ 8/ 5%
Gen 2216 | fit   8.238 | fold Calmar 27.85/ 4.59/12.55/ 2.87 | fold DD 22/ 7/ 8/ 5%
Gen 2221 | fit   8.238 | fold Calmar 27.85/ 4.59/12.55/ 2.87 | fold DD 22/ 7/ 8/ 5%
Gen 2226 | fit   8.238 | fold Calmar 27.85/ 4.59/12.55/ 2.87 | fold DD 22/ 7/ 8/ 5%
Gen 2231 | fit   8.238 | fold Calmar 27.85/ 4.59/12.55/ 2.87 | fold DD 22/ 7/ 8/ 5%
Gen 2236 | fit   8.238 | fold Calmar 27.85/ 4.59/12.55/ 2.87 | fold DD 22/ 7/ 8/ 5%
Gen 2241 | fit   8.238 | fold Calmar 27.85/ 4.59/12.55/ 2.87 | fold DD 22/ 7/ 8/ 5%
Gen 2246 | fit   8.238 | fold Calmar 27.85/ 4.59/12.55/ 2.87 | fold DD 22/ 7/ 8/ 5%
Gen 2251 | fit   8.238 | fold Calmar 27.85/ 4.59/12.55/ 2.87 | fold DD 22/ 7/ 8/ 5%
Gen 2256 | fit   8.238 | fold Calmar 27.85/ 4.59/12.55/ 2.87 | fold DD 22/ 7/ 8/ 5%
Gen 2261 | fit   8.238 | fold Calmar 27.85/ 4.59/12.55/ 2.87 | fold DD 22/ 7/ 8/ 5%
Gen 2266 | fit   8.238 | fold Calmar 27.85/ 4.59/12.55/ 2.87 | fold DD 22/ 7/ 8/ 5%
Gen 2271 | fit   8.238 | fold Calmar 27.85/ 4.59/12.55/ 2.87 | fold DD 22/ 7/ 8/ 5%
Gen 2276 | fit   8.238 | fold Calmar 27.85/ 4.59/12.55/ 2.87 | fold DD 22/ 7/ 8/ 5%
Gen 2281 | fit   8.238 | fold Calmar 27.85/ 4.59/12.55/ 2.87 | fold DD 22/ 7/ 8/ 5%
Gen 2286 | fit   8.238 | fold Calmar 27.85/ 4.59/12.55/ 2.87 | fold DD 22/ 7/ 8/ 5%
Gen 2291 | fit   8.238 | fold Calmar 27.85/ 4.59/12.55/ 2.87 | fold DD 22/ 7/ 8/ 5%
Gen 2296 | fit   8.238 | fold Calmar 27.85/ 4.59/12.55/ 2.87 | fold DD 22/ 7/ 8/ 5%
Gen 2301 | fit   8.238 | fold Calmar 27.85/ 4.59/12.55/ 2.87 | fold DD 22/ 7/ 8/ 5%
Gen 2306 | fit   8.238 | fold Calmar 27.85/ 4.59/12.55/ 2.87 | fold DD 22/ 7/ 8/ 5%
Gen 2311 | fit   8.238 | fold Calmar 27.85/ 4.59/12.55/ 2.87 | fold DD 22/ 7/ 8/ 5%
Gen 2316 | fit   8.238 | fold Calmar 27.85/ 4.59/12.55/ 2.87 | fold DD 22/ 7/ 8/ 5%
Gen 2321 | fit   8.238 | fold Calmar 27.85/ 4.59/12.55/ 2.87 | fold DD 22/ 7/ 8/ 5%
Gen 2326 | fit   8.238 | fold Calmar 27.85/ 4.59/12.55/ 2.87 | fold DD 22/ 7/ 8/ 5%
Gen 2331 | fit   8.238 | fold Calmar 27.85/ 4.59/12.55/ 2.87 | fold DD 22/ 7/ 8/ 5%
Gen 2336 | fit   8.238 | fold Calmar 27.85/ 4.59/12.55/ 2.87 | fold DD 22/ 7/ 8/ 5%
Gen 2341 | fit   8.238 | fold Calmar 27.85/ 4.59/12.55/ 2.87 | fold DD 22/ 7/ 8/ 5%
Gen 2346 | fit   8.238 | fold Calmar 27.85/ 4.59/12.55/ 2.87 | fold DD 22/ 7/ 8/ 5%
Gen 2351 | fit   8.238 | fold Calmar 27.85/ 4.59/12.55/ 2.87 | fold DD 22/ 7/ 8/ 5%
Gen 2356 | fit   8.238 | fold Calmar 27.85/ 4.59/12.55/ 2.87 | fold DD 22/ 7/ 8/ 5%
Gen 2361 | fit   8.238 | fold Calmar 27.85/ 4.59/12.55/ 2.87 | fold DD 22/ 7/ 8/ 5%
Gen 2366 | fit   8.238 | fold Calmar 27.85/ 4.59/12.55/ 2.87 | fold DD 22/ 7/ 8/ 5%
Gen 2371 | fit   8.238 | fold Calmar 27.85/ 4.59/12.55/ 2.87 | fold DD 22/ 7/ 8/ 5%
Gen 2376 | fit   8.238 | fold Calmar 27.85/ 4.59/12.55/ 2.87 | fold DD 22/ 7/ 8/ 5%
Gen 2381 | fit   8.238 | fold Calmar 27.85/ 4.59/12.55/ 2.87 | fold DD 22/ 7/ 8/ 5%
Gen 2386 | fit   8.238 | fold Calmar 27.85/ 4.59/12.55/ 2.87 | fold DD 22/ 7/ 8/ 5%
Gen 2391 | fit   8.238 | fold Calmar 27.85/ 4.59/12.55/ 2.87 | fold DD 22/ 7/ 8/ 5%
Gen 2396 | fit   8.238 | fold Calmar 27.85/ 4.59/12.55/ 2.87 | fold DD 22/ 7/ 8/ 5%
Gen 2401 | fit   8.238 | fold Calmar 27.85/ 4.59/12.55/ 2.87 | fold DD 22/ 7/ 8/ 5%
Gen 2406 | fit   8.238 | fold Calmar 27.85/ 4.59/12.55/ 2.87 | fold DD 22/ 7/ 8/ 5%
Gen 2411 | fit   8.238 | fold Calmar 27.85/ 4.59/12.55/ 2.87 | fold DD 22/ 7/ 8/ 5%
Gen 2416 | fit   8.238 | fold Calmar 27.85/ 4.59/12.55/ 2.87 | fold DD 22/ 7/ 8/ 5%
Gen 2421 | fit   8.238 | fold Calmar 27.85/ 4.59/12.55/ 2.87 | fold DD 22/ 7/ 8/ 5%
Gen 2426 | fit   8.238 | fold Calmar 27.85/ 4.59/12.55/ 2.87 | fold DD 22/ 7/ 8/ 5%
Gen 2431 | fit   8.238 | fold Calmar 27.85/ 4.59/12.55/ 2.87 | fold DD 22/ 7/ 8/ 5%
Gen 2436 | fit   8.238 | fold Calmar 27.85/ 4.59/12.55/ 2.87 | fold DD 22/ 7/ 8/ 5%
Gen 2441 | fit   8.238 | fold Calmar 27.85/ 4.59/12.55/ 2.87 | fold DD 22/ 7/ 8/ 5%
Gen 2446 | fit   8.238 | fold Calmar 27.85/ 4.59/12.55/ 2.87 | fold DD 22/ 7/ 8/ 5%
Gen 2451 | fit   8.238 | fold Calmar 27.85/ 4.59/12.55/ 2.87 | fold DD 22/ 7/ 8/ 5%
Gen 2456 | fit   8.238 | fold Calmar 27.85/ 4.59/12.55/ 2.87 | fold DD 22/ 7/ 8/ 5%
Gen 2461 | fit   8.238 | fold Calmar 27.85/ 4.59/12.55/ 2.87 | fold DD 22/ 7/ 8/ 5%
Gen 2466 | fit   8.238 | fold Calmar 27.93/ 4.55/12.55/ 2.89 | fold DD 22/ 7/ 8/ 6%
Gen 2471 | fit   8.238 | fold Calmar 27.93/ 4.55/12.55/ 2.89 | fold DD 22/ 7/ 8/ 6%
Gen 2476 | fit   8.238 | fold Calmar 27.93/ 4.55/12.55/ 2.89 | fold DD 22/ 7/ 8/ 6%
Gen 2481 | fit   8.238 | fold Calmar 27.93/ 4.55/12.55/ 2.89 | fold DD 22/ 7/ 8/ 6%
Gen 2486 | fit   8.238 | fold Calmar 27.93/ 4.55/12.55/ 2.89 | fold DD 22/ 7/ 8/ 6%
Gen 2491 | fit   8.238 | fold Calmar 27.93/ 4.55/12.55/ 2.89 | fold DD 22/ 7/ 8/ 6%
Gen 2496 | fit   8.238 | fold Calmar 27.93/ 4.55/12.55/ 2.89 | fold DD 22/ 7/ 8/ 6%
Gen 2501 | fit   8.238 | fold Calmar 27.93/ 4.55/12.55/ 2.89 | fold DD 22/ 7/ 8/ 6%
Gen 2506 | fit   8.238 | fold Calmar 27.93/ 4.55/12.55/ 2.89 | fold DD 22/ 7/ 8/ 6%
Gen 2511 | fit   8.238 | fold Calmar 27.93/ 4.55/12.55/ 2.89 | fold DD 22/ 7/ 8/ 6%
Gen 2516 | fit   8.239 | fold Calmar 27.92/ 4.55/12.55/ 2.89 | fold DD 22/ 7/ 8/ 6%
Gen 2521 | fit   8.239 | fold Calmar 27.92/ 4.55/12.55/ 2.89 | fold DD 22/ 7/ 8/ 6%
Gen 2526 | fit   8.239 | fold Calmar 27.92/ 4.55/12.55/ 2.89 | fold DD 22/ 7/ 8/ 6%
Gen 2531 | fit   8.239 | fold Calmar 27.92/ 4.55/12.55/ 2.89 | fold DD 22/ 7/ 8/ 6%
Gen 2536 | fit   8.239 | fold Calmar 27.92/ 4.55/12.56/ 2.89 | fold DD 22/ 7/ 8/ 6%
Gen 2541 | fit   8.239 | fold Calmar 27.92/ 4.55/12.56/ 2.89 | fold DD 22/ 7/ 8/ 6%
Gen 2546 | fit   8.239 | fold Calmar 27.92/ 4.55/12.56/ 2.89 | fold DD 22/ 7/ 8/ 6%
Gen 2551 | fit   8.239 | fold Calmar 27.92/ 4.55/12.56/ 2.89 | fold DD 22/ 7/ 8/ 6%
Gen 2556 | fit   8.239 | fold Calmar 27.93/ 4.55/12.56/ 2.89 | fold DD 22/ 7/ 8/ 6%
Gen 2561 | fit   8.239 | fold Calmar 27.93/ 4.55/12.56/ 2.89 | fold DD 22/ 7/ 8/ 6%
Gen 2566 | fit   8.239 | fold Calmar 27.93/ 4.55/12.56/ 2.89 | fold DD 22/ 7/ 8/ 6%
Gen 2571 | fit   8.239 | fold Calmar 27.93/ 4.55/12.56/ 2.89 | fold DD 22/ 7/ 8/ 6%
Gen 2576 | fit   8.239 | fold Calmar 27.92/ 4.55/12.56/ 2.89 | fold DD 22/ 7/ 8/ 6%
Gen 2581 | fit   8.239 | fold Calmar 27.92/ 4.55/12.56/ 2.89 | fold DD 22/ 7/ 8/ 6%
Gen 2586 | fit   8.239 | fold Calmar 27.92/ 4.55/12.56/ 2.89 | fold DD 22/ 7/ 8/ 6%
Gen 2591 | fit   8.239 | fold Calmar 27.92/ 4.55/12.56/ 2.89 | fold DD 22/ 7/ 8/ 6%
Gen 2596 | fit   8.239 | fold Calmar 27.92/ 4.55/12.56/ 2.89 | fold DD 22/ 7/ 8/ 6%
Gen 2601 | fit   8.239 | fold Calmar 27.92/ 4.55/12.56/ 2.89 | fold DD 22/ 7/ 8/ 6%
Gen 2606 | fit   8.239 | fold Calmar 27.92/ 4.55/12.56/ 2.89 | fold DD 22/ 7/ 8/ 6%
Gen 2611 | fit   8.239 | fold Calmar 27.92/ 4.55/12.56/ 2.89 | fold DD 22/ 7/ 8/ 6%
Gen 2616 | fit   8.239 | fold Calmar 27.92/ 4.55/12.56/ 2.89 | fold DD 22/ 7/ 8/ 6%
Gen 2621 | fit   8.239 | fold Calmar 27.92/ 4.55/12.56/ 2.89 | fold DD 22/ 7/ 8/ 6%
Gen 2626 | fit   8.239 | fold Calmar 27.92/ 4.55/12.56/ 2.89 | fold DD 22/ 7/ 8/ 6%
Gen 2631 | fit   8.239 | fold Calmar 27.92/ 4.55/12.56/ 2.89 | fold DD 22/ 7/ 8/ 6%
Gen 2636 | fit   8.239 | fold Calmar 27.92/ 4.55/12.56/ 2.89 | fold DD 22/ 7/ 8/ 6%
Gen 2641 | fit   8.239 | fold Calmar 27.92/ 4.55/12.56/ 2.89 | fold DD 22/ 7/ 8/ 6%
Gen 2646 | fit   8.239 | fold Calmar 27.92/ 4.55/12.56/ 2.89 | fold DD 22/ 7/ 8/ 6%
Gen 2651 | fit   8.239 | fold Calmar 27.92/ 4.55/12.56/ 2.89 | fold DD 22/ 7/ 8/ 6%
Gen 2656 | fit   8.239 | fold Calmar 27.92/ 4.55/12.56/ 2.89 | fold DD 22/ 7/ 8/ 6%
Gen 2661 | fit   8.239 | fold Calmar 27.92/ 4.55/12.56/ 2.89 | fold DD 22/ 7/ 8/ 6%
Gen 2666 | fit   8.239 | fold Calmar 27.92/ 4.55/12.56/ 2.89 | fold DD 22/ 7/ 8/ 6%
Gen 2671 | fit   8.239 | fold Calmar 27.92/ 4.55/12.56/ 2.89 | fold DD 22/ 7/ 8/ 6%
Gen 2676 | fit   8.239 | fold Calmar 27.92/ 4.55/12.56/ 2.89 | fold DD 22/ 7/ 8/ 6%
Gen 2681 | fit   8.239 | fold Calmar 27.92/ 4.55/12.56/ 2.89 | fold DD 22/ 7/ 8/ 6%
Gen 2686 | fit   8.239 | fold Calmar 27.92/ 4.55/12.56/ 2.89 | fold DD 22/ 7/ 8/ 6%
Gen 2691 | fit   8.239 | fold Calmar 27.92/ 4.55/12.56/ 2.89 | fold DD 22/ 7/ 8/ 6%
Gen 2696 | fit   8.239 | fold Calmar 27.92/ 4.55/12.56/ 2.89 | fold DD 22/ 7/ 8/ 6%
Gen 2701 | fit   8.239 | fold Calmar 27.92/ 4.55/12.56/ 2.89 | fold DD 22/ 7/ 8/ 6%
Gen 2706 | fit   8.239 | fold Calmar 27.92/ 4.55/12.56/ 2.89 | fold DD 22/ 7/ 8/ 6%
Gen 2711 | fit   8.239 | fold Calmar 27.92/ 4.55/12.56/ 2.89 | fold DD 22/ 7/ 8/ 6%
Gen 2716 | fit   8.239 | fold Calmar 27.92/ 4.55/12.56/ 2.89 | fold DD 22/ 7/ 8/ 6%
Gen 2721 | fit   8.239 | fold Calmar 27.92/ 4.55/12.56/ 2.89 | fold DD 22/ 7/ 8/ 6%
Gen 2726 | fit   8.239 | fold Calmar 27.92/ 4.55/12.56/ 2.89 | fold DD 22/ 7/ 8/ 6%
Gen 2731 | fit   8.239 | fold Calmar 27.92/ 4.55/12.56/ 2.89 | fold DD 22/ 7/ 8/ 6%
Gen 2736 | fit   8.239 | fold Calmar 27.92/ 4.55/12.56/ 2.89 | fold DD 22/ 7/ 8/ 6%
Gen 2741 | fit   8.239 | fold Calmar 27.92/ 4.55/12.56/ 2.89 | fold DD 22/ 7/ 8/ 6%
Gen 2746 | fit   8.239 | fold Calmar 27.92/ 4.55/12.56/ 2.89 | fold DD 22/ 7/ 8/ 6%
Gen 2751 | fit   8.239 | fold Calmar 27.92/ 4.55/12.56/ 2.89 | fold DD 22/ 7/ 8/ 6%
Gen 2756 | fit   8.239 | fold Calmar 27.92/ 4.55/12.56/ 2.89 | fold DD 22/ 7/ 8/ 6%
Gen 2761 | fit   8.239 | fold Calmar 27.92/ 4.55/12.56/ 2.89 | fold DD 22/ 7/ 8/ 6%
Gen 2766 | fit   8.239 | fold Calmar 27.92/ 4.55/12.56/ 2.89 | fold DD 22/ 7/ 8/ 6%
Gen 2771 | fit   8.239 | fold Calmar 27.92/ 4.55/12.56/ 2.89 | fold DD 22/ 7/ 8/ 6%
Gen 2776 | fit   8.239 | fold Calmar 27.92/ 4.55/12.56/ 2.89 | fold DD 22/ 7/ 8/ 6%
Gen 2781 | fit   8.239 | fold Calmar 27.92/ 4.55/12.56/ 2.89 | fold DD 22/ 7/ 8/ 6%
Gen 2786 | fit   8.239 | fold Calmar 27.92/ 4.55/12.56/ 2.89 | fold DD 22/ 7/ 8/ 6%
Gen 2791 | fit   8.239 | fold Calmar 27.92/ 4.55/12.56/ 2.89 | fold DD 22/ 7/ 8/ 6%
Gen 2796 | fit   8.239 | fold Calmar 27.92/ 4.55/12.56/ 2.89 | fold DD 22/ 7/ 8/ 6%
Gen 2801 | fit   8.239 | fold Calmar 27.92/ 4.55/12.56/ 2.89 | fold DD 22/ 7/ 8/ 6%
Gen 2806 | fit   8.239 | fold Calmar 27.92/ 4.55/12.56/ 2.89 | fold DD 22/ 7/ 8/ 6%
Gen 2811 | fit   8.239 | fold Calmar 27.92/ 4.55/12.56/ 2.89 | fold DD 22/ 7/ 8/ 6%
Gen 2816 | fit   8.239 | fold Calmar 27.92/ 4.55/12.56/ 2.89 | fold DD 22/ 7/ 8/ 6%
Gen 2821 | fit   8.239 | fold Calmar 27.92/ 4.55/12.56/ 2.89 | fold DD 22/ 7/ 8/ 6%
Gen 2826 | fit   8.239 | fold Calmar 27.92/ 4.55/12.56/ 2.89 | fold DD 22/ 7/ 8/ 6%
Gen 2831 | fit   8.239 | fold Calmar 27.92/ 4.55/12.56/ 2.89 | fold DD 22/ 7/ 8/ 6%
Gen 2836 | fit   8.239 | fold Calmar 27.92/ 4.55/12.56/ 2.89 | fold DD 22/ 7/ 8/ 6%
Gen 2841 | fit   8.239 | fold Calmar 27.92/ 4.55/12.56/ 2.89 | fold DD 22/ 7/ 8/ 6%
Gen 2846 | fit   8.239 | fold Calmar 27.92/ 4.55/12.56/ 2.89 | fold DD 22/ 7/ 8/ 6%
Gen 2851 | fit   8.239 | fold Calmar 27.92/ 4.55/12.56/ 2.89 | fold DD 22/ 7/ 8/ 6%
Gen 2856 | fit   8.239 | fold Calmar 27.92/ 4.55/12.56/ 2.89 | fold DD 22/ 7/ 8/ 6%
Gen 2861 | fit   8.239 | fold Calmar 27.92/ 4.55/12.56/ 2.89 | fold DD 22/ 7/ 8/ 6%
Gen 2866 | fit   8.239 | fold Calmar 27.92/ 4.55/12.56/ 2.89 | fold DD 22/ 7/ 8/ 6%
Gen 2871 | fit   8.239 | fold Calmar 27.92/ 4.55/12.56/ 2.89 | fold DD 22/ 7/ 8/ 6%
Gen 2876 | fit   8.239 | fold Calmar 27.92/ 4.55/12.56/ 2.89 | fold DD 22/ 7/ 8/ 6%
Gen 2881 | fit   8.239 | fold Calmar 27.92/ 4.55/12.56/ 2.89 | fold DD 22/ 7/ 8/ 6%
Gen 2886 | fit   8.239 | fold Calmar 27.92/ 4.55/12.56/ 2.89 | fold DD 22/ 7/ 8/ 6%
Gen 2891 | fit   8.239 | fold Calmar 27.92/ 4.55/12.56/ 2.89 | fold DD 22/ 7/ 8/ 6%
Gen 2896 | fit   8.239 | fold Calmar 27.92/ 4.55/12.56/ 2.89 | fold DD 22/ 7/ 8/ 6%
Gen 2901 | fit   8.239 | fold Calmar 27.92/ 4.55/12.56/ 2.89 | fold DD 22/ 7/ 8/ 6%
Gen 2906 | fit   8.239 | fold Calmar 27.92/ 4.55/12.56/ 2.89 | fold DD 22/ 7/ 8/ 6%
Gen 2911 | fit   8.239 | fold Calmar 27.92/ 4.55/12.56/ 2.89 | fold DD 22/ 7/ 8/ 6%
Gen 2916 | fit   8.239 | fold Calmar 27.92/ 4.55/12.56/ 2.89 | fold DD 22/ 7/ 8/ 6%
Gen 2921 | fit   8.239 | fold Calmar 27.92/ 4.55/12.56/ 2.89 | fold DD 22/ 7/ 8/ 6%
Gen 2926 | fit   8.239 | fold Calmar 27.92/ 4.55/12.56/ 2.89 | fold DD 22/ 7/ 8/ 6%
Gen 2931 | fit   8.239 | fold Calmar 27.92/ 4.55/12.56/ 2.89 | fold DD 22/ 7/ 8/ 6%
Gen 2936 | fit   8.239 | fold Calmar 27.92/ 4.55/12.56/ 2.89 | fold DD 22/ 7/ 8/ 6%
Gen 2941 | fit   8.239 | fold Calmar 27.92/ 4.55/12.56/ 2.89 | fold DD 22/ 7/ 8/ 6%
Gen 2946 | fit   8.239 | fold Calmar 27.92/ 4.55/12.56/ 2.89 | fold DD 22/ 7/ 8/ 6%
Gen 2951 | fit   8.239 | fold Calmar 27.92/ 4.55/12.56/ 2.89 | fold DD 22/ 7/ 8/ 6%
Gen 2956 | fit   8.239 | fold Calmar 27.92/ 4.55/12.56/ 2.89 | fold DD 22/ 7/ 8/ 6%
Gen 2961 | fit   8.239 | fold Calmar 27.92/ 4.55/12.56/ 2.89 | fold DD 22/ 7/ 8/ 6%
Gen 2966 | fit   8.239 | fold Calmar 27.92/ 4.55/12.56/ 2.89 | fold DD 22/ 7/ 8/ 6%
Gen 2971 | fit   8.239 | fold Calmar 27.92/ 4.55/12.56/ 2.89 | fold DD 22/ 7/ 8/ 6%
Gen 2976 | fit   8.239 | fold Calmar 27.92/ 4.55/12.56/ 2.89 | fold DD 22/ 7/ 8/ 6%
Gen 2981 | fit   8.239 | fold Calmar 27.92/ 4.55/12.56/ 2.89 | fold DD 22/ 7/ 8/ 6%
Gen 2986 | fit   8.239 | fold Calmar 27.92/ 4.55/12.56/ 2.89 | fold DD 22/ 7/ 8/ 6%
Gen 2991 | fit   8.239 | fold Calmar 27.92/ 4.55/12.56/ 2.89 | fold DD 22/ 7/ 8/ 6%
Gen 2996 | fit   8.239 | fold Calmar 27.92/ 4.55/12.56/ 2.89 | fold DD 22/ 7/ 8/ 6%
Gen 3001 | fit   8.239 | fold Calmar 27.92/ 4.55/12.56/ 2.89 | fold DD 22/ 7/ 8/ 6%
Gen 3006 | fit   8.239 | fold Calmar 27.92/ 4.55/12.56/ 2.89 | fold DD 22/ 7/ 8/ 6%
Gen 3011 | fit   8.239 | fold Calmar 27.92/ 4.55/12.56/ 2.89 | fold DD 22/ 7/ 8/ 6%
Gen 3016 | fit   8.239 | fold Calmar 27.92/ 4.55/12.56/ 2.89 | fold DD 22/ 7/ 8/ 6%
Gen 3021 | fit   8.239 | fold Calmar 27.92/ 4.55/12.56/ 2.89 | fold DD 22/ 7/ 8/ 6%
Gen 3026 | fit   8.239 | fold Calmar 27.92/ 4.55/12.56/ 2.89 | fold DD 22/ 7/ 8/ 6%
Gen 3031 | fit   8.239 | fold Calmar 27.92/ 4.55/12.56/ 2.89 | fold DD 22/ 7/ 8/ 6%
Gen 3036 | fit   8.239 | fold Calmar 27.92/ 4.55/12.56/ 2.89 | fold DD 22/ 7/ 8/ 6%
Gen 3041 | fit   8.239 | fold Calmar 27.92/ 4.55/12.56/ 2.89 | fold DD 22/ 7/ 8/ 6%
Gen 3046 | fit   8.239 | fold Calmar 27.92/ 4.55/12.56/ 2.89 | fold DD 22/ 7/ 8/ 6%
Gen 3051 | fit   8.239 | fold Calmar 27.92/ 4.55/12.56/ 2.89 | fold DD 22/ 7/ 8/ 6%
Gen 3056 | fit   8.239 | fold Calmar 27.92/ 4.55/12.56/ 2.89 | fold DD 22/ 7/ 8/ 6%
Gen 3061 | fit   8.239 | fold Calmar 27.92/ 4.55/12.56/ 2.89 | fold DD 22/ 7/ 8/ 6%
Gen 3066 | fit   8.239 | fold Calmar 27.92/ 4.55/12.56/ 2.89 | fold DD 22/ 7/ 8/ 6%
Gen 3071 | fit   8.239 | fold Calmar 27.92/ 4.55/12.56/ 2.89 | fold DD 22/ 7/ 8/ 6%
Gen 3076 | fit   8.239 | fold Calmar 27.92/ 4.55/12.56/ 2.89 | fold DD 22/ 7/ 8/ 6%
Gen 3081 | fit   8.239 | fold Calmar 27.92/ 4.55/12.56/ 2.89 | fold DD 22/ 7/ 8/ 6%
Gen 3086 | fit   8.239 | fold Calmar 27.92/ 4.55/12.56/ 2.89 | fold DD 22/ 7/ 8/ 6%
Gen 3091 | fit   8.239 | fold Calmar 27.92/ 4.55/12.56/ 2.89 | fold DD 22/ 7/ 8/ 6%
Gen 3096 | fit   8.239 | fold Calmar 27.92/ 4.55/12.56/ 2.89 | fold DD 22/ 7/ 8/ 6%
Gen 3101 | fit   8.239 | fold Calmar 27.92/ 4.55/12.56/ 2.89 | fold DD 22/ 7/ 8/ 6%
Gen 3106 | fit   8.239 | fold Calmar 27.92/ 4.55/12.56/ 2.89 | fold DD 22/ 7/ 8/ 6%
Gen 3111 | fit   8.239 | fold Calmar 27.92/ 4.55/12.56/ 2.89 | fold DD 22/ 7/ 8/ 6%
Gen 3116 | fit   8.239 | fold Calmar 27.92/ 4.55/12.56/ 2.89 | fold DD 22/ 7/ 8/ 6%
Gen 3121 | fit   8.239 | fold Calmar 27.92/ 4.55/12.56/ 2.89 | fold DD 22/ 7/ 8/ 6%
Gen 3126 | fit   8.239 | fold Calmar 27.92/ 4.55/12.56/ 2.89 | fold DD 22/ 7/ 8/ 6%
Gen 3131 | fit   8.239 | fold Calmar 27.92/ 4.55/12.56/ 2.89 | fold DD 22/ 7/ 8/ 6%
Gen 3136 | fit   8.239 | fold Calmar 27.92/ 4.55/12.56/ 2.89 | fold DD 22/ 7/ 8/ 6%
Gen 3141 | fit   8.239 | fold Calmar 27.92/ 4.55/12.56/ 2.89 | fold DD 22/ 7/ 8/ 6%
Gen 3146 | fit   8.239 | fold Calmar 27.92/ 4.55/12.56/ 2.89 | fold DD 22/ 7/ 8/ 6%
Gen 3151 | fit   8.239 | fold Calmar 27.92/ 4.55/12.56/ 2.89 | fold DD 22/ 7/ 8/ 6%
Gen 3156 | fit   8.239 | fold Calmar 27.92/ 4.55/12.56/ 2.89 | fold DD 22/ 7/ 8/ 6%
Gen 3161 | fit   8.239 | fold Calmar 27.92/ 4.55/12.56/ 2.89 | fold DD 22/ 7/ 8/ 6%
Gen 3166 | fit   8.239 | fold Calmar 27.92/ 4.55/12.56/ 2.89 | fold DD 22/ 7/ 8/ 6%
Gen 3171 | fit   8.239 | fold Calmar 27.92/ 4.55/12.56/ 2.89 | fold DD 22/ 7/ 8/ 6%
Gen 3176 | fit   8.239 | fold Calmar 27.92/ 4.55/12.56/ 2.89 | fold DD 22/ 7/ 8/ 6%
Gen 3181 | fit   8.239 | fold Calmar 27.92/ 4.55/12.56/ 2.89 | fold DD 22/ 7/ 8/ 6%
Gen 3186 | fit   8.239 | fold Calmar 27.92/ 4.55/12.56/ 2.89 | fold DD 22/ 7/ 8/ 6%
Gen 3191 | fit   8.239 | fold Calmar 27.92/ 4.55/12.56/ 2.89 | fold DD 22/ 7/ 8/ 6%
Gen 3196 | fit   8.239 | fold Calmar 27.92/ 4.55/12.56/ 2.89 | fold DD 22/ 7/ 8/ 6%
Gen 3201 | fit   8.239 | fold Calmar 27.92/ 4.55/12.56/ 2.89 | fold DD 22/ 7/ 8/ 6%
Gen 3206 | fit   8.239 | fold Calmar 27.92/ 4.55/12.56/ 2.89 | fold DD 22/ 7/ 8/ 6%
Gen 3211 | fit   8.239 | fold Calmar 27.92/ 4.55/12.56/ 2.89 | fold DD 22/ 7/ 8/ 6%
Gen 3216 | fit   8.239 | fold Calmar 27.92/ 4.55/12.56/ 2.89 | fold DD 22/ 7/ 8/ 6%
Gen 3221 | fit   8.239 | fold Calmar 27.92/ 4.55/12.56/ 2.89 | fold DD 22/ 7/ 8/ 6%
Gen 3226 | fit   8.239 | fold Calmar 27.92/ 4.55/12.56/ 2.89 | fold DD 22/ 7/ 8/ 6%
Gen 3231 | fit   8.239 | fold Calmar 27.92/ 4.55/12.56/ 2.89 | fold DD 22/ 7/ 8/ 6%
Gen 3236 | fit   8.239 | fold Calmar 27.92/ 4.55/12.56/ 2.89 | fold DD 22/ 7/ 8/ 6%
Gen 3241 | fit   8.239 | fold Calmar 27.92/ 4.55/12.56/ 2.89 | fold DD 22/ 7/ 8/ 6%
Gen 3246 | fit   8.239 | fold Calmar 27.92/ 4.55/12.56/ 2.89 | fold DD 22/ 7/ 8/ 6%
Gen 3251 | fit   8.239 | fold Calmar 27.92/ 4.55/12.56/ 2.89 | fold DD 22/ 7/ 8/ 6%
Gen 3256 | fit   8.239 | fold Calmar 27.92/ 4.55/12.56/ 2.89 | fold DD 22/ 7/ 8/ 6%
Gen 3261 | fit   8.239 | fold Calmar 27.92/ 4.55/12.56/ 2.89 | fold DD 22/ 7/ 8/ 6%
Gen 3266 | fit   8.239 | fold Calmar 27.92/ 4.55/12.56/ 2.89 | fold DD 22/ 7/ 8/ 6%
Gen 3271 | fit   8.239 | fold Calmar 27.92/ 4.55/12.56/ 2.89 | fold DD 22/ 7/ 8/ 6%
Gen 3276 | fit   8.239 | fold Calmar 27.92/ 4.55/12.56/ 2.89 | fold DD 22/ 7/ 8/ 6%
Gen 3281 | fit   8.239 | fold Calmar 27.92/ 4.55/12.56/ 2.89 | fold DD 22/ 7/ 8/ 6%
Gen 3286 | fit   8.239 | fold Calmar 27.92/ 4.55/12.56/ 2.89 | fold DD 22/ 7/ 8/ 6%
Gen 3291 | fit   8.239 | fold Calmar 27.92/ 4.55/12.56/ 2.89 | fold DD 22/ 7/ 8/ 6%
Gen 3296 | fit   8.239 | fold Calmar 27.92/ 4.55/12.56/ 2.89 | fold DD 22/ 7/ 8/ 6%
Gen 3301 | fit   8.239 | fold Calmar 27.92/ 4.55/12.56/ 2.89 | fold DD 22/ 7/ 8/ 6%
Gen 3306 | fit   8.239 | fold Calmar 27.92/ 4.55/12.56/ 2.89 | fold DD 22/ 7/ 8/ 6%
Gen 3311 | fit   8.239 | fold Calmar 27.92/ 4.55/12.56/ 2.89 | fold DD 22/ 7/ 8/ 6%
Gen 3316 | fit   8.239 | fold Calmar 27.92/ 4.55/12.56/ 2.89 | fold DD 22/ 7/ 8/ 6%
Gen 3321 | fit   8.239 | fold Calmar 27.92/ 4.55/12.56/ 2.89 | fold DD 22/ 7/ 8/ 6%
Gen 3326 | fit   8.239 | fold Calmar 27.92/ 4.55/12.56/ 2.89 | fold DD 22/ 7/ 8/ 6%
Gen 3331 | fit   8.239 | fold Calmar 27.92/ 4.55/12.56/ 2.89 | fold DD 22/ 7/ 8/ 6%
Gen 3336 | fit   8.239 | fold Calmar 27.92/ 4.55/12.56/ 2.89 | fold DD 22/ 7/ 8/ 6%
Gen 3341 | fit   8.239 | fold Calmar 27.92/ 4.55/12.56/ 2.89 | fold DD 22/ 7/ 8/ 6%
Gen 3346 | fit   8.239 | fold Calmar 27.92/ 4.55/12.56/ 2.89 | fold DD 22/ 7/ 8/ 6%
Gen 3351 | fit   8.239 | fold Calmar 27.92/ 4.55/12.56/ 2.89 | fold DD 22/ 7/ 8/ 6%
Gen 3356 | fit   8.239 | fold Calmar 27.92/ 4.55/12.56/ 2.89 | fold DD 22/ 7/ 8/ 6%
Gen 3361 | fit   8.239 | fold Calmar 27.92/ 4.55/12.56/ 2.89 | fold DD 22/ 7/ 8/ 6%
Gen 3366 | fit   8.239 | fold Calmar 27.92/ 4.55/12.56/ 2.89 | fold DD 22/ 7/ 8/ 6%
Gen 3371 | fit   8.239 | fold Calmar 27.92/ 4.55/12.56/ 2.89 | fold DD 22/ 7/ 8/ 6%
Gen 3376 | fit   8.239 | fold Calmar 27.92/ 4.55/12.56/ 2.89 | fold DD 22/ 7/ 8/ 6%
Gen 3381 | fit   8.239 | fold Calmar 27.92/ 4.55/12.56/ 2.89 | fold DD 22/ 7/ 8/ 6%
Gen 3386 | fit   8.239 | fold Calmar 27.92/ 4.55/12.56/ 2.89 | fold DD 22/ 7/ 8/ 6%
Gen 3391 | fit   8.239 | fold Calmar 27.92/ 4.55/12.56/ 2.89 | fold DD 22/ 7/ 8/ 6%
Gen 3396 | fit   8.239 | fold Calmar 27.92/ 4.55/12.56/ 2.89 | fold DD 22/ 7/ 8/ 6%
Gen 3401 | fit   8.239 | fold Calmar 27.92/ 4.55/12.56/ 2.89 | fold DD 22/ 7/ 8/ 6%
Gen 3406 | fit   8.239 | fold Calmar 27.92/ 4.55/12.56/ 2.89 | fold DD 22/ 7/ 8/ 6%
Gen 3411 | fit   8.239 | fold Calmar 27.92/ 4.55/12.56/ 2.89 | fold DD 22/ 7/ 8/ 6%
Gen 3416 | fit   8.239 | fold Calmar 27.92/ 4.55/12.56/ 2.89 | fold DD 22/ 7/ 8/ 6%
Gen 3421 | fit   8.239 | fold Calmar 27.92/ 4.55/12.56/ 2.89 | fold DD 22/ 7/ 8/ 6%
Gen 3426 | fit   8.239 | fold Calmar 27.92/ 4.55/12.56/ 2.89 | fold DD 22/ 7/ 8/ 6%
Gen 3431 | fit   8.239 | fold Calmar 27.92/ 4.55/12.56/ 2.89 | fold DD 22/ 7/ 8/ 6%
Gen 3436 | fit   8.239 | fold Calmar 27.92/ 4.55/12.56/ 2.89 | fold DD 22/ 7/ 8/ 6%
Gen 3441 | fit   8.239 | fold Calmar 27.92/ 4.55/12.56/ 2.89 | fold DD 22/ 7/ 8/ 6%
Gen 3446 | fit   8.239 | fold Calmar 27.92/ 4.55/12.56/ 2.89 | fold DD 22/ 7/ 8/ 6%
Gen 3451 | fit   8.239 | fold Calmar 27.92/ 4.55/12.56/ 2.89 | fold DD 22/ 7/ 8/ 6%
Gen 3456 | fit   8.239 | fold Calmar 27.92/ 4.55/12.56/ 2.89 | fold DD 22/ 7/ 8/ 6%
Gen 3461 | fit   8.239 | fold Calmar 27.92/ 4.55/12.56/ 2.89 | fold DD 22/ 7/ 8/ 6%
Gen 3466 | fit   8.239 | fold Calmar 27.92/ 4.55/12.56/ 2.89 | fold DD 22/ 7/ 8/ 6%
Gen 3471 | fit   8.239 | fold Calmar 27.92/ 4.55/12.56/ 2.89 | fold DD 22/ 7/ 8/ 6%
Gen 3476 | fit   8.239 | fold Calmar 27.92/ 4.55/12.56/ 2.89 | fold DD 22/ 7/ 8/ 6%
Gen 3481 | fit   8.239 | fold Calmar 27.92/ 4.55/12.56/ 2.89 | fold DD 22/ 7/ 8/ 6%
Gen 3486 | fit   8.239 | fold Calmar 27.92/ 4.55/12.56/ 2.89 | fold DD 22/ 7/ 8/ 6%
Gen 3491 | fit   8.239 | fold Calmar 27.92/ 4.55/12.56/ 2.89 | fold DD 22/ 7/ 8/ 6%
Gen 3496 | fit   8.239 | fold Calmar 27.92/ 4.55/12.56/ 2.89 | fold DD 22/ 7/ 8/ 6%
Gen 3501 | fit   8.239 | fold Calmar 27.92/ 4.55/12.56/ 2.89 | fold DD 22/ 7/ 8/ 6%
Gen 3506 | fit   8.239 | fold Calmar 27.92/ 4.55/12.56/ 2.89 | fold DD 22/ 7/ 8/ 6%
Gen 3511 | fit   8.239 | fold Calmar 27.92/ 4.55/12.56/ 2.89 | fold DD 22/ 7/ 8/ 6%
Gen 3516 | fit   8.239 | fold Calmar 27.92/ 4.55/12.56/ 2.89 | fold DD 22/ 7/ 8/ 6%
Gen 3521 | fit   8.239 | fold Calmar 27.92/ 4.55/12.56/ 2.89 | fold DD 22/ 7/ 8/ 6%
Gen 3526 | fit   8.239 | fold Calmar 27.92/ 4.55/12.56/ 2.89 | fold DD 22/ 7/ 8/ 6%
Gen 3531 | fit   8.239 | fold Calmar 27.92/ 4.55/12.56/ 2.89 | fold DD 22/ 7/ 8/ 6%
Gen 3536 | fit   8.239 | fold Calmar 27.92/ 4.55/12.56/ 2.89 | fold DD 22/ 7/ 8/ 6%
Gen 3541 | fit   8.239 | fold Calmar 27.92/ 4.55/12.56/ 2.89 | fold DD 22/ 7/ 8/ 6%
Gen 3546 | fit   8.239 | fold Calmar 27.92/ 4.55/12.56/ 2.89 | fold DD 22/ 7/ 8/ 6%
Gen 3551 | fit   8.239 | fold Calmar 27.92/ 4.55/12.56/ 2.89 | fold DD 22/ 7/ 8/ 6%
Gen 3556 | fit   8.239 | fold Calmar 27.92/ 4.55/12.56/ 2.89 | fold DD 22/ 7/ 8/ 6%
Gen 3561 | fit   8.239 | fold Calmar 27.92/ 4.55/12.56/ 2.89 | fold DD 22/ 7/ 8/ 6%
Gen 3566 | fit   8.239 | fold Calmar 27.92/ 4.55/12.56/ 2.89 | fold DD 22/ 7/ 8/ 6%
Gen 3571 | fit   8.239 | fold Calmar 27.92/ 4.55/12.56/ 2.89 | fold DD 22/ 7/ 8/ 6%
Gen 3576 | fit   8.239 | fold Calmar 27.92/ 4.55/12.56/ 2.89 | fold DD 22/ 7/ 8/ 6%
Gen 3581 | fit   8.239 | fold Calmar 27.92/ 4.55/12.56/ 2.89 | fold DD 22/ 7/ 8/ 6%
Gen 3586 | fit   8.239 | fold Calmar 27.92/ 4.55/12.56/ 2.89 | fold DD 22/ 7/ 8/ 6%
Gen 3591 | fit   8.239 | fold Calmar 27.92/ 4.55/12.56/ 2.89 | fold DD 22/ 7/ 8/ 6%
Gen 3596 | fit   8.239 | fold Calmar 27.92/ 4.55/12.56/ 2.89 | fold DD 22/ 7/ 8/ 6%
Gen 3601 | fit   8.239 | fold Calmar 27.92/ 4.55/12.56/ 2.89 | fold DD 22/ 7/ 8/ 6%
Gen 3606 | fit   8.239 | fold Calmar 27.92/ 4.55/12.56/ 2.89 | fold DD 22/ 7/ 8/ 6%
Gen 3611 | fit   8.239 | fold Calmar 27.92/ 4.55/12.56/ 2.89 | fold DD 22/ 7/ 8/ 6%
Gen 3616 | fit   8.239 | fold Calmar 27.92/ 4.55/12.56/ 2.89 | fold DD 22/ 7/ 8/ 6%
Gen 3621 | fit   8.239 | fold Calmar 27.92/ 4.55/12.56/ 2.89 | fold DD 22/ 7/ 8/ 6%
Gen 3626 | fit   8.239 | fold Calmar 27.92/ 4.55/12.56/ 2.89 | fold DD 22/ 7/ 8/ 6%
Gen 3631 | fit   8.239 | fold Calmar 27.92/ 4.55/12.56/ 2.89 | fold DD 22/ 7/ 8/ 6%
Gen 3636 | fit   8.239 | fold Calmar 27.92/ 4.55/12.56/ 2.89 | fold DD 22/ 7/ 8/ 6%
Gen 3641 | fit   8.239 | fold Calmar 27.92/ 4.55/12.56/ 2.89 | fold DD 22/ 7/ 8/ 6%
Gen 3646 | fit   8.239 | fold Calmar 27.92/ 4.55/12.56/ 2.89 | fold DD 22/ 7/ 8/ 6%
Gen 3651 | fit   8.239 | fold Calmar 27.92/ 4.55/12.56/ 2.89 | fold DD 22/ 7/ 8/ 6%
Gen 3656 | fit   8.239 | fold Calmar 27.92/ 4.55/12.56/ 2.89 | fold DD 22/ 7/ 8/ 6%
Gen 3661 | fit   8.239 | fold Calmar 27.92/ 4.55/12.56/ 2.89 | fold DD 22/ 7/ 8/ 6%
Gen 3666 | fit   8.239 | fold Calmar 27.92/ 4.55/12.56/ 2.89 | fold DD 22/ 7/ 8/ 6%
Gen 3671 | fit   8.239 | fold Calmar 27.92/ 4.55/12.56/ 2.89 | fold DD 22/ 7/ 8/ 6%
Gen 3676 | fit   8.239 | fold Calmar 27.92/ 4.55/12.56/ 2.89 | fold DD 22/ 7/ 8/ 6%
Gen 3681 | fit   8.239 | fold Calmar 27.92/ 4.55/12.56/ 2.89 | fold DD 22/ 7/ 8/ 6%
Gen 3686 | fit   8.239 | fold Calmar 27.92/ 4.55/12.56/ 2.89 | fold DD 22/ 7/ 8/ 6%
Gen 3691 | fit   8.239 | fold Calmar 27.92/ 4.55/12.56/ 2.89 | fold DD 22/ 7/ 8/ 6%
Gen 3696 | fit   8.239 | fold Calmar 27.92/ 4.55/12.56/ 2.89 | fold DD 22/ 7/ 8/ 6%
Gen 3701 | fit   8.239 | fold Calmar 27.92/ 4.55/12.56/ 2.89 | fold DD 22/ 7/ 8/ 6%
Gen 3706 | fit   8.239 | fold Calmar 27.92/ 4.55/12.56/ 2.89 | fold DD 22/ 7/ 8/ 6%
Gen 3711 | fit   8.239 | fold Calmar 27.92/ 4.55/12.56/ 2.89 | fold DD 22/ 7/ 8/ 6%
Gen 3716 | fit   8.239 | fold Calmar 27.92/ 4.55/12.56/ 2.89 | fold DD 22/ 7/ 8/ 6%
Gen 3721 | fit   8.239 | fold Calmar 27.92/ 4.55/12.56/ 2.89 | fold DD 22/ 7/ 8/ 6%
Gen 3726 | fit   8.239 | fold Calmar 27.92/ 4.55/12.56/ 2.89 | fold DD 22/ 7/ 8/ 6%
Gen 3731 | fit   8.239 | fold Calmar 27.92/ 4.55/12.56/ 2.89 | fold DD 22/ 7/ 8/ 6%
Gen 3736 | fit   8.239 | fold Calmar 27.92/ 4.55/12.56/ 2.89 | fold DD 22/ 7/ 8/ 6%
Gen 3741 | fit   8.239 | fold Calmar 27.92/ 4.55/12.56/ 2.89 | fold DD 22/ 7/ 8/ 6%
Gen 3746 | fit   8.239 | fold Calmar 27.92/ 4.55/12.56/ 2.89 | fold DD 22/ 7/ 8/ 6%
Gen 3751 | fit   8.239 | fold Calmar 27.92/ 4.55/12.56/ 2.89 | fold DD 22/ 7/ 8/ 6%
Gen 3756 | fit   8.239 | fold Calmar 27.92/ 4.55/12.56/ 2.89 | fold DD 22/ 7/ 8/ 6%
Gen 3761 | fit   8.239 | fold Calmar 27.92/ 4.55/12.56/ 2.89 | fold DD 22/ 7/ 8/ 6%
Gen 3766 | fit   8.239 | fold Calmar 27.92/ 4.55/12.56/ 2.89 | fold DD 22/ 7/ 8/ 6%
Gen 3771 | fit   8.239 | fold Calmar 27.92/ 4.55/12.56/ 2.89 | fold DD 22/ 7/ 8/ 6%
Gen 3776 | fit   8.239 | fold Calmar 27.92/ 4.55/12.56/ 2.89 | fold DD 22/ 7/ 8/ 6%
Gen 3781 | fit   8.239 | fold Calmar 27.92/ 4.55/12.56/ 2.89 | fold DD 22/ 7/ 8/ 6%
Gen 3786 | fit   8.239 | fold Calmar 27.92/ 4.55/12.56/ 2.89 | fold DD 22/ 7/ 8/ 6%
Gen 3791 | fit   8.239 | fold Calmar 27.92/ 4.55/12.56/ 2.89 | fold DD 22/ 7/ 8/ 6%
Gen 3796 | fit   8.239 | fold Calmar 27.92/ 4.55/12.56/ 2.89 | fold DD 22/ 7/ 8/ 6%
Gen 3801 | fit   8.239 | fold Calmar 27.92/ 4.55/12.56/ 2.89 | fold DD 22/ 7/ 8/ 6%
Gen 3806 | fit   8.239 | fold Calmar 27.92/ 4.55/12.56/ 2.89 | fold DD 22/ 7/ 8/ 6%
Gen 3811 | fit   8.239 | fold Calmar 27.92/ 4.55/12.56/ 2.89 | fold DD 22/ 7/ 8/ 6%
Gen 3816 | fit   8.239 | fold Calmar 27.92/ 4.55/12.56/ 2.89 | fold DD 22/ 7/ 8/ 6%
Gen 3821 | fit   8.239 | fold Calmar 27.92/ 4.55/12.56/ 2.89 | fold DD 22/ 7/ 8/ 6%
Gen 3826 | fit   8.239 | fold Calmar 27.92/ 4.55/12.56/ 2.89 | fold DD 22/ 7/ 8/ 6%
Gen 3831 | fit   8.239 | fold Calmar 27.92/ 4.55/12.56/ 2.89 | fold DD 22/ 7/ 8/ 6%
Gen 3836 | fit   8.239 | fold Calmar 27.92/ 4.55/12.56/ 2.89 | fold DD 22/ 7/ 8/ 6%
Gen 3841 | fit   8.239 | fold Calmar 27.92/ 4.55/12.56/ 2.89 | fold DD 22/ 7/ 8/ 6%
Gen 3846 | fit   8.239 | fold Calmar 27.92/ 4.55/12.56/ 2.89 | fold DD 22/ 7/ 8/ 6%
Gen 3851 | fit   8.239 | fold Calmar 27.92/ 4.55/12.56/ 2.89 | fold DD 22/ 7/ 8/ 6%
Gen 3856 | fit   8.239 | fold Calmar 27.92/ 4.55/12.56/ 2.89 | fold DD 22/ 7/ 8/ 6%
Gen 3861 | fit   8.239 | fold Calmar 27.92/ 4.55/12.56/ 2.89 | fold DD 22/ 7/ 8/ 6%
Gen 3866 | fit   8.239 | fold Calmar 27.92/ 4.55/12.56/ 2.89 | fold DD 22/ 7/ 8/ 6%
Gen 3871 | fit   8.239 | fold Calmar 27.92/ 4.55/12.56/ 2.89 | fold DD 22/ 7/ 8/ 6%
Gen 3876 | fit   8.239 | fold Calmar 27.92/ 4.55/12.56/ 2.89 | fold DD 22/ 7/ 8/ 6%
Gen 3881 | fit   8.239 | fold Calmar 27.92/ 4.55/12.56/ 2.89 | fold DD 22/ 7/ 8/ 6%
Gen 3886 | fit   8.239 | fold Calmar 27.92/ 4.55/12.56/ 2.89 | fold DD 22/ 7/ 8/ 6%
Gen 3891 | fit   8.239 | fold Calmar 27.92/ 4.55/12.56/ 2.89 | fold DD 22/ 7/ 8/ 6%
Gen 3896 | fit   8.239 | fold Calmar 27.92/ 4.55/12.56/ 2.89 | fold DD 22/ 7/ 8/ 6%
Gen 3901 | fit   8.239 | fold Calmar 27.92/ 4.55/12.56/ 2.89 | fold DD 22/ 7/ 8/ 6%
Gen 3906 | fit   8.239 | fold Calmar 27.92/ 4.55/12.56/ 2.89 | fold DD 22/ 7/ 8/ 6%
Gen 3911 | fit   8.239 | fold Calmar 27.92/ 4.55/12.56/ 2.89 | fold DD 22/ 7/ 8/ 6%
Gen 3916 | fit   8.239 | fold Calmar 27.92/ 4.55/12.56/ 2.89 | fold DD 22/ 7/ 8/ 6%
Gen 3921 | fit   8.239 | fold Calmar 27.92/ 4.55/12.56/ 2.89 | fold DD 22/ 7/ 8/ 6%
Gen 3926 | fit   8.239 | fold Calmar 27.92/ 4.55/12.56/ 2.89 | fold DD 22/ 7/ 8/ 6%
Gen 3931 | fit   8.239 | fold Calmar 27.92/ 4.55/12.56/ 2.89 | fold DD 22/ 7/ 8/ 6%
Gen 3936 | fit   8.239 | fold Calmar 27.92/ 4.55/12.56/ 2.89 | fold DD 22/ 7/ 8/ 6%
Gen 3941 | fit   8.239 | fold Calmar 27.92/ 4.55/12.56/ 2.89 | fold DD 22/ 7/ 8/ 6%
Gen 3946 | fit   8.239 | fold Calmar 27.92/ 4.55/12.56/ 2.89 | fold DD 22/ 7/ 8/ 6%
Gen 3951 | fit   8.239 | fold Calmar 27.92/ 4.55/12.56/ 2.89 | fold DD 22/ 7/ 8/ 6%
Gen 3956 | fit   8.239 | fold Calmar 27.92/ 4.55/12.56/ 2.89 | fold DD 22/ 7/ 8/ 6%
Gen 3961 | fit   8.239 | fold Calmar 27.92/ 4.55/12.56/ 2.89 | fold DD 22/ 7/ 8/ 6%
Gen 3966 | fit   8.239 | fold Calmar 27.92/ 4.55/12.56/ 2.89 | fold DD 22/ 7/ 8/ 6%
Gen 3971 | fit   8.239 | fold Calmar 27.92/ 4.55/12.56/ 2.89 | fold DD 22/ 7/ 8/ 6%
Gen 3976 | fit   8.239 | fold Calmar 27.92/ 4.55/12.56/ 2.89 | fold DD 22/ 7/ 8/ 6%
Gen 3981 | fit   8.239 | fold Calmar 27.92/ 4.55/12.56/ 2.89 | fold DD 22/ 7/ 8/ 6%
Gen 3986 | fit   8.239 | fold Calmar 27.92/ 4.55/12.56/ 2.89 | fold DD 22/ 7/ 8/ 6%
Gen 3991 | fit   8.239 | fold Calmar 27.92/ 4.55/12.56/ 2.89 | fold DD 22/ 7/ 8/ 6%
Gen 3996 | fit   8.239 | fold Calmar 27.92/ 4.55/12.56/ 2.89 | fold DD 22/ 7/ 8/ 6%
Gen 4001 | fit   8.239 | fold Calmar 27.92/ 4.55/12.56/ 2.89 | fold DD 22/ 7/ 8/ 6%
Gen 4006 | fit   8.239 | fold Calmar 27.92/ 4.55/12.56/ 2.89 | fold DD 22/ 7/ 8/ 6%
Gen 4011 | fit   8.239 | fold Calmar 27.92/ 4.55/12.56/ 2.89 | fold DD 22/ 7/ 8/ 6%
Gen 4016 | fit   8.239 | fold Calmar 27.92/ 4.55/12.56/ 2.89 | fold DD 22/ 7/ 8/ 6%
Gen 4021 | fit   8.239 | fold Calmar 27.92/ 4.55/12.56/ 2.89 | fold DD 22/ 7/ 8/ 6%
Gen 4026 | fit   8.239 | fold Calmar 27.92/ 4.55/12.56/ 2.89 | fold DD 22/ 7/ 8/ 6%
Gen 4031 | fit   8.239 | fold Calmar 27.92/ 4.55/12.56/ 2.89 | fold DD 22/ 7/ 8/ 6%
Gen 4036 | fit   8.239 | fold Calmar 27.92/ 4.55/12.56/ 2.89 | fold DD 22/ 7/ 8/ 6%
Gen 4041 | fit   8.239 | fold Calmar 27.92/ 4.55/12.56/ 2.89 | fold DD 22/ 7/ 8/ 6%
Gen 4046 | fit   8.239 | fold Calmar 27.92/ 4.55/12.56/ 2.89 | fold DD 22/ 7/ 8/ 6%
Gen 4051 | fit   8.239 | fold Calmar 27.92/ 4.55/12.56/ 2.89 | fold DD 22/ 7/ 8/ 6%
Gen 4056 | fit   8.239 | fold Calmar 27.92/ 4.55/12.56/ 2.89 | fold DD 22/ 7/ 8/ 6%
Gen 4061 | fit   8.239 | fold Calmar 27.92/ 4.55/12.56/ 2.89 | fold DD 22/ 7/ 8/ 6%
Gen 4066 | fit   8.239 | fold Calmar 27.92/ 4.55/12.56/ 2.89 | fold DD 22/ 7/ 8/ 6%
Gen 4071 | fit   8.239 | fold Calmar 27.92/ 4.55/12.56/ 2.89 | fold DD 22/ 7/ 8/ 6%
Gen 4076 | fit   8.239 | fold Calmar 27.92/ 4.55/12.56/ 2.89 | fold DD 22/ 7/ 8/ 6%
Gen 4081 | fit   8.239 | fold Calmar 27.92/ 4.55/12.56/ 2.89 | fold DD 22/ 7/ 8/ 6%
Gen 4086 | fit   8.239 | fold Calmar 27.92/ 4.55/12.56/ 2.89 | fold DD 22/ 7/ 8/ 6%
Gen 4091 | fit   8.239 | fold Calmar 27.92/ 4.55/12.56/ 2.89 | fold DD 22/ 7/ 8/ 6%
Gen 4096 | fit   8.239 | fold Calmar 27.92/ 4.55/12.56/ 2.89 | fold DD 22/ 7/ 8/ 6%
Gen 4101 | fit   8.239 | fold Calmar 27.92/ 4.55/12.56/ 2.89 | fold DD 22/ 7/ 8/ 6%
Gen 4106 | fit   8.239 | fold Calmar 27.92/ 4.55/12.56/ 2.89 | fold DD 22/ 7/ 8/ 6%
Gen 4111 | fit   8.239 | fold Calmar 27.92/ 4.55/12.56/ 2.89 | fold DD 22/ 7/ 8/ 6%
Gen 4116 | fit   8.239 | fold Calmar 27.92/ 4.55/12.56/ 2.89 | fold DD 22/ 7/ 8/ 6%
Gen 4121 | fit   8.239 | fold Calmar 27.92/ 4.55/12.56/ 2.89 | fold DD 22/ 7/ 8/ 6%
Gen 4126 | fit   8.239 | fold Calmar 27.92/ 4.55/12.56/ 2.89 | fold DD 22/ 7/ 8/ 6%
Gen 4131 | fit   8.239 | fold Calmar 27.92/ 4.55/12.56/ 2.89 | fold DD 22/ 7/ 8/ 6%
Gen 4136 | fit   8.239 | fold Calmar 27.92/ 4.55/12.56/ 2.89 | fold DD 22/ 7/ 8/ 6%
Gen 4141 | fit   8.239 | fold Calmar 27.92/ 4.55/12.56/ 2.89 | fold DD 22/ 7/ 8/ 6%
Gen 4146 | fit   8.239 | fold Calmar 27.92/ 4.55/12.56/ 2.89 | fold DD 22/ 7/ 8/ 6%
Gen 4151 | fit   8.239 | fold Calmar 27.92/ 4.55/12.56/ 2.89 | fold DD 22/ 7/ 8/ 6%
Gen 4156 | fit   8.239 | fold Calmar 27.92/ 4.55/12.56/ 2.89 | fold DD 22/ 7/ 8/ 6%
Gen 4161 | fit   8.239 | fold Calmar 27.92/ 4.55/12.56/ 2.89 | fold DD 22/ 7/ 8/ 6%
Gen 4166 | fit   8.239 | fold Calmar 27.92/ 4.55/12.56/ 2.89 | fold DD 22/ 7/ 8/ 6%
Gen 4171 | fit   8.239 | fold Calmar 27.92/ 4.55/12.56/ 2.89 | fold DD 22/ 7/ 8/ 6%
Gen 4176 | fit   8.239 | fold Calmar 27.92/ 4.55/12.56/ 2.89 | fold DD 22/ 7/ 8/ 6%
Gen 4181 | fit   8.239 | fold Calmar 27.92/ 4.55/12.56/ 2.89 | fold DD 22/ 7/ 8/ 6%
Gen 4186 | fit   8.239 | fold Calmar 27.92/ 4.55/12.56/ 2.89 | fold DD 22/ 7/ 8/ 6%
Gen 4191 | fit   8.239 | fold Calmar 27.92/ 4.55/12.56/ 2.89 | fold DD 22/ 7/ 8/ 6%
Gen 4196 | fit   8.239 | fold Calmar 27.92/ 4.55/12.56/ 2.89 | fold DD 22/ 7/ 8/ 6%
Gen 4201 | fit   8.239 | fold Calmar 27.92/ 4.55/12.56/ 2.89 | fold DD 22/ 7/ 8/ 6%
Gen 4206 | fit   8.239 | fold Calmar 27.92/ 4.55/12.56/ 2.89 | fold DD 22/ 7/ 8/ 6%
Gen 4211 | fit   8.239 | fold Calmar 27.92/ 4.55/12.56/ 2.89 | fold DD 22/ 7/ 8/ 6%
Gen 4216 | fit   8.239 | fold Calmar 27.92/ 4.55/12.56/ 2.89 | fold DD 22/ 7/ 8/ 6%
Gen 4221 | fit   8.239 | fold Calmar 27.92/ 4.55/12.56/ 2.89 | fold DD 22/ 7/ 8/ 6%
Gen 4226 | fit   8.239 | fold Calmar 27.92/ 4.55/12.56/ 2.89 | fold DD 22/ 7/ 8/ 6%
Gen 4231 | fit   8.239 | fold Calmar 27.92/ 4.55/12.56/ 2.89 | fold DD 22/ 7/ 8/ 6%
Gen 4236 | fit   8.239 | fold Calmar 27.92/ 4.55/12.56/ 2.89 | fold DD 22/ 7/ 8/ 6%
Gen 4241 | fit   8.239 | fold Calmar 27.92/ 4.55/12.56/ 2.89 | fold DD 22/ 7/ 8/ 6%
Gen 4246 | fit   8.239 | fold Calmar 27.92/ 4.55/12.56/ 2.89 | fold DD 22/ 7/ 8/ 6%
Gen 4251 | fit   8.239 | fold Calmar 27.92/ 4.55/12.56/ 2.89 | fold DD 22/ 7/ 8/ 6%
Gen 4256 | fit   8.239 | fold Calmar 27.92/ 4.55/12.56/ 2.89 | fold DD 22/ 7/ 8/ 6%
Gen 4261 | fit   8.239 | fold Calmar 27.92/ 4.55/12.56/ 2.89 | fold DD 22/ 7/ 8/ 6%
Gen 4266 | fit   8.239 | fold Calmar 27.92/ 4.55/12.56/ 2.89 | fold DD 22/ 7/ 8/ 6%
Gen 4271 | fit   8.239 | fold Calmar 27.92/ 4.55/12.56/ 2.89 | fold DD 22/ 7/ 8/ 6%
Gen 4276 | fit   8.239 | fold Calmar 27.92/ 4.55/12.56/ 2.89 | fold DD 22/ 7/ 8/ 6%
Gen 4281 | fit   8.239 | fold Calmar 27.92/ 4.55/12.56/ 2.89 | fold DD 22/ 7/ 8/ 6%
Gen 4286 | fit   8.239 | fold Calmar 27.92/ 4.55/12.56/ 2.89 | fold DD 22/ 7/ 8/ 6%
Gen 4291 | fit   8.239 | fold Calmar 27.92/ 4.55/12.56/ 2.89 | fold DD 22/ 7/ 8/ 6%
Gen 4296 | fit   8.239 | fold Calmar 27.92/ 4.55/12.56/ 2.89 | fold DD 22/ 7/ 8/ 6%
Gen 4301 | fit   8.239 | fold Calmar 27.92/ 4.55/12.56/ 2.89 | fold DD 22/ 7/ 8/ 6%
Gen 4306 | fit   8.239 | fold Calmar 27.92/ 4.55/12.56/ 2.89 | fold DD 22/ 7/ 8/ 6%
Gen 4311 | fit   8.239 | fold Calmar 27.92/ 4.55/12.56/ 2.89 | fold DD 22/ 7/ 8/ 6%
Gen 4316 | fit   8.239 | fold Calmar 27.92/ 4.55/12.56/ 2.89 | fold DD 22/ 7/ 8/ 6%
Gen 4321 | fit   8.239 | fold Calmar 27.92/ 4.55/12.56/ 2.89 | fold DD 22/ 7/ 8/ 6%
Gen 4326 | fit   8.239 | fold Calmar 27.92/ 4.55/12.56/ 2.89 | fold DD 22/ 7/ 8/ 6%
Gen 4331 | fit   8.239 | fold Calmar 27.92/ 4.55/12.56/ 2.89 | fold DD 22/ 7/ 8/ 6%
Gen 4336 | fit   8.239 | fold Calmar 27.92/ 4.55/12.56/ 2.89 | fold DD 22/ 7/ 8/ 6%
Gen 4341 | fit   8.239 | fold Calmar 27.92/ 4.55/12.56/ 2.89 | fold DD 22/ 7/ 8/ 6%
Gen 4346 | fit   8.239 | fold Calmar 27.92/ 4.55/12.56/ 2.89 | fold DD 22/ 7/ 8/ 6%
Gen 4351 | fit   8.239 | fold Calmar 27.92/ 4.55/12.56/ 2.89 | fold DD 22/ 7/ 8/ 6%
Gen 4356 | fit   8.239 | fold Calmar 27.92/ 4.55/12.56/ 2.89 | fold DD 22/ 7/ 8/ 6%
Gen 4361 | fit   8.239 | fold Calmar 27.92/ 4.55/12.56/ 2.89 | fold DD 22/ 7/ 8/ 6%
Gen 4366 | fit   8.239 | fold Calmar 27.92/ 4.55/12.56/ 2.89 | fold DD 22/ 7/ 8/ 6%
Gen 4371 | fit   8.239 | fold Calmar 27.92/ 4.55/12.56/ 2.89 | fold DD 22/ 7/ 8/ 6%
Gen 4376 | fit   8.239 | fold Calmar 27.92/ 4.55/12.56/ 2.89 | fold DD 22/ 7/ 8/ 6%
Gen 4381 | fit   8.239 | fold Calmar 27.92/ 4.55/12.56/ 2.89 | fold DD 22/ 7/ 8/ 6%
Gen 4386 | fit   8.239 | fold Calmar 27.92/ 4.55/12.56/ 2.89 | fold DD 22/ 7/ 8/ 6%
Gen 4391 | fit   8.239 | fold Calmar 27.92/ 4.55/12.56/ 2.89 | fold DD 22/ 7/ 8/ 6%
Gen 4396 | fit   8.239 | fold Calmar 27.92/ 4.55/12.56/ 2.89 | fold DD 22/ 7/ 8/ 6%
Gen 4401 | fit   8.239 | fold Calmar 27.92/ 4.55/12.56/ 2.89 | fold DD 22/ 7/ 8/ 6%
Gen 4406 | fit   8.239 | fold Calmar 27.92/ 4.55/12.56/ 2.89 | fold DD 22/ 7/ 8/ 6%
Gen 4411 | fit   8.239 | fold Calmar 27.92/ 4.55/12.56/ 2.89 | fold DD 22/ 7/ 8/ 6%
Gen 4416 | fit   8.239 | fold Calmar 27.92/ 4.55/12.56/ 2.89 | fold DD 22/ 7/ 8/ 6%
Gen 4421 | fit   8.239 | fold Calmar 27.92/ 4.55/12.56/ 2.89 | fold DD 22/ 7/ 8/ 6%
Gen 4426 | fit   8.239 | fold Calmar 27.92/ 4.55/12.56/ 2.89 | fold DD 22/ 7/ 8/ 6%
Gen 4431 | fit   8.239 | fold Calmar 27.92/ 4.55/12.56/ 2.89 | fold DD 22/ 7/ 8/ 6%
Gen 4436 | fit   8.239 | fold Calmar 27.92/ 4.55/12.56/ 2.89 | fold DD 22/ 7/ 8/ 6%
Gen 4441 | fit   8.239 | fold Calmar 27.92/ 4.55/12.56/ 2.89 | fold DD 22/ 7/ 8/ 6%
Gen 4446 | fit   8.239 | fold Calmar 27.92/ 4.55/12.56/ 2.89 | fold DD 22/ 7/ 8/ 6%
Gen 4451 | fit   8.239 | fold Calmar 27.92/ 4.55/12.56/ 2.89 | fold DD 22/ 7/ 8/ 6%
Gen 4456 | fit   8.239 | fold Calmar 27.92/ 4.55/12.56/ 2.89 | fold DD 22/ 7/ 8/ 6%
Gen 4461 | fit   8.239 | fold Calmar 27.92/ 4.55/12.56/ 2.89 | fold DD 22/ 7/ 8/ 6%
Gen 4466 | fit   8.239 | fold Calmar 27.92/ 4.55/12.56/ 2.89 | fold DD 22/ 7/ 8/ 6%
Gen 4471 | fit   8.239 | fold Calmar 27.92/ 4.55/12.56/ 2.89 | fold DD 22/ 7/ 8/ 6%
Gen 4476 | fit   8.239 | fold Calmar 27.92/ 4.55/12.56/ 2.89 | fold DD 22/ 7/ 8/ 6%
Gen 4481 | fit   8.239 | fold Calmar 27.92/ 4.55/12.56/ 2.89 | fold DD 22/ 7/ 8/ 6%
Gen 4486 | fit   8.239 | fold Calmar 27.92/ 4.55/12.56/ 2.89 | fold DD 22/ 7/ 8/ 6%
Gen 4491 | fit   8.239 | fold Calmar 27.92/ 4.55/12.56/ 2.89 | fold DD 22/ 7/ 8/ 6%
Gen 4496 | fit   8.239 | fold Calmar 27.92/ 4.55/12.56/ 2.89 | fold DD 22/ 7/ 8/ 6%
Gen 4501 | fit   8.239 | fold Calmar 27.92/ 4.55/12.56/ 2.89 | fold DD 22/ 7/ 8/ 6%
Gen 4506 | fit   8.239 | fold Calmar 27.92/ 4.55/12.56/ 2.89 | fold DD 22/ 7/ 8/ 6%
Gen 4511 | fit   8.239 | fold Calmar 27.92/ 4.55/12.56/ 2.89 | fold DD 22/ 7/ 8/ 6%
Gen 4516 | fit   8.239 | fold Calmar 27.92/ 4.55/12.56/ 2.89 | fold DD 22/ 7/ 8/ 6%
Gen 4521 | fit   8.239 | fold Calmar 27.92/ 4.55/12.56/ 2.89 | fold DD 22/ 7/ 8/ 6%
Gen 4526 | fit   8.239 | fold Calmar 27.92/ 4.55/12.56/ 2.89 | fold DD 22/ 7/ 8/ 6%
Gen 4531 | fit   8.239 | fold Calmar 27.92/ 4.55/12.56/ 2.89 | fold DD 22/ 7/ 8/ 6%
Gen 4536 | fit   8.239 | fold Calmar 27.92/ 4.55/12.56/ 2.89 | fold DD 22/ 7/ 8/ 6%
Gen 4541 | fit   8.239 | fold Calmar 27.92/ 4.55/12.56/ 2.89 | fold DD 22/ 7/ 8/ 6%
Gen 4546 | fit   8.239 | fold Calmar 27.92/ 4.55/12.56/ 2.89 | fold DD 22/ 7/ 8/ 6%
Gen 4551 | fit   8.239 | fold Calmar 27.92/ 4.55/12.56/ 2.89 | fold DD 22/ 7/ 8/ 6%
Gen 4556 | fit   8.239 | fold Calmar 27.92/ 4.55/12.56/ 2.89 | fold DD 22/ 7/ 8/ 6%
Gen 4561 | fit   8.239 | fold Calmar 27.92/ 4.55/12.56/ 2.89 | fold DD 22/ 7/ 8/ 6%
Gen 4566 | fit   8.239 | fold Calmar 27.92/ 4.55/12.56/ 2.89 | fold DD 22/ 7/ 8/ 6%
Gen 4571 | fit   8.239 | fold Calmar 27.92/ 4.55/12.56/ 2.89 | fold DD 22/ 7/ 8/ 6%
Gen 4576 | fit   8.239 | fold Calmar 27.92/ 4.55/12.56/ 2.89 | fold DD 22/ 7/ 8/ 6%
Gen 4581 | fit   8.239 | fold Calmar 27.92/ 4.55/12.56/ 2.89 | fold DD 22/ 7/ 8/ 6%
Gen 4586 | fit   8.239 | fold Calmar 27.92/ 4.55/12.56/ 2.89 | fold DD 22/ 7/ 8/ 6%
Gen 4591 | fit   8.239 | fold Calmar 27.92/ 4.55/12.56/ 2.89 | fold DD 22/ 7/ 8/ 6%
Gen 4596 | fit   8.239 | fold Calmar 27.92/ 4.55/12.56/ 2.89 | fold DD 22/ 7/ 8/ 6%
Gen 4601 | fit   8.239 | fold Calmar 27.92/ 4.55/12.56/ 2.89 | fold DD 22/ 7/ 8/ 6%
Gen 4606 | fit   8.239 | fold Calmar 27.92/ 4.55/12.56/ 2.89 | fold DD 22/ 7/ 8/ 6%
Gen 4611 | fit   8.239 | fold Calmar 27.92/ 4.55/12.56/ 2.89 | fold DD 22/ 7/ 8/ 6%
Gen 4616 | fit   8.239 | fold Calmar 27.92/ 4.55/12.56/ 2.89 | fold DD 22/ 7/ 8/ 6%
Gen 4621 | fit   8.239 | fold Calmar 27.92/ 4.55/12.56/ 2.89 | fold DD 22/ 7/ 8/ 6%
Gen 4626 | fit   8.239 | fold Calmar 27.92/ 4.55/12.56/ 2.89 | fold DD 22/ 7/ 8/ 6%
Gen 4631 | fit   8.239 | fold Calmar 27.92/ 4.55/12.56/ 2.89 | fold DD 22/ 7/ 8/ 6%
Gen 4636 | fit   8.239 | fold Calmar 27.95/ 4.54/12.57/ 2.89 | fold DD 22/ 7/ 8/ 6%
Gen 4641 | fit   8.239 | fold Calmar 27.95/ 4.54/12.57/ 2.89 | fold DD 22/ 7/ 8/ 6%
Gen 4646 | fit   8.239 | fold Calmar 27.95/ 4.54/12.57/ 2.89 | fold DD 22/ 7/ 8/ 6%
Gen 4651 | fit   8.239 | fold Calmar 27.95/ 4.54/12.57/ 2.89 | fold DD 22/ 7/ 8/ 6%
Gen 4656 | fit   8.239 | fold Calmar 27.95/ 4.54/12.57/ 2.89 | fold DD 22/ 7/ 8/ 6%
Gen 4661 | fit   8.239 | fold Calmar 27.95/ 4.54/12.57/ 2.89 | fold DD 22/ 7/ 8/ 6%
Gen 4666 | fit   8.239 | fold Calmar 27.95/ 4.54/12.57/ 2.89 | fold DD 22/ 7/ 8/ 6%
Gen 4671 | fit   8.239 | fold Calmar 27.95/ 4.54/12.57/ 2.89 | fold DD 22/ 7/ 8/ 6%
Gen 4676 | fit   8.239 | fold Calmar 27.95/ 4.54/12.57/ 2.89 | fold DD 22/ 7/ 8/ 6%
Gen 4681 | fit   8.239 | fold Calmar 27.95/ 4.54/12.57/ 2.89 | fold DD 22/ 7/ 8/ 6%
Gen 4686 | fit   8.239 | fold Calmar 27.95/ 4.54/12.57/ 2.89 | fold DD 22/ 7/ 8/ 6%
Gen 4691 | fit   8.239 | fold Calmar 27.95/ 4.54/12.57/ 2.89 | fold DD 22/ 7/ 8/ 6%
Gen 4696 | fit   8.239 | fold Calmar 27.95/ 4.54/12.57/ 2.89 | fold DD 22/ 7/ 8/ 6%
Gen 4701 | fit   8.239 | fold Calmar 27.95/ 4.54/12.57/ 2.89 | fold DD 22/ 7/ 8/ 6%
Gen 4706 | fit   8.239 | fold Calmar 27.95/ 4.54/12.57/ 2.89 | fold DD 22/ 7/ 8/ 6%
Gen 4711 | fit   8.239 | fold Calmar 27.95/ 4.54/12.57/ 2.89 | fold DD 22/ 7/ 8/ 6%
Gen 4716 | fit   8.239 | fold Calmar 27.95/ 4.54/12.57/ 2.89 | fold DD 22/ 7/ 8/ 6%
Gen 4721 | fit   8.239 | fold Calmar 27.95/ 4.54/12.57/ 2.89 | fold DD 22/ 7/ 8/ 6%
Gen 4726 | fit   8.239 | fold Calmar 27.95/ 4.54/12.57/ 2.89 | fold DD 22/ 7/ 8/ 6%
Gen 4731 | fit   8.239 | fold Calmar 27.95/ 4.54/12.57/ 2.89 | fold DD 22/ 7/ 8/ 6%
Gen 4736 | fit   8.239 | fold Calmar 27.95/ 4.54/12.57/ 2.89 | fold DD 22/ 7/ 8/ 6%
Gen 4741 | fit   8.239 | fold Calmar 27.95/ 4.54/12.57/ 2.89 | fold DD 22/ 7/ 8/ 6%
Gen 4746 | fit   8.239 | fold Calmar 27.95/ 4.54/12.57/ 2.89 | fold DD 22/ 7/ 8/ 6%
Gen 4751 | fit   8.239 | fold Calmar 27.95/ 4.54/12.57/ 2.89 | fold DD 22/ 7/ 8/ 6%
Gen 4756 | fit   8.239 | fold Calmar 27.95/ 4.54/12.57/ 2.89 | fold DD 22/ 7/ 8/ 6%
Gen 4761 | fit   8.239 | fold Calmar 27.95/ 4.54/12.57/ 2.89 | fold DD 22/ 7/ 8/ 6%
Gen 4766 | fit   8.239 | fold Calmar 27.95/ 4.54/12.57/ 2.89 | fold DD 22/ 7/ 8/ 6%
Gen 4771 | fit   8.239 | fold Calmar 27.95/ 4.54/12.57/ 2.89 | fold DD 22/ 7/ 8/ 6%
Gen 4776 | fit   8.239 | fold Calmar 27.95/ 4.54/12.57/ 2.89 | fold DD 22/ 7/ 8/ 6%
Gen 4781 | fit   8.239 | fold Calmar 27.95/ 4.54/12.57/ 2.89 | fold DD 22/ 7/ 8/ 6%
Gen 4786 | fit   8.239 | fold Calmar 27.95/ 4.54/12.57/ 2.89 | fold DD 22/ 7/ 8/ 6%
Gen 4791 | fit   8.239 | fold Calmar 27.95/ 4.54/12.57/ 2.89 | fold DD 22/ 7/ 8/ 6%
Gen 4796 | fit   8.239 | fold Calmar 27.95/ 4.54/12.57/ 2.89 | fold DD 22/ 7/ 8/ 6%
Gen 4801 | fit   8.239 | fold Calmar 27.95/ 4.54/12.57/ 2.89 | fold DD 22/ 7/ 8/ 6%
Gen 4806 | fit   8.417 | fold Calmar 26.95/ 4.49/14.35/ 2.89 | fold DD 22/ 8/ 8/ 6%
Gen 4811 | fit   8.417 | fold Calmar 26.95/ 4.49/14.35/ 2.89 | fold DD 22/ 8/ 8/ 6%
Gen 4816 | fit   8.433 | fold Calmar 27.33/ 4.69/13.87/ 2.84 | fold DD 22/ 8/ 9/ 6%
Gen 4821 | fit   8.468 | fold Calmar 27.43/ 4.74/13.92/ 2.84 | fold DD 22/ 8/ 9/ 6%
Gen 4826 | fit   8.468 | fold Calmar 27.43/ 4.74/13.92/ 2.84 | fold DD 22/ 8/ 9/ 6%
Gen 4831 | fit   8.473 | fold Calmar 27.41/ 4.61/14.36/ 2.84 | fold DD 22/ 8/ 9/ 6%
Gen 4836 | fit   8.476 | fold Calmar 27.40/ 4.62/14.37/ 2.84 | fold DD 22/ 8/ 9/ 6%
Gen 4841 | fit   8.485 | fold Calmar 27.48/ 4.66/14.29/ 2.83 | fold DD 22/ 8/ 9/ 7%
Gen 4846 | fit   8.485 | fold Calmar 27.48/ 4.66/14.29/ 2.83 | fold DD 22/ 8/ 9/ 7%
Gen 4851 | fit   8.485 | fold Calmar 27.48/ 4.66/14.29/ 2.83 | fold DD 22/ 8/ 9/ 7%
Gen 4856 | fit   8.485 | fold Calmar 27.48/ 4.66/14.29/ 2.83 | fold DD 22/ 8/ 9/ 7%
Gen 4861 | fit   8.485 | fold Calmar 27.48/ 4.66/14.29/ 2.83 | fold DD 22/ 8/ 9/ 7%
Gen 4866 | fit   8.485 | fold Calmar 27.48/ 4.66/14.29/ 2.83 | fold DD 22/ 8/ 9/ 7%
Gen 4871 | fit   8.494 | fold Calmar 27.79/ 4.61/14.82/ 2.74 | fold DD 22/ 8/ 9/ 7%
Gen 4876 | fit   8.504 | fold Calmar 27.65/ 4.12/16.87/ 2.72 | fold DD 22/ 9/ 9/ 7%
Gen 4881 | fit   8.505 | fold Calmar 27.66/ 4.12/16.87/ 2.72 | fold DD 22/ 9/ 9/ 7%
Gen 4886 | fit   8.505 | fold Calmar 27.66/ 4.12/16.87/ 2.72 | fold DD 22/ 9/ 9/ 7%
Gen 4891 | fit   8.505 | fold Calmar 27.65/ 4.12/16.87/ 2.72 | fold DD 22/ 9/ 9/ 7%
Gen 4896 | fit   8.506 | fold Calmar 27.67/ 4.12/16.87/ 2.72 | fold DD 22/ 9/ 9/ 7%
Gen 4901 | fit   8.506 | fold Calmar 27.67/ 4.12/16.87/ 2.72 | fold DD 22/ 9/ 9/ 7%
Gen 4906 | fit   8.507 | fold Calmar 27.68/ 4.18/16.58/ 2.73 | fold DD 22/ 9/ 9/ 7%
Gen 4911 | fit   8.507 | fold Calmar 27.68/ 4.18/16.58/ 2.73 | fold DD 22/ 9/ 9/ 7%
Gen 4916 | fit   8.507 | fold Calmar 27.68/ 4.18/16.58/ 2.73 | fold DD 22/ 9/ 9/ 7%
Gen 4921 | fit   8.507 | fold Calmar 27.68/ 4.18/16.58/ 2.73 | fold DD 22/ 9/ 9/ 7%
Gen 4926 | fit   8.512 | fold Calmar 27.78/ 4.21/16.50/ 2.72 | fold DD 22/ 9/ 9/ 7%
Gen 4931 | fit   8.512 | fold Calmar 27.78/ 4.21/16.50/ 2.72 | fold DD 22/ 9/ 9/ 7%
Gen 4936 | fit   8.512 | fold Calmar 27.78/ 4.21/16.50/ 2.72 | fold DD 22/ 9/ 9/ 7%
Gen 4941 | fit   8.515 | fold Calmar 27.77/ 4.21/16.51/ 2.72 | fold DD 22/ 9/ 9/ 7%
Gen 4946 | fit   8.515 | fold Calmar 27.77/ 4.21/16.51/ 2.72 | fold DD 22/ 9/ 9/ 7%
Gen 4951 | fit   8.516 | fold Calmar 27.77/ 4.22/16.46/ 2.72 | fold DD 22/ 9/ 9/ 7%
Gen 4956 | fit   8.516 | fold Calmar 27.77/ 4.22/16.46/ 2.72 | fold DD 22/ 9/ 9/ 7%
Gen 4961 | fit   8.516 | fold Calmar 27.77/ 4.22/16.46/ 2.72 | fold DD 22/ 9/ 9/ 7%
Gen 4966 | fit   8.516 | fold Calmar 27.77/ 4.22/16.46/ 2.72 | fold DD 22/ 9/ 9/ 7%
Gen 4971 | fit   8.516 | fold Calmar 27.77/ 4.22/16.46/ 2.72 | fold DD 22/ 9/ 9/ 7%
Gen 4976 | fit   8.516 | fold Calmar 27.77/ 4.22/16.46/ 2.72 | fold DD 22/ 9/ 9/ 7%
Gen 4981 | fit   8.516 | fold Calmar 27.77/ 4.22/16.46/ 2.72 | fold DD 22/ 9/ 9/ 7%
Gen 4986 | fit   8.516 | fold Calmar 27.77/ 4.22/16.46/ 2.72 | fold DD 22/ 9/ 9/ 7%
Gen 4991 | fit   8.516 | fold Calmar 27.76/ 4.22/16.46/ 2.72 | fold DD 22/ 9/ 9/ 7%
Gen 4996 | fit   8.516 | fold Calmar 27.76/ 4.22/16.46/ 2.72 | fold DD 22/ 9/ 9/ 7%
Gen 5001 | fit   8.516 | fold Calmar 27.76/ 4.22/16.46/ 2.72 | fold DD 22/ 9/ 9/ 7%
Gen 5006 | fit   8.516 | fold Calmar 27.76/ 4.22/16.46/ 2.72 | fold DD 22/ 9/ 9/ 7%
Gen 5011 | fit   8.516 | fold Calmar 27.76/ 4.22/16.46/ 2.72 | fold DD 22/ 9/ 9/ 7%
Gen 5016 | fit   8.516 | fold Calmar 27.76/ 4.22/16.46/ 2.72 | fold DD 22/ 9/ 9/ 7%
Gen 5021 | fit   8.516 | fold Calmar 27.76/ 4.22/16.46/ 2.72 | fold DD 22/ 9/ 9/ 7%
Gen 5026 | fit   8.516 | fold Calmar 27.76/ 4.22/16.46/ 2.72 | fold DD 22/ 9/ 9/ 7%
Gen 5031 | fit   8.516 | fold Calmar 27.76/ 4.22/16.46/ 2.72 | fold DD 22/ 9/ 9/ 7%
Gen 5036 | fit   8.516 | fold Calmar 27.76/ 4.22/16.46/ 2.72 | fold DD 22/ 9/ 9/ 7%
Gen 5041 | fit   8.516 | fold Calmar 27.76/ 4.22/16.46/ 2.72 | fold DD 22/ 9/ 9/ 7%
Gen 5046 | fit   8.516 | fold Calmar 27.76/ 4.22/16.46/ 2.72 | fold DD 22/ 9/ 9/ 7%
Gen 5051 | fit   8.516 | fold Calmar 27.76/ 4.22/16.46/ 2.72 | fold DD 22/ 9/ 9/ 7%
Gen 5056 | fit   8.516 | fold Calmar 27.76/ 4.22/16.46/ 2.72 | fold DD 22/ 9/ 9/ 7%
Gen 5061 | fit   8.516 | fold Calmar 27.76/ 4.22/16.46/ 2.72 | fold DD 22/ 9/ 9/ 7%
Gen 5066 | fit   8.516 | fold Calmar 27.76/ 4.22/16.46/ 2.72 | fold DD 22/ 9/ 9/ 7%
Gen 5071 | fit   8.516 | fold Calmar 27.76/ 4.22/16.46/ 2.72 | fold DD 22/ 9/ 9/ 7%
Gen 5076 | fit   8.516 | fold Calmar 27.76/ 4.22/16.46/ 2.72 | fold DD 22/ 9/ 9/ 7%
Gen 5081 | fit   8.516 | fold Calmar 27.76/ 4.22/16.46/ 2.72 | fold DD 22/ 9/ 9/ 7%
Gen 5086 | fit   8.516 | fold Calmar 27.76/ 4.22/16.46/ 2.72 | fold DD 22/ 9/ 9/ 7%
Gen 5091 | fit   8.516 | fold Calmar 27.76/ 4.22/16.46/ 2.72 | fold DD 22/ 9/ 9/ 7%
Gen 5096 | fit   8.516 | fold Calmar 27.76/ 4.22/16.46/ 2.72 | fold DD 22/ 9/ 9/ 7%
Gen 5101 | fit   8.516 | fold Calmar 27.76/ 4.22/16.46/ 2.72 | fold DD 22/ 9/ 9/ 7%
Gen 5106 | fit   8.516 | fold Calmar 27.76/ 4.22/16.46/ 2.72 | fold DD 22/ 9/ 9/ 7%
Gen 5111 | fit   8.516 | fold Calmar 27.76/ 4.22/16.46/ 2.72 | fold DD 22/ 9/ 9/ 7%
Gen 5116 | fit   8.516 | fold Calmar 27.76/ 4.22/16.46/ 2.72 | fold DD 22/ 9/ 9/ 7%
Gen 5121 | fit   8.516 | fold Calmar 27.76/ 4.22/16.46/ 2.72 | fold DD 22/ 9/ 9/ 7%
Gen 5126 | fit   8.516 | fold Calmar 27.76/ 4.22/16.46/ 2.72 | fold DD 22/ 9/ 9/ 7%
Gen 5131 | fit   8.516 | fold Calmar 27.76/ 4.22/16.46/ 2.72 | fold DD 22/ 9/ 9/ 7%
Gen 5136 | fit   8.516 | fold Calmar 27.76/ 4.22/16.46/ 2.72 | fold DD 22/ 9/ 9/ 7%
Gen 5141 | fit   8.516 | fold Calmar 27.76/ 4.22/16.46/ 2.72 | fold DD 22/ 9/ 9/ 7%
Gen 5146 | fit   8.516 | fold Calmar 27.76/ 4.22/16.46/ 2.72 | fold DD 22/ 9/ 9/ 7%
Gen 5151 | fit   8.525 | fold Calmar 28.44/ 4.34/15.99/ 2.68 | fold DD 21/ 8/ 9/ 7%
Gen 5156 | fit   8.525 | fold Calmar 28.44/ 4.34/15.99/ 2.68 | fold DD 21/ 8/ 9/ 7%
Gen 5161 | fit   8.526 | fold Calmar 28.45/ 4.39/15.79/ 2.68 | fold DD 21/ 8/ 9/ 7%
Gen 5166 | fit   8.541 | fold Calmar 28.49/ 4.36/15.94/ 2.69 | fold DD 21/ 8/ 9/ 7%
Gen 5171 | fit   8.543 | fold Calmar 28.51/ 4.37/15.92/ 2.69 | fold DD 21/ 8/ 9/ 7%
Gen 5176 | fit   8.543 | fold Calmar 28.51/ 4.37/15.92/ 2.69 | fold DD 21/ 8/ 9/ 7%
Gen 5181 | fit   8.543 | fold Calmar 28.51/ 4.37/15.92/ 2.69 | fold DD 21/ 8/ 9/ 7%
Gen 5186 | fit   8.543 | fold Calmar 28.51/ 4.37/15.92/ 2.69 | fold DD 21/ 8/ 9/ 7%
Gen 5191 | fit   8.543 | fold Calmar 28.51/ 4.37/15.92/ 2.69 | fold DD 21/ 8/ 9/ 7%
Gen 5196 | fit   8.543 | fold Calmar 28.51/ 4.37/15.92/ 2.69 | fold DD 21/ 8/ 9/ 7%
Gen 5201 | fit   8.543 | fold Calmar 28.51/ 4.37/15.92/ 2.69 | fold DD 21/ 8/ 9/ 7%
Gen 5206 | fit   8.543 | fold Calmar 28.51/ 4.37/15.92/ 2.69 | fold DD 21/ 8/ 9/ 7%
Gen 5211 | fit   8.543 | fold Calmar 28.51/ 4.37/15.92/ 2.69 | fold DD 21/ 8/ 9/ 7%
Gen 5216 | fit   8.543 | fold Calmar 28.51/ 4.37/15.92/ 2.69 | fold DD 21/ 8/ 9/ 7%
Gen 5221 | fit   8.543 | fold Calmar 28.51/ 4.37/15.92/ 2.69 | fold DD 21/ 8/ 9/ 7%
Gen 5226 | fit   8.543 | fold Calmar 28.51/ 4.37/15.92/ 2.69 | fold DD 21/ 8/ 9/ 7%
Gen 5231 | fit   8.543 | fold Calmar 28.51/ 4.37/15.92/ 2.69 | fold DD 21/ 8/ 9/ 7%
Gen 5236 | fit   8.543 | fold Calmar 28.51/ 4.37/15.92/ 2.69 | fold DD 21/ 8/ 9/ 7%
Gen 5241 | fit   8.543 | fold Calmar 28.51/ 4.37/15.92/ 2.69 | fold DD 21/ 8/ 9/ 7%
Gen 5246 | fit   8.543 | fold Calmar 28.51/ 4.37/15.92/ 2.69 | fold DD 21/ 8/ 9/ 7%
Gen 5251 | fit   8.543 | fold Calmar 28.51/ 4.37/15.92/ 2.69 | fold DD 21/ 8/ 9/ 7%
Gen 5256 | fit   8.543 | fold Calmar 28.51/ 4.37/15.92/ 2.69 | fold DD 21/ 8/ 9/ 7%
Gen 5261 | fit   8.543 | fold Calmar 28.51/ 4.37/15.92/ 2.69 | fold DD 21/ 8/ 9/ 7%
Gen 5266 | fit   8.543 | fold Calmar 28.51/ 4.37/15.92/ 2.69 | fold DD 21/ 8/ 9/ 7%
Gen 5271 | fit   8.543 | fold Calmar 28.51/ 4.37/15.92/ 2.69 | fold DD 21/ 8/ 9/ 7%
Gen 5276 | fit   8.543 | fold Calmar 28.51/ 4.37/15.92/ 2.69 | fold DD 21/ 8/ 9/ 7%
Gen 5281 | fit   8.543 | fold Calmar 28.51/ 4.37/15.92/ 2.69 | fold DD 21/ 8/ 9/ 7%
Gen 5286 | fit   8.543 | fold Calmar 28.51/ 4.37/15.92/ 2.69 | fold DD 21/ 8/ 9/ 7%
Gen 5291 | fit   8.543 | fold Calmar 28.51/ 4.37/15.92/ 2.69 | fold DD 21/ 8/ 9/ 7%
Gen 5296 | fit   8.544 | fold Calmar 28.51/ 4.37/15.92/ 2.69 | fold DD 21/ 8/ 9/ 7%
Gen 5301 | fit   8.544 | fold Calmar 28.51/ 4.37/15.92/ 2.69 | fold DD 21/ 8/ 9/ 7%
Gen 5306 | fit   8.544 | fold Calmar 28.51/ 4.37/15.92/ 2.69 | fold DD 21/ 8/ 9/ 7%
Gen 5311 | fit   8.546 | fold Calmar 28.50/ 4.37/15.92/ 2.69 | fold DD 21/ 8/ 9/ 7%
Gen 5316 | fit   8.546 | fold Calmar 28.50/ 4.37/15.92/ 2.69 | fold DD 21/ 8/ 9/ 7%
Gen 5321 | fit   8.546 | fold Calmar 28.50/ 4.37/15.92/ 2.69 | fold DD 21/ 8/ 9/ 7%
Gen 5326 | fit   8.546 | fold Calmar 28.50/ 4.37/15.92/ 2.69 | fold DD 21/ 8/ 9/ 7%
Gen 5331 | fit   8.546 | fold Calmar 28.50/ 4.37/15.92/ 2.69 | fold DD 21/ 8/ 9/ 7%
Gen 5336 | fit   8.546 | fold Calmar 28.50/ 4.37/15.92/ 2.69 | fold DD 21/ 8/ 9/ 7%
Gen 5341 | fit   8.546 | fold Calmar 28.50/ 4.37/15.92/ 2.69 | fold DD 21/ 8/ 9/ 7%
Gen 5346 | fit   8.546 | fold Calmar 28.50/ 4.37/15.92/ 2.69 | fold DD 21/ 8/ 9/ 7%
Gen 5351 | fit   8.546 | fold Calmar 28.50/ 4.37/15.92/ 2.69 | fold DD 21/ 8/ 9/ 7%
Gen 5356 | fit   8.546 | fold Calmar 28.50/ 4.37/15.92/ 2.69 | fold DD 21/ 8/ 9/ 7%
Gen 5361 | fit   8.546 | fold Calmar 28.50/ 4.38/15.92/ 2.69 | fold DD 21/ 8/ 9/ 7%
Gen 5366 | fit   8.546 | fold Calmar 28.50/ 4.38/15.92/ 2.69 | fold DD 21/ 8/ 9/ 7%
Gen 5371 | fit   8.554 | fold Calmar 28.79/ 4.26/16.52/ 2.64 | fold DD 21/ 8/ 8/ 7%
Gen 5376 | fit   8.554 | fold Calmar 28.79/ 4.26/16.52/ 2.64 | fold DD 21/ 8/ 8/ 7%
Gen 5381 | fit   8.558 | fold Calmar 28.80/ 4.26/16.52/ 2.65 | fold DD 21/ 8/ 8/ 7%
Gen 5386 | fit   8.560 | fold Calmar 28.79/ 4.26/16.51/ 2.65 | fold DD 21/ 8/ 8/ 7%
Gen 5391 | fit   8.560 | fold Calmar 28.79/ 4.26/16.51/ 2.65 | fold DD 21/ 8/ 8/ 7%
Gen 5396 | fit   8.561 | fold Calmar 28.80/ 4.26/16.51/ 2.65 | fold DD 21/ 8/ 8/ 7%
Gen 5401 | fit   8.561 | fold Calmar 28.80/ 4.26/16.51/ 2.65 | fold DD 21/ 8/ 8/ 7%
Gen 5406 | fit   8.562 | fold Calmar 28.81/ 4.26/16.50/ 2.65 | fold DD 21/ 8/ 8/ 7%
Gen 5411 | fit   8.563 | fold Calmar 28.79/ 4.26/16.51/ 2.65 | fold DD 21/ 8/ 8/ 7%
Gen 5416 | fit   8.563 | fold Calmar 28.79/ 4.26/16.51/ 2.65 | fold DD 21/ 8/ 8/ 7%
Gen 5421 | fit   8.564 | fold Calmar 28.80/ 4.26/16.51/ 2.65 | fold DD 21/ 8/ 8/ 7%
Gen 5426 | fit   8.564 | fold Calmar 28.80/ 4.26/16.51/ 2.65 | fold DD 21/ 8/ 8/ 7%
Gen 5431 | fit   8.564 | fold Calmar 28.80/ 4.27/16.47/ 2.65 | fold DD 21/ 8/ 8/ 7%
Gen 5436 | fit   8.564 | fold Calmar 28.80/ 4.27/16.47/ 2.65 | fold DD 21/ 8/ 8/ 7%
Gen 5441 | fit   8.564 | fold Calmar 28.80/ 4.27/16.47/ 2.65 | fold DD 21/ 8/ 8/ 7%
Gen 5446 | fit   8.564 | fold Calmar 28.80/ 4.27/16.47/ 2.65 | fold DD 21/ 8/ 8/ 7%
Gen 5451 | fit   8.564 | fold Calmar 28.80/ 4.27/16.47/ 2.65 | fold DD 21/ 8/ 8/ 7%
Gen 5456 | fit   8.564 | fold Calmar 28.80/ 4.27/16.47/ 2.65 | fold DD 21/ 8/ 8/ 7%
Gen 5461 | fit   8.564 | fold Calmar 28.80/ 4.27/16.47/ 2.65 | fold DD 21/ 8/ 8/ 7%
Gen 5466 | fit   8.564 | fold Calmar 28.80/ 4.27/16.47/ 2.65 | fold DD 21/ 8/ 8/ 7%
Gen 5471 | fit   8.564 | fold Calmar 28.80/ 4.27/16.47/ 2.65 | fold DD 21/ 8/ 8/ 7%
Gen 5476 | fit   8.564 | fold Calmar 28.80/ 4.27/16.47/ 2.65 | fold DD 21/ 8/ 8/ 7%
Gen 5481 | fit   8.564 | fold Calmar 28.80/ 4.27/16.47/ 2.65 | fold DD 21/ 8/ 8/ 7%
Gen 5486 | fit   8.564 | fold Calmar 28.80/ 4.27/16.47/ 2.65 | fold DD 21/ 8/ 8/ 7%
Gen 5491 | fit   8.564 | fold Calmar 28.80/ 4.27/16.47/ 2.65 | fold DD 21/ 8/ 8/ 7%
Gen 5496 | fit   8.564 | fold Calmar 28.80/ 4.27/16.47/ 2.65 | fold DD 21/ 8/ 8/ 7%
Gen 5501 | fit   8.564 | fold Calmar 28.80/ 4.27/16.47/ 2.65 | fold DD 21/ 8/ 8/ 7%
Gen 5506 | fit   8.564 | fold Calmar 28.80/ 4.27/16.47/ 2.65 | fold DD 21/ 8/ 8/ 7%
Gen 5511 | fit   8.564 | fold Calmar 28.80/ 4.27/16.47/ 2.65 | fold DD 21/ 8/ 8/ 7%
Gen 5516 | fit   8.564 | fold Calmar 28.80/ 4.27/16.47/ 2.65 | fold DD 21/ 8/ 8/ 7%
Gen 5521 | fit   8.564 | fold Calmar 28.80/ 4.27/16.47/ 2.65 | fold DD 21/ 8/ 8/ 7%
Gen 5526 | fit   8.564 | fold Calmar 28.80/ 4.27/16.47/ 2.65 | fold DD 21/ 8/ 8/ 7%
Gen 5531 | fit   8.564 | fold Calmar 28.80/ 4.27/16.47/ 2.65 | fold DD 21/ 8/ 8/ 7%
Gen 5536 | fit   8.564 | fold Calmar 28.80/ 4.27/16.47/ 2.65 | fold DD 21/ 8/ 8/ 7%
Gen 5541 | fit   8.564 | fold Calmar 28.80/ 4.27/16.47/ 2.65 | fold DD 21/ 8/ 8/ 7%
Gen 5546 | fit   8.564 | fold Calmar 28.80/ 4.27/16.47/ 2.65 | fold DD 21/ 8/ 8/ 7%
Gen 5551 | fit   8.564 | fold Calmar 28.80/ 4.27/16.47/ 2.65 | fold DD 21/ 8/ 8/ 7%
Gen 5556 | fit   8.564 | fold Calmar 28.80/ 4.27/16.47/ 2.65 | fold DD 21/ 8/ 8/ 7%
Gen 5561 | fit   8.564 | fold Calmar 28.80/ 4.27/16.47/ 2.65 | fold DD 21/ 8/ 8/ 7%
Gen 5566 | fit   8.564 | fold Calmar 28.80/ 4.28/16.45/ 2.65 | fold DD 21/ 8/ 8/ 7%
Gen 5571 | fit   8.564 | fold Calmar 28.80/ 4.28/16.45/ 2.65 | fold DD 21/ 8/ 8/ 7%
Gen 5576 | fit   8.564 | fold Calmar 28.81/ 4.28/16.45/ 2.65 | fold DD 21/ 8/ 8/ 7%
Gen 5581 | fit   8.564 | fold Calmar 28.81/ 4.28/16.45/ 2.65 | fold DD 21/ 8/ 8/ 7%
Gen 5586 | fit   8.564 | fold Calmar 28.81/ 4.28/16.45/ 2.65 | fold DD 21/ 8/ 8/ 7%
Gen 5591 | fit   8.564 | fold Calmar 28.81/ 4.28/16.45/ 2.65 | fold DD 21/ 8/ 8/ 7%
Gen 5596 | fit   8.564 | fold Calmar 28.81/ 4.28/16.45/ 2.65 | fold DD 21/ 8/ 8/ 7%
Gen 5601 | fit   8.564 | fold Calmar 28.81/ 4.28/16.45/ 2.65 | fold DD 21/ 8/ 8/ 7%
Gen 5606 | fit   8.564 | fold Calmar 28.81/ 4.28/16.45/ 2.65 | fold DD 21/ 8/ 8/ 7%
Gen 5611 | fit   8.564 | fold Calmar 28.81/ 4.28/16.45/ 2.65 | fold DD 21/ 8/ 8/ 7%
Gen 5616 | fit   8.564 | fold Calmar 28.81/ 4.28/16.45/ 2.65 | fold DD 21/ 8/ 8/ 7%
Gen 5621 | fit   8.564 | fold Calmar 28.81/ 4.28/16.45/ 2.65 | fold DD 21/ 8/ 8/ 7%
Gen 5626 | fit   8.564 | fold Calmar 28.81/ 4.28/16.45/ 2.65 | fold DD 21/ 8/ 8/ 7%
Gen 5631 | fit   8.564 | fold Calmar 28.81/ 4.28/16.45/ 2.65 | fold DD 21/ 8/ 8/ 7%
Gen 5636 | fit   8.564 | fold Calmar 28.81/ 4.28/16.45/ 2.65 | fold DD 21/ 8/ 8/ 7%
Gen 5641 | fit   8.564 | fold Calmar 28.81/ 4.28/16.45/ 2.65 | fold DD 21/ 8/ 8/ 7%
Gen 5646 | fit   8.564 | fold Calmar 28.81/ 4.28/16.45/ 2.65 | fold DD 21/ 8/ 8/ 7%
Gen 5651 | fit   8.564 | fold Calmar 28.81/ 4.28/16.45/ 2.65 | fold DD 21/ 8/ 8/ 7%
Gen 5656 | fit   8.564 | fold Calmar 28.81/ 4.28/16.45/ 2.65 | fold DD 21/ 8/ 8/ 7%
Gen 5661 | fit   8.564 | fold Calmar 28.81/ 4.28/16.45/ 2.65 | fold DD 21/ 8/ 8/ 7%
Gen 5666 | fit   8.564 | fold Calmar 28.81/ 4.28/16.45/ 2.65 | fold DD 21/ 8/ 8/ 7%
Gen 5671 | fit   8.564 | fold Calmar 28.81/ 4.28/16.45/ 2.65 | fold DD 21/ 8/ 8/ 7%
Gen 5676 | fit   8.564 | fold Calmar 28.81/ 4.28/16.45/ 2.65 | fold DD 21/ 8/ 8/ 7%
Gen 5681 | fit   8.564 | fold Calmar 28.81/ 4.28/16.45/ 2.65 | fold DD 21/ 8/ 8/ 7%
Gen 5686 | fit   8.564 | fold Calmar 28.81/ 4.28/16.45/ 2.65 | fold DD 21/ 8/ 8/ 7%
Gen 5691 | fit   8.564 | fold Calmar 28.81/ 4.28/16.45/ 2.65 | fold DD 21/ 8/ 8/ 7%
Gen 5696 | fit   8.564 | fold Calmar 28.81/ 4.28/16.45/ 2.65 | fold DD 21/ 8/ 8/ 7%
Gen 5701 | fit   8.564 | fold Calmar 28.81/ 4.28/16.45/ 2.65 | fold DD 21/ 8/ 8/ 7%
Gen 5706 | fit   8.564 | fold Calmar 28.81/ 4.28/16.45/ 2.65 | fold DD 21/ 8/ 8/ 7%
Gen 5711 | fit   8.564 | fold Calmar 28.81/ 4.28/16.45/ 2.65 | fold DD 21/ 8/ 8/ 7%
Gen 5716 | fit   8.564 | fold Calmar 28.81/ 4.28/16.45/ 2.65 | fold DD 21/ 8/ 8/ 7%
Gen 5721 | fit   8.564 | fold Calmar 28.81/ 4.28/16.45/ 2.65 | fold DD 21/ 8/ 8/ 7%
Gen 5726 | fit   8.564 | fold Calmar 28.80/ 4.28/16.45/ 2.65 | fold DD 21/ 8/ 8/ 7%
Gen 5731 | fit   8.564 | fold Calmar 28.80/ 4.28/16.45/ 2.65 | fold DD 21/ 8/ 8/ 7%
Gen 5736 | fit   8.564 | fold Calmar 28.80/ 4.28/16.45/ 2.65 | fold DD 21/ 8/ 8/ 7%
Gen 5741 | fit   8.564 | fold Calmar 28.80/ 4.28/16.45/ 2.65 | fold DD 21/ 8/ 8/ 7%
Gen 5746 | fit   8.564 | fold Calmar 28.80/ 4.28/16.45/ 2.65 | fold DD 21/ 8/ 8/ 7%
Gen 5751 | fit   8.564 | fold Calmar 28.80/ 4.28/16.45/ 2.65 | fold DD 21/ 8/ 8/ 7%
Gen 5756 | fit   8.564 | fold Calmar 28.80/ 4.28/16.45/ 2.65 | fold DD 21/ 8/ 8/ 7%
Gen 5761 | fit   8.564 | fold Calmar 28.80/ 4.28/16.45/ 2.65 | fold DD 21/ 8/ 8/ 7%
Gen 5766 | fit   8.564 | fold Calmar 28.80/ 4.28/16.45/ 2.65 | fold DD 21/ 8/ 8/ 7%
Gen 5771 | fit   8.564 | fold Calmar 28.80/ 4.28/16.45/ 2.65 | fold DD 21/ 8/ 8/ 7%
Gen 5776 | fit   8.564 | fold Calmar 28.80/ 4.28/16.45/ 2.65 | fold DD 21/ 8/ 8/ 7%
Gen 5781 | fit   8.564 | fold Calmar 28.80/ 4.28/16.45/ 2.65 | fold DD 21/ 8/ 8/ 7%
Gen 5786 | fit   8.564 | fold Calmar 28.80/ 4.28/16.45/ 2.65 | fold DD 21/ 8/ 8/ 7%
Gen 5791 | fit   8.564 | fold Calmar 28.80/ 4.28/16.45/ 2.65 | fold DD 21/ 8/ 8/ 7%
Gen 5796 | fit   8.564 | fold Calmar 28.80/ 4.28/16.45/ 2.65 | fold DD 21/ 8/ 8/ 7%
Gen 5801 | fit   8.564 | fold Calmar 28.80/ 4.28/16.45/ 2.65 | fold DD 21/ 8/ 8/ 7%
Gen 5806 | fit   8.564 | fold Calmar 28.80/ 4.28/16.45/ 2.65 | fold DD 21/ 8/ 8/ 7%
Gen 5811 | fit   8.564 | fold Calmar 28.80/ 4.28/16.45/ 2.65 | fold DD 21/ 8/ 8/ 7%
Gen 5816 | fit   8.564 | fold Calmar 28.80/ 4.28/16.45/ 2.65 | fold DD 21/ 8/ 8/ 7%
Gen 5821 | fit   8.564 | fold Calmar 28.80/ 4.28/16.45/ 2.65 | fold DD 21/ 8/ 8/ 7%
Gen 5826 | fit   8.564 | fold Calmar 28.80/ 4.28/16.45/ 2.65 | fold DD 21/ 8/ 8/ 7%
Gen 5831 | fit   8.564 | fold Calmar 28.80/ 4.28/16.44/ 2.65 | fold DD 21/ 8/ 8/ 7%
Gen 5836 | fit   8.564 | fold Calmar 28.80/ 4.28/16.44/ 2.65 | fold DD 21/ 8/ 8/ 7%
Gen 5841 | fit   8.564 | fold Calmar 28.80/ 4.28/16.44/ 2.65 | fold DD 21/ 8/ 8/ 7%
Gen 5846 | fit   8.564 | fold Calmar 28.80/ 4.28/16.44/ 2.65 | fold DD 21/ 8/ 8/ 7%
Gen 5851 | fit   8.564 | fold Calmar 28.80/ 4.28/16.44/ 2.65 | fold DD 21/ 8/ 8/ 7%
Gen 5856 | fit   8.564 | fold Calmar 28.80/ 4.28/16.44/ 2.65 | fold DD 21/ 8/ 8/ 7%
Gen 5861 | fit   8.564 | fold Calmar 28.80/ 4.28/16.44/ 2.65 | fold DD 21/ 8/ 8/ 7%
Gen 5866 | fit   8.564 | fold Calmar 28.80/ 4.28/16.44/ 2.65 | fold DD 21/ 8/ 8/ 7%
Gen 5871 | fit   8.564 | fold Calmar 28.80/ 4.28/16.44/ 2.65 | fold DD 21/ 8/ 8/ 7%
Gen 5876 | fit   8.564 | fold Calmar 28.80/ 4.28/16.44/ 2.65 | fold DD 21/ 8/ 8/ 7%
Gen 5881 | fit   8.564 | fold Calmar 28.80/ 4.28/16.44/ 2.65 | fold DD 21/ 8/ 8/ 7%
Gen 5886 | fit   8.564 | fold Calmar 28.80/ 4.28/16.44/ 2.65 | fold DD 21/ 8/ 8/ 7%
Gen 5891 | fit   8.564 | fold Calmar 28.80/ 4.28/16.44/ 2.65 | fold DD 21/ 8/ 8/ 7%
Gen 5896 | fit   8.564 | fold Calmar 28.80/ 4.28/16.44/ 2.65 | fold DD 21/ 8/ 8/ 7%
Gen 5901 | fit   8.564 | fold Calmar 28.80/ 4.28/16.44/ 2.65 | fold DD 21/ 8/ 8/ 7%
Gen 5906 | fit   8.564 | fold Calmar 28.80/ 4.28/16.44/ 2.65 | fold DD 21/ 8/ 8/ 7%
Gen 5911 | fit   8.564 | fold Calmar 28.80/ 4.28/16.44/ 2.65 | fold DD 21/ 8/ 8/ 7%
Gen 5916 | fit   8.564 | fold Calmar 28.80/ 4.28/16.44/ 2.65 | fold DD 21/ 8/ 8/ 7%
Gen 5921 | fit   8.564 | fold Calmar 28.80/ 4.28/16.44/ 2.65 | fold DD 21/ 8/ 8/ 7%
Gen 5926 | fit   8.564 | fold Calmar 28.80/ 4.28/16.44/ 2.65 | fold DD 21/ 8/ 8/ 7%
Gen 5931 | fit   8.564 | fold Calmar 28.80/ 4.28/16.44/ 2.65 | fold DD 21/ 8/ 8/ 7%
Gen 5936 | fit   8.564 | fold Calmar 28.80/ 4.28/16.44/ 2.65 | fold DD 21/ 8/ 8/ 7%
Gen 5941 | fit   8.564 | fold Calmar 28.80/ 4.28/16.44/ 2.65 | fold DD 21/ 8/ 8/ 7%
Gen 5946 | fit   8.564 | fold Calmar 28.80/ 4.28/16.44/ 2.65 | fold DD 21/ 8/ 8/ 7%
Gen 5951 | fit   8.564 | fold Calmar 28.80/ 4.28/16.44/ 2.65 | fold DD 21/ 8/ 8/ 7%
Gen 5956 | fit   8.564 | fold Calmar 28.80/ 4.28/16.44/ 2.65 | fold DD 21/ 8/ 8/ 7%
Gen 5961 | fit   8.564 | fold Calmar 28.80/ 4.28/16.44/ 2.65 | fold DD 21/ 8/ 8/ 7%
Gen 5966 | fit   8.564 | fold Calmar 28.80/ 4.28/16.44/ 2.65 | fold DD 21/ 8/ 8/ 7%
Gen 5971 | fit   8.564 | fold Calmar 28.80/ 4.28/16.44/ 2.65 | fold DD 21/ 8/ 8/ 7%
Gen 5976 | fit   8.564 | fold Calmar 28.80/ 4.28/16.44/ 2.65 | fold DD 21/ 8/ 8/ 7%
Gen 5981 | fit   8.564 | fold Calmar 28.80/ 4.28/16.44/ 2.65 | fold DD 21/ 8/ 8/ 7%
Gen 5986 | fit   8.564 | fold Calmar 28.80/ 4.28/16.44/ 2.65 | fold DD 21/ 8/ 8/ 7%
Gen 5991 | fit   8.564 | fold Calmar 28.80/ 4.28/16.44/ 2.65 | fold DD 21/ 8/ 8/ 7%
Gen 5996 | fit   8.564 | fold Calmar 28.80/ 4.28/16.44/ 2.65 | fold DD 21/ 8/ 8/ 7%
Gen 6001 | fit   8.564 | fold Calmar 28.80/ 4.28/16.44/ 2.65 | fold DD 21/ 8/ 8/ 7%
Gen 6006 | fit   8.564 | fold Calmar 28.80/ 4.28/16.44/ 2.65 | fold DD 21/ 8/ 8/ 7%
Gen 6011 | fit   8.564 | fold Calmar 28.80/ 4.28/16.44/ 2.65 | fold DD 21/ 8/ 8/ 7%
Gen 6016 | fit   8.564 | fold Calmar 28.80/ 4.28/16.44/ 2.65 | fold DD 21/ 8/ 8/ 7%
Gen 6021 | fit   8.564 | fold Calmar 28.80/ 4.28/16.44/ 2.65 | fold DD 21/ 8/ 8/ 7%
Gen 6026 | fit   8.564 | fold Calmar 28.80/ 4.28/16.44/ 2.65 | fold DD 21/ 8/ 8/ 7%
Gen 6031 | fit   8.564 | fold Calmar 28.80/ 4.28/16.44/ 2.65 | fold DD 21/ 8/ 8/ 7%
Gen 6036 | fit   8.564 | fold Calmar 28.80/ 4.28/16.44/ 2.65 | fold DD 21/ 8/ 8/ 7%
Gen 6041 | fit   8.564 | fold Calmar 28.80/ 4.28/16.44/ 2.65 | fold DD 21/ 8/ 8/ 7%
Gen 6046 | fit   8.564 | fold Calmar 28.80/ 4.28/16.44/ 2.65 | fold DD 21/ 8/ 8/ 7%
Gen 6051 | fit   8.564 | fold Calmar 28.80/ 4.28/16.44/ 2.65 | fold DD 21/ 8/ 8/ 7%
Gen 6056 | fit   8.564 | fold Calmar 28.80/ 4.28/16.44/ 2.65 | fold DD 21/ 8/ 8/ 7%
Gen 6061 | fit   8.564 | fold Calmar 28.80/ 4.28/16.44/ 2.65 | fold DD 21/ 8/ 8/ 7%
Gen 6066 | fit   8.564 | fold Calmar 28.80/ 4.28/16.44/ 2.65 | fold DD 21/ 8/ 8/ 7%
Gen 6071 | fit   8.564 | fold Calmar 28.80/ 4.28/16.44/ 2.65 | fold DD 21/ 8/ 8/ 7%
Gen 6076 | fit   8.564 | fold Calmar 28.80/ 4.28/16.44/ 2.65 | fold DD 21/ 8/ 8/ 7%
Gen 6081 | fit   8.564 | fold Calmar 28.80/ 4.28/16.44/ 2.65 | fold DD 21/ 8/ 8/ 7%
Gen 6086 | fit   8.564 | fold Calmar 28.80/ 4.28/16.44/ 2.65 | fold DD 21/ 8/ 8/ 7%
Gen 6091 | fit   8.564 | fold Calmar 28.80/ 4.28/16.44/ 2.65 | fold DD 21/ 8/ 8/ 7%
Gen 6096 | fit   8.564 | fold Calmar 28.80/ 4.28/16.44/ 2.65 | fold DD 21/ 8/ 8/ 7%
Gen 6101 | fit   8.564 | fold Calmar 28.80/ 4.28/16.44/ 2.65 | fold DD 21/ 8/ 8/ 7%
Gen 6106 | fit   8.564 | fold Calmar 28.80/ 4.28/16.44/ 2.65 | fold DD 21/ 8/ 8/ 7%
Gen 6111 | fit   8.564 | fold Calmar 28.80/ 4.28/16.44/ 2.65 | fold DD 21/ 8/ 8/ 7%
Gen 6116 | fit   8.564 | fold Calmar 28.80/ 4.28/16.44/ 2.65 | fold DD 21/ 8/ 8/ 7%
Gen 6121 | fit   8.564 | fold Calmar 28.80/ 4.28/16.44/ 2.65 | fold DD 21/ 8/ 8/ 7%
Gen 6126 | fit   8.564 | fold Calmar 28.80/ 4.28/16.44/ 2.65 | fold DD 21/ 8/ 8/ 7%
Gen 6131 | fit   8.564 | fold Calmar 28.80/ 4.28/16.44/ 2.65 | fold DD 21/ 8/ 8/ 7%
Gen 6136 | fit   8.564 | fold Calmar 28.80/ 4.28/16.44/ 2.65 | fold DD 21/ 8/ 8/ 7%
Gen 6141 | fit   8.564 | fold Calmar 28.80/ 4.28/16.44/ 2.65 | fold DD 21/ 8/ 8/ 7%
Gen 6146 | fit   8.564 | fold Calmar 28.80/ 4.28/16.44/ 2.65 | fold DD 21/ 8/ 8/ 7%
Gen 6151 | fit   8.564 | fold Calmar 28.80/ 4.28/16.44/ 2.65 | fold DD 21/ 8/ 8/ 7%
Gen 6156 | fit   8.564 | fold Calmar 28.80/ 4.28/16.44/ 2.65 | fold DD 21/ 8/ 8/ 7%
Gen 6161 | fit   8.564 | fold Calmar 28.80/ 4.28/16.44/ 2.65 | fold DD 21/ 8/ 8/ 7%
Gen 6166 | fit   8.564 | fold Calmar 28.80/ 4.28/16.44/ 2.65 | fold DD 21/ 8/ 8/ 7%
Gen 6171 | fit   8.564 | fold Calmar 28.80/ 4.28/16.44/ 2.65 | fold DD 21/ 8/ 8/ 7%
Gen 6176 | fit   8.564 | fold Calmar 28.80/ 4.28/16.44/ 2.65 | fold DD 21/ 8/ 8/ 7%
Gen 6181 | fit   8.564 | fold Calmar 28.80/ 4.28/16.44/ 2.65 | fold DD 21/ 8/ 8/ 7%
Gen 6186 | fit   8.564 | fold Calmar 28.80/ 4.28/16.44/ 2.65 | fold DD 21/ 8/ 8/ 7%
Gen 6191 | fit   8.564 | fold Calmar 28.80/ 4.28/16.44/ 2.65 | fold DD 21/ 8/ 8/ 7%
Gen 6196 | fit   8.564 | fold Calmar 28.80/ 4.28/16.44/ 2.65 | fold DD 21/ 8/ 8/ 7%
Gen 6201 | fit   8.564 | fold Calmar 28.80/ 4.28/16.44/ 2.65 | fold DD 21/ 8/ 8/ 7%
Gen 6206 | fit   8.564 | fold Calmar 28.80/ 4.28/16.44/ 2.65 | fold DD 21/ 8/ 8/ 7%
Gen 6211 | fit   8.564 | fold Calmar 28.80/ 4.28/16.44/ 2.65 | fold DD 21/ 8/ 8/ 7%
Gen 6216 | fit   8.564 | fold Calmar 28.80/ 4.28/16.44/ 2.65 | fold DD 21/ 8/ 8/ 7%
Gen 6221 | fit   8.564 | fold Calmar 28.80/ 4.28/16.44/ 2.65 | fold DD 21/ 8/ 8/ 7%
Gen 6226 | fit   8.564 | fold Calmar 28.80/ 4.28/16.44/ 2.65 | fold DD 21/ 8/ 8/ 7%
Gen 6231 | fit   8.564 | fold Calmar 28.80/ 4.28/16.44/ 2.65 | fold DD 21/ 8/ 8/ 7%
Gen 6236 | fit   8.564 | fold Calmar 28.80/ 4.28/16.44/ 2.65 | fold DD 21/ 8/ 8/ 7%
Gen 6241 | fit   8.564 | fold Calmar 28.80/ 4.28/16.44/ 2.65 | fold DD 21/ 8/ 8/ 7%
Gen 6246 | fit   8.564 | fold Calmar 28.80/ 4.28/16.44/ 2.65 | fold DD 21/ 8/ 8/ 7%
Gen 6251 | fit   8.564 | fold Calmar 28.80/ 4.28/16.44/ 2.65 | fold DD 21/ 8/ 8/ 7%
Gen 6256 | fit   8.564 | fold Calmar 28.80/ 4.28/16.44/ 2.65 | fold DD 21/ 8/ 8/ 7%
Gen 6261 | fit   8.564 | fold Calmar 28.80/ 4.28/16.44/ 2.65 | fold DD 21/ 8/ 8/ 7%
Gen 6266 | fit   8.564 | fold Calmar 28.80/ 4.28/16.44/ 2.65 | fold DD 21/ 8/ 8/ 7%
Gen 6271 | fit   8.564 | fold Calmar 28.80/ 4.28/16.44/ 2.65 | fold DD 21/ 8/ 8/ 7%
Gen 6276 | fit   8.564 | fold Calmar 28.80/ 4.28/16.44/ 2.65 | fold DD 21/ 8/ 8/ 7%
Gen 6281 | fit   8.564 | fold Calmar 28.80/ 4.28/16.44/ 2.65 | fold DD 21/ 8/ 8/ 7%
Gen 6286 | fit   8.564 | fold Calmar 28.80/ 4.28/16.44/ 2.65 | fold DD 21/ 8/ 8/ 7%
Gen 6291 | fit   8.564 | fold Calmar 28.80/ 4.28/16.44/ 2.65 | fold DD 21/ 8/ 8/ 7%
Gen 6296 | fit   8.564 | fold Calmar 28.80/ 4.28/16.44/ 2.65 | fold DD 21/ 8/ 8/ 7%
Gen 6301 | fit   8.564 | fold Calmar 28.80/ 4.28/16.44/ 2.65 | fold DD 21/ 8/ 8/ 7%
Gen 6306 | fit   8.564 | fold Calmar 28.80/ 4.28/16.44/ 2.65 | fold DD 21/ 8/ 8/ 7%
Gen 6311 | fit   8.564 | fold Calmar 28.80/ 4.28/16.44/ 2.65 | fold DD 21/ 8/ 8/ 7%
Gen 6316 | fit   8.564 | fold Calmar 28.80/ 4.28/16.44/ 2.65 | fold DD 21/ 8/ 8/ 7%
Gen 6321 | fit   8.564 | fold Calmar 28.80/ 4.28/16.44/ 2.65 | fold DD 21/ 8/ 8/ 7%
Gen 6326 | fit   8.564 | fold Calmar 28.80/ 4.28/16.44/ 2.65 | fold DD 21/ 8/ 8/ 7%
Gen 6331 | fit   8.564 | fold Calmar 28.80/ 4.28/16.44/ 2.65 | fold DD 21/ 8/ 8/ 7%
Gen 6336 | fit   8.564 | fold Calmar 28.80/ 4.28/16.44/ 2.65 | fold DD 21/ 8/ 8/ 7%
Gen 6341 | fit   8.564 | fold Calmar 28.80/ 4.28/16.44/ 2.65 | fold DD 21/ 8/ 8/ 7%
Gen 6346 | fit   8.564 | fold Calmar 28.80/ 4.28/16.44/ 2.65 | fold DD 21/ 8/ 8/ 7%
Gen 6351 | fit   8.564 | fold Calmar 28.80/ 4.28/16.44/ 2.65 | fold DD 21/ 8/ 8/ 7%
Gen 6356 | fit   8.564 | fold Calmar 28.80/ 4.28/16.44/ 2.65 | fold DD 21/ 8/ 8/ 7%
Gen 6361 | fit   8.564 | fold Calmar 28.80/ 4.28/16.44/ 2.65 | fold DD 21/ 8/ 8/ 7%
Gen 6366 | fit   8.564 | fold Calmar 28.80/ 4.28/16.44/ 2.65 | fold DD 21/ 8/ 8/ 7%
Gen 6371 | fit   8.564 | fold Calmar 28.80/ 4.28/16.44/ 2.65 | fold DD 21/ 8/ 8/ 7%
Gen 6376 | fit   8.564 | fold Calmar 28.80/ 4.28/16.44/ 2.65 | fold DD 21/ 8/ 8/ 7%
Gen 6381 | fit   8.564 | fold Calmar 28.80/ 4.28/16.44/ 2.65 | fold DD 21/ 8/ 8/ 7%
Gen 6386 | fit   8.564 | fold Calmar 28.80/ 4.28/16.44/ 2.65 | fold DD 21/ 8/ 8/ 7%
Gen 6391 | fit   8.564 | fold Calmar 28.80/ 4.28/16.44/ 2.65 | fold DD 21/ 8/ 8/ 7%
Gen 6396 | fit   8.564 | fold Calmar 28.80/ 4.28/16.44/ 2.65 | fold DD 21/ 8/ 8/ 7%
Gen 6401 | fit   8.564 | fold Calmar 28.80/ 4.28/16.44/ 2.65 | fold DD 21/ 8/ 8/ 7%
Gen 6406 | fit   8.564 | fold Calmar 28.80/ 4.28/16.44/ 2.65 | fold DD 21/ 8/ 8/ 7%
Gen 6411 | fit   8.564 | fold Calmar 28.80/ 4.28/16.44/ 2.65 | fold DD 21/ 8/ 8/ 7%
Gen 6416 | fit   8.564 | fold Calmar 28.80/ 4.28/16.44/ 2.65 | fold DD 21/ 8/ 8/ 7%
Gen 6421 | fit   8.564 | fold Calmar 28.80/ 4.28/16.44/ 2.65 | fold DD 21/ 8/ 8/ 7%
Gen 6426 | fit   8.564 | fold Calmar 28.80/ 4.28/16.44/ 2.65 | fold DD 21/ 8/ 8/ 7%
Gen 6431 | fit   8.564 | fold Calmar 28.80/ 4.28/16.44/ 2.65 | fold DD 21/ 8/ 8/ 7%
Gen 6436 | fit   8.564 | fold Calmar 28.80/ 4.28/16.44/ 2.65 | fold DD 21/ 8/ 8/ 7%
Gen 6441 | fit   8.564 | fold Calmar 28.80/ 4.28/16.44/ 2.65 | fold DD 21/ 8/ 8/ 7%
Gen 6446 | fit   8.564 | fold Calmar 28.80/ 4.28/16.44/ 2.65 | fold DD 21/ 8/ 8/ 7%
Gen 6451 | fit   8.564 | fold Calmar 28.80/ 4.28/16.44/ 2.65 | fold DD 21/ 8/ 8/ 7%
Gen 6456 | fit   8.564 | fold Calmar 28.80/ 4.28/16.44/ 2.65 | fold DD 21/ 8/ 8/ 7%
Gen 6461 | fit   8.564 | fold Calmar 28.80/ 4.28/16.44/ 2.65 | fold DD 21/ 8/ 8/ 7%
Gen 6466 | fit   8.564 | fold Calmar 28.80/ 4.28/16.44/ 2.65 | fold DD 21/ 8/ 8/ 7%
Gen 6471 | fit   8.564 | fold Calmar 28.80/ 4.28/16.44/ 2.65 | fold DD 21/ 8/ 8/ 7%
Gen 6476 | fit   8.564 | fold Calmar 28.80/ 4.28/16.44/ 2.65 | fold DD 21/ 8/ 8/ 7%
Gen 6481 | fit   8.564 | fold Calmar 28.80/ 4.28/16.44/ 2.65 | fold DD 21/ 8/ 8/ 7%
Gen 6486 | fit   8.564 | fold Calmar 28.80/ 4.28/16.44/ 2.65 | fold DD 21/ 8/ 8/ 7%
Gen 6491 | fit   8.564 | fold Calmar 28.80/ 4.28/16.44/ 2.65 | fold DD 21/ 8/ 8/ 7%
Gen 6496 | fit   8.564 | fold Calmar 28.80/ 4.28/16.44/ 2.65 | fold DD 21/ 8/ 8/ 7%
Gen 6501 | fit   8.564 | fold Calmar 28.80/ 4.28/16.44/ 2.65 | fold DD 21/ 8/ 8/ 7%
Gen 6506 | fit   8.564 | fold Calmar 28.80/ 4.28/16.44/ 2.65 | fold DD 21/ 8/ 8/ 7%
Gen 6511 | fit   8.564 | fold Calmar 28.80/ 4.28/16.44/ 2.65 | fold DD 21/ 8/ 8/ 7%
Gen 6516 | fit   8.564 | fold Calmar 28.80/ 4.28/16.44/ 2.65 | fold DD 21/ 8/ 8/ 7%
Gen 6521 | fit   8.564 | fold Calmar 28.80/ 4.28/16.44/ 2.65 | fold DD 21/ 8/ 8/ 7%
Gen 6526 | fit   8.564 | fold Calmar 28.80/ 4.28/16.44/ 2.65 | fold DD 21/ 8/ 8/ 7%
Gen 6531 | fit   8.564 | fold Calmar 28.80/ 4.28/16.44/ 2.65 | fold DD 21/ 8/ 8/ 7%
Gen 6536 | fit   8.564 | fold Calmar 28.80/ 4.28/16.44/ 2.65 | fold DD 21/ 8/ 8/ 7%
Gen 6541 | fit   8.564 | fold Calmar 28.80/ 4.28/16.44/ 2.65 | fold DD 21/ 8/ 8/ 7%
Gen 6546 | fit   8.564 | fold Calmar 28.80/ 4.28/16.44/ 2.65 | fold DD 21/ 8/ 8/ 7%
Gen 6551 | fit   8.564 | fold Calmar 28.80/ 4.28/16.44/ 2.65 | fold DD 21/ 8/ 8/ 7%
Gen 6556 | fit   8.564 | fold Calmar 28.80/ 4.28/16.44/ 2.65 | fold DD 21/ 8/ 8/ 7%
Gen 6561 | fit   8.564 | fold Calmar 28.80/ 4.28/16.44/ 2.65 | fold DD 21/ 8/ 8/ 7%
Gen 6566 | fit   8.564 | fold Calmar 28.80/ 4.28/16.44/ 2.65 | fold DD 21/ 8/ 8/ 7%
Gen 6571 | fit   8.564 | fold Calmar 28.80/ 4.28/16.44/ 2.65 | fold DD 21/ 8/ 8/ 7%
Gen 6576 | fit   8.564 | fold Calmar 28.80/ 4.28/16.44/ 2.65 | fold DD 21/ 8/ 8/ 7%
Gen 6581 | fit   8.564 | fold Calmar 28.80/ 4.28/16.44/ 2.65 | fold DD 21/ 8/ 8/ 7%
Gen 6586 | fit   8.564 | fold Calmar 28.80/ 4.28/16.44/ 2.65 | fold DD 21/ 8/ 8/ 7%
Gen 6591 | fit   8.564 | fold Calmar 28.80/ 4.28/16.44/ 2.65 | fold DD 21/ 8/ 8/ 7%
Gen 6596 | fit   8.564 | fold Calmar 28.80/ 4.28/16.44/ 2.65 | fold DD 21/ 8/ 8/ 7%
Gen 6601 | fit   8.564 | fold Calmar 28.80/ 4.28/16.44/ 2.65 | fold DD 21/ 8/ 8/ 7%
Gen 6606 | fit   8.564 | fold Calmar 28.80/ 4.28/16.44/ 2.65 | fold DD 21/ 8/ 8/ 7%
Gen 6611 | fit   8.564 | fold Calmar 28.80/ 4.28/16.44/ 2.65 | fold DD 21/ 8/ 8/ 7%
Gen 6616 | fit   8.564 | fold Calmar 28.80/ 4.28/16.44/ 2.65 | fold DD 21/ 8/ 8/ 7%
Gen 6621 | fit   8.564 | fold Calmar 28.80/ 4.28/16.44/ 2.65 | fold DD 21/ 8/ 8/ 7%
Gen 6626 | fit   8.564 | fold Calmar 28.80/ 4.28/16.44/ 2.65 | fold DD 21/ 8/ 8/ 7%
Gen 6631 | fit   8.564 | fold Calmar 28.80/ 4.28/16.44/ 2.65 | fold DD 21/ 8/ 8/ 7%
Gen 6636 | fit   8.564 | fold Calmar 28.80/ 4.28/16.44/ 2.65 | fold DD 21/ 8/ 8/ 7%
Gen 6641 | fit   8.564 | fold Calmar 28.80/ 4.28/16.44/ 2.65 | fold DD 21/ 8/ 8/ 7%
Gen 6646 | fit   8.564 | fold Calmar 28.80/ 4.28/16.44/ 2.65 | fold DD 21/ 8/ 8/ 7%
Gen 6651 | fit   8.564 | fold Calmar 28.80/ 4.28/16.44/ 2.65 | fold DD 21/ 8/ 8/ 7%
Gen 6656 | fit   8.564 | fold Calmar 28.80/ 4.28/16.44/ 2.65 | fold DD 21/ 8/ 8/ 7%
Gen 6661 | fit   8.564 | fold Calmar 28.80/ 4.28/16.44/ 2.65 | fold DD 21/ 8/ 8/ 7%
Gen 6666 | fit   8.564 | fold Calmar 28.80/ 4.28/16.44/ 2.65 | fold DD 21/ 8/ 8/ 7%
Gen 6671 | fit   8.564 | fold Calmar 28.80/ 4.28/16.44/ 2.65 | fold DD 21/ 8/ 8/ 7%
Gen 6676 | fit   8.564 | fold Calmar 28.80/ 4.28/16.44/ 2.65 | fold DD 21/ 8/ 8/ 7%
Gen 6681 | fit   8.564 | fold Calmar 28.80/ 4.28/16.44/ 2.65 | fold DD 21/ 8/ 8/ 7%
Gen 6686 | fit   8.564 | fold Calmar 28.80/ 4.28/16.44/ 2.65 | fold DD 21/ 8/ 8/ 7%
Gen 6691 | fit   8.564 | fold Calmar 28.80/ 4.28/16.44/ 2.65 | fold DD 21/ 8/ 8/ 7%
Gen 6696 | fit   8.564 | fold Calmar 28.80/ 4.28/16.44/ 2.65 | fold DD 21/ 8/ 8/ 7%
Gen 6701 | fit   8.564 | fold Calmar 28.80/ 4.28/16.44/ 2.65 | fold DD 21/ 8/ 8/ 7%
Gen 6706 | fit   8.564 | fold Calmar 28.80/ 4.28/16.44/ 2.65 | fold DD 21/ 8/ 8/ 7%
Gen 6711 | fit   8.564 | fold Calmar 28.80/ 4.28/16.44/ 2.65 | fold DD 21/ 8/ 8/ 7%
Gen 6716 | fit   8.564 | fold Calmar 28.80/ 4.28/16.44/ 2.65 | fold DD 21/ 8/ 8/ 7%
Gen 6721 | fit   8.564 | fold Calmar 28.80/ 4.28/16.44/ 2.65 | fold DD 21/ 8/ 8/ 7%
Gen 6726 | fit   8.564 | fold Calmar 28.80/ 4.28/16.44/ 2.65 | fold DD 21/ 8/ 8/ 7%
Gen 6731 | fit   8.564 | fold Calmar 28.80/ 4.28/16.44/ 2.65 | fold DD 21/ 8/ 8/ 7%
Gen 6736 | fit   8.564 | fold Calmar 28.80/ 4.28/16.44/ 2.65 | fold DD 21/ 8/ 8/ 7%
Gen 6741 | fit   8.564 | fold Calmar 28.80/ 4.28/16.44/ 2.65 | fold DD 21/ 8/ 8/ 7%
Gen 6746 | fit   8.564 | fold Calmar 28.80/ 4.28/16.44/ 2.65 | fold DD 21/ 8/ 8/ 7%
Gen 6751 | fit   8.564 | fold Calmar 28.80/ 4.28/16.44/ 2.65 | fold DD 21/ 8/ 8/ 7%
Gen 6756 | fit   8.564 | fold Calmar 28.80/ 4.28/16.44/ 2.65 | fold DD 21/ 8/ 8/ 7%
Gen 6761 | fit   8.564 | fold Calmar 28.80/ 4.28/16.44/ 2.65 | fold DD 21/ 8/ 8/ 7%
Gen 6766 | fit   8.564 | fold Calmar 28.80/ 4.28/16.44/ 2.65 | fold DD 21/ 8/ 8/ 7%
Gen 6771 | fit   8.564 | fold Calmar 28.80/ 4.28/16.44/ 2.65 | fold DD 21/ 8/ 8/ 7%
Gen 6776 | fit   8.564 | fold Calmar 28.80/ 4.28/16.44/ 2.65 | fold DD 21/ 8/ 8/ 7%
Gen 6781 | fit   8.564 | fold Calmar 28.80/ 4.28/16.44/ 2.65 | fold DD 21/ 8/ 8/ 7%
Gen 6786 | fit   8.564 | fold Calmar 28.80/ 4.28/16.44/ 2.65 | fold DD 21/ 8/ 8/ 7%
Gen 6791 | fit   8.564 | fold Calmar 28.80/ 4.28/16.44/ 2.65 | fold DD 21/ 8/ 8/ 7%
Gen 6796 | fit   8.565 | fold Calmar 28.80/ 4.28/16.44/ 2.65 | fold DD 21/ 8/ 8/ 7%
Gen 6801 | fit   8.565 | fold Calmar 28.80/ 4.28/16.44/ 2.65 | fold DD 21/ 8/ 8/ 7%
Gen 6806 | fit   8.565 | fold Calmar 28.80/ 4.28/16.44/ 2.65 | fold DD 21/ 8/ 8/ 7%
Gen 6811 | fit   8.565 | fold Calmar 28.80/ 4.28/16.44/ 2.65 | fold DD 21/ 8/ 8/ 7%
Gen 6816 | fit   8.565 | fold Calmar 28.80/ 4.28/16.44/ 2.65 | fold DD 21/ 8/ 8/ 7%
Gen 6821 | fit   8.565 | fold Calmar 28.80/ 4.28/16.44/ 2.65 | fold DD 21/ 8/ 8/ 7%
Gen 6826 | fit   8.565 | fold Calmar 28.80/ 4.28/16.44/ 2.65 | fold DD 21/ 8/ 8/ 7%
Gen 6831 | fit   8.565 | fold Calmar 28.80/ 4.28/16.44/ 2.65 | fold DD 21/ 8/ 8/ 7%
Gen 6836 | fit   8.565 | fold Calmar 28.80/ 4.28/16.44/ 2.65 | fold DD 21/ 8/ 8/ 7%
Gen 6841 | fit   8.565 | fold Calmar 28.80/ 4.28/16.44/ 2.65 | fold DD 21/ 8/ 8/ 7%
Gen 6846 | fit   8.565 | fold Calmar 28.80/ 4.28/16.44/ 2.65 | fold DD 21/ 8/ 8/ 7%
Gen 6851 | fit   8.565 | fold Calmar 28.80/ 4.28/16.44/ 2.65 | fold DD 21/ 8/ 8/ 7%
Gen 6856 | fit   8.565 | fold Calmar 28.80/ 4.28/16.44/ 2.65 | fold DD 21/ 8/ 8/ 7%
Gen 6861 | fit   8.565 | fold Calmar 28.80/ 4.28/16.44/ 2.65 | fold DD 21/ 8/ 8/ 7%
Gen 6866 | fit   8.565 | fold Calmar 28.80/ 4.28/16.44/ 2.65 | fold DD 21/ 8/ 8/ 7%
Gen 6871 | fit   8.565 | fold Calmar 28.80/ 4.28/16.44/ 2.65 | fold DD 21/ 8/ 8/ 7%
Gen 6876 | fit   8.565 | fold Calmar 28.80/ 4.28/16.44/ 2.65 | fold DD 21/ 8/ 8/ 7%
Gen 6881 | fit   8.565 | fold Calmar 28.80/ 4.28/16.44/ 2.65 | fold DD 21/ 8/ 8/ 7%
Gen 6886 | fit   8.565 | fold Calmar 28.80/ 4.28/16.44/ 2.65 | fold DD 21/ 8/ 8/ 7%
Gen 6891 | fit   8.565 | fold Calmar 28.80/ 4.28/16.44/ 2.65 | fold DD 21/ 8/ 8/ 7%
Gen 6896 | fit   8.565 | fold Calmar 28.80/ 4.28/16.44/ 2.65 | fold DD 21/ 8/ 8/ 7%
Gen 6901 | fit   8.565 | fold Calmar 28.80/ 4.28/16.44/ 2.65 | fold DD 21/ 8/ 8/ 7%
Gen 6906 | fit   8.565 | fold Calmar 28.80/ 4.28/16.44/ 2.65 | fold DD 21/ 8/ 8/ 7%
Gen 6911 | fit   8.565 | fold Calmar 28.80/ 4.28/16.44/ 2.65 | fold DD 21/ 8/ 8/ 7%
Gen 6916 | fit   8.565 | fold Calmar 28.80/ 4.28/16.44/ 2.65 | fold DD 21/ 8/ 8/ 7%
Gen 6921 | fit   8.565 | fold Calmar 28.80/ 4.28/16.44/ 2.65 | fold DD 21/ 8/ 8/ 7%
Gen 6926 | fit   8.565 | fold Calmar 28.80/ 4.28/16.44/ 2.65 | fold DD 21/ 8/ 8/ 7%
Gen 6931 | fit   8.565 | fold Calmar 28.80/ 4.28/16.44/ 2.65 | fold DD 21/ 8/ 8/ 7%
Gen 6936 | fit   8.565 | fold Calmar 28.80/ 4.28/16.44/ 2.65 | fold DD 21/ 8/ 8/ 7%
Gen 6941 | fit   8.565 | fold Calmar 28.80/ 4.28/16.44/ 2.65 | fold DD 21/ 8/ 8/ 7%
Gen 6946 | fit   8.565 | fold Calmar 28.80/ 4.28/16.44/ 2.65 | fold DD 21/ 8/ 8/ 7%
Gen 6951 | fit   8.565 | fold Calmar 28.80/ 4.28/16.44/ 2.65 | fold DD 21/ 8/ 8/ 7%
Gen 6956 | fit   8.565 | fold Calmar 28.80/ 4.28/16.44/ 2.65 | fold DD 21/ 8/ 8/ 7%
Gen 6961 | fit   8.565 | fold Calmar 28.80/ 4.28/16.44/ 2.65 | fold DD 21/ 8/ 8/ 7%
Gen 6966 | fit   8.565 | fold Calmar 28.80/ 4.28/16.44/ 2.65 | fold DD 21/ 8/ 8/ 7%
Gen 6971 | fit   8.565 | fold Calmar 28.80/ 4.28/16.44/ 2.65 | fold DD 21/ 8/ 8/ 7%
Gen 6976 | fit   8.565 | fold Calmar 28.80/ 4.28/16.44/ 2.65 | fold DD 21/ 8/ 8/ 7%
Gen 6981 | fit   8.565 | fold Calmar 28.80/ 4.28/16.44/ 2.65 | fold DD 21/ 8/ 8/ 7%
Gen 6986 | fit   8.565 | fold Calmar 28.80/ 4.28/16.44/ 2.65 | fold DD 21/ 8/ 8/ 7%
Gen 6991 | fit   8.565 | fold Calmar 28.80/ 4.28/16.44/ 2.65 | fold DD 21/ 8/ 8/ 7%
Gen 6996 | fit   8.565 | fold Calmar 28.80/ 4.28/16.44/ 2.65 | fold DD 21/ 8/ 8/ 7%
Gen 7001 | fit   8.565 | fold Calmar 28.80/ 4.28/16.44/ 2.65 | fold DD 21/ 8/ 8/ 7%
Gen 7006 | fit   8.565 | fold Calmar 28.80/ 4.28/16.44/ 2.65 | fold DD 21/ 8/ 8/ 7%
Gen 7011 | fit   8.565 | fold Calmar 28.80/ 4.28/16.44/ 2.65 | fold DD 21/ 8/ 8/ 7%
Gen 7016 | fit   8.565 | fold Calmar 28.80/ 4.28/16.44/ 2.65 | fold DD 21/ 8/ 8/ 7%
Gen 7021 | fit   8.565 | fold Calmar 28.80/ 4.28/16.44/ 2.65 | fold DD 21/ 8/ 8/ 7%
Gen 7026 | fit   8.565 | fold Calmar 28.80/ 4.28/16.44/ 2.65 | fold DD 21/ 8/ 8/ 7%
Gen 7031 | fit   8.565 | fold Calmar 28.80/ 4.28/16.44/ 2.65 | fold DD 21/ 8/ 8/ 7%
Gen 7036 | fit   8.565 | fold Calmar 28.80/ 4.28/16.44/ 2.65 | fold DD 21/ 8/ 8/ 7%
Gen 7041 | fit   8.565 | fold Calmar 28.80/ 4.28/16.44/ 2.65 | fold DD 21/ 8/ 8/ 7%
Gen 7046 | fit   8.565 | fold Calmar 28.80/ 4.28/16.44/ 2.65 | fold DD 21/ 8/ 8/ 7%
Gen 7051 | fit   8.565 | fold Calmar 28.80/ 4.28/16.44/ 2.65 | fold DD 21/ 8/ 8/ 7%
Gen 7056 | fit   8.565 | fold Calmar 28.80/ 4.28/16.44/ 2.65 | fold DD 21/ 8/ 8/ 7%
Gen 7061 | fit   8.565 | fold Calmar 28.80/ 4.28/16.44/ 2.65 | fold DD 21/ 8/ 8/ 7%
Gen 7066 | fit   8.565 | fold Calmar 28.80/ 4.28/16.44/ 2.65 | fold DD 21/ 8/ 8/ 7%
Gen 7071 | fit   8.565 | fold Calmar 28.80/ 4.28/16.44/ 2.65 | fold DD 21/ 8/ 8/ 7%
Gen 7076 | fit   8.565 | fold Calmar 28.80/ 4.28/16.44/ 2.65 | fold DD 21/ 8/ 8/ 7%
Gen 7081 | fit   8.565 | fold Calmar 28.80/ 4.28/16.44/ 2.65 | fold DD 21/ 8/ 8/ 7%
Gen 7086 | fit   8.565 | fold Calmar 28.80/ 4.28/16.44/ 2.65 | fold DD 21/ 8/ 8/ 7%
Gen 7091 | fit   8.565 | fold Calmar 28.80/ 4.28/16.44/ 2.65 | fold DD 21/ 8/ 8/ 7%
Gen 7096 | fit   8.565 | fold Calmar 28.80/ 4.28/16.44/ 2.65 | fold DD 21/ 8/ 8/ 7%
Gen 7101 | fit   8.565 | fold Calmar 28.80/ 4.28/16.44/ 2.65 | fold DD 21/ 8/ 8/ 7%
Gen 7106 | fit   8.565 | fold Calmar 28.80/ 4.28/16.44/ 2.65 | fold DD 21/ 8/ 8/ 7%
Gen 7111 | fit   8.565 | fold Calmar 28.80/ 4.28/16.44/ 2.65 | fold DD 21/ 8/ 8/ 7%
Gen 7116 | fit   8.565 | fold Calmar 28.80/ 4.28/16.44/ 2.65 | fold DD 21/ 8/ 8/ 7%
Gen 7121 | fit   8.565 | fold Calmar 28.80/ 4.28/16.44/ 2.65 | fold DD 21/ 8/ 8/ 7%
Gen 7126 | fit   8.565 | fold Calmar 28.80/ 4.28/16.44/ 2.65 | fold DD 21/ 8/ 8/ 7%
Gen 7131 | fit   8.565 | fold Calmar 28.80/ 4.28/16.44/ 2.65 | fold DD 21/ 8/ 8/ 7%
Gen 7136 | fit   8.565 | fold Calmar 28.80/ 4.28/16.44/ 2.65 | fold DD 21/ 8/ 8/ 7%
Gen 7141 | fit   8.565 | fold Calmar 28.80/ 4.28/16.44/ 2.65 | fold DD 21/ 8/ 8/ 7%
Gen 7146 | fit   8.565 | fold Calmar 28.80/ 4.28/16.44/ 2.65 | fold DD 21/ 8/ 8/ 7%
Gen 7151 | fit   8.565 | fold Calmar 28.80/ 4.28/16.44/ 2.65 | fold DD 21/ 8/ 8/ 7%
Gen 7156 | fit   8.565 | fold Calmar 28.80/ 4.28/16.44/ 2.65 | fold DD 21/ 8/ 8/ 7%
Gen 7161 | fit   8.565 | fold Calmar 28.80/ 4.28/16.44/ 2.65 | fold DD 21/ 8/ 8/ 7%
Gen 7166 | fit   8.565 | fold Calmar 28.80/ 4.28/16.44/ 2.65 | fold DD 21/ 8/ 8/ 7%
Gen 7171 | fit   8.565 | fold Calmar 28.80/ 4.28/16.44/ 2.65 | fold DD 21/ 8/ 8/ 7%
Gen 7176 | fit   8.565 | fold Calmar 28.80/ 4.28/16.44/ 2.65 | fold DD 21/ 8/ 8/ 7%
Gen 7181 | fit   8.565 | fold Calmar 28.80/ 4.28/16.44/ 2.65 | fold DD 21/ 8/ 8/ 7%
Gen 7186 | fit   8.565 | fold Calmar 28.80/ 4.28/16.44/ 2.65 | fold DD 21/ 8/ 8/ 7%
Gen 7191 | fit   8.565 | fold Calmar 28.80/ 4.28/16.44/ 2.65 | fold DD 21/ 8/ 8/ 7%
Gen 7196 | fit   8.565 | fold Calmar 28.80/ 4.28/16.44/ 2.65 | fold DD 21/ 8/ 8/ 7%
Gen 7201 | fit   8.565 | fold Calmar 28.80/ 4.28/16.44/ 2.65 | fold DD 21/ 8/ 8/ 7%
Gen 7206 | fit   8.565 | fold Calmar 28.80/ 4.28/16.44/ 2.65 | fold DD 21/ 8/ 8/ 7%
Gen 7211 | fit   8.565 | fold Calmar 28.80/ 4.28/16.44/ 2.65 | fold DD 21/ 8/ 8/ 7%
Gen 7216 | fit   8.565 | fold Calmar 28.80/ 4.28/16.44/ 2.65 | fold DD 21/ 8/ 8/ 7%
Gen 7221 | fit   8.565 | fold Calmar 28.80/ 4.28/16.44/ 2.65 | fold DD 21/ 8/ 8/ 7%
Gen 7226 | fit   8.565 | fold Calmar 28.80/ 4.28/16.44/ 2.65 | fold DD 21/ 8/ 8/ 7%
Gen 7231 | fit   8.565 | fold Calmar 28.80/ 4.28/16.44/ 2.65 | fold DD 21/ 8/ 8/ 7%
Gen 7236 | fit   8.565 | fold Calmar 28.80/ 4.28/16.44/ 2.65 | fold DD 21/ 8/ 8/ 7%
Gen 7241 | fit   8.565 | fold Calmar 28.80/ 4.28/16.44/ 2.65 | fold DD 21/ 8/ 8/ 7%
Gen 7246 | fit   8.565 | fold Calmar 28.80/ 4.28/16.44/ 2.65 | fold DD 21/ 8/ 8/ 7%
Gen 7251 | fit   8.565 | fold Calmar 28.80/ 4.28/16.44/ 2.65 | fold DD 21/ 8/ 8/ 7%
Gen 7256 | fit   8.565 | fold Calmar 28.80/ 4.28/16.44/ 2.65 | fold DD 21/ 8/ 8/ 7%
Gen 7261 | fit   8.565 | fold Calmar 28.80/ 4.28/16.44/ 2.65 | fold DD 21/ 8/ 8/ 7%
Gen 7266 | fit   8.565 | fold Calmar 28.80/ 4.28/16.44/ 2.65 | fold DD 21/ 8/ 8/ 7%
Gen 7271 | fit   8.565 | fold Calmar 28.80/ 4.28/16.44/ 2.65 | fold DD 21/ 8/ 8/ 7%
Gen 7276 | fit   8.565 | fold Calmar 28.80/ 4.28/16.44/ 2.65 | fold DD 21/ 8/ 8/ 7%
Gen 7281 | fit   8.565 | fold Calmar 28.80/ 4.28/16.44/ 2.65 | fold DD 21/ 8/ 8/ 7%
Gen 7286 | fit   8.565 | fold Calmar 28.80/ 4.28/16.44/ 2.65 | fold DD 21/ 8/ 8/ 7%
Gen 7291 | fit   8.565 | fold Calmar 28.80/ 4.28/16.44/ 2.65 | fold DD 21/ 8/ 8/ 7%
Gen 7296 | fit   8.565 | fold Calmar 28.80/ 4.28/16.44/ 2.65 | fold DD 21/ 8/ 8/ 7%
Gen 7301 | fit   8.565 | fold Calmar 28.80/ 4.28/16.44/ 2.65 | fold DD 21/ 8/ 8/ 7%
Gen 7306 | fit   8.565 | fold Calmar 28.80/ 4.28/16.44/ 2.65 | fold DD 21/ 8/ 8/ 7%
Gen 7311 | fit   8.565 | fold Calmar 28.80/ 4.28/16.44/ 2.65 | fold DD 21/ 8/ 8/ 7%
Gen 7316 | fit   8.565 | fold Calmar 28.80/ 4.28/16.44/ 2.65 | fold DD 21/ 8/ 8/ 7%
Gen 7321 | fit   8.565 | fold Calmar 28.80/ 4.28/16.44/ 2.65 | fold DD 21/ 8/ 8/ 7%
Gen 7326 | fit   8.565 | fold Calmar 28.80/ 4.28/16.44/ 2.65 | fold DD 21/ 8/ 8/ 7%
Gen 7331 | fit   8.565 | fold Calmar 28.80/ 4.28/16.44/ 2.65 | fold DD 21/ 8/ 8/ 7%
Gen 7336 | fit   8.565 | fold Calmar 28.80/ 4.28/16.44/ 2.65 | fold DD 21/ 8/ 8/ 7%
Gen 7341 | fit   8.565 | fold Calmar 28.80/ 4.28/16.44/ 2.65 | fold DD 21/ 8/ 8/ 7%
Gen 7346 | fit   8.565 | fold Calmar 28.80/ 4.28/16.44/ 2.65 | fold DD 21/ 8/ 8/ 7%
Gen 7351 | fit   8.565 | fold Calmar 28.80/ 4.28/16.44/ 2.65 | fold DD 21/ 8/ 8/ 7%
Gen 7356 | fit   8.565 | fold Calmar 28.80/ 4.28/16.44/ 2.65 | fold DD 21/ 8/ 8/ 7%
Gen 7361 | fit   8.565 | fold Calmar 28.80/ 4.28/16.44/ 2.65 | fold DD 21/ 8/ 8/ 7%
Gen 7366 | fit   8.565 | fold Calmar 28.80/ 4.28/16.44/ 2.65 | fold DD 21/ 8/ 8/ 7%
Gen 7371 | fit   8.565 | fold Calmar 28.80/ 4.28/16.44/ 2.65 | fold DD 21/ 8/ 8/ 7%
Gen 7376 | fit   8.565 | fold Calmar 28.80/ 4.28/16.44/ 2.65 | fold DD 21/ 8/ 8/ 7%
Gen 7381 | fit   8.565 | fold Calmar 28.80/ 4.28/16.44/ 2.65 | fold DD 21/ 8/ 8/ 7%
Gen 7386 | fit   8.565 | fold Calmar 28.80/ 4.28/16.44/ 2.65 | fold DD 21/ 8/ 8/ 7%
Gen 7391 | fit   8.565 | fold Calmar 28.80/ 4.28/16.44/ 2.65 | fold DD 21/ 8/ 8/ 7%
Gen 7396 | fit   8.565 | fold Calmar 28.80/ 4.28/16.44/ 2.65 | fold DD 21/ 8/ 8/ 7%
Gen 7401 | fit   8.565 | fold Calmar 28.80/ 4.28/16.44/ 2.65 | fold DD 21/ 8/ 8/ 7%
Gen 7406 | fit   8.565 | fold Calmar 28.80/ 4.28/16.44/ 2.65 | fold DD 21/ 8/ 8/ 7%
Gen 7411 | fit   8.565 | fold Calmar 28.80/ 4.28/16.44/ 2.65 | fold DD 21/ 8/ 8/ 7%
Gen 7416 | fit   8.565 | fold Calmar 28.80/ 4.28/16.44/ 2.65 | fold DD 21/ 8/ 8/ 7%
Gen 7421 | fit   8.565 | fold Calmar 28.80/ 4.28/16.44/ 2.65 | fold DD 21/ 8/ 8/ 7%
Gen 7426 | fit   8.565 | fold Calmar 28.80/ 4.28/16.44/ 2.65 | fold DD 21/ 8/ 8/ 7%
Gen 7431 | fit   8.565 | fold Calmar 28.80/ 4.28/16.44/ 2.65 | fold DD 21/ 8/ 8/ 7%
Gen 7436 | fit   8.565 | fold Calmar 28.80/ 4.28/16.44/ 2.65 | fold DD 21/ 8/ 8/ 7%
Gen 7441 | fit   8.565 | fold Calmar 28.80/ 4.28/16.44/ 2.65 | fold DD 21/ 8/ 8/ 7%
Gen 7446 | fit   8.565 | fold Calmar 28.80/ 4.28/16.44/ 2.65 | fold DD 21/ 8/ 8/ 7%
Gen 7451 | fit   8.565 | fold Calmar 28.80/ 4.28/16.44/ 2.65 | fold DD 21/ 8/ 8/ 7%
Gen 7456 | fit   8.565 | fold Calmar 28.80/ 4.28/16.44/ 2.65 | fold DD 21/ 8/ 8/ 7%
Gen 7461 | fit   8.565 | fold Calmar 28.80/ 4.28/16.44/ 2.65 | fold DD 21/ 8/ 8/ 7%
Gen 7466 | fit   8.565 | fold Calmar 28.80/ 4.28/16.44/ 2.65 | fold DD 21/ 8/ 8/ 7%
Gen 7471 | fit   8.565 | fold Calmar 28.80/ 4.28/16.44/ 2.65 | fold DD 21/ 8/ 8/ 7%
Gen 7476 | fit   8.565 | fold Calmar 28.80/ 4.28/16.44/ 2.65 | fold DD 21/ 8/ 8/ 7%
Gen 7481 | fit   8.565 | fold Calmar 28.80/ 4.28/16.44/ 2.65 | fold DD 21/ 8/ 8/ 7%
Gen 7486 | fit   8.565 | fold Calmar 28.80/ 4.28/16.44/ 2.65 | fold DD 21/ 8/ 8/ 7%
Gen 7491 | fit   8.565 | fold Calmar 28.80/ 4.28/16.44/ 2.65 | fold DD 21/ 8/ 8/ 7%
Gen 7496 | fit   8.565 | fold Calmar 28.80/ 4.28/16.44/ 2.65 | fold DD 21/ 8/ 8/ 7%
Gen 7501 | fit   8.565 | fold Calmar 28.80/ 4.28/16.44/ 2.65 | fold DD 21/ 8/ 8/ 7%
Gen 7506 | fit   8.565 | fold Calmar 28.80/ 4.28/16.44/ 2.65 | fold DD 21/ 8/ 8/ 7%
Gen 7511 | fit   8.565 | fold Calmar 28.80/ 4.28/16.44/ 2.65 | fold DD 21/ 8/ 8/ 7%
Gen 7516 | fit   8.565 | fold Calmar 28.80/ 4.28/16.44/ 2.65 | fold DD 21/ 8/ 8/ 7%
Gen 7521 | fit   8.565 | fold Calmar 28.80/ 4.28/16.44/ 2.65 | fold DD 21/ 8/ 8/ 7%
Gen 7526 | fit   8.565 | fold Calmar 28.80/ 4.28/16.44/ 2.65 | fold DD 21/ 8/ 8/ 7%
Gen 7531 | fit   8.565 | fold Calmar 28.80/ 4.28/16.44/ 2.65 | fold DD 21/ 8/ 8/ 7%
Gen 7536 | fit   8.565 | fold Calmar 28.80/ 4.28/16.44/ 2.65 | fold DD 21/ 8/ 8/ 7%
Gen 7541 | fit   8.565 | fold Calmar 28.80/ 4.28/16.44/ 2.65 | fold DD 21/ 8/ 8/ 7%
Gen 7546 | fit   8.565 | fold Calmar 28.80/ 4.28/16.44/ 2.65 | fold DD 21/ 8/ 8/ 7%
Gen 7551 | fit   8.565 | fold Calmar 28.80/ 4.28/16.44/ 2.65 | fold DD 21/ 8/ 8/ 7%
Gen 7556 | fit   8.565 | fold Calmar 28.80/ 4.28/16.44/ 2.65 | fold DD 21/ 8/ 8/ 7%
Gen 7561 | fit   8.565 | fold Calmar 28.80/ 4.28/16.44/ 2.65 | fold DD 21/ 8/ 8/ 7%
Gen 7566 | fit   8.565 | fold Calmar 28.80/ 4.28/16.44/ 2.65 | fold DD 21/ 8/ 8/ 7%
Gen 7571 | fit   8.565 | fold Calmar 28.80/ 4.28/16.44/ 2.65 | fold DD 21/ 8/ 8/ 7%
Gen 7576 | fit   8.565 | fold Calmar 28.80/ 4.28/16.44/ 2.65 | fold DD 21/ 8/ 8/ 7%
Gen 7581 | fit   8.565 | fold Calmar 28.80/ 4.28/16.44/ 2.65 | fold DD 21/ 8/ 8/ 7%
Gen 7586 | fit   8.565 | fold Calmar 28.80/ 4.28/16.44/ 2.65 | fold DD 21/ 8/ 8/ 7%
Gen 7591 | fit   8.565 | fold Calmar 28.80/ 4.28/16.44/ 2.65 | fold DD 21/ 8/ 8/ 7%
Gen 7596 | fit   8.565 | fold Calmar 28.80/ 4.28/16.44/ 2.65 | fold DD 21/ 8/ 8/ 7%
Gen 7601 | fit   8.565 | fold Calmar 28.80/ 4.28/16.44/ 2.65 | fold DD 21/ 8/ 8/ 7%
Gen 7606 | fit   8.565 | fold Calmar 28.80/ 4.28/16.44/ 2.65 | fold DD 21/ 8/ 8/ 7%
Gen 7611 | fit   8.565 | fold Calmar 28.80/ 4.28/16.44/ 2.65 | fold DD 21/ 8/ 8/ 7%
Gen 7616 | fit   8.565 | fold Calmar 28.80/ 4.28/16.44/ 2.65 | fold DD 21/ 8/ 8/ 7%
Gen 7621 | fit   8.565 | fold Calmar 28.80/ 4.28/16.44/ 2.65 | fold DD 21/ 8/ 8/ 7%
Gen 7626 | fit   8.565 | fold Calmar 28.80/ 4.28/16.44/ 2.65 | fold DD 21/ 8/ 8/ 7%
Gen 7631 | fit   8.565 | fold Calmar 28.80/ 4.28/16.44/ 2.65 | fold DD 21/ 8/ 8/ 7%
Gen 7636 | fit   8.565 | fold Calmar 28.80/ 4.28/16.44/ 2.65 | fold DD 21/ 8/ 8/ 7%
Gen 7641 | fit   8.565 | fold Calmar 28.80/ 4.28/16.44/ 2.65 | fold DD 21/ 8/ 8/ 7%
Gen 7646 | fit   8.565 | fold Calmar 28.80/ 4.28/16.44/ 2.65 | fold DD 21/ 8/ 8/ 7%
Gen 7651 | fit   8.565 | fold Calmar 28.80/ 4.28/16.44/ 2.65 | fold DD 21/ 8/ 8/ 7%
Gen 7656 | fit   8.565 | fold Calmar 28.80/ 4.28/16.44/ 2.65 | fold DD 21/ 8/ 8/ 7%
Gen 7661 | fit   8.565 | fold Calmar 28.80/ 4.28/16.44/ 2.65 | fold DD 21/ 8/ 8/ 7%
Gen 7666 | fit   8.565 | fold Calmar 28.80/ 4.28/16.44/ 2.65 | fold DD 21/ 8/ 8/ 7%
Gen 7671 | fit   8.565 | fold Calmar 28.80/ 4.28/16.44/ 2.65 | fold DD 21/ 8/ 8/ 7%
Gen 7676 | fit   8.565 | fold Calmar 28.80/ 4.28/16.44/ 2.65 | fold DD 21/ 8/ 8/ 7%
Gen 7681 | fit   8.565 | fold Calmar 28.80/ 4.28/16.44/ 2.65 | fold DD 21/ 8/ 8/ 7%
Gen 7686 | fit   8.565 | fold Calmar 28.80/ 4.28/16.44/ 2.65 | fold DD 21/ 8/ 8/ 7%
Gen 7691 | fit   8.565 | fold Calmar 28.80/ 4.28/16.44/ 2.65 | fold DD 21/ 8/ 8/ 7%
Gen 7696 | fit   8.565 | fold Calmar 28.80/ 4.28/16.44/ 2.65 | fold DD 21/ 8/ 8/ 7%
Gen 7701 | fit   8.565 | fold Calmar 28.80/ 4.28/16.44/ 2.65 | fold DD 21/ 8/ 8/ 7%
Gen 7706 | fit   8.565 | fold Calmar 28.80/ 4.28/16.44/ 2.65 | fold DD 21/ 8/ 8/ 7%
Gen 7711 | fit   8.565 | fold Calmar 28.80/ 4.28/16.44/ 2.65 | fold DD 21/ 8/ 8/ 7%
Gen 7716 | fit   8.565 | fold Calmar 28.80/ 4.28/16.44/ 2.65 | fold DD 21/ 8/ 8/ 7%
Gen 7721 | fit   8.565 | fold Calmar 28.80/ 4.28/16.44/ 2.65 | fold DD 21/ 8/ 8/ 7%
Gen 7726 | fit   8.565 | fold Calmar 28.80/ 4.28/16.44/ 2.65 | fold DD 21/ 8/ 8/ 7%
Gen 7731 | fit   8.565 | fold Calmar 28.80/ 4.28/16.44/ 2.65 | fold DD 21/ 8/ 8/ 7%
Gen 7736 | fit   8.565 | fold Calmar 28.80/ 4.28/16.44/ 2.65 | fold DD 21/ 8/ 8/ 7%
Gen 7741 | fit   8.565 | fold Calmar 28.80/ 4.28/16.44/ 2.65 | fold DD 21/ 8/ 8/ 7%
Gen 7746 | fit   8.565 | fold Calmar 28.80/ 4.28/16.44/ 2.65 | fold DD 21/ 8/ 8/ 7%
Gen 7751 | fit   8.565 | fold Calmar 28.80/ 4.28/16.44/ 2.65 | fold DD 21/ 8/ 8/ 7%
Gen 7756 | fit   8.565 | fold Calmar 28.80/ 4.28/16.44/ 2.65 | fold DD 21/ 8/ 8/ 7%
Gen 7761 | fit   8.565 | fold Calmar 28.80/ 4.28/16.44/ 2.65 | fold DD 21/ 8/ 8/ 7%
Gen 7766 | fit   8.565 | fold Calmar 28.80/ 4.28/16.44/ 2.65 | fold DD 21/ 8/ 8/ 7%
Gen 7771 | fit   8.565 | fold Calmar 28.80/ 4.28/16.44/ 2.65 | fold DD 21/ 8/ 8/ 7%
Gen 7776 | fit   8.565 | fold Calmar 28.80/ 4.28/16.44/ 2.65 | fold DD 21/ 8/ 8/ 7%
Gen 7781 | fit   8.565 | fold Calmar 28.80/ 4.28/16.44/ 2.65 | fold DD 21/ 8/ 8/ 7%
Gen 7786 | fit   8.565 | fold Calmar 28.80/ 4.28/16.44/ 2.65 | fold DD 21/ 8/ 8/ 7%
Gen 7791 | fit   8.565 | fold Calmar 28.80/ 4.28/16.44/ 2.65 | fold DD 21/ 8/ 8/ 7%
Gen 7796 | fit   8.565 | fold Calmar 28.80/ 4.28/16.44/ 2.65 | fold DD 21/ 8/ 8/ 7%
Gen 7801 | fit   8.565 | fold Calmar 28.80/ 4.28/16.44/ 2.65 | fold DD 21/ 8/ 8/ 7%
Gen 7806 | fit   8.565 | fold Calmar 28.80/ 4.28/16.44/ 2.65 | fold DD 21/ 8/ 8/ 7%
Gen 7811 | fit   8.565 | fold Calmar 28.80/ 4.28/16.44/ 2.65 | fold DD 21/ 8/ 8/ 7%
Gen 7816 | fit   8.565 | fold Calmar 28.80/ 4.28/16.44/ 2.65 | fold DD 21/ 8/ 8/ 7%
Gen 7821 | fit   8.565 | fold Calmar 28.80/ 4.28/16.44/ 2.65 | fold DD 21/ 8/ 8/ 7%
Gen 7826 | fit   8.565 | fold Calmar 28.80/ 4.28/16.44/ 2.65 | fold DD 21/ 8/ 8/ 7%
Gen 7831 | fit   8.565 | fold Calmar 28.80/ 4.28/16.44/ 2.65 | fold DD 21/ 8/ 8/ 7%
Gen 7836 | fit   8.565 | fold Calmar 28.80/ 4.28/16.44/ 2.65 | fold DD 21/ 8/ 8/ 7%
Gen 7841 | fit   8.565 | fold Calmar 28.80/ 4.28/16.44/ 2.65 | fold DD 21/ 8/ 8/ 7%
Gen 7846 | fit   8.565 | fold Calmar 28.80/ 4.28/16.44/ 2.65 | fold DD 21/ 8/ 8/ 7%
Gen 7851 | fit   8.565 | fold Calmar 28.80/ 4.28/16.44/ 2.65 | fold DD 21/ 8/ 8/ 7%
Gen 7856 | fit   8.565 | fold Calmar 28.80/ 4.28/16.44/ 2.65 | fold DD 21/ 8/ 8/ 7%
Gen 7861 | fit   8.565 | fold Calmar 28.80/ 4.28/16.44/ 2.65 | fold DD 21/ 8/ 8/ 7%
Gen 7866 | fit   8.565 | fold Calmar 28.80/ 4.28/16.44/ 2.65 | fold DD 21/ 8/ 8/ 7%
Gen 7871 | fit   8.565 | fold Calmar 28.80/ 4.28/16.44/ 2.65 | fold DD 21/ 8/ 8/ 7%
Gen 7876 | fit   8.565 | fold Calmar 28.80/ 4.28/16.44/ 2.65 | fold DD 21/ 8/ 8/ 7%
Gen 7881 | fit   8.565 | fold Calmar 28.80/ 4.28/16.44/ 2.65 | fold DD 21/ 8/ 8/ 7%
Gen 7886 | fit   8.565 | fold Calmar 28.80/ 4.28/16.44/ 2.65 | fold DD 21/ 8/ 8/ 7%
Gen 7891 | fit   8.565 | fold Calmar 28.80/ 4.28/16.44/ 2.65 | fold DD 21/ 8/ 8/ 7%
Gen 7896 | fit   8.565 | fold Calmar 28.80/ 4.28/16.44/ 2.65 | fold DD 21/ 8/ 8/ 7%
Gen 7901 | fit   8.565 | fold Calmar 28.80/ 4.28/16.44/ 2.65 | fold DD 21/ 8/ 8/ 7%
Gen 7906 | fit   8.565 | fold Calmar 28.80/ 4.28/16.44/ 2.65 | fold DD 21/ 8/ 8/ 7%
Gen 7911 | fit   8.565 | fold Calmar 28.80/ 4.28/16.44/ 2.65 | fold DD 21/ 8/ 8/ 7%
Gen 7916 | fit   8.565 | fold Calmar 28.80/ 4.28/16.44/ 2.65 | fold DD 21/ 8/ 8/ 7%
Gen 7921 | fit   8.565 | fold Calmar 28.80/ 4.28/16.44/ 2.65 | fold DD 21/ 8/ 8/ 7%
Gen 7926 | fit   8.565 | fold Calmar 28.80/ 4.28/16.44/ 2.65 | fold DD 21/ 8/ 8/ 7%
Gen 7931 | fit   8.565 | fold Calmar 28.80/ 4.28/16.44/ 2.65 | fold DD 21/ 8/ 8/ 7%
Gen 7936 | fit   8.565 | fold Calmar 28.80/ 4.28/16.44/ 2.65 | fold DD 21/ 8/ 8/ 7%
Gen 7941 | fit   8.565 | fold Calmar 28.80/ 4.28/16.44/ 2.65 | fold DD 21/ 8/ 8/ 7%
Gen 7946 | fit   8.565 | fold Calmar 28.80/ 4.28/16.44/ 2.65 | fold DD 21/ 8/ 8/ 7%
Gen 7951 | fit   8.565 | fold Calmar 28.80/ 4.28/16.44/ 2.65 | fold DD 21/ 8/ 8/ 7%
Gen 7956 | fit   8.565 | fold Calmar 28.80/ 4.28/16.44/ 2.65 | fold DD 21/ 8/ 8/ 7%
Gen 7961 | fit   8.565 | fold Calmar 28.80/ 4.28/16.44/ 2.65 | fold DD 21/ 8/ 8/ 7%
Gen 7966 | fit   8.565 | fold Calmar 28.80/ 4.28/16.44/ 2.65 | fold DD 21/ 8/ 8/ 7%
Gen 7971 | fit   8.565 | fold Calmar 28.80/ 4.28/16.44/ 2.65 | fold DD 21/ 8/ 8/ 7%
Gen 7976 | fit   8.565 | fold Calmar 28.80/ 4.28/16.44/ 2.65 | fold DD 21/ 8/ 8/ 7%
Gen 7981 | fit   8.565 | fold Calmar 28.80/ 4.28/16.44/ 2.65 | fold DD 21/ 8/ 8/ 7%
Gen 7986 | fit   8.565 | fold Calmar 28.80/ 4.28/16.44/ 2.65 | fold DD 21/ 8/ 8/ 7%
Gen 7991 | fit   8.565 | fold Calmar 28.80/ 4.28/16.44/ 2.65 | fold DD 21/ 8/ 8/ 7%
Gen 7996 | fit   8.565 | fold Calmar 28.80/ 4.28/16.44/ 2.65 | fold DD 21/ 8/ 8/ 7%
Gen 8001 | fit   8.565 | fold Calmar 28.80/ 4.28/16.44/ 2.65 | fold DD 21/ 8/ 8/ 7%
Gen 8006 | fit   8.565 | fold Calmar 28.80/ 4.28/16.44/ 2.65 | fold DD 21/ 8/ 8/ 7%
Gen 8011 | fit   8.565 | fold Calmar 28.80/ 4.28/16.44/ 2.65 | fold DD 21/ 8/ 8/ 7%
Gen 8016 | fit   8.565 | fold Calmar 28.80/ 4.28/16.44/ 2.65 | fold DD 21/ 8/ 8/ 7%
Gen 8021 | fit   8.565 | fold Calmar 28.80/ 4.28/16.44/ 2.65 | fold DD 21/ 8/ 8/ 7%
Gen 8026 | fit   8.565 | fold Calmar 28.80/ 4.28/16.44/ 2.65 | fold DD 21/ 8/ 8/ 7%
Gen 8031 | fit   8.565 | fold Calmar 28.80/ 4.28/16.44/ 2.65 | fold DD 21/ 8/ 8/ 7%
Gen 8036 | fit   8.565 | fold Calmar 28.80/ 4.28/16.44/ 2.65 | fold DD 21/ 8/ 8/ 7%
Gen 8041 | fit   8.565 | fold Calmar 28.80/ 4.28/16.44/ 2.65 | fold DD 21/ 8/ 8/ 7%
Gen 8046 | fit   8.565 | fold Calmar 28.80/ 4.28/16.44/ 2.65 | fold DD 21/ 8/ 8/ 7%
Gen 8051 | fit   8.565 | fold Calmar 28.80/ 4.28/16.44/ 2.65 | fold DD 21/ 8/ 8/ 7%
Gen 8056 | fit   8.565 | fold Calmar 28.80/ 4.28/16.44/ 2.65 | fold DD 21/ 8/ 8/ 7%
Gen 8061 | fit   8.565 | fold Calmar 28.80/ 4.28/16.44/ 2.65 | fold DD 21/ 8/ 8/ 7%
Gen 8066 | fit   8.565 | fold Calmar 28.80/ 4.28/16.44/ 2.65 | fold DD 21/ 8/ 8/ 7%
Gen 8071 | fit   8.565 | fold Calmar 28.80/ 4.28/16.44/ 2.65 | fold DD 21/ 8/ 8/ 7%
Gen 8076 | fit   8.565 | fold Calmar 28.80/ 4.28/16.44/ 2.65 | fold DD 21/ 8/ 8/ 7%
Gen 8081 | fit   8.565 | fold Calmar 28.80/ 4.28/16.44/ 2.65 | fold DD 21/ 8/ 8/ 7%
Gen 8086 | fit   8.565 | fold Calmar 28.80/ 4.28/16.44/ 2.65 | fold DD 21/ 8/ 8/ 7%
Gen 8091 | fit   8.565 | fold Calmar 28.80/ 4.28/16.44/ 2.65 | fold DD 21/ 8/ 8/ 7%
Gen 8096 | fit   8.565 | fold Calmar 28.80/ 4.28/16.44/ 2.65 | fold DD 21/ 8/ 8/ 7%
Gen 8101 | fit   8.565 | fold Calmar 28.80/ 4.28/16.44/ 2.65 | fold DD 21/ 8/ 8/ 7%
Gen 8106 | fit   8.565 | fold Calmar 28.80/ 4.28/16.44/ 2.65 | fold DD 21/ 8/ 8/ 7%
Gen 8111 | fit   8.565 | fold Calmar 28.80/ 4.28/16.44/ 2.65 | fold DD 21/ 8/ 8/ 7%
Gen 8116 | fit   8.565 | fold Calmar 28.80/ 4.28/16.44/ 2.65 | fold DD 21/ 8/ 8/ 7%
Gen 8121 | fit   8.565 | fold Calmar 28.80/ 4.28/16.44/ 2.65 | fold DD 21/ 8/ 8/ 7%
Gen 8126 | fit   8.565 | fold Calmar 28.80/ 4.28/16.44/ 2.65 | fold DD 21/ 8/ 8/ 7%
Gen 8131 | fit   8.565 | fold Calmar 28.80/ 4.28/16.44/ 2.65 | fold DD 21/ 8/ 8/ 7%
Gen 8136 | fit   8.565 | fold Calmar 28.80/ 4.28/16.44/ 2.65 | fold DD 21/ 8/ 8/ 7%
Gen 8141 | fit   8.565 | fold Calmar 28.80/ 4.28/16.44/ 2.65 | fold DD 21/ 8/ 8/ 7%
Gen 8146 | fit   8.565 | fold Calmar 28.80/ 4.28/16.44/ 2.65 | fold DD 21/ 8/ 8/ 7%
Gen 8151 | fit   8.565 | fold Calmar 28.80/ 4.28/16.44/ 2.65 | fold DD 21/ 8/ 8/ 7%
Gen 8156 | fit   8.565 | fold Calmar 28.80/ 4.28/16.44/ 2.65 | fold DD 21/ 8/ 8/ 7%
Gen 8161 | fit   8.565 | fold Calmar 28.80/ 4.28/16.44/ 2.65 | fold DD 21/ 8/ 8/ 7%
Gen 8166 | fit   8.565 | fold Calmar 28.80/ 4.28/16.44/ 2.65 | fold DD 21/ 8/ 8/ 7%
Gen 8171 | fit   8.565 | fold Calmar 28.80/ 4.28/16.44/ 2.65 | fold DD 21/ 8/ 8/ 7%
Gen 8176 | fit   8.565 | fold Calmar 28.80/ 4.28/16.44/ 2.65 | fold DD 21/ 8/ 8/ 7%
Gen 8181 | fit   8.565 | fold Calmar 28.80/ 4.28/16.44/ 2.65 | fold DD 21/ 8/ 8/ 7%
Gen 8186 | fit   8.565 | fold Calmar 28.80/ 4.28/16.44/ 2.65 | fold DD 21/ 8/ 8/ 7%
Gen 8191 | fit   8.565 | fold Calmar 28.80/ 4.28/16.44/ 2.65 | fold DD 21/ 8/ 8/ 7%
Gen 8196 | fit   8.565 | fold Calmar 28.80/ 4.28/16.44/ 2.65 | fold DD 21/ 8/ 8/ 7%
Gen 8201 | fit   8.565 | fold Calmar 28.80/ 4.28/16.44/ 2.65 | fold DD 21/ 8/ 8/ 7%
Gen 8206 | fit   8.565 | fold Calmar 28.80/ 4.28/16.44/ 2.65 | fold DD 21/ 8/ 8/ 7%
Gen 8211 | fit   8.565 | fold Calmar 28.80/ 4.28/16.44/ 2.65 | fold DD 21/ 8/ 8/ 7%
Gen 8216 | fit   8.565 | fold Calmar 28.80/ 4.28/16.44/ 2.65 | fold DD 21/ 8/ 8/ 7%
Gen 8221 | fit   8.565 | fold Calmar 28.80/ 4.28/16.44/ 2.65 | fold DD 21/ 8/ 8/ 7%
Gen 8226 | fit   8.565 | fold Calmar 28.80/ 4.28/16.44/ 2.65 | fold DD 21/ 8/ 8/ 7%
Gen 8231 | fit   8.565 | fold Calmar 28.80/ 4.28/16.44/ 2.65 | fold DD 21/ 8/ 8/ 7%
Gen 8236 | fit   8.565 | fold Calmar 28.80/ 4.28/16.44/ 2.65 | fold DD 21/ 8/ 8/ 7%
Gen 8241 | fit   8.565 | fold Calmar 28.80/ 4.28/16.44/ 2.65 | fold DD 21/ 8/ 8/ 7%
Gen 8246 | fit   8.565 | fold Calmar 28.80/ 4.28/16.44/ 2.65 | fold DD 21/ 8/ 8/ 7%
Gen 8251 | fit   8.565 | fold Calmar 28.80/ 4.28/16.44/ 2.65 | fold DD 21/ 8/ 8/ 7%
Gen 8256 | fit   8.565 | fold Calmar 28.80/ 4.28/16.44/ 2.65 | fold DD 21/ 8/ 8/ 7%
Gen 8261 | fit   8.565 | fold Calmar 28.80/ 4.28/16.44/ 2.65 | fold DD 21/ 8/ 8/ 7%
Gen 8266 | fit   8.565 | fold Calmar 28.80/ 4.28/16.44/ 2.65 | fold DD 21/ 8/ 8/ 7%
Gen 8271 | fit   8.565 | fold Calmar 28.80/ 4.28/16.44/ 2.65 | fold DD 21/ 8/ 8/ 7%
Gen 8276 | fit   8.565 | fold Calmar 28.80/ 4.28/16.44/ 2.65 | fold DD 21/ 8/ 8/ 7%
Gen 8281 | fit   8.565 | fold Calmar 28.80/ 4.28/16.44/ 2.65 | fold DD 21/ 8/ 8/ 7%
Gen 8286 | fit   8.565 | fold Calmar 28.80/ 4.28/16.44/ 2.65 | fold DD 21/ 8/ 8/ 7%
Gen 8291 | fit   8.565 | fold Calmar 28.80/ 4.28/16.44/ 2.65 | fold DD 21/ 8/ 8/ 7%
Gen 8296 | fit   8.565 | fold Calmar 28.80/ 4.28/16.44/ 2.65 | fold DD 21/ 8/ 8/ 7%
Gen 8301 | fit   8.565 | fold Calmar 28.80/ 4.28/16.44/ 2.65 | fold DD 21/ 8/ 8/ 7%
Gen 8306 | fit   8.565 | fold Calmar 28.80/ 4.28/16.44/ 2.65 | fold DD 21/ 8/ 8/ 7%
Gen 8311 | fit   8.565 | fold Calmar 28.80/ 4.28/16.44/ 2.65 | fold DD 21/ 8/ 8/ 7%
Gen 8316 | fit   8.565 | fold Calmar 28.80/ 4.28/16.44/ 2.65 | fold DD 21/ 8/ 8/ 7%
Gen 8321 | fit   8.565 | fold Calmar 28.80/ 4.28/16.44/ 2.65 | fold DD 21/ 8/ 8/ 7%
Gen 8326 | fit   8.565 | fold Calmar 28.80/ 4.28/16.44/ 2.65 | fold DD 21/ 8/ 8/ 7%
Gen 8331 | fit   8.565 | fold Calmar 28.80/ 4.28/16.44/ 2.65 | fold DD 21/ 8/ 8/ 7%
Gen 8336 | fit   8.565 | fold Calmar 28.80/ 4.28/16.44/ 2.65 | fold DD 21/ 8/ 8/ 7%
Gen 8341 | fit   8.565 | fold Calmar 28.80/ 4.28/16.44/ 2.65 | fold DD 21/ 8/ 8/ 7%
Gen 8346 | fit   8.565 | fold Calmar 28.80/ 4.28/16.44/ 2.65 | fold DD 21/ 8/ 8/ 7%
Gen 8351 | fit   8.565 | fold Calmar 28.80/ 4.28/16.44/ 2.65 | fold DD 21/ 8/ 8/ 7%
Gen 8356 | fit   8.565 | fold Calmar 28.80/ 4.28/16.44/ 2.65 | fold DD 21/ 8/ 8/ 7%
Gen 8361 | fit   8.565 | fold Calmar 28.80/ 4.28/16.44/ 2.65 | fold DD 21/ 8/ 8/ 7%
Gen 8366 | fit   8.565 | fold Calmar 28.80/ 4.28/16.44/ 2.65 | fold DD 21/ 8/ 8/ 7%
Gen 8371 | fit   8.565 | fold Calmar 28.80/ 4.28/16.44/ 2.65 | fold DD 21/ 8/ 8/ 7%
Gen 8376 | fit   8.565 | fold Calmar 28.80/ 4.28/16.44/ 2.65 | fold DD 21/ 8/ 8/ 7%
Gen 8381 | fit   8.565 | fold Calmar 28.80/ 4.28/16.44/ 2.65 | fold DD 21/ 8/ 8/ 7%
Gen 8386 | fit   8.565 | fold Calmar 28.80/ 4.28/16.44/ 2.65 | fold DD 21/ 8/ 8/ 7%
Gen 8391 | fit   8.565 | fold Calmar 28.80/ 4.28/16.44/ 2.65 | fold DD 21/ 8/ 8/ 7%
Gen 8396 | fit   8.565 | fold Calmar 28.80/ 4.28/16.44/ 2.65 | fold DD 21/ 8/ 8/ 7%
Gen 8401 | fit   8.565 | fold Calmar 28.80/ 4.28/16.44/ 2.65 | fold DD 21/ 8/ 8/ 7%
Gen 8406 | fit   8.565 | fold Calmar 28.80/ 4.28/16.44/ 2.65 | fold DD 21/ 8/ 8/ 7%
Gen 8411 | fit   8.565 | fold Calmar 28.80/ 4.28/16.44/ 2.65 | fold DD 21/ 8/ 8/ 7%
Gen 8416 | fit   8.565 | fold Calmar 28.80/ 4.28/16.44/ 2.65 | fold DD 21/ 8/ 8/ 7%
Gen 8421 | fit   8.565 | fold Calmar 28.80/ 4.28/16.44/ 2.65 | fold DD 21/ 8/ 8/ 7%
Gen 8426 | fit   8.565 | fold Calmar 28.80/ 4.28/16.44/ 2.65 | fold DD 21/ 8/ 8/ 7%
Gen 8431 | fit   8.565 | fold Calmar 28.80/ 4.28/16.44/ 2.65 | fold DD 21/ 8/ 8/ 7%
Gen 8436 | fit   8.565 | fold Calmar 28.80/ 4.28/16.44/ 2.65 | fold DD 21/ 8/ 8/ 7%
Gen 8441 | fit   8.565 | fold Calmar 28.80/ 4.28/16.44/ 2.65 | fold DD 21/ 8/ 8/ 7%
Gen 8446 | fit   8.565 | fold Calmar 28.80/ 4.28/16.44/ 2.65 | fold DD 21/ 8/ 8/ 7%
Gen 8451 | fit   8.565 | fold Calmar 28.80/ 4.28/16.44/ 2.65 | fold DD 21/ 8/ 8/ 7%
Gen 8456 | fit   8.565 | fold Calmar 28.80/ 4.28/16.44/ 2.65 | fold DD 21/ 8/ 8/ 7%
Gen 8461 | fit   8.565 | fold Calmar 28.80/ 4.28/16.44/ 2.65 | fold DD 21/ 8/ 8/ 7%
Gen 8466 | fit   8.565 | fold Calmar 28.80/ 4.28/16.44/ 2.65 | fold DD 21/ 8/ 8/ 7%
Gen 8471 | fit   8.565 | fold Calmar 28.80/ 4.28/16.44/ 2.65 | fold DD 21/ 8/ 8/ 7%
Gen 8476 | fit   8.565 | fold Calmar 28.80/ 4.28/16.44/ 2.65 | fold DD 21/ 8/ 8/ 7%
Gen 8481 | fit   8.565 | fold Calmar 28.80/ 4.28/16.44/ 2.65 | fold DD 21/ 8/ 8/ 7%
Gen 8486 | fit   8.565 | fold Calmar 28.80/ 4.28/16.44/ 2.65 | fold DD 21/ 8/ 8/ 7%
Gen 8491 | fit   8.565 | fold Calmar 28.80/ 4.28/16.44/ 2.65 | fold DD 21/ 8/ 8/ 7%
Gen 8496 | fit   8.565 | fold Calmar 28.80/ 4.28/16.44/ 2.65 | fold DD 21/ 8/ 8/ 7%
Gen 8501 | fit   8.565 | fold Calmar 28.80/ 4.28/16.44/ 2.65 | fold DD 21/ 8/ 8/ 7%
Gen 8506 | fit   8.565 | fold Calmar 28.80/ 4.28/16.44/ 2.65 | fold DD 21/ 8/ 8/ 7%
Gen 8511 | fit   8.565 | fold Calmar 28.80/ 4.28/16.44/ 2.65 | fold DD 21/ 8/ 8/ 7%
Gen 8516 | fit   8.565 | fold Calmar 28.80/ 4.28/16.44/ 2.65 | fold DD 21/ 8/ 8/ 7%
Gen 8521 | fit   8.565 | fold Calmar 28.80/ 4.28/16.44/ 2.65 | fold DD 21/ 8/ 8/ 7%
Gen 8526 | fit   8.565 | fold Calmar 28.80/ 4.28/16.44/ 2.65 | fold DD 21/ 8/ 8/ 7%
Gen 8531 | fit   8.565 | fold Calmar 28.80/ 4.28/16.44/ 2.65 | fold DD 21/ 8/ 8/ 7%
Gen 8536 | fit   8.565 | fold Calmar 28.80/ 4.28/16.44/ 2.65 | fold DD 21/ 8/ 8/ 7%
Gen 8541 | fit   8.565 | fold Calmar 28.80/ 4.28/16.44/ 2.65 | fold DD 21/ 8/ 8/ 7%
Gen 8546 | fit   8.565 | fold Calmar 28.80/ 4.28/16.44/ 2.65 | fold DD 21/ 8/ 8/ 7%
Gen 8551 | fit   8.565 | fold Calmar 28.80/ 4.28/16.44/ 2.65 | fold DD 21/ 8/ 8/ 7%
Gen 8556 | fit   8.565 | fold Calmar 28.80/ 4.28/16.44/ 2.65 | fold DD 21/ 8/ 8/ 7%
Gen 8561 | fit   8.565 | fold Calmar 28.80/ 4.28/16.44/ 2.65 | fold DD 21/ 8/ 8/ 7%
Gen 8566 | fit   8.565 | fold Calmar 28.80/ 4.28/16.44/ 2.65 | fold DD 21/ 8/ 8/ 7%
Gen 8571 | fit   8.565 | fold Calmar 28.80/ 4.28/16.44/ 2.65 | fold DD 21/ 8/ 8/ 7%
Gen 8576 | fit   8.565 | fold Calmar 28.80/ 4.28/16.44/ 2.65 | fold DD 21/ 8/ 8/ 7%
Gen 8581 | fit   8.565 | fold Calmar 28.80/ 4.28/16.44/ 2.65 | fold DD 21/ 8/ 8/ 7%
Gen 8586 | fit   8.565 | fold Calmar 28.80/ 4.28/16.44/ 2.65 | fold DD 21/ 8/ 8/ 7%
Gen 8591 | fit   8.565 | fold Calmar 28.80/ 4.28/16.44/ 2.65 | fold DD 21/ 8/ 8/ 7%
Gen 8596 | fit   8.565 | fold Calmar 28.80/ 4.28/16.44/ 2.65 | fold DD 21/ 8/ 8/ 7%
Gen 8601 | fit   8.565 | fold Calmar 28.80/ 4.28/16.44/ 2.65 | fold DD 21/ 8/ 8/ 7%
Gen 8606 | fit   8.565 | fold Calmar 28.80/ 4.28/16.44/ 2.65 | fold DD 21/ 8/ 8/ 7%
Gen 8611 | fit   8.565 | fold Calmar 28.80/ 4.28/16.44/ 2.65 | fold DD 21/ 8/ 8/ 7%
Gen 8616 | fit   8.565 | fold Calmar 28.80/ 4.28/16.44/ 2.65 | fold DD 21/ 8/ 8/ 7%
Gen 8621 | fit   8.565 | fold Calmar 28.80/ 4.28/16.44/ 2.65 | fold DD 21/ 8/ 8/ 7%
Gen 8626 | fit   8.565 | fold Calmar 28.80/ 4.28/16.44/ 2.65 | fold DD 21/ 8/ 8/ 7%
Gen 8631 | fit   8.565 | fold Calmar 28.80/ 4.28/16.44/ 2.65 | fold DD 21/ 8/ 8/ 7%
Gen 8636 | fit   8.565 | fold Calmar 28.80/ 4.28/16.44/ 2.65 | fold DD 21/ 8/ 8/ 7%
Gen 8641 | fit   8.565 | fold Calmar 28.80/ 4.28/16.44/ 2.65 | fold DD 21/ 8/ 8/ 7%
Gen 8646 | fit   8.565 | fold Calmar 28.80/ 4.28/16.44/ 2.65 | fold DD 21/ 8/ 8/ 7%
Gen 8651 | fit   8.565 | fold Calmar 28.80/ 4.28/16.44/ 2.65 | fold DD 21/ 8/ 8/ 7%
Gen 8656 | fit   8.565 | fold Calmar 28.80/ 4.28/16.44/ 2.65 | fold DD 21/ 8/ 8/ 7%
Gen 8661 | fit   8.565 | fold Calmar 28.80/ 4.28/16.44/ 2.65 | fold DD 21/ 8/ 8/ 7%
Gen 8666 | fit   8.565 | fold Calmar 28.80/ 4.28/16.44/ 2.65 | fold DD 21/ 8/ 8/ 7%
Gen 8671 | fit   8.565 | fold Calmar 28.80/ 4.28/16.44/ 2.65 | fold DD 21/ 8/ 8/ 7%
Gen 8676 | fit   8.565 | fold Calmar 28.80/ 4.28/16.44/ 2.65 | fold DD 21/ 8/ 8/ 7%
Gen 8681 | fit   8.565 | fold Calmar 28.80/ 4.28/16.44/ 2.65 | fold DD 21/ 8/ 8/ 7%
Gen 8686 | fit   8.565 | fold Calmar 28.80/ 4.28/16.44/ 2.65 | fold DD 21/ 8/ 8/ 7%
Gen 8691 | fit   8.565 | fold Calmar 28.80/ 4.28/16.44/ 2.65 | fold DD 21/ 8/ 8/ 7%
Gen 8696 | fit   8.565 | fold Calmar 28.80/ 4.28/16.44/ 2.65 | fold DD 21/ 8/ 8/ 7%
Gen 8701 | fit   8.565 | fold Calmar 28.80/ 4.28/16.44/ 2.65 | fold DD 21/ 8/ 8/ 7%
Gen 8706 | fit   8.565 | fold Calmar 28.80/ 4.28/16.44/ 2.65 | fold DD 21/ 8/ 8/ 7%
Gen 8711 | fit   8.565 | fold Calmar 28.80/ 4.28/16.44/ 2.65 | fold DD 21/ 8/ 8/ 7%
Gen 8716 | fit   8.565 | fold Calmar 28.80/ 4.28/16.44/ 2.65 | fold DD 21/ 8/ 8/ 7%
Gen 8721 | fit   8.565 | fold Calmar 28.80/ 4.28/16.44/ 2.65 | fold DD 21/ 8/ 8/ 7%
Gen 8726 | fit   8.565 | fold Calmar 28.80/ 4.28/16.44/ 2.65 | fold DD 21/ 8/ 8/ 7%
Gen 8731 | fit   8.565 | fold Calmar 28.80/ 4.28/16.44/ 2.65 | fold DD 21/ 8/ 8/ 7%
Gen 8736 | fit   8.565 | fold Calmar 28.80/ 4.28/16.44/ 2.65 | fold DD 21/ 8/ 8/ 7%
Gen 8741 | fit   8.565 | fold Calmar 28.80/ 4.28/16.44/ 2.65 | fold DD 21/ 8/ 8/ 7%
Gen 8746 | fit   8.565 | fold Calmar 28.80/ 4.28/16.44/ 2.65 | fold DD 21/ 8/ 8/ 7%
Gen 8751 | fit   8.565 | fold Calmar 28.80/ 4.28/16.44/ 2.65 | fold DD 21/ 8/ 8/ 7%
Gen 8756 | fit   8.565 | fold Calmar 28.80/ 4.28/16.44/ 2.65 | fold DD 21/ 8/ 8/ 7%
Gen 8761 | fit   8.565 | fold Calmar 28.80/ 4.28/16.44/ 2.65 | fold DD 21/ 8/ 8/ 7%
Gen 8766 | fit   8.565 | fold Calmar 28.80/ 4.28/16.44/ 2.65 | fold DD 21/ 8/ 8/ 7%
Gen 8771 | fit   8.565 | fold Calmar 28.80/ 4.28/16.44/ 2.65 | fold DD 21/ 8/ 8/ 7%
Gen 8776 | fit   8.565 | fold Calmar 28.80/ 4.28/16.44/ 2.65 | fold DD 21/ 8/ 8/ 7%
Gen 8781 | fit   8.565 | fold Calmar 28.80/ 4.28/16.44/ 2.65 | fold DD 21/ 8/ 8/ 7%
Gen 8786 | fit   8.565 | fold Calmar 28.80/ 4.28/16.44/ 2.65 | fold DD 21/ 8/ 8/ 7%
Gen 8791 | fit   8.565 | fold Calmar 28.80/ 4.28/16.44/ 2.65 | fold DD 21/ 8/ 8/ 7%
Gen 8796 | fit   8.565 | fold Calmar 28.80/ 4.28/16.44/ 2.65 | fold DD 21/ 8/ 8/ 7%
Gen 8801 | fit   8.565 | fold Calmar 28.80/ 4.28/16.44/ 2.65 | fold DD 21/ 8/ 8/ 7%
Gen 8806 | fit   8.565 | fold Calmar 28.80/ 4.28/16.44/ 2.65 | fold DD 21/ 8/ 8/ 7%
Gen 8811 | fit   8.565 | fold Calmar 28.80/ 4.28/16.44/ 2.65 | fold DD 21/ 8/ 8/ 7%
Gen 8816 | fit   8.565 | fold Calmar 28.80/ 4.28/16.44/ 2.65 | fold DD 21/ 8/ 8/ 7%
Gen 8821 | fit   8.565 | fold Calmar 28.80/ 4.28/16.44/ 2.65 | fold DD 21/ 8/ 8/ 7%
Gen 8826 | fit   8.565 | fold Calmar 28.80/ 4.28/16.44/ 2.65 | fold DD 21/ 8/ 8/ 7%
Gen 8831 | fit   8.565 | fold Calmar 28.80/ 4.28/16.44/ 2.65 | fold DD 21/ 8/ 8/ 7%
Gen 8836 | fit   8.565 | fold Calmar 28.80/ 4.28/16.44/ 2.65 | fold DD 21/ 8/ 8/ 7%
Gen 8841 | fit   8.565 | fold Calmar 28.80/ 4.28/16.44/ 2.65 | fold DD 21/ 8/ 8/ 7%
Gen 8846 | fit   8.565 | fold Calmar 28.80/ 4.28/16.44/ 2.65 | fold DD 21/ 8/ 8/ 7%
Gen 8851 | fit   8.565 | fold Calmar 28.80/ 4.28/16.44/ 2.65 | fold DD 21/ 8/ 8/ 7%
Gen 8856 | fit   8.565 | fold Calmar 28.80/ 4.28/16.44/ 2.65 | fold DD 21/ 8/ 8/ 7%
Gen 8861 | fit   8.565 | fold Calmar 28.80/ 4.28/16.44/ 2.65 | fold DD 21/ 8/ 8/ 7%
Gen 8866 | fit   8.565 | fold Calmar 28.80/ 4.28/16.44/ 2.65 | fold DD 21/ 8/ 8/ 7%
Gen 8871 | fit   8.565 | fold Calmar 28.80/ 4.28/16.44/ 2.65 | fold DD 21/ 8/ 8/ 7%
Gen 8876 | fit   8.565 | fold Calmar 28.80/ 4.28/16.44/ 2.65 | fold DD 21/ 8/ 8/ 7%
Gen 8881 | fit   8.565 | fold Calmar 28.80/ 4.28/16.44/ 2.65 | fold DD 21/ 8/ 8/ 7%
Gen 8886 | fit   8.565 | fold Calmar 28.80/ 4.28/16.44/ 2.65 | fold DD 21/ 8/ 8/ 7%
Gen 8891 | fit   8.565 | fold Calmar 28.80/ 4.28/16.44/ 2.65 | fold DD 21/ 8/ 8/ 7%
Gen 8896 | fit   8.565 | fold Calmar 28.80/ 4.28/16.44/ 2.65 | fold DD 21/ 8/ 8/ 7%
Gen 8901 | fit   8.565 | fold Calmar 28.80/ 4.28/16.44/ 2.65 | fold DD 21/ 8/ 8/ 7%
Gen 8906 | fit   8.565 | fold Calmar 28.80/ 4.28/16.44/ 2.65 | fold DD 21/ 8/ 8/ 7%
Gen 8911 | fit   8.565 | fold Calmar 28.80/ 4.28/16.44/ 2.65 | fold DD 21/ 8/ 8/ 7%
Gen 8916 | fit   8.565 | fold Calmar 28.80/ 4.28/16.44/ 2.65 | fold DD 21/ 8/ 8/ 7%
Gen 8921 | fit   8.565 | fold Calmar 28.80/ 4.28/16.44/ 2.65 | fold DD 21/ 8/ 8/ 7%
Gen 8926 | fit   8.565 | fold Calmar 28.80/ 4.28/16.44/ 2.65 | fold DD 21/ 8/ 8/ 7%
Gen 8931 | fit   8.565 | fold Calmar 28.80/ 4.28/16.44/ 2.65 | fold DD 21/ 8/ 8/ 7%
Gen 8936 | fit   8.565 | fold Calmar 28.80/ 4.28/16.44/ 2.65 | fold DD 21/ 8/ 8/ 7%
Gen 8941 | fit   8.565 | fold Calmar 28.80/ 4.28/16.44/ 2.65 | fold DD 21/ 8/ 8/ 7%
Gen 8946 | fit   8.565 | fold Calmar 28.80/ 4.28/16.44/ 2.65 | fold DD 21/ 8/ 8/ 7%
Gen 8951 | fit   8.565 | fold Calmar 28.80/ 4.28/16.44/ 2.65 | fold DD 21/ 8/ 8/ 7%
Gen 8956 | fit   8.565 | fold Calmar 28.80/ 4.28/16.44/ 2.65 | fold DD 21/ 8/ 8/ 7%
Gen 8961 | fit   8.565 | fold Calmar 28.80/ 4.28/16.44/ 2.65 | fold DD 21/ 8/ 8/ 7%
Gen 8966 | fit   8.565 | fold Calmar 28.80/ 4.28/16.44/ 2.65 | fold DD 21/ 8/ 8/ 7%
Gen 8971 | fit   8.565 | fold Calmar 28.80/ 4.28/16.44/ 2.65 | fold DD 21/ 8/ 8/ 7%
Gen 8976 | fit   8.565 | fold Calmar 28.80/ 4.28/16.44/ 2.65 | fold DD 21/ 8/ 8/ 7%
Gen 8981 | fit   8.565 | fold Calmar 28.80/ 4.28/16.44/ 2.65 | fold DD 21/ 8/ 8/ 7%
Gen 8986 | fit   8.565 | fold Calmar 28.80/ 4.28/16.44/ 2.65 | fold DD 21/ 8/ 8/ 7%
Gen 8991 | fit   8.565 | fold Calmar 28.80/ 4.28/16.44/ 2.65 | fold DD 21/ 8/ 8/ 7%
Gen 8996 | fit   8.565 | fold Calmar 28.80/ 4.28/16.44/ 2.65 | fold DD 21/ 8/ 8/ 7%
Gen 9001 | fit   8.565 | fold Calmar 28.80/ 4.28/16.44/ 2.65 | fold DD 21/ 8/ 8/ 7%
Gen 9006 | fit   8.565 | fold Calmar 28.80/ 4.28/16.44/ 2.65 | fold DD 21/ 8/ 8/ 7%
Gen 9011 | fit   8.565 | fold Calmar 28.80/ 4.28/16.44/ 2.65 | fold DD 21/ 8/ 8/ 7%
Gen 9016 | fit   8.565 | fold Calmar 28.80/ 4.28/16.44/ 2.65 | fold DD 21/ 8/ 8/ 7%
Gen 9021 | fit   8.565 | fold Calmar 28.80/ 4.28/16.44/ 2.65 | fold DD 21/ 8/ 8/ 7%
Gen 9026 | fit   8.565 | fold Calmar 28.80/ 4.28/16.44/ 2.65 | fold DD 21/ 8/ 8/ 7%
Gen 9031 | fit   8.565 | fold Calmar 28.80/ 4.28/16.44/ 2.65 | fold DD 21/ 8/ 8/ 7%
Gen 9036 | fit   8.565 | fold Calmar 28.80/ 4.28/16.44/ 2.65 | fold DD 21/ 8/ 8/ 7%
Gen 9041 | fit   8.565 | fold Calmar 28.80/ 4.28/16.44/ 2.65 | fold DD 21/ 8/ 8/ 7%
Gen 9046 | fit   8.565 | fold Calmar 28.80/ 4.28/16.44/ 2.65 | fold DD 21/ 8/ 8/ 7%
Gen 9051 | fit   8.565 | fold Calmar 28.80/ 4.28/16.44/ 2.65 | fold DD 21/ 8/ 8/ 7%
Gen 9056 | fit   8.565 | fold Calmar 28.80/ 4.28/16.44/ 2.65 | fold DD 21/ 8/ 8/ 7%
Gen 9061 | fit   8.565 | fold Calmar 28.80/ 4.28/16.44/ 2.65 | fold DD 21/ 8/ 8/ 7%
Gen 9066 | fit   8.565 | fold Calmar 28.80/ 4.28/16.44/ 2.65 | fold DD 21/ 8/ 8/ 7%
Gen 9071 | fit   8.565 | fold Calmar 28.80/ 4.28/16.44/ 2.65 | fold DD 21/ 8/ 8/ 7%
Gen 9076 | fit   8.565 | fold Calmar 28.80/ 4.28/16.44/ 2.65 | fold DD 21/ 8/ 8/ 7%
Gen 9081 | fit   8.565 | fold Calmar 28.80/ 4.28/16.44/ 2.65 | fold DD 21/ 8/ 8/ 7%
Gen 9086 | fit   8.565 | fold Calmar 28.80/ 4.28/16.44/ 2.65 | fold DD 21/ 8/ 8/ 7%
Gen 9091 | fit   8.565 | fold Calmar 28.80/ 4.28/16.44/ 2.65 | fold DD 21/ 8/ 8/ 7%
Gen 9096 | fit   8.565 | fold Calmar 28.80/ 4.28/16.44/ 2.65 | fold DD 21/ 8/ 8/ 7%
Gen 9101 | fit   8.565 | fold Calmar 28.80/ 4.28/16.44/ 2.65 | fold DD 21/ 8/ 8/ 7%
Gen 9106 | fit   8.565 | fold Calmar 28.80/ 4.28/16.44/ 2.65 | fold DD 21/ 8/ 8/ 7%
Gen 9111 | fit   8.565 | fold Calmar 28.80/ 4.28/16.44/ 2.65 | fold DD 21/ 8/ 8/ 7%
Gen 9116 | fit   8.565 | fold Calmar 28.80/ 4.28/16.44/ 2.65 | fold DD 21/ 8/ 8/ 7%
Gen 9121 | fit   8.565 | fold Calmar 28.80/ 4.28/16.44/ 2.65 | fold DD 21/ 8/ 8/ 7%
Gen 9126 | fit   8.565 | fold Calmar 28.80/ 4.28/16.44/ 2.65 | fold DD 21/ 8/ 8/ 7%
Gen 9131 | fit   8.565 | fold Calmar 28.80/ 4.28/16.44/ 2.65 | fold DD 21/ 8/ 8/ 7%
Gen 9136 | fit   8.565 | fold Calmar 28.80/ 4.28/16.44/ 2.65 | fold DD 21/ 8/ 8/ 7%
Gen 9141 | fit   8.565 | fold Calmar 28.80/ 4.28/16.44/ 2.65 | fold DD 21/ 8/ 8/ 7%
Gen 9146 | fit   8.565 | fold Calmar 28.80/ 4.28/16.44/ 2.65 | fold DD 21/ 8/ 8/ 7%
Gen 9151 | fit   8.565 | fold Calmar 28.80/ 4.28/16.44/ 2.65 | fold DD 21/ 8/ 8/ 7%
Gen 9156 | fit   8.565 | fold Calmar 28.80/ 4.28/16.44/ 2.65 | fold DD 21/ 8/ 8/ 7%
Gen 9161 | fit   8.565 | fold Calmar 28.80/ 4.28/16.44/ 2.65 | fold DD 21/ 8/ 8/ 7%
Gen 9166 | fit   8.565 | fold Calmar 28.80/ 4.28/16.44/ 2.65 | fold DD 21/ 8/ 8/ 7%
Gen 9171 | fit   8.565 | fold Calmar 28.80/ 4.28/16.44/ 2.65 | fold DD 21/ 8/ 8/ 7%
Gen 9176 | fit   8.565 | fold Calmar 28.80/ 4.28/16.44/ 2.65 | fold DD 21/ 8/ 8/ 7%
Gen 9181 | fit   8.565 | fold Calmar 28.80/ 4.28/16.44/ 2.65 | fold DD 21/ 8/ 8/ 7%
Gen 9186 | fit   8.565 | fold Calmar 28.80/ 4.28/16.44/ 2.65 | fold DD 21/ 8/ 8/ 7%
Gen 9191 | fit   8.565 | fold Calmar 28.80/ 4.28/16.44/ 2.65 | fold DD 21/ 8/ 8/ 7%
Gen 9196 | fit   8.565 | fold Calmar 28.80/ 4.28/16.44/ 2.65 | fold DD 21/ 8/ 8/ 7%
Gen 9201 | fit   8.565 | fold Calmar 28.80/ 4.28/16.44/ 2.65 | fold DD 21/ 8/ 8/ 7%
Gen 9206 | fit   8.565 | fold Calmar 28.80/ 4.28/16.44/ 2.65 | fold DD 21/ 8/ 8/ 7%
Gen 9211 | fit   8.565 | fold Calmar 28.80/ 4.28/16.44/ 2.65 | fold DD 21/ 8/ 8/ 7%
Gen 9216 | fit   8.565 | fold Calmar 28.80/ 4.28/16.44/ 2.65 | fold DD 21/ 8/ 8/ 7%
Gen 9221 | fit   8.565 | fold Calmar 28.80/ 4.28/16.44/ 2.65 | fold DD 21/ 8/ 8/ 7%
Gen 9226 | fit   8.565 | fold Calmar 28.80/ 4.28/16.44/ 2.65 | fold DD 21/ 8/ 8/ 7%
Gen 9231 | fit   8.565 | fold Calmar 28.80/ 4.28/16.44/ 2.65 | fold DD 21/ 8/ 8/ 7%
Gen 9236 | fit   8.565 | fold Calmar 28.80/ 4.28/16.44/ 2.65 | fold DD 21/ 8/ 8/ 7%
Gen 9241 | fit   8.565 | fold Calmar 28.80/ 4.28/16.44/ 2.65 | fold DD 21/ 8/ 8/ 7%
Gen 9246 | fit   8.565 | fold Calmar 28.80/ 4.28/16.44/ 2.65 | fold DD 21/ 8/ 8/ 7%
Gen 9251 | fit   8.565 | fold Calmar 28.80/ 4.28/16.44/ 2.65 | fold DD 21/ 8/ 8/ 7%
Gen 9256 | fit   8.565 | fold Calmar 28.80/ 4.28/16.44/ 2.65 | fold DD 21/ 8/ 8/ 7%
Gen 9261 | fit   8.565 | fold Calmar 28.80/ 4.28/16.44/ 2.65 | fold DD 21/ 8/ 8/ 7%
Gen 9266 | fit   8.565 | fold Calmar 28.80/ 4.28/16.44/ 2.65 | fold DD 21/ 8/ 8/ 7%
Gen 9271 | fit   8.565 | fold Calmar 28.80/ 4.28/16.44/ 2.65 | fold DD 21/ 8/ 8/ 7%
Gen 9276 | fit   8.565 | fold Calmar 28.80/ 4.28/16.44/ 2.65 | fold DD 21/ 8/ 8/ 7%
Gen 9281 | fit   8.565 | fold Calmar 28.80/ 4.28/16.44/ 2.65 | fold DD 21/ 8/ 8/ 7%
Gen 9286 | fit   8.565 | fold Calmar 28.80/ 4.28/16.44/ 2.65 | fold DD 21/ 8/ 8/ 7%
Gen 9291 | fit   8.565 | fold Calmar 28.80/ 4.28/16.44/ 2.65 | fold DD 21/ 8/ 8/ 7%
Gen 9296 | fit   8.565 | fold Calmar 28.80/ 4.28/16.44/ 2.65 | fold DD 21/ 8/ 8/ 7%
Gen 9301 | fit   8.565 | fold Calmar 28.80/ 4.28/16.44/ 2.65 | fold DD 21/ 8/ 8/ 7%
Gen 9306 | fit   8.565 | fold Calmar 28.80/ 4.28/16.44/ 2.65 | fold DD 21/ 8/ 8/ 7%
Gen 9311 | fit   8.565 | fold Calmar 28.80/ 4.28/16.44/ 2.65 | fold DD 21/ 8/ 8/ 7%
Gen 9316 | fit   8.565 | fold Calmar 28.80/ 4.28/16.44/ 2.65 | fold DD 21/ 8/ 8/ 7%
Gen 9321 | fit   8.565 | fold Calmar 28.80/ 4.28/16.44/ 2.65 | fold DD 21/ 8/ 8/ 7%
Gen 9326 | fit   8.565 | fold Calmar 28.80/ 4.28/16.44/ 2.65 | fold DD 21/ 8/ 8/ 7%
Gen 9331 | fit   8.565 | fold Calmar 28.80/ 4.28/16.44/ 2.65 | fold DD 21/ 8/ 8/ 7%
Gen 9336 | fit   8.565 | fold Calmar 28.80/ 4.28/16.44/ 2.65 | fold DD 21/ 8/ 8/ 7%
Gen 9341 | fit   8.565 | fold Calmar 28.80/ 4.28/16.44/ 2.65 | fold DD 21/ 8/ 8/ 7%
Gen 9346 | fit   8.565 | fold Calmar 28.80/ 4.28/16.44/ 2.65 | fold DD 21/ 8/ 8/ 7%
Gen 9351 | fit   8.565 | fold Calmar 28.80/ 4.28/16.44/ 2.65 | fold DD 21/ 8/ 8/ 7%
Gen 9356 | fit   8.565 | fold Calmar 28.80/ 4.28/16.44/ 2.65 | fold DD 21/ 8/ 8/ 7%
Gen 9361 | fit   8.565 | fold Calmar 28.80/ 4.28/16.44/ 2.65 | fold DD 21/ 8/ 8/ 7%
Gen 9366 | fit   8.565 | fold Calmar 28.80/ 4.28/16.44/ 2.65 | fold DD 21/ 8/ 8/ 7%
Gen 9371 | fit   8.565 | fold Calmar 28.80/ 4.28/16.44/ 2.65 | fold DD 21/ 8/ 8/ 7%
Gen 9376 | fit   8.565 | fold Calmar 28.80/ 4.28/16.44/ 2.65 | fold DD 21/ 8/ 8/ 7%
Gen 9381 | fit   8.565 | fold Calmar 28.80/ 4.28/16.44/ 2.65 | fold DD 21/ 8/ 8/ 7%
Gen 9386 | fit   8.565 | fold Calmar 28.80/ 4.28/16.44/ 2.65 | fold DD 21/ 8/ 8/ 7%
Gen 9391 | fit   8.565 | fold Calmar 28.80/ 4.28/16.44/ 2.65 | fold DD 21/ 8/ 8/ 7%
Gen 9396 | fit   8.565 | fold Calmar 28.80/ 4.28/16.44/ 2.65 | fold DD 21/ 8/ 8/ 7%
Gen 9401 | fit   8.565 | fold Calmar 28.80/ 4.28/16.44/ 2.65 | fold DD 21/ 8/ 8/ 7%
Gen 9406 | fit   8.565 | fold Calmar 28.80/ 4.28/16.44/ 2.65 | fold DD 21/ 8/ 8/ 7%
Gen 9411 | fit   8.565 | fold Calmar 28.80/ 4.28/16.44/ 2.65 | fold DD 21/ 8/ 8/ 7%
Gen 9416 | fit   8.565 | fold Calmar 28.80/ 4.28/16.44/ 2.65 | fold DD 21/ 8/ 8/ 7%
Gen 9421 | fit   8.565 | fold Calmar 28.80/ 4.28/16.44/ 2.65 | fold DD 21/ 8/ 8/ 7%
Gen 9426 | fit   8.565 | fold Calmar 28.80/ 4.28/16.44/ 2.65 | fold DD 21/ 8/ 8/ 7%
Gen 9431 | fit   8.565 | fold Calmar 28.80/ 4.28/16.44/ 2.65 | fold DD 21/ 8/ 8/ 7%
Gen 9436 | fit   8.565 | fold Calmar 28.80/ 4.28/16.44/ 2.65 | fold DD 21/ 8/ 8/ 7%
Gen 9441 | fit   8.565 | fold Calmar 28.80/ 4.28/16.44/ 2.65 | fold DD 21/ 8/ 8/ 7%
Gen 9446 | fit   8.565 | fold Calmar 28.80/ 4.28/16.44/ 2.65 | fold DD 21/ 8/ 8/ 7%
Gen 9451 | fit   8.565 | fold Calmar 28.80/ 4.28/16.44/ 2.65 | fold DD 21/ 8/ 8/ 7%
Gen 9456 | fit   8.565 | fold Calmar 28.80/ 4.28/16.44/ 2.65 | fold DD 21/ 8/ 8/ 7%
Gen 9461 | fit   8.565 | fold Calmar 28.80/ 4.28/16.44/ 2.65 | fold DD 21/ 8/ 8/ 7%
Gen 9466 | fit   8.565 | fold Calmar 28.80/ 4.28/16.44/ 2.65 | fold DD 21/ 8/ 8/ 7%
Gen 9471 | fit   8.565 | fold Calmar 28.80/ 4.28/16.44/ 2.65 | fold DD 21/ 8/ 8/ 7%
Gen 9476 | fit   8.565 | fold Calmar 28.80/ 4.28/16.44/ 2.65 | fold DD 21/ 8/ 8/ 7%
Gen 9481 | fit   8.565 | fold Calmar 28.80/ 4.28/16.44/ 2.65 | fold DD 21/ 8/ 8/ 7%
Gen 9486 | fit   8.565 | fold Calmar 28.80/ 4.28/16.44/ 2.65 | fold DD 21/ 8/ 8/ 7%
Gen 9491 | fit   8.565 | fold Calmar 28.80/ 4.28/16.44/ 2.65 | fold DD 21/ 8/ 8/ 7%
Gen 9496 | fit   8.565 | fold Calmar 28.80/ 4.28/16.44/ 2.65 | fold DD 21/ 8/ 8/ 7%
Gen 9501 | fit   8.565 | fold Calmar 28.80/ 4.28/16.44/ 2.65 | fold DD 21/ 8/ 8/ 7%
Gen 9506 | fit   8.565 | fold Calmar 28.80/ 4.28/16.44/ 2.65 | fold DD 21/ 8/ 8/ 7%
Gen 9511 | fit   8.565 | fold Calmar 28.80/ 4.28/16.44/ 2.65 | fold DD 21/ 8/ 8/ 7%
Gen 9516 | fit   8.565 | fold Calmar 28.80/ 4.28/16.44/ 2.65 | fold DD 21/ 8/ 8/ 7%
Gen 9521 | fit   8.565 | fold Calmar 28.80/ 4.28/16.44/ 2.65 | fold DD 21/ 8/ 8/ 7%
Gen 9526 | fit   8.565 | fold Calmar 28.80/ 4.28/16.44/ 2.65 | fold DD 21/ 8/ 8/ 7%
Gen 9531 | fit   8.565 | fold Calmar 28.80/ 4.28/16.44/ 2.65 | fold DD 21/ 8/ 8/ 7%
Gen 9536 | fit   8.565 | fold Calmar 28.80/ 4.28/16.44/ 2.65 | fold DD 21/ 8/ 8/ 7%
Gen 9541 | fit   8.565 | fold Calmar 28.80/ 4.28/16.44/ 2.65 | fold DD 21/ 8/ 8/ 7%
Gen 9546 | fit   8.565 | fold Calmar 28.80/ 4.28/16.44/ 2.65 | fold DD 21/ 8/ 8/ 7%
Gen 9551 | fit   8.565 | fold Calmar 28.80/ 4.28/16.44/ 2.65 | fold DD 21/ 8/ 8/ 7%
Gen 9556 | fit   8.565 | fold Calmar 28.80/ 4.28/16.44/ 2.65 | fold DD 21/ 8/ 8/ 7%
Gen 9561 | fit   8.565 | fold Calmar 28.80/ 4.28/16.44/ 2.65 | fold DD 21/ 8/ 8/ 7%
Gen 9566 | fit   8.565 | fold Calmar 28.80/ 4.28/16.44/ 2.65 | fold DD 21/ 8/ 8/ 7%
Gen 9571 | fit   8.565 | fold Calmar 28.80/ 4.28/16.44/ 2.65 | fold DD 21/ 8/ 8/ 7%
Gen 9576 | fit   8.565 | fold Calmar 28.80/ 4.28/16.44/ 2.65 | fold DD 21/ 8/ 8/ 7%
Gen 9581 | fit   8.565 | fold Calmar 28.80/ 4.28/16.44/ 2.65 | fold DD 21/ 8/ 8/ 7%
Gen 9586 | fit   8.565 | fold Calmar 28.80/ 4.28/16.44/ 2.65 | fold DD 21/ 8/ 8/ 7%
Gen 9591 | fit   8.565 | fold Calmar 28.80/ 4.28/16.44/ 2.65 | fold DD 21/ 8/ 8/ 7%
Gen 9596 | fit   8.565 | fold Calmar 28.80/ 4.28/16.44/ 2.65 | fold DD 21/ 8/ 8/ 7%
Gen 9601 | fit   8.565 | fold Calmar 28.80/ 4.28/16.44/ 2.65 | fold DD 21/ 8/ 8/ 7%
Gen 9606 | fit   8.565 | fold Calmar 28.80/ 4.28/16.44/ 2.65 | fold DD 21/ 8/ 8/ 7%
Gen 9611 | fit   8.565 | fold Calmar 28.80/ 4.28/16.44/ 2.65 | fold DD 21/ 8/ 8/ 7%
Gen 9616 | fit   8.565 | fold Calmar 28.80/ 4.28/16.44/ 2.65 | fold DD 21/ 8/ 8/ 7%
Gen 9621 | fit   8.565 | fold Calmar 28.80/ 4.28/16.44/ 2.65 | fold DD 21/ 8/ 8/ 7%
Gen 9626 | fit   8.565 | fold Calmar 28.80/ 4.28/16.44/ 2.65 | fold DD 21/ 8/ 8/ 7%
Gen 9631 | fit   8.565 | fold Calmar 28.80/ 4.28/16.44/ 2.65 | fold DD 21/ 8/ 8/ 7%
Gen 9636 | fit   8.565 | fold Calmar 28.80/ 4.28/16.44/ 2.65 | fold DD 21/ 8/ 8/ 7%
Gen 9641 | fit   8.565 | fold Calmar 28.80/ 4.28/16.44/ 2.65 | fold DD 21/ 8/ 8/ 7%
Gen 9646 | fit   8.565 | fold Calmar 28.80/ 4.28/16.44/ 2.65 | fold DD 21/ 8/ 8/ 7%
Gen 9651 | fit   8.565 | fold Calmar 28.80/ 4.28/16.44/ 2.65 | fold DD 21/ 8/ 8/ 7%
Gen 9656 | fit   8.565 | fold Calmar 28.80/ 4.28/16.44/ 2.65 | fold DD 21/ 8/ 8/ 7%
Gen 9661 | fit   8.565 | fold Calmar 28.80/ 4.28/16.44/ 2.65 | fold DD 21/ 8/ 8/ 7%
Gen 9666 | fit   8.565 | fold Calmar 28.80/ 4.28/16.44/ 2.65 | fold DD 21/ 8/ 8/ 7%
Gen 9671 | fit   8.565 | fold Calmar 28.80/ 4.28/16.44/ 2.65 | fold DD 21/ 8/ 8/ 7%
Gen 9676 | fit   8.565 | fold Calmar 28.80/ 4.28/16.44/ 2.65 | fold DD 21/ 8/ 8/ 7%
Gen 9681 | fit   8.565 | fold Calmar 28.80/ 4.28/16.44/ 2.65 | fold DD 21/ 8/ 8/ 7%
Gen 9686 | fit   8.565 | fold Calmar 28.80/ 4.28/16.44/ 2.65 | fold DD 21/ 8/ 8/ 7%
Gen 9691 | fit   8.565 | fold Calmar 28.80/ 4.28/16.44/ 2.65 | fold DD 21/ 8/ 8/ 7%
Gen 9696 | fit   8.565 | fold Calmar 28.80/ 4.28/16.44/ 2.65 | fold DD 21/ 8/ 8/ 7%
Gen 9701 | fit   8.565 | fold Calmar 28.80/ 4.28/16.44/ 2.65 | fold DD 21/ 8/ 8/ 7%
Gen 9706 | fit   8.565 | fold Calmar 28.80/ 4.28/16.44/ 2.65 | fold DD 21/ 8/ 8/ 7%
Gen 9711 | fit   8.565 | fold Calmar 28.80/ 4.28/16.44/ 2.65 | fold DD 21/ 8/ 8/ 7%
Gen 9716 | fit   8.565 | fold Calmar 28.80/ 4.28/16.44/ 2.65 | fold DD 21/ 8/ 8/ 7%
Gen 9721 | fit   8.565 | fold Calmar 28.80/ 4.28/16.44/ 2.65 | fold DD 21/ 8/ 8/ 7%
Gen 9726 | fit   8.565 | fold Calmar 28.80/ 4.28/16.44/ 2.65 | fold DD 21/ 8/ 8/ 7%
Gen 9731 | fit   8.565 | fold Calmar 28.80/ 4.28/16.44/ 2.65 | fold DD 21/ 8/ 8/ 7%
Gen 9736 | fit   8.565 | fold Calmar 28.80/ 4.28/16.44/ 2.65 | fold DD 21/ 8/ 8/ 7%
Gen 9741 | fit   8.565 | fold Calmar 28.80/ 4.28/16.44/ 2.65 | fold DD 21/ 8/ 8/ 7%
Gen 9746 | fit   8.565 | fold Calmar 28.80/ 4.28/16.44/ 2.65 | fold DD 21/ 8/ 8/ 7%
Gen 9751 | fit   8.565 | fold Calmar 28.80/ 4.28/16.44/ 2.65 | fold DD 21/ 8/ 8/ 7%
Gen 9756 | fit   8.565 | fold Calmar 28.80/ 4.28/16.44/ 2.65 | fold DD 21/ 8/ 8/ 7%
Gen 9761 | fit   8.565 | fold Calmar 28.80/ 4.28/16.44/ 2.65 | fold DD 21/ 8/ 8/ 7%
Gen 9766 | fit   8.565 | fold Calmar 28.80/ 4.28/16.44/ 2.65 | fold DD 21/ 8/ 8/ 7%
Gen 9771 | fit   8.565 | fold Calmar 28.80/ 4.28/16.44/ 2.65 | fold DD 21/ 8/ 8/ 7%
Gen 9776 | fit   8.565 | fold Calmar 28.80/ 4.28/16.44/ 2.65 | fold DD 21/ 8/ 8/ 7%
Gen 9781 | fit   8.565 | fold Calmar 28.80/ 4.28/16.44/ 2.65 | fold DD 21/ 8/ 8/ 7%
Gen 9786 | fit   8.565 | fold Calmar 28.80/ 4.28/16.44/ 2.65 | fold DD 21/ 8/ 8/ 7%
Gen 9791 | fit   8.565 | fold Calmar 28.80/ 4.28/16.44/ 2.65 | fold DD 21/ 8/ 8/ 7%
Gen 9796 | fit   8.565 | fold Calmar 28.80/ 4.28/16.44/ 2.65 | fold DD 21/ 8/ 8/ 7%
Gen 9801 | fit   8.565 | fold Calmar 28.80/ 4.28/16.44/ 2.65 | fold DD 21/ 8/ 8/ 7%
Gen 9806 | fit   8.565 | fold Calmar 28.80/ 4.28/16.44/ 2.65 | fold DD 21/ 8/ 8/ 7%
Gen 9811 | fit   8.565 | fold Calmar 28.80/ 4.28/16.44/ 2.65 | fold DD 21/ 8/ 8/ 7%
Gen 9816 | fit   8.565 | fold Calmar 28.80/ 4.28/16.44/ 2.65 | fold DD 21/ 8/ 8/ 7%
Gen 9821 | fit   8.565 | fold Calmar 28.80/ 4.28/16.44/ 2.65 | fold DD 21/ 8/ 8/ 7%
Gen 9826 | fit   8.565 | fold Calmar 28.80/ 4.28/16.44/ 2.65 | fold DD 21/ 8/ 8/ 7%
Gen 9831 | fit   8.565 | fold Calmar 28.80/ 4.28/16.44/ 2.65 | fold DD 21/ 8/ 8/ 7%
Gen 9836 | fit   8.565 | fold Calmar 28.80/ 4.28/16.44/ 2.65 | fold DD 21/ 8/ 8/ 7%
Gen 9841 | fit   8.565 | fold Calmar 28.80/ 4.28/16.44/ 2.65 | fold DD 21/ 8/ 8/ 7%
Gen 9846 | fit   8.565 | fold Calmar 28.80/ 4.28/16.44/ 2.65 | fold DD 21/ 8/ 8/ 7%
Gen 9851 | fit   8.565 | fold Calmar 28.80/ 4.28/16.44/ 2.65 | fold DD 21/ 8/ 8/ 7%
Gen 9856 | fit   8.565 | fold Calmar 28.80/ 4.28/16.44/ 2.65 | fold DD 21/ 8/ 8/ 7%
Gen 9861 | fit   8.565 | fold Calmar 28.80/ 4.28/16.44/ 2.65 | fold DD 21/ 8/ 8/ 7%
Gen 9866 | fit   8.565 | fold Calmar 28.80/ 4.28/16.44/ 2.65 | fold DD 21/ 8/ 8/ 7%
Gen 9871 | fit   8.565 | fold Calmar 28.80/ 4.28/16.44/ 2.65 | fold DD 21/ 8/ 8/ 7%
Gen 9876 | fit   8.565 | fold Calmar 28.80/ 4.28/16.44/ 2.65 | fold DD 21/ 8/ 8/ 7%
Gen 9881 | fit   8.565 | fold Calmar 28.80/ 4.28/16.44/ 2.65 | fold DD 21/ 8/ 8/ 7%
Gen 9886 | fit   8.565 | fold Calmar 28.80/ 4.28/16.44/ 2.65 | fold DD 21/ 8/ 8/ 7%
Gen 9891 | fit   8.565 | fold Calmar 28.80/ 4.28/16.44/ 2.65 | fold DD 21/ 8/ 8/ 7%
Gen 9896 | fit   8.565 | fold Calmar 28.80/ 4.28/16.44/ 2.65 | fold DD 21/ 8/ 8/ 7%
Gen 9901 | fit   8.565 | fold Calmar 28.80/ 4.28/16.44/ 2.65 | fold DD 21/ 8/ 8/ 7%
Gen 9906 | fit   8.565 | fold Calmar 28.80/ 4.28/16.44/ 2.65 | fold DD 21/ 8/ 8/ 7%
Gen 9911 | fit   8.565 | fold Calmar 28.80/ 4.28/16.44/ 2.65 | fold DD 21/ 8/ 8/ 7%
Gen 9916 | fit   8.565 | fold Calmar 28.80/ 4.28/16.44/ 2.65 | fold DD 21/ 8/ 8/ 7%
Gen 9921 | fit   8.565 | fold Calmar 28.80/ 4.28/16.44/ 2.65 | fold DD 21/ 8/ 8/ 7%
Gen 9926 | fit   8.565 | fold Calmar 28.80/ 4.28/16.44/ 2.65 | fold DD 21/ 8/ 8/ 7%
Gen 9931 | fit   8.565 | fold Calmar 28.80/ 4.28/16.44/ 2.65 | fold DD 21/ 8/ 8/ 7%
Gen 9936 | fit   8.565 | fold Calmar 28.80/ 4.28/16.44/ 2.65 | fold DD 21/ 8/ 8/ 7%
Gen 9941 | fit   8.565 | fold Calmar 28.80/ 4.28/16.44/ 2.65 | fold DD 21/ 8/ 8/ 7%
Gen 9946 | fit   8.565 | fold Calmar 28.80/ 4.28/16.44/ 2.65 | fold DD 21/ 8/ 8/ 7%
Gen 9951 | fit   8.565 | fold Calmar 28.80/ 4.28/16.44/ 2.65 | fold DD 21/ 8/ 8/ 7%
Gen 9956 | fit   8.565 | fold Calmar 28.80/ 4.28/16.44/ 2.65 | fold DD 21/ 8/ 8/ 7%
Gen 9961 | fit   8.565 | fold Calmar 28.80/ 4.28/16.44/ 2.65 | fold DD 21/ 8/ 8/ 7%
Gen 9966 | fit   8.565 | fold Calmar 28.80/ 4.28/16.44/ 2.65 | fold DD 21/ 8/ 8/ 7%
Gen 9971 | fit   8.565 | fold Calmar 28.80/ 4.28/16.44/ 2.65 | fold DD 21/ 8/ 8/ 7%
Gen 9976 | fit   8.565 | fold Calmar 28.80/ 4.28/16.44/ 2.65 | fold DD 21/ 8/ 8/ 7%
Gen 9981 | fit   8.565 | fold Calmar 28.80/ 4.28/16.44/ 2.65 | fold DD 21/ 8/ 8/ 7%
Gen 9986 | fit   8.565 | fold Calmar 28.80/ 4.28/16.44/ 2.65 | fold DD 21/ 8/ 8/ 7%
Gen 9991 | fit   8.565 | fold Calmar 28.80/ 4.28/16.44/ 2.65 | fold DD 21/ 8/ 8/ 7%
Gen 9996 | fit   8.565 | fold Calmar 28.80/ 4.28/16.44/ 2.65 | fold DD 21/ 8/ 8/ 7%
Gen 10001 | fit   8.565 | fold Calmar 28.80/ 4.28/16.44/ 2.65 | fold DD 21/ 8/ 8/ 7%
Gen 10006 | fit   8.565 | fold Calmar 28.80/ 4.28/16.44/ 2.65 | fold DD 21/ 8/ 8/ 7%
Gen 10011 | fit   8.565 | fold Calmar 28.80/ 4.28/16.44/ 2.65 | fold DD 21/ 8/ 8/ 7%
Gen 10016 | fit   8.565 | fold Calmar 28.80/ 4.28/16.44/ 2.65 | fold DD 21/ 8/ 8/ 7%
Gen 10021 | fit   8.565 | fold Calmar 28.80/ 4.28/16.44/ 2.65 | fold DD 21/ 8/ 8/ 7%
Gen 10026 | fit   8.565 | fold Calmar 28.80/ 4.28/16.44/ 2.65 | fold DD 21/ 8/ 8/ 7%
Gen 10031 | fit   8.565 | fold Calmar 28.80/ 4.28/16.44/ 2.65 | fold DD 21/ 8/ 8/ 7%
Gen 10036 | fit   8.565 | fold Calmar 28.80/ 4.28/16.44/ 2.65 | fold DD 21/ 8/ 8/ 7%
Gen 10041 | fit   8.565 | fold Calmar 28.80/ 4.28/16.44/ 2.65 | fold DD 21/ 8/ 8/ 7%
Gen 10046 | fit   8.565 | fold Calmar 28.80/ 4.28/16.44/ 2.65 | fold DD 21/ 8/ 8/ 7%
Gen 10051 | fit   8.565 | fold Calmar 28.80/ 4.28/16.44/ 2.65 | fold DD 21/ 8/ 8/ 7%
Gen 10056 | fit   8.565 | fold Calmar 28.80/ 4.28/16.44/ 2.65 | fold DD 21/ 8/ 8/ 7%
Gen 10061 | fit   8.565 | fold Calmar 28.80/ 4.28/16.44/ 2.65 | fold DD 21/ 8/ 8/ 7%
Gen 10066 | fit   8.565 | fold Calmar 28.80/ 4.28/16.44/ 2.65 | fold DD 21/ 8/ 8/ 7%
Gen 10071 | fit   8.565 | fold Calmar 28.80/ 4.28/16.44/ 2.65 | fold DD 21/ 8/ 8/ 7%
Gen 10076 | fit   8.565 | fold Calmar 28.80/ 4.28/16.44/ 2.65 | fold DD 21/ 8/ 8/ 7%
Gen 10081 | fit   8.565 | fold Calmar 28.80/ 4.28/16.44/ 2.65 | fold DD 21/ 8/ 8/ 7%
Gen 10086 | fit   8.565 | fold Calmar 28.80/ 4.28/16.44/ 2.65 | fold DD 21/ 8/ 8/ 7%
Gen 10091 | fit   8.565 | fold Calmar 28.80/ 4.28/16.44/ 2.65 | fold DD 21/ 8/ 8/ 7%
Gen 10096 | fit   8.565 | fold Calmar 28.80/ 4.28/16.44/ 2.65 | fold DD 21/ 8/ 8/ 7%
Gen 10101 | fit   8.565 | fold Calmar 28.80/ 4.28/16.44/ 2.65 | fold DD 21/ 8/ 8/ 7%
Gen 10106 | fit   8.565 | fold Calmar 28.80/ 4.28/16.44/ 2.65 | fold DD 21/ 8/ 8/ 7%
Gen 10111 | fit   8.565 | fold Calmar 28.80/ 4.28/16.44/ 2.65 | fold DD 21/ 8/ 8/ 7%
Gen 10116 | fit   8.565 | fold Calmar 28.80/ 4.28/16.44/ 2.65 | fold DD 21/ 8/ 8/ 7%
Gen 10121 | fit   8.565 | fold Calmar 28.80/ 4.28/16.44/ 2.65 | fold DD 21/ 8/ 8/ 7%
Gen 10126 | fit   8.565 | fold Calmar 28.80/ 4.28/16.44/ 2.65 | fold DD 21/ 8/ 8/ 7%
Gen 10131 | fit   8.565 | fold Calmar 28.80/ 4.28/16.44/ 2.65 | fold DD 21/ 8/ 8/ 7%
Gen 10136 | fit   8.565 | fold Calmar 28.80/ 4.28/16.44/ 2.65 | fold DD 21/ 8/ 8/ 7%
Gen 10141 | fit   8.565 | fold Calmar 28.80/ 4.28/16.44/ 2.65 | fold DD 21/ 8/ 8/ 7%
Gen 10146 | fit   8.565 | fold Calmar 28.80/ 4.28/16.44/ 2.65 | fold DD 21/ 8/ 8/ 7%
Gen 10151 | fit   8.565 | fold Calmar 28.80/ 4.28/16.44/ 2.65 | fold DD 21/ 8/ 8/ 7%
Gen 10156 | fit   8.565 | fold Calmar 28.80/ 4.28/16.44/ 2.65 | fold DD 21/ 8/ 8/ 7%
Gen 10161 | fit   8.565 | fold Calmar 28.80/ 4.28/16.44/ 2.65 | fold DD 21/ 8/ 8/ 7%
Gen 10166 | fit   8.565 | fold Calmar 28.80/ 4.28/16.44/ 2.65 | fold DD 21/ 8/ 8/ 7%
Gen 10171 | fit   8.565 | fold Calmar 28.80/ 4.28/16.44/ 2.65 | fold DD 21/ 8/ 8/ 7%
Gen 10176 | fit   8.565 | fold Calmar 28.80/ 4.28/16.44/ 2.65 | fold DD 21/ 8/ 8/ 7%
Gen 10181 | fit   8.565 | fold Calmar 28.80/ 4.28/16.44/ 2.65 | fold DD 21/ 8/ 8/ 7%
Gen 10186 | fit   8.565 | fold Calmar 28.80/ 4.28/16.44/ 2.65 | fold DD 21/ 8/ 8/ 7%
Gen 10191 | fit   8.565 | fold Calmar 28.80/ 4.28/16.44/ 2.65 | fold DD 21/ 8/ 8/ 7%
Gen 10196 | fit   8.565 | fold Calmar 28.80/ 4.28/16.44/ 2.65 | fold DD 21/ 8/ 8/ 7%
Gen 10201 | fit   8.565 | fold Calmar 28.80/ 4.28/16.44/ 2.65 | fold DD 21/ 8/ 8/ 7%
Gen 10206 | fit   8.565 | fold Calmar 28.80/ 4.28/16.44/ 2.65 | fold DD 21/ 8/ 8/ 7%
Gen 10211 | fit   8.565 | fold Calmar 28.80/ 4.28/16.44/ 2.65 | fold DD 21/ 8/ 8/ 7%
Gen 10216 | fit   8.565 | fold Calmar 28.80/ 4.28/16.44/ 2.65 | fold DD 21/ 8/ 8/ 7%
Gen 10221 | fit   8.565 | fold Calmar 28.80/ 4.28/16.44/ 2.65 | fold DD 21/ 8/ 8/ 7%

Evolution complete: 10223 gens, 10.0 min

================================================================================
BEST BOT — PER FOLD (GA optimized mean Calmar across these)
================================================================================
Fold 0 (2010-08-18 → 2017-08-27): CAGR 591.5% | DD 20.5% | Calmar 28.80 | trades 27 | ✓
Fold 1 (2017-08-28 → 2019-06-08): CAGR 35.7% | DD 8.3% | Calmar 4.28 | trades 14 | ✓
Fold 2 (2019-06-09 → 2021-03-19): CAGR 138.1% | DD 8.4% | Calmar 16.44 | trades 17 | ✓
Fold 3 (2021-03-20 → 2022-12-31): CAGR 19.7% | DD 7.4% | Calmar 2.65 | trades 8 | ✓

================================================================================
BEST BOT — FULL TRAIN slice (concatenated 2010-2022)
================================================================================
Fitness (mean Calmar across folds w/ cliffs): 8.565
Final equity: $830825 | Peak: $844971
CAGR: 156.9% | Max DD: 29.5% | Sortino: 2.20 | Calmar: 5.31
Trades: 78 | Survived: 2602/2602 | Liquidated: NO
vs Buy-hold: $236320000 — BUY-HOLD WINS

================================================================================
BEST BOT — TEST slice (HELD OUT, honest OOS)
================================================================================
Final equity: $887 | Peak: $1107
CAGR: -3.2% | Max DD: 27.2% | Sortino: 0.35 | Calmar: -0.12
Trades: 41 | Survived: 1349/1349 | Liquidated: NO
vs Buy-hold: $4702 — BUY-HOLD WINS

================================================================================
OOS PER-REGIME BREAKDOWN (bot daily returns bucketed by 60d BTC context)
================================================================================
  strong bull (>20%/60d)       : 381d | bot avg 0.127%/d | BTC avg 0.620%/d
  mild bull (5-20%/60d)        : 311d | bot avg -0.007%/d | BTC avg 0.190%/d
  chop (-5..+5%/60d)           : 255d | bot avg -0.079%/d | BTC avg -0.010%/d
  mild bear (-20..-5%/60d)     : 291d | bot avg -0.002%/d | BTC avg -0.202%/d
  strong bear (<-20%/60d)      : 111d | bot avg 0.000%/d | BTC avg -0.384%/d

Evolved genome:
  RSI 29.5/61.8 | MA 14/41/123d
  Entry threshold 0.70 | Base pos 88% | Vol scale 2.00
  Stop 8.9% | Target 100% | Hold 30d | Cool 14d
  Weights trend 0.91 RSI 0.17 momo 0.00
  Bearish event fear 0.96 memory 60d
  Macro fear vix 1.00 dxy 0.31 yield 0.73 | risk-on boost 1.00

Wrote v5-best-bot.json
